Fitter report for FPGA_accelerator
Wed Sep 24 22:43:50 2025
Quartus Prime Version 24.1std.0 Build 1077 03/04/2025 SC Lite Edition


---------------------
; Table of Contents ;
---------------------
  1. Legal Notice
  2. Fitter Summary
  3. Fitter Settings
  4. Parallel Compilation
  5. Fitter Netlist Optimizations
  6. Incremental Compilation Preservation Summary
  7. Incremental Compilation Partition Settings
  8. Incremental Compilation Placement Preservation
  9. Pin-Out File
 10. Fitter Resource Usage Summary
 11. Fitter Partition Statistics
 12. Input Pins
 13. Output Pins
 14. I/O Bank Usage
 15. All Package Pins
 16. I/O Assignment Warnings
 17. Fitter Resource Utilization by Entity
 18. Delay Chain Summary
 19. Pad To Core Delay Chain Fanout
 20. Control Signals
 21. Global & Other Fast Signals
 22. Fitter DSP Block Usage Summary
 23. DSP Block Details
 24. Routing Usage Summary
 25. I/O Rules Summary
 26. I/O Rules Details
 27. I/O Rules Matrix
 28. Fitter Device Options
 29. Operating Settings and Conditions
 30. Estimated Delay Added for Hold Timing Summary
 31. Estimated Delay Added for Hold Timing Details
 32. Fitter Messages
 33. Fitter Suppressed Messages



----------------
; Legal Notice ;
----------------
Copyright (C) 2025  Altera Corporation. All rights reserved.
Your use of Altera Corporation's design tools, logic functions 
and other software and tools, and any partner logic 
functions, and any output files from any of the foregoing 
(including device programming or simulation files), and any 
associated documentation or information are expressly subject 
to the terms and conditions of the Altera Program License 
Subscription Agreement, the Altera Quartus Prime License Agreement,
the Altera IP License Agreement, or other applicable license
agreement, including, without limitation, that your use is for
the sole purpose of programming logic devices manufactured by
Altera and sold by Altera or its authorized distributors.  Please
refer to the Altera Software License Subscription Agreements 
on the Quartus Prime software download page.



+-----------------------------------------------------------------------------------+
; Fitter Summary                                                                    ;
+---------------------------------+-------------------------------------------------+
; Fitter Status                   ; Successful - Wed Sep 24 22:43:50 2025           ;
; Quartus Prime Version           ; 24.1std.0 Build 1077 03/04/2025 SC Lite Edition ;
; Revision Name                   ; FPGA_accelerator                                ;
; Top-level Entity Name           ; FPGA_accelerator                                ;
; Family                          ; Cyclone V                                       ;
; Device                          ; 5CSEMA5F31C6                                    ;
; Timing Models                   ; Final                                           ;
; Logic utilization (in ALMs)     ; 2,037 / 32,070 ( 6 % )                          ;
; Total registers                 ; 353                                             ;
; Total pins                      ; 285 / 457 ( 62 % )                              ;
; Total virtual pins              ; 0                                               ;
; Total block memory bits         ; 0 / 4,065,280 ( 0 % )                           ;
; Total RAM Blocks                ; 0 / 397 ( 0 % )                                 ;
; Total DSP Blocks                ; 1 / 87 ( 1 % )                                  ;
; Total HSSI RX PCSs              ; 0                                               ;
; Total HSSI PMA RX Deserializers ; 0                                               ;
; Total HSSI TX PCSs              ; 0                                               ;
; Total HSSI PMA TX Serializers   ; 0                                               ;
; Total PLLs                      ; 0 / 6 ( 0 % )                                   ;
; Total DLLs                      ; 0 / 4 ( 0 % )                                   ;
+---------------------------------+-------------------------------------------------+


+----------------------------------------------------------------------------------------------------------------------------------------------------+
; Fitter Settings                                                                                                                                    ;
+--------------------------------------------------------------------+---------------------------------------+---------------------------------------+
; Option                                                             ; Setting                               ; Default Value                         ;
+--------------------------------------------------------------------+---------------------------------------+---------------------------------------+
; Device                                                             ; 5CSEMA5F31C6                          ;                                       ;
; Minimum Core Junction Temperature                                  ; 0                                     ;                                       ;
; Maximum Core Junction Temperature                                  ; 85                                    ;                                       ;
; Use smart compilation                                              ; Off                                   ; Off                                   ;
; Enable parallel Assembler and Timing Analyzer during compilation   ; On                                    ; On                                    ;
; Enable compact report table                                        ; Off                                   ; Off                                   ;
; Router Timing Optimization Level                                   ; Normal                                ; Normal                                ;
; Perform Clocking Topology Analysis During Routing                  ; Off                                   ; Off                                   ;
; Placement Effort Multiplier                                        ; 1.0                                   ; 1.0                                   ;
; Device initialization clock source                                 ; INIT_INTOSC                           ; INIT_INTOSC                           ;
; Optimize Hold Timing                                               ; All Paths                             ; All Paths                             ;
; Optimize Multi-Corner Timing                                       ; On                                    ; On                                    ;
; Auto RAM to MLAB Conversion                                        ; On                                    ; On                                    ;
; Equivalent RAM and MLAB Power Up                                   ; Auto                                  ; Auto                                  ;
; Equivalent RAM and MLAB Paused Read Capabilities                   ; Care                                  ; Care                                  ;
; Power Optimization During Fitting                                  ; Normal compilation                    ; Normal compilation                    ;
; SSN Optimization                                                   ; Off                                   ; Off                                   ;
; Optimize Timing                                                    ; Normal compilation                    ; Normal compilation                    ;
; Optimize Timing for ECOs                                           ; Off                                   ; Off                                   ;
; Regenerate Full Fit Report During ECO Compiles                     ; Off                                   ; Off                                   ;
; Optimize IOC Register Placement for Timing                         ; Normal                                ; Normal                                ;
; Final Placement Optimizations                                      ; Automatically                         ; Automatically                         ;
; Fitter Aggressive Routability Optimizations                        ; Automatically                         ; Automatically                         ;
; Fitter Initial Placement Seed                                      ; 1                                     ; 1                                     ;
; Periphery to Core Placement and Routing Optimization               ; Off                                   ; Off                                   ;
; Weak Pull-Up Resistor                                              ; Off                                   ; Off                                   ;
; Enable Bus-Hold Circuitry                                          ; Off                                   ; Off                                   ;
; Auto Packed Registers                                              ; Auto                                  ; Auto                                  ;
; Auto Delay Chains                                                  ; On                                    ; On                                    ;
; Auto Delay Chains for High Fanout Input Pins                       ; Off                                   ; Off                                   ;
; Treat Bidirectional Pin as Output Pin                              ; Off                                   ; Off                                   ;
; Perform Physical Synthesis for Combinational Logic for Fitting     ; Off                                   ; Off                                   ;
; Perform Physical Synthesis for Combinational Logic for Performance ; Off                                   ; Off                                   ;
; Perform Register Duplication for Performance                       ; Off                                   ; Off                                   ;
; Perform Register Retiming for Performance                          ; Off                                   ; Off                                   ;
; Perform Asynchronous Signal Pipelining                             ; Off                                   ; Off                                   ;
; Fitter Effort                                                      ; Auto Fit                              ; Auto Fit                              ;
; Physical Synthesis Effort Level                                    ; Normal                                ; Normal                                ;
; Logic Cell Insertion - Logic Duplication                           ; Auto                                  ; Auto                                  ;
; Auto Register Duplication                                          ; Auto                                  ; Auto                                  ;
; Auto Global Clock                                                  ; On                                    ; On                                    ;
; Auto Global Register Control Signals                               ; On                                    ; On                                    ;
; Reserve all unused pins                                            ; As input tri-stated with weak pull-up ; As input tri-stated with weak pull-up ;
; Synchronizer Identification                                        ; Auto                                  ; Auto                                  ;
; Enable Beneficial Skew Optimization                                ; On                                    ; On                                    ;
; Optimize Design for Metastability                                  ; On                                    ; On                                    ;
; Active Serial clock source                                         ; FREQ_100MHz                           ; FREQ_100MHz                           ;
; Force Fitter to Avoid Periphery Placement Warnings                 ; Off                                   ; Off                                   ;
; Clamping Diode                                                     ; Off                                   ; Off                                   ;
; Enable input tri-state on active configuration pins in user mode   ; Off                                   ; Off                                   ;
; Advanced Physical Optimization                                     ; On                                    ; On                                    ;
+--------------------------------------------------------------------+---------------------------------------+---------------------------------------+


+------------------------------------------+
; Parallel Compilation                     ;
+----------------------------+-------------+
; Processors                 ; Number      ;
+----------------------------+-------------+
; Number detected on machine ; 12          ;
; Maximum allowed            ; 12          ;
;                            ;             ;
; Average used               ; 1.08        ;
; Maximum used               ; 12          ;
;                            ;             ;
; Usage by Processor         ; % Time Used ;
;     Processor 1            ; 100.0%      ;
;     Processor 2            ;   0.9%      ;
;     Processor 3            ;   0.8%      ;
;     Processor 4            ;   0.7%      ;
;     Processor 5            ;   0.7%      ;
;     Processor 6            ;   0.7%      ;
;     Processor 7            ;   0.7%      ;
;     Processor 8            ;   0.6%      ;
;     Processor 9            ;   0.6%      ;
;     Processor 10           ;   0.6%      ;
;     Processor 11           ;   0.6%      ;
;     Processor 12           ;   0.6%      ;
+----------------------------+-------------+


+--------------------------------------------------------------------------------------------------------------------------------------------------------------------------------------------------------------------------------------------------------------------------------------+
; Fitter Netlist Optimizations                                                                                                                                                                                                                                                         ;
+----------------------------------------------------+-----------------+---------------------------------------------------+----------------------------+-----------+----------------+------------------------------------------------------+------------------+-----------------------+
; Node                                               ; Action          ; Operation                                         ; Reason                     ; Node Port ; Node Port Name ; Destination Node                                     ; Destination Port ; Destination Port Name ;
+----------------------------------------------------+-----------------+---------------------------------------------------+----------------------------+-----------+----------------+------------------------------------------------------+------------------+-----------------------+
; clk~inputCLKENA0                                   ; Created         ; Placement                                         ; Fitter Periphery Placement ;           ;                ;                                                      ;                  ;                       ;
; rst~inputCLKENA0                                   ; Created         ; Placement                                         ; Fitter Periphery Placement ;           ;                ;                                                      ;                  ;                       ;
; convolution_block:conv_inst|input_reg[0]           ; Packed Register ; Register Packing                                  ; Timing optimization        ; Q         ;                ; convolution_block:conv_inst|Mult0~8                  ; AY               ;                       ;
; convolution_block:conv_inst|input_reg[0]~SCLR_LUT  ; Created         ; Register Packing                                  ; Timing optimization        ;           ;                ;                                                      ;                  ;                       ;
; convolution_block:conv_inst|input_reg[1]           ; Packed Register ; Register Packing                                  ; Timing optimization        ; Q         ;                ; convolution_block:conv_inst|Mult0~8                  ; AY               ;                       ;
; convolution_block:conv_inst|input_reg[1]~SCLR_LUT  ; Created         ; Register Packing                                  ; Timing optimization        ;           ;                ;                                                      ;                  ;                       ;
; convolution_block:conv_inst|input_reg[2]           ; Packed Register ; Register Packing                                  ; Timing optimization        ; Q         ;                ; convolution_block:conv_inst|Mult0~8                  ; AY               ;                       ;
; convolution_block:conv_inst|input_reg[2]~SCLR_LUT  ; Created         ; Register Packing                                  ; Timing optimization        ;           ;                ;                                                      ;                  ;                       ;
; convolution_block:conv_inst|input_reg[3]           ; Packed Register ; Register Packing                                  ; Timing optimization        ; Q         ;                ; convolution_block:conv_inst|Mult0~8                  ; AY               ;                       ;
; convolution_block:conv_inst|input_reg[3]~SCLR_LUT  ; Created         ; Register Packing                                  ; Timing optimization        ;           ;                ;                                                      ;                  ;                       ;
; convolution_block:conv_inst|input_reg[4]           ; Packed Register ; Register Packing                                  ; Timing optimization        ; Q         ;                ; convolution_block:conv_inst|Mult0~8                  ; AY               ;                       ;
; convolution_block:conv_inst|input_reg[4]~SCLR_LUT  ; Created         ; Register Packing                                  ; Timing optimization        ;           ;                ;                                                      ;                  ;                       ;
; convolution_block:conv_inst|input_reg[5]           ; Packed Register ; Register Packing                                  ; Timing optimization        ; Q         ;                ; convolution_block:conv_inst|Mult0~8                  ; AY               ;                       ;
; convolution_block:conv_inst|input_reg[5]~SCLR_LUT  ; Created         ; Register Packing                                  ; Timing optimization        ;           ;                ;                                                      ;                  ;                       ;
; convolution_block:conv_inst|input_reg[6]           ; Packed Register ; Register Packing                                  ; Timing optimization        ; Q         ;                ; convolution_block:conv_inst|Mult0~8                  ; AY               ;                       ;
; convolution_block:conv_inst|input_reg[6]~SCLR_LUT  ; Created         ; Register Packing                                  ; Timing optimization        ;           ;                ;                                                      ;                  ;                       ;
; convolution_block:conv_inst|input_reg[7]           ; Packed Register ; Register Packing                                  ; Timing optimization        ; Q         ;                ; convolution_block:conv_inst|Mult0~8                  ; AY               ;                       ;
; convolution_block:conv_inst|input_reg[7]~SCLR_LUT  ; Created         ; Register Packing                                  ; Timing optimization        ;           ;                ;                                                      ;                  ;                       ;
; convolution_block:conv_inst|input_reg[8]           ; Packed Register ; Register Packing                                  ; Timing optimization        ; Q         ;                ; convolution_block:conv_inst|Mult0~8                  ; AY               ;                       ;
; convolution_block:conv_inst|input_reg[8]~SCLR_LUT  ; Created         ; Register Packing                                  ; Timing optimization        ;           ;                ;                                                      ;                  ;                       ;
; convolution_block:conv_inst|input_reg[9]           ; Packed Register ; Register Packing                                  ; Timing optimization        ; Q         ;                ; convolution_block:conv_inst|Mult0~8                  ; AY               ;                       ;
; convolution_block:conv_inst|input_reg[9]~SCLR_LUT  ; Created         ; Register Packing                                  ; Timing optimization        ;           ;                ;                                                      ;                  ;                       ;
; convolution_block:conv_inst|input_reg[10]          ; Packed Register ; Register Packing                                  ; Timing optimization        ; Q         ;                ; convolution_block:conv_inst|Mult0~8                  ; AY               ;                       ;
; convolution_block:conv_inst|input_reg[10]~SCLR_LUT ; Created         ; Register Packing                                  ; Timing optimization        ;           ;                ;                                                      ;                  ;                       ;
; convolution_block:conv_inst|input_reg[11]          ; Packed Register ; Register Packing                                  ; Timing optimization        ; Q         ;                ; convolution_block:conv_inst|Mult0~8                  ; AY               ;                       ;
; convolution_block:conv_inst|input_reg[11]~SCLR_LUT ; Created         ; Register Packing                                  ; Timing optimization        ;           ;                ;                                                      ;                  ;                       ;
; convolution_block:conv_inst|input_reg[12]          ; Packed Register ; Register Packing                                  ; Timing optimization        ; Q         ;                ; convolution_block:conv_inst|Mult0~8                  ; AY               ;                       ;
; convolution_block:conv_inst|input_reg[12]~SCLR_LUT ; Created         ; Register Packing                                  ; Timing optimization        ;           ;                ;                                                      ;                  ;                       ;
; convolution_block:conv_inst|input_reg[13]          ; Packed Register ; Register Packing                                  ; Timing optimization        ; Q         ;                ; convolution_block:conv_inst|Mult0~8                  ; AY               ;                       ;
; convolution_block:conv_inst|input_reg[13]~SCLR_LUT ; Created         ; Register Packing                                  ; Timing optimization        ;           ;                ;                                                      ;                  ;                       ;
; convolution_block:conv_inst|input_reg[14]          ; Packed Register ; Register Packing                                  ; Timing optimization        ; Q         ;                ; convolution_block:conv_inst|Mult0~8                  ; AY               ;                       ;
; convolution_block:conv_inst|input_reg[14]~SCLR_LUT ; Created         ; Register Packing                                  ; Timing optimization        ;           ;                ;                                                      ;                  ;                       ;
; convolution_block:conv_inst|input_reg[15]          ; Packed Register ; Register Packing                                  ; Timing optimization        ; Q         ;                ; convolution_block:conv_inst|Mult0~8                  ; AY               ;                       ;
; convolution_block:conv_inst|input_reg[15]~SCLR_LUT ; Created         ; Register Packing                                  ; Timing optimization        ;           ;                ;                                                      ;                  ;                       ;
; convolution_block:conv_inst|mult_result[0]         ; Packed Register ; Register Packing                                  ; Timing optimization        ; Q         ;                ; convolution_block:conv_inst|Mult0~8                  ; RESULTA          ;                       ;
; convolution_block:conv_inst|mult_result[1]         ; Packed Register ; Register Packing                                  ; Timing optimization        ; Q         ;                ; convolution_block:conv_inst|mult_result[0]           ; RESULTA          ;                       ;
; convolution_block:conv_inst|mult_result[2]         ; Packed Register ; Register Packing                                  ; Timing optimization        ; Q         ;                ; convolution_block:conv_inst|mult_result[0]           ; RESULTA          ;                       ;
; convolution_block:conv_inst|mult_result[3]         ; Packed Register ; Register Packing                                  ; Timing optimization        ; Q         ;                ; convolution_block:conv_inst|mult_result[0]           ; RESULTA          ;                       ;
; convolution_block:conv_inst|mult_result[4]         ; Packed Register ; Register Packing                                  ; Timing optimization        ; Q         ;                ; convolution_block:conv_inst|mult_result[0]           ; RESULTA          ;                       ;
; convolution_block:conv_inst|mult_result[5]         ; Packed Register ; Register Packing                                  ; Timing optimization        ; Q         ;                ; convolution_block:conv_inst|mult_result[0]           ; RESULTA          ;                       ;
; convolution_block:conv_inst|mult_result[6]         ; Packed Register ; Register Packing                                  ; Timing optimization        ; Q         ;                ; convolution_block:conv_inst|mult_result[0]           ; RESULTA          ;                       ;
; convolution_block:conv_inst|mult_result[7]         ; Packed Register ; Register Packing                                  ; Timing optimization        ; Q         ;                ; convolution_block:conv_inst|mult_result[0]           ; RESULTA          ;                       ;
; convolution_block:conv_inst|mult_result[8]         ; Packed Register ; Register Packing                                  ; Timing optimization        ; Q         ;                ; convolution_block:conv_inst|mult_result[0]           ; RESULTA          ;                       ;
; convolution_block:conv_inst|mult_result[9]         ; Packed Register ; Register Packing                                  ; Timing optimization        ; Q         ;                ; convolution_block:conv_inst|mult_result[0]           ; RESULTA          ;                       ;
; convolution_block:conv_inst|mult_result[10]        ; Packed Register ; Register Packing                                  ; Timing optimization        ; Q         ;                ; convolution_block:conv_inst|mult_result[0]           ; RESULTA          ;                       ;
; convolution_block:conv_inst|mult_result[11]        ; Packed Register ; Register Packing                                  ; Timing optimization        ; Q         ;                ; convolution_block:conv_inst|mult_result[0]           ; RESULTA          ;                       ;
; convolution_block:conv_inst|mult_result[12]        ; Packed Register ; Register Packing                                  ; Timing optimization        ; Q         ;                ; convolution_block:conv_inst|mult_result[0]           ; RESULTA          ;                       ;
; convolution_block:conv_inst|mult_result[13]        ; Packed Register ; Register Packing                                  ; Timing optimization        ; Q         ;                ; convolution_block:conv_inst|mult_result[0]           ; RESULTA          ;                       ;
; convolution_block:conv_inst|mult_result[14]        ; Packed Register ; Register Packing                                  ; Timing optimization        ; Q         ;                ; convolution_block:conv_inst|mult_result[0]           ; RESULTA          ;                       ;
; convolution_block:conv_inst|mult_result[15]        ; Packed Register ; Register Packing                                  ; Timing optimization        ; Q         ;                ; convolution_block:conv_inst|mult_result[0]           ; RESULTA          ;                       ;
; convolution_block:conv_inst|mult_result[16]        ; Packed Register ; Register Packing                                  ; Timing optimization        ; Q         ;                ; convolution_block:conv_inst|mult_result[0]           ; RESULTA          ;                       ;
; convolution_block:conv_inst|mult_result[17]        ; Packed Register ; Register Packing                                  ; Timing optimization        ; Q         ;                ; convolution_block:conv_inst|mult_result[0]           ; RESULTA          ;                       ;
; convolution_block:conv_inst|mult_result[18]        ; Packed Register ; Register Packing                                  ; Timing optimization        ; Q         ;                ; convolution_block:conv_inst|mult_result[0]           ; RESULTA          ;                       ;
; convolution_block:conv_inst|mult_result[19]        ; Packed Register ; Register Packing                                  ; Timing optimization        ; Q         ;                ; convolution_block:conv_inst|mult_result[0]           ; RESULTA          ;                       ;
; convolution_block:conv_inst|mult_result[20]        ; Packed Register ; Register Packing                                  ; Timing optimization        ; Q         ;                ; convolution_block:conv_inst|mult_result[0]           ; RESULTA          ;                       ;
; convolution_block:conv_inst|mult_result[21]        ; Packed Register ; Register Packing                                  ; Timing optimization        ; Q         ;                ; convolution_block:conv_inst|mult_result[0]           ; RESULTA          ;                       ;
; convolution_block:conv_inst|mult_result[22]        ; Packed Register ; Register Packing                                  ; Timing optimization        ; Q         ;                ; convolution_block:conv_inst|mult_result[0]           ; RESULTA          ;                       ;
; convolution_block:conv_inst|mult_result[23]        ; Packed Register ; Register Packing                                  ; Timing optimization        ; Q         ;                ; convolution_block:conv_inst|mult_result[0]           ; RESULTA          ;                       ;
; convolution_block:conv_inst|weight_reg[0]          ; Packed Register ; Register Packing                                  ; Timing optimization        ; Q         ;                ; convolution_block:conv_inst|mult_result[0]           ; AX               ;                       ;
; convolution_block:conv_inst|weight_reg[1]          ; Packed Register ; Register Packing                                  ; Timing optimization        ; Q         ;                ; convolution_block:conv_inst|mult_result[0]           ; AX               ;                       ;
; convolution_block:conv_inst|weight_reg[2]          ; Packed Register ; Register Packing                                  ; Timing optimization        ; Q         ;                ; convolution_block:conv_inst|mult_result[0]           ; AX               ;                       ;
; convolution_block:conv_inst|weight_reg[3]          ; Packed Register ; Register Packing                                  ; Timing optimization        ; Q         ;                ; convolution_block:conv_inst|mult_result[0]           ; AX               ;                       ;
; convolution_block:conv_inst|weight_reg[4]          ; Packed Register ; Register Packing                                  ; Timing optimization        ; Q         ;                ; convolution_block:conv_inst|mult_result[0]           ; AX               ;                       ;
; convolution_block:conv_inst|weight_reg[5]          ; Packed Register ; Register Packing                                  ; Timing optimization        ; Q         ;                ; convolution_block:conv_inst|mult_result[0]           ; AX               ;                       ;
; convolution_block:conv_inst|weight_reg[6]          ; Packed Register ; Register Packing                                  ; Timing optimization        ; Q         ;                ; convolution_block:conv_inst|mult_result[0]           ; AX               ;                       ;
; convolution_block:conv_inst|weight_reg[7]          ; Packed Register ; Register Packing                                  ; Timing optimization        ; Q         ;                ; convolution_block:conv_inst|mult_result[0]           ; AX               ;                       ;
; convolution_block:conv_inst|weight_reg[8]          ; Packed Register ; Register Packing                                  ; Timing optimization        ; Q         ;                ; convolution_block:conv_inst|mult_result[0]           ; AX               ;                       ;
; convolution_block:conv_inst|weight_reg[9]          ; Packed Register ; Register Packing                                  ; Timing optimization        ; Q         ;                ; convolution_block:conv_inst|mult_result[0]           ; AX               ;                       ;
; convolution_block:conv_inst|weight_reg[10]         ; Packed Register ; Register Packing                                  ; Timing optimization        ; Q         ;                ; convolution_block:conv_inst|mult_result[0]           ; AX               ;                       ;
; convolution_block:conv_inst|weight_reg[11]         ; Packed Register ; Register Packing                                  ; Timing optimization        ; Q         ;                ; convolution_block:conv_inst|mult_result[0]           ; AX               ;                       ;
; convolution_block:conv_inst|weight_reg[12]         ; Packed Register ; Register Packing                                  ; Timing optimization        ; Q         ;                ; convolution_block:conv_inst|mult_result[0]           ; AX               ;                       ;
; convolution_block:conv_inst|weight_reg[13]         ; Packed Register ; Register Packing                                  ; Timing optimization        ; Q         ;                ; convolution_block:conv_inst|mult_result[0]           ; AX               ;                       ;
; convolution_block:conv_inst|weight_reg[14]         ; Packed Register ; Register Packing                                  ; Timing optimization        ; Q         ;                ; convolution_block:conv_inst|mult_result[0]           ; AX               ;                       ;
; convolution_block:conv_inst|weight_reg[15]         ; Packed Register ; Register Packing                                  ; Timing optimization        ; Q         ;                ; convolution_block:conv_inst|mult_result[0]           ; AX               ;                       ;
; cycle_counter[0]                                   ; Duplicated      ; Router Logic Cell Insertion and Logic Duplication ; Routability optimization   ;           ;                ; cycle_counter[0]~DUPLICATE                           ;                  ;                       ;
; cycle_counter[1]                                   ; Duplicated      ; Router Logic Cell Insertion and Logic Duplication ; Routability optimization   ;           ;                ; cycle_counter[1]~DUPLICATE                           ;                  ;                       ;
; cycle_counter[2]                                   ; Duplicated      ; Router Logic Cell Insertion and Logic Duplication ; Routability optimization   ;           ;                ; cycle_counter[2]~DUPLICATE                           ;                  ;                       ;
; cycle_counter[3]                                   ; Duplicated      ; Router Logic Cell Insertion and Logic Duplication ; Routability optimization   ;           ;                ; cycle_counter[3]~DUPLICATE                           ;                  ;                       ;
; cycle_counter[5]                                   ; Duplicated      ; Router Logic Cell Insertion and Logic Duplication ; Routability optimization   ;           ;                ; cycle_counter[5]~DUPLICATE                           ;                  ;                       ;
; cycle_counter[10]                                  ; Duplicated      ; Router Logic Cell Insertion and Logic Duplication ; Routability optimization   ;           ;                ; cycle_counter[10]~DUPLICATE                          ;                  ;                       ;
; cycle_counter[14]                                  ; Duplicated      ; Router Logic Cell Insertion and Logic Duplication ; Routability optimization   ;           ;                ; cycle_counter[14]~DUPLICATE                          ;                  ;                       ;
; cycle_counter[19]                                  ; Duplicated      ; Router Logic Cell Insertion and Logic Duplication ; Routability optimization   ;           ;                ; cycle_counter[19]~DUPLICATE                          ;                  ;                       ;
; cycle_counter[20]                                  ; Duplicated      ; Router Logic Cell Insertion and Logic Duplication ; Routability optimization   ;           ;                ; cycle_counter[20]~DUPLICATE                          ;                  ;                       ;
; cycle_counter[24]                                  ; Duplicated      ; Router Logic Cell Insertion and Logic Duplication ; Routability optimization   ;           ;                ; cycle_counter[24]~DUPLICATE                          ;                  ;                       ;
; cycle_counter[26]                                  ; Duplicated      ; Router Logic Cell Insertion and Logic Duplication ; Routability optimization   ;           ;                ; cycle_counter[26]~DUPLICATE                          ;                  ;                       ;
; cycle_counter[27]                                  ; Duplicated      ; Router Logic Cell Insertion and Logic Duplication ; Routability optimization   ;           ;                ; cycle_counter[27]~DUPLICATE                          ;                  ;                       ;
; cycle_counter[29]                                  ; Duplicated      ; Router Logic Cell Insertion and Logic Duplication ; Routability optimization   ;           ;                ; cycle_counter[29]~DUPLICATE                          ;                  ;                       ;
; cycle_counter[30]                                  ; Duplicated      ; Router Logic Cell Insertion and Logic Duplication ; Routability optimization   ;           ;                ; cycle_counter[30]~DUPLICATE                          ;                  ;                       ;
; pooling_block:pool_inst|current_state.IDLE         ; Duplicated      ; Router Logic Cell Insertion and Logic Duplication ; Routability optimization   ;           ;                ; pooling_block:pool_inst|current_state.IDLE~DUPLICATE ;                  ;                       ;
+----------------------------------------------------+-----------------+---------------------------------------------------+----------------------------+-----------+----------------+------------------------------------------------------+------------------+-----------------------+


+---------------------------------------------------------------------------------------------------+
; Incremental Compilation Preservation Summary                                                      ;
+---------------------+---------------------+----------------------------+--------------------------+
; Type                ; Total [A + B]       ; From Design Partitions [A] ; From Rapid Recompile [B] ;
+---------------------+---------------------+----------------------------+--------------------------+
; Placement (by node) ;                     ;                            ;                          ;
;     -- Requested    ; 0.00 % ( 0 / 4805 ) ; 0.00 % ( 0 / 4805 )        ; 0.00 % ( 0 / 4805 )      ;
;     -- Achieved     ; 0.00 % ( 0 / 4805 ) ; 0.00 % ( 0 / 4805 )        ; 0.00 % ( 0 / 4805 )      ;
;                     ;                     ;                            ;                          ;
; Routing (by net)    ;                     ;                            ;                          ;
;     -- Requested    ; 0.00 % ( 0 / 0 )    ; 0.00 % ( 0 / 0 )           ; 0.00 % ( 0 / 0 )         ;
;     -- Achieved     ; 0.00 % ( 0 / 0 )    ; 0.00 % ( 0 / 0 )           ; 0.00 % ( 0 / 0 )         ;
+---------------------+---------------------+----------------------------+--------------------------+


+----------------------------------------------------------------------------------------------------------------------------------------------------------------------------------------+
; Incremental Compilation Partition Settings                                                                                                                                             ;
+--------------------------------+----------------+-------------------+-------------------------+------------------------+------------------------------+--------------------------------+
; Partition Name                 ; Partition Type ; Netlist Type Used ; Preservation Level Used ; Netlist Type Requested ; Preservation Level Requested ; Contents                       ;
+--------------------------------+----------------+-------------------+-------------------------+------------------------+------------------------------+--------------------------------+
; Top                            ; User-created   ; Source File       ; N/A                     ; Source File            ; N/A                          ;                                ;
; hard_block:auto_generated_inst ; Auto-generated ; Source File       ; N/A                     ; Source File            ; N/A                          ; hard_block:auto_generated_inst ;
+--------------------------------+----------------+-------------------+-------------------------+------------------------+------------------------------+--------------------------------+


+------------------------------------------------------------------------------------------------------------------------------------+
; Incremental Compilation Placement Preservation                                                                                     ;
+--------------------------------+-----------------------+-------------------------+-------------------+---------------------+-------+
; Partition Name                 ; Preservation Achieved ; Preservation Level Used ; Netlist Type Used ; Preservation Method ; Notes ;
+--------------------------------+-----------------------+-------------------------+-------------------+---------------------+-------+
; Top                            ; 0.00 % ( 0 / 4805 )   ; N/A                     ; Source File       ; N/A                 ;       ;
; hard_block:auto_generated_inst ; 0.00 % ( 0 / 0 )      ; N/A                     ; Source File       ; N/A                 ;       ;
+--------------------------------+-----------------------+-------------------------+-------------------+---------------------+-------+


+--------------+
; Pin-Out File ;
+--------------+
The pin-out file can be found in C:/Users/cenic/OneDrive/Desktop/NEURAX/neurax/FPGA/output_files/FPGA_accelerator.pin.


+---------------------------------------------------------------------------------------------+
; Fitter Resource Usage Summary                                                               ;
+-------------------------------------------------------------+-----------------------+-------+
; Resource                                                    ; Usage                 ; %     ;
+-------------------------------------------------------------+-----------------------+-------+
; Logic utilization (ALMs needed / total ALMs on device)      ; 2,037 / 32,070        ; 6 %   ;
; ALMs needed [=A-B+C]                                        ; 2,037                 ;       ;
;     [A] ALMs used in final placement [=a+b+c+d]             ; 2,041 / 32,070        ; 6 %   ;
;         [a] ALMs used for LUT logic and registers           ; 166                   ;       ;
;         [b] ALMs used for LUT logic                         ; 1,872                 ;       ;
;         [c] ALMs used for registers                         ; 3                     ;       ;
;         [d] ALMs used for memory (up to half of total ALMs) ; 0                     ;       ;
;     [B] Estimate of ALMs recoverable by dense packing       ; 7 / 32,070            ; < 1 % ;
;     [C] Estimate of ALMs unavailable [=a+b+c+d]             ; 3 / 32,070            ; < 1 % ;
;         [a] Due to location constrained logic               ; 0                     ;       ;
;         [b] Due to LAB-wide signal conflicts                ; 0                     ;       ;
;         [c] Due to LAB input limits                         ; 3                     ;       ;
;         [d] Due to virtual I/Os                             ; 0                     ;       ;
;                                                             ;                       ;       ;
; Difficulty packing design                                   ; Low                   ;       ;
;                                                             ;                       ;       ;
; Total LABs:  partially or completely used                   ; 268 / 3,207           ; 8 %   ;
;     -- Logic LABs                                           ; 268                   ;       ;
;     -- Memory LABs (up to half of total LABs)               ; 0                     ;       ;
;                                                             ;                       ;       ;
; Combinational ALUT usage for logic                          ; 3,854                 ;       ;
;     -- 7 input functions                                    ; 10                    ;       ;
;     -- 6 input functions                                    ; 226                   ;       ;
;     -- 5 input functions                                    ; 492                   ;       ;
;     -- 4 input functions                                    ; 1,197                 ;       ;
;     -- <=3 input functions                                  ; 1,929                 ;       ;
; Combinational ALUT usage for route-throughs                 ; 0                     ;       ;
;                                                             ;                       ;       ;
; Dedicated logic registers                                   ; 353                   ;       ;
;     -- By type:                                             ;                       ;       ;
;         -- Primary logic registers                          ; 338 / 64,140          ; < 1 % ;
;         -- Secondary logic registers                        ; 15 / 64,140           ; < 1 % ;
;     -- By function:                                         ;                       ;       ;
;         -- Design implementation registers                  ; 338                   ;       ;
;         -- Routing optimization registers                   ; 15                    ;       ;
;                                                             ;                       ;       ;
; Virtual pins                                                ; 0                     ;       ;
; I/O pins                                                    ; 285 / 457             ; 62 %  ;
;     -- Clock pins                                           ; 8 / 8                 ; 100 % ;
;     -- Dedicated input pins                                 ; 0 / 21                ; 0 %   ;
;                                                             ;                       ;       ;
; Hard processor system peripheral utilization                ;                       ;       ;
;     -- Boot from FPGA                                       ; 0 / 1 ( 0 % )         ;       ;
;     -- Clock resets                                         ; 0 / 1 ( 0 % )         ;       ;
;     -- Cross trigger                                        ; 0 / 1 ( 0 % )         ;       ;
;     -- S2F AXI                                              ; 0 / 1 ( 0 % )         ;       ;
;     -- F2S AXI                                              ; 0 / 1 ( 0 % )         ;       ;
;     -- AXI Lightweight                                      ; 0 / 1 ( 0 % )         ;       ;
;     -- SDRAM                                                ; 0 / 1 ( 0 % )         ;       ;
;     -- Interrupts                                           ; 0 / 1 ( 0 % )         ;       ;
;     -- JTAG                                                 ; 0 / 1 ( 0 % )         ;       ;
;     -- Loan I/O                                             ; 0 / 1 ( 0 % )         ;       ;
;     -- MPU event standby                                    ; 0 / 1 ( 0 % )         ;       ;
;     -- MPU general purpose                                  ; 0 / 1 ( 0 % )         ;       ;
;     -- STM event                                            ; 0 / 1 ( 0 % )         ;       ;
;     -- TPIU trace                                           ; 0 / 1 ( 0 % )         ;       ;
;     -- DMA                                                  ; 0 / 1 ( 0 % )         ;       ;
;     -- CAN                                                  ; 0 / 2 ( 0 % )         ;       ;
;     -- EMAC                                                 ; 0 / 2 ( 0 % )         ;       ;
;     -- I2C                                                  ; 0 / 4 ( 0 % )         ;       ;
;     -- NAND Flash                                           ; 0 / 1 ( 0 % )         ;       ;
;     -- QSPI                                                 ; 0 / 1 ( 0 % )         ;       ;
;     -- SDMMC                                                ; 0 / 1 ( 0 % )         ;       ;
;     -- SPI Master                                           ; 0 / 2 ( 0 % )         ;       ;
;     -- SPI Slave                                            ; 0 / 2 ( 0 % )         ;       ;
;     -- UART                                                 ; 0 / 2 ( 0 % )         ;       ;
;     -- USB                                                  ; 0 / 2 ( 0 % )         ;       ;
;                                                             ;                       ;       ;
; M10K blocks                                                 ; 0 / 397               ; 0 %   ;
; Total MLAB memory bits                                      ; 0                     ;       ;
; Total block memory bits                                     ; 0 / 4,065,280         ; 0 %   ;
; Total block memory implementation bits                      ; 0 / 4,065,280         ; 0 %   ;
;                                                             ;                       ;       ;
; Total DSP Blocks                                            ; 1 / 87                ; 1 %   ;
;                                                             ;                       ;       ;
; Fractional PLLs                                             ; 0 / 6                 ; 0 %   ;
; Global signals                                              ; 2                     ;       ;
;     -- Global clocks                                        ; 2 / 16                ; 13 %  ;
;     -- Quadrant clocks                                      ; 0 / 66                ; 0 %   ;
;     -- Horizontal periphery clocks                          ; 0 / 18                ; 0 %   ;
; SERDES Transmitters                                         ; 0 / 100               ; 0 %   ;
; SERDES Receivers                                            ; 0 / 100               ; 0 %   ;
; JTAGs                                                       ; 0 / 1                 ; 0 %   ;
; ASMI blocks                                                 ; 0 / 1                 ; 0 %   ;
; CRC blocks                                                  ; 0 / 1                 ; 0 %   ;
; Remote update blocks                                        ; 0 / 1                 ; 0 %   ;
; Oscillator blocks                                           ; 0 / 1                 ; 0 %   ;
; Impedance control blocks                                    ; 0 / 4                 ; 0 %   ;
; Hard Memory Controllers                                     ; 0 / 2                 ; 0 %   ;
; Average interconnect usage (total/H/V)                      ; 1.9% / 1.8% / 2.1%    ;       ;
; Peak interconnect usage (total/H/V)                         ; 23.4% / 23.8% / 22.0% ;       ;
; Maximum fan-out                                             ; 356                   ;       ;
; Highest non-global fan-out                                  ; 252                   ;       ;
; Total fan-out                                               ; 15302                 ;       ;
; Average fan-out                                             ; 3.20                  ;       ;
+-------------------------------------------------------------+-----------------------+-------+


+----------------------------------------------------------------------------------------------------------------------+
; Fitter Partition Statistics                                                                                          ;
+-------------------------------------------------------------+-----------------------+--------------------------------+
; Statistic                                                   ; Top                   ; hard_block:auto_generated_inst ;
+-------------------------------------------------------------+-----------------------+--------------------------------+
; Logic utilization (ALMs needed / total ALMs on device)      ; 2037 / 32070 ( 6 % )  ; 0 / 32070 ( 0 % )              ;
; ALMs needed [=A-B+C]                                        ; 2037                  ; 0                              ;
;     [A] ALMs used in final placement [=a+b+c+d]             ; 2041 / 32070 ( 6 % )  ; 0 / 32070 ( 0 % )              ;
;         [a] ALMs used for LUT logic and registers           ; 166                   ; 0                              ;
;         [b] ALMs used for LUT logic                         ; 1872                  ; 0                              ;
;         [c] ALMs used for registers                         ; 3                     ; 0                              ;
;         [d] ALMs used for memory (up to half of total ALMs) ; 0                     ; 0                              ;
;     [B] Estimate of ALMs recoverable by dense packing       ; 7 / 32070 ( < 1 % )   ; 0 / 32070 ( 0 % )              ;
;     [C] Estimate of ALMs unavailable [=a+b+c+d]             ; 3 / 32070 ( < 1 % )   ; 0 / 32070 ( 0 % )              ;
;         [a] Due to location constrained logic               ; 0                     ; 0                              ;
;         [b] Due to LAB-wide signal conflicts                ; 0                     ; 0                              ;
;         [c] Due to LAB input limits                         ; 3                     ; 0                              ;
;         [d] Due to virtual I/Os                             ; 0                     ; 0                              ;
;                                                             ;                       ;                                ;
; Difficulty packing design                                   ; Low                   ; Low                            ;
;                                                             ;                       ;                                ;
; Total LABs:  partially or completely used                   ; 268 / 3207 ( 8 % )    ; 0 / 3207 ( 0 % )               ;
;     -- Logic LABs                                           ; 268                   ; 0                              ;
;     -- Memory LABs (up to half of total LABs)               ; 0                     ; 0                              ;
;                                                             ;                       ;                                ;
; Combinational ALUT usage for logic                          ; 3854                  ; 0                              ;
;     -- 7 input functions                                    ; 10                    ; 0                              ;
;     -- 6 input functions                                    ; 226                   ; 0                              ;
;     -- 5 input functions                                    ; 492                   ; 0                              ;
;     -- 4 input functions                                    ; 1197                  ; 0                              ;
;     -- <=3 input functions                                  ; 1929                  ; 0                              ;
; Combinational ALUT usage for route-throughs                 ; 0                     ; 0                              ;
; Memory ALUT usage                                           ; 0                     ; 0                              ;
;     -- 64-address deep                                      ; 0                     ; 0                              ;
;     -- 32-address deep                                      ; 0                     ; 0                              ;
;                                                             ;                       ;                                ;
; Dedicated logic registers                                   ; 0                     ; 0                              ;
;     -- By type:                                             ;                       ;                                ;
;         -- Primary logic registers                          ; 338 / 64140 ( < 1 % ) ; 0 / 64140 ( 0 % )              ;
;         -- Secondary logic registers                        ; 15 / 64140 ( < 1 % )  ; 0 / 64140 ( 0 % )              ;
;     -- By function:                                         ;                       ;                                ;
;         -- Design implementation registers                  ; 338                   ; 0                              ;
;         -- Routing optimization registers                   ; 15                    ; 0                              ;
;                                                             ;                       ;                                ;
;                                                             ;                       ;                                ;
; Virtual pins                                                ; 0                     ; 0                              ;
; I/O pins                                                    ; 285                   ; 0                              ;
; I/O registers                                               ; 0                     ; 0                              ;
; Total block memory bits                                     ; 0                     ; 0                              ;
; Total block memory implementation bits                      ; 0                     ; 0                              ;
; DSP block                                                   ; 1 / 87 ( 1 % )        ; 0 / 87 ( 0 % )                 ;
; Clock enable block                                          ; 2 / 116 ( 1 % )       ; 0 / 116 ( 0 % )                ;
;                                                             ;                       ;                                ;
; Connections                                                 ;                       ;                                ;
;     -- Input Connections                                    ; 0                     ; 0                              ;
;     -- Registered Input Connections                         ; 0                     ; 0                              ;
;     -- Output Connections                                   ; 0                     ; 0                              ;
;     -- Registered Output Connections                        ; 0                     ; 0                              ;
;                                                             ;                       ;                                ;
; Internal Connections                                        ;                       ;                                ;
;     -- Total Connections                                    ; 15338                 ; 0                              ;
;     -- Registered Connections                               ; 2995                  ; 0                              ;
;                                                             ;                       ;                                ;
; External Connections                                        ;                       ;                                ;
;     -- Top                                                  ; 0                     ; 0                              ;
;     -- hard_block:auto_generated_inst                       ; 0                     ; 0                              ;
;                                                             ;                       ;                                ;
; Partition Interface                                         ;                       ;                                ;
;     -- Input Ports                                          ; 173                   ; 0                              ;
;     -- Output Ports                                         ; 112                   ; 0                              ;
;     -- Bidir Ports                                          ; 0                     ; 0                              ;
;                                                             ;                       ;                                ;
; Registered Ports                                            ;                       ;                                ;
;     -- Registered Input Ports                               ; 0                     ; 0                              ;
;     -- Registered Output Ports                              ; 0                     ; 0                              ;
;                                                             ;                       ;                                ;
; Port Connectivity                                           ;                       ;                                ;
;     -- Input Ports driven by GND                            ; 0                     ; 0                              ;
;     -- Output Ports driven by GND                           ; 0                     ; 0                              ;
;     -- Input Ports driven by VCC                            ; 0                     ; 0                              ;
;     -- Output Ports driven by VCC                           ; 0                     ; 0                              ;
;     -- Input Ports with no Source                           ; 0                     ; 0                              ;
;     -- Output Ports with no Source                          ; 0                     ; 0                              ;
;     -- Input Ports with no Fanout                           ; 0                     ; 0                              ;
;     -- Output Ports with no Fanout                          ; 0                     ; 0                              ;
+-------------------------------------------------------------+-----------------------+--------------------------------+


+-----------------------------------------------------------------------------------------------------------------------------------------------------------------------------------------------------------------------------------------------------------------------------------------------------------+
; Input Pins                                                                                                                                                                                                                                                                                                ;
+----------------------------+-------+----------+--------------+--------------+--------------+-----------------------+--------------------+--------+----------------+-----------------+----------+--------------+--------------+-------------+---------------------------+----------------------+-----------+
; Name                       ; Pin # ; I/O Bank ; X coordinate ; Y coordinate ; Z coordinate ; Combinational Fan-Out ; Registered Fan-Out ; Global ; Input Register ; PCI I/O Enabled ; Bus Hold ; Weak Pull Up ; I/O Standard ; Termination ; Termination Control Block ; Location assigned by ; Slew Rate ;
+----------------------------+-------+----------+--------------+--------------+--------------+-----------------------+--------------------+--------+----------------+-----------------+----------+--------------+--------------+-------------+---------------------------+----------------------+-----------+
; activation_type.ELU        ; AJ2   ; 3A       ; 14           ; 0            ; 17           ; 0                     ; 0                  ; no     ; no             ; no              ; no       ; Off          ; 2.5 V        ; Off         ; --                        ; Fitter               ; no        ;
; activation_type.LEAKY_RELU ; AA21  ; 4A       ; 88           ; 0            ; 1            ; 0                     ; 0                  ; no     ; no             ; no              ; no       ; Off          ; 2.5 V        ; Off         ; --                        ; Fitter               ; no        ;
; activation_type.LINEAR     ; AF9   ; 3A       ; 8            ; 0            ; 34           ; 0                     ; 0                  ; no     ; no             ; no              ; no       ; Off          ; 2.5 V        ; Off         ; --                        ; Fitter               ; no        ;
; activation_type.RELU       ; E6    ; 8A       ; 4            ; 81           ; 51           ; 0                     ; 0                  ; no     ; no             ; no              ; no       ; Off          ; 2.5 V        ; Off         ; --                        ; Fitter               ; no        ;
; activation_type.SIGMOID    ; AA25  ; 5A       ; 89           ; 9            ; 37           ; 0                     ; 0                  ; no     ; no             ; no              ; no       ; Off          ; 2.5 V        ; Off         ; --                        ; Fitter               ; no        ;
; activation_type.TANH       ; AF4   ; 3A       ; 8            ; 0            ; 0            ; 0                     ; 0                  ; no     ; no             ; no              ; no       ; Off          ; 2.5 V        ; Off         ; --                        ; Fitter               ; no        ;
; alpha[0]                   ; AG7   ; 3A       ; 10           ; 0            ; 91           ; 0                     ; 0                  ; no     ; no             ; no              ; no       ; Off          ; 2.5 V        ; Off         ; --                        ; Fitter               ; no        ;
; alpha[10]                  ; E3    ; 8A       ; 8            ; 81           ; 34           ; 0                     ; 0                  ; no     ; no             ; no              ; no       ; Off          ; 2.5 V        ; Off         ; --                        ; Fitter               ; no        ;
; alpha[11]                  ; AE29  ; 5B       ; 89           ; 23           ; 37           ; 0                     ; 0                  ; no     ; no             ; no              ; no       ; Off          ; 2.5 V        ; Off         ; --                        ; Fitter               ; no        ;
; alpha[12]                  ; F14   ; 8A       ; 36           ; 81           ; 17           ; 0                     ; 0                  ; no     ; no             ; no              ; no       ; Off          ; 2.5 V        ; Off         ; --                        ; Fitter               ; no        ;
; alpha[13]                  ; AD30  ; 5B       ; 89           ; 25           ; 37           ; 0                     ; 0                  ; no     ; no             ; no              ; no       ; Off          ; 2.5 V        ; Off         ; --                        ; Fitter               ; no        ;
; alpha[14]                  ; J10   ; 8A       ; 4            ; 81           ; 0            ; 0                     ; 0                  ; no     ; no             ; no              ; no       ; Off          ; 2.5 V        ; Off         ; --                        ; Fitter               ; no        ;
; alpha[15]                  ; G8    ; 8A       ; 24           ; 81           ; 17           ; 0                     ; 0                  ; no     ; no             ; no              ; no       ; Off          ; 2.5 V        ; Off         ; --                        ; Fitter               ; no        ;
; alpha[1]                   ; Y26   ; 5B       ; 89           ; 25           ; 3            ; 0                     ; 0                  ; no     ; no             ; no              ; no       ; Off          ; 2.5 V        ; Off         ; --                        ; Fitter               ; no        ;
; alpha[2]                   ; AD7   ; 3A       ; 6            ; 0            ; 0            ; 0                     ; 0                  ; no     ; no             ; no              ; no       ; Off          ; 2.5 V        ; Off         ; --                        ; Fitter               ; no        ;
; alpha[3]                   ; W20   ; 5A       ; 89           ; 6            ; 3            ; 0                     ; 0                  ; no     ; no             ; no              ; no       ; Off          ; 2.5 V        ; Off         ; --                        ; Fitter               ; no        ;
; alpha[4]                   ; E13   ; 8A       ; 26           ; 81           ; 57           ; 0                     ; 0                  ; no     ; no             ; no              ; no       ; Off          ; 2.5 V        ; Off         ; --                        ; Fitter               ; no        ;
; alpha[5]                   ; AG3   ; 3A       ; 6            ; 0            ; 34           ; 0                     ; 0                  ; no     ; no             ; no              ; no       ; Off          ; 2.5 V        ; Off         ; --                        ; Fitter               ; no        ;
; alpha[6]                   ; AG1   ; 3A       ; 10           ; 0            ; 40           ; 0                     ; 0                  ; no     ; no             ; no              ; no       ; Off          ; 2.5 V        ; Off         ; --                        ; Fitter               ; no        ;
; alpha[7]                   ; G7    ; 8A       ; 2            ; 81           ; 74           ; 0                     ; 0                  ; no     ; no             ; no              ; no       ; Off          ; 2.5 V        ; Off         ; --                        ; Fitter               ; no        ;
; alpha[8]                   ; AC9   ; 3A       ; 4            ; 0            ; 0            ; 0                     ; 0                  ; no     ; no             ; no              ; no       ; Off          ; 2.5 V        ; Off         ; --                        ; Fitter               ; no        ;
; alpha[9]                   ; F13   ; 8A       ; 26           ; 81           ; 40           ; 0                     ; 0                  ; no     ; no             ; no              ; no       ; Off          ; 2.5 V        ; Off         ; --                        ; Fitter               ; no        ;
; batch_size[0]              ; AK12  ; 3B       ; 36           ; 0            ; 34           ; 4                     ; 0                  ; no     ; no             ; no              ; no       ; Off          ; 2.5 V        ; Off         ; --                        ; Fitter               ; no        ;
; batch_size[1]              ; AH13  ; 3B       ; 30           ; 0            ; 0            ; 4                     ; 0                  ; no     ; no             ; no              ; no       ; Off          ; 2.5 V        ; Off         ; --                        ; Fitter               ; no        ;
; batch_size[2]              ; AE17  ; 4A       ; 50           ; 0            ; 40           ; 4                     ; 0                  ; no     ; no             ; no              ; no       ; Off          ; 2.5 V        ; Off         ; --                        ; Fitter               ; no        ;
; bias_data[0]               ; AJ20  ; 4A       ; 62           ; 0            ; 34           ; 1                     ; 0                  ; no     ; no             ; no              ; no       ; Off          ; 2.5 V        ; Off         ; --                        ; Fitter               ; no        ;
; bias_data[10]              ; AG22  ; 4A       ; 66           ; 0            ; 74           ; 1                     ; 0                  ; no     ; no             ; no              ; no       ; Off          ; 2.5 V        ; Off         ; --                        ; Fitter               ; no        ;
; bias_data[11]              ; AJ21  ; 4A       ; 62           ; 0            ; 51           ; 1                     ; 0                  ; no     ; no             ; no              ; no       ; Off          ; 2.5 V        ; Off         ; --                        ; Fitter               ; no        ;
; bias_data[12]              ; V17   ; 4A       ; 60           ; 0            ; 0            ; 1                     ; 0                  ; no     ; no             ; no              ; no       ; Off          ; 2.5 V        ; Off         ; --                        ; Fitter               ; no        ;
; bias_data[13]              ; AE19  ; 4A       ; 66           ; 0            ; 57           ; 1                     ; 0                  ; no     ; no             ; no              ; no       ; Off          ; 2.5 V        ; Off         ; --                        ; Fitter               ; no        ;
; bias_data[14]              ; AJ22  ; 4A       ; 70           ; 0            ; 51           ; 1                     ; 0                  ; no     ; no             ; no              ; no       ; Off          ; 2.5 V        ; Off         ; --                        ; Fitter               ; no        ;
; bias_data[15]              ; A4    ; 8A       ; 24           ; 81           ; 34           ; 1                     ; 0                  ; no     ; no             ; no              ; no       ; Off          ; 2.5 V        ; Off         ; --                        ; Fitter               ; no        ;
; bias_data[1]               ; AD25  ; 5A       ; 89           ; 4            ; 43           ; 1                     ; 0                  ; no     ; no             ; no              ; no       ; Off          ; 2.5 V        ; Off         ; --                        ; Fitter               ; no        ;
; bias_data[2]               ; AF26  ; 4A       ; 86           ; 0            ; 51           ; 1                     ; 0                  ; no     ; no             ; no              ; no       ; Off          ; 2.5 V        ; Off         ; --                        ; Fitter               ; no        ;
; bias_data[3]               ; AB21  ; 4A       ; 88           ; 0            ; 18           ; 1                     ; 0                  ; no     ; no             ; no              ; no       ; Off          ; 2.5 V        ; Off         ; --                        ; Fitter               ; no        ;
; bias_data[4]               ; AH22  ; 4A       ; 66           ; 0            ; 91           ; 1                     ; 0                  ; no     ; no             ; no              ; no       ; Off          ; 2.5 V        ; Off         ; --                        ; Fitter               ; no        ;
; bias_data[5]               ; AD10  ; 3A       ; 4            ; 0            ; 17           ; 1                     ; 0                  ; no     ; no             ; no              ; no       ; Off          ; 2.5 V        ; Off         ; --                        ; Fitter               ; no        ;
; bias_data[6]               ; AE7   ; 3A       ; 6            ; 0            ; 17           ; 1                     ; 0                  ; no     ; no             ; no              ; no       ; Off          ; 2.5 V        ; Off         ; --                        ; Fitter               ; no        ;
; bias_data[7]               ; C10   ; 8A       ; 28           ; 81           ; 34           ; 1                     ; 0                  ; no     ; no             ; no              ; no       ; Off          ; 2.5 V        ; Off         ; --                        ; Fitter               ; no        ;
; bias_data[8]               ; AK24  ; 4A       ; 72           ; 0            ; 51           ; 1                     ; 0                  ; no     ; no             ; no              ; no       ; Off          ; 2.5 V        ; Off         ; --                        ; Fitter               ; no        ;
; bias_data[9]               ; AK26  ; 4A       ; 76           ; 0            ; 51           ; 1                     ; 0                  ; no     ; no             ; no              ; no       ; Off          ; 2.5 V        ; Off         ; --                        ; Fitter               ; no        ;
; bias_valid                 ; AF20  ; 4A       ; 70           ; 0            ; 0            ; 32                    ; 0                  ; no     ; no             ; no              ; no       ; Off          ; 2.5 V        ; Off         ; --                        ; Fitter               ; no        ;
; clk                        ; AA26  ; 5B       ; 89           ; 23           ; 3            ; 356                   ; 0                  ; yes    ; no             ; no              ; no       ; Off          ; 2.5 V        ; Off         ; --                        ; Fitter               ; no        ;
; conv_input_channels[0]     ; AH15  ; 3B       ; 38           ; 0            ; 17           ; 4                     ; 0                  ; no     ; no             ; no              ; no       ; Off          ; 2.5 V        ; Off         ; --                        ; Fitter               ; no        ;
; conv_input_channels[1]     ; AK8   ; 3B       ; 28           ; 0            ; 51           ; 3                     ; 0                  ; no     ; no             ; no              ; no       ; Off          ; 2.5 V        ; Off         ; --                        ; Fitter               ; no        ;
; conv_input_channels[2]     ; AJ9   ; 3B       ; 30           ; 0            ; 34           ; 3                     ; 0                  ; no     ; no             ; no              ; no       ; Off          ; 2.5 V        ; Off         ; --                        ; Fitter               ; no        ;
; conv_kernel_size[0]        ; AH12  ; 3B       ; 38           ; 0            ; 34           ; 8                     ; 0                  ; no     ; no             ; no              ; no       ; Off          ; 2.5 V        ; Off         ; --                        ; Fitter               ; no        ;
; conv_kernel_size[1]        ; AJ11  ; 3B       ; 34           ; 0            ; 40           ; 7                     ; 0                  ; no     ; no             ; no              ; no       ; Off          ; 2.5 V        ; Off         ; --                        ; Fitter               ; no        ;
; conv_kernel_size[2]        ; AG17  ; 4A       ; 50           ; 0            ; 91           ; 5                     ; 0                  ; no     ; no             ; no              ; no       ; Off          ; 2.5 V        ; Off         ; --                        ; Fitter               ; no        ;
; conv_output_channels[0]    ; AK14  ; 3B       ; 40           ; 0            ; 51           ; 4                     ; 0                  ; no     ; no             ; no              ; no       ; Off          ; 2.5 V        ; Off         ; --                        ; Fitter               ; no        ;
; conv_output_channels[1]    ; AG13  ; 3B       ; 26           ; 0            ; 57           ; 4                     ; 0                  ; no     ; no             ; no              ; no       ; Off          ; 2.5 V        ; Off         ; --                        ; Fitter               ; no        ;
; conv_output_channels[2]    ; AG11  ; 3B       ; 18           ; 0            ; 57           ; 5                     ; 0                  ; no     ; no             ; no              ; no       ; Off          ; 2.5 V        ; Off         ; --                        ; Fitter               ; no        ;
; conv_padding[0]            ; AJ12  ; 3B       ; 38           ; 0            ; 51           ; 3                     ; 0                  ; no     ; no             ; no              ; no       ; Off          ; 2.5 V        ; Off         ; --                        ; Fitter               ; no        ;
; conv_padding[1]            ; AG15  ; 3B       ; 38           ; 0            ; 0            ; 2                     ; 0                  ; no     ; no             ; no              ; no       ; Off          ; 2.5 V        ; Off         ; --                        ; Fitter               ; no        ;
; conv_stride[0]             ; AJ14  ; 3B       ; 40           ; 0            ; 34           ; 7                     ; 0                  ; no     ; no             ; no              ; no       ; Off          ; 2.5 V        ; Off         ; --                        ; Fitter               ; no        ;
; conv_stride[1]             ; Y16   ; 3B       ; 40           ; 0            ; 17           ; 7                     ; 0                  ; no     ; no             ; no              ; no       ; Off          ; 2.5 V        ; Off         ; --                        ; Fitter               ; no        ;
; conv_stride[2]             ; W15   ; 3B       ; 40           ; 0            ; 0            ; 9                     ; 0                  ; no     ; no             ; no              ; no       ; Off          ; 2.5 V        ; Off         ; --                        ; Fitter               ; no        ;
; enable                     ; AH25  ; 4A       ; 78           ; 0            ; 51           ; 2                     ; 0                  ; no     ; no             ; no              ; no       ; Off          ; 2.5 V        ; Off         ; --                        ; Fitter               ; no        ;
; input_data[0]              ; AC25  ; 5A       ; 89           ; 4            ; 60           ; 3                     ; 0                  ; no     ; no             ; no              ; no       ; Off          ; 2.5 V        ; Off         ; --                        ; Fitter               ; no        ;
; input_data[10]             ; AB22  ; 5A       ; 89           ; 9            ; 3            ; 3                     ; 0                  ; no     ; no             ; no              ; no       ; Off          ; 2.5 V        ; Off         ; --                        ; Fitter               ; no        ;
; input_data[11]             ; W21   ; 5A       ; 89           ; 8            ; 3            ; 3                     ; 0                  ; no     ; no             ; no              ; no       ; Off          ; 2.5 V        ; Off         ; --                        ; Fitter               ; no        ;
; input_data[12]             ; AK28  ; 4A       ; 82           ; 0            ; 74           ; 3                     ; 0                  ; no     ; no             ; no              ; no       ; Off          ; 2.5 V        ; Off         ; --                        ; Fitter               ; no        ;
; input_data[13]             ; AK4   ; 3B       ; 22           ; 0            ; 51           ; 3                     ; 0                  ; no     ; no             ; no              ; no       ; Off          ; 2.5 V        ; Off         ; --                        ; Fitter               ; no        ;
; input_data[14]             ; AA12  ; 3A       ; 12           ; 0            ; 0            ; 3                     ; 0                  ; no     ; no             ; no              ; no       ; Off          ; 2.5 V        ; Off         ; --                        ; Fitter               ; no        ;
; input_data[15]             ; AF14  ; 3B       ; 32           ; 0            ; 0            ; 19                    ; 0                  ; no     ; no             ; no              ; no       ; Off          ; 2.5 V        ; Off         ; --                        ; Fitter               ; no        ;
; input_data[16]             ; Y19   ; 4A       ; 84           ; 0            ; 0            ; 2                     ; 0                  ; no     ; no             ; no              ; no       ; Off          ; 2.5 V        ; Off         ; --                        ; Fitter               ; no        ;
; input_data[17]             ; D6    ; 8A       ; 22           ; 81           ; 34           ; 2                     ; 0                  ; no     ; no             ; no              ; no       ; Off          ; 2.5 V        ; Off         ; --                        ; Fitter               ; no        ;
; input_data[18]             ; AG2   ; 3A       ; 16           ; 0            ; 34           ; 2                     ; 0                  ; no     ; no             ; no              ; no       ; Off          ; 2.5 V        ; Off         ; --                        ; Fitter               ; no        ;
; input_data[19]             ; AC28  ; 5B       ; 89           ; 20           ; 77           ; 2                     ; 0                  ; no     ; no             ; no              ; no       ; Off          ; 2.5 V        ; Off         ; --                        ; Fitter               ; no        ;
; input_data[1]              ; K14   ; 8A       ; 32           ; 81           ; 0            ; 3                     ; 0                  ; no     ; no             ; no              ; no       ; Off          ; 2.5 V        ; Off         ; --                        ; Fitter               ; no        ;
; input_data[20]             ; E8    ; 8A       ; 18           ; 81           ; 74           ; 2                     ; 0                  ; no     ; no             ; no              ; no       ; Off          ; 2.5 V        ; Off         ; --                        ; Fitter               ; no        ;
; input_data[21]             ; D10   ; 8A       ; 34           ; 81           ; 57           ; 2                     ; 0                  ; no     ; no             ; no              ; no       ; Off          ; 2.5 V        ; Off         ; --                        ; Fitter               ; no        ;
; input_data[22]             ; AG30  ; 5A       ; 89           ; 16           ; 54           ; 2                     ; 0                  ; no     ; no             ; no              ; no       ; Off          ; 2.5 V        ; Off         ; --                        ; Fitter               ; no        ;
; input_data[23]             ; A11   ; 8A       ; 38           ; 81           ; 34           ; 2                     ; 0                  ; no     ; no             ; no              ; no       ; Off          ; 2.5 V        ; Off         ; --                        ; Fitter               ; no        ;
; input_data[24]             ; AA28  ; 5B       ; 89           ; 21           ; 54           ; 2                     ; 0                  ; no     ; no             ; no              ; no       ; Off          ; 2.5 V        ; Off         ; --                        ; Fitter               ; no        ;
; input_data[25]             ; AG8   ; 3A       ; 8            ; 0            ; 51           ; 2                     ; 0                  ; no     ; no             ; no              ; no       ; Off          ; 2.5 V        ; Off         ; --                        ; Fitter               ; no        ;
; input_data[26]             ; AK9   ; 3B       ; 30           ; 0            ; 51           ; 2                     ; 0                  ; no     ; no             ; no              ; no       ; Off          ; 2.5 V        ; Off         ; --                        ; Fitter               ; no        ;
; input_data[27]             ; W25   ; 5B       ; 89           ; 20           ; 43           ; 2                     ; 0                  ; no     ; no             ; no              ; no       ; Off          ; 2.5 V        ; Off         ; --                        ; Fitter               ; no        ;
; input_data[28]             ; AG6   ; 3A       ; 12           ; 0            ; 51           ; 2                     ; 0                  ; no     ; no             ; no              ; no       ; Off          ; 2.5 V        ; Off         ; --                        ; Fitter               ; no        ;
; input_data[29]             ; AD21  ; 4A       ; 82           ; 0            ; 57           ; 2                     ; 0                  ; no     ; no             ; no              ; no       ; Off          ; 2.5 V        ; Off         ; --                        ; Fitter               ; no        ;
; input_data[2]              ; AF24  ; 4A       ; 74           ; 0            ; 57           ; 3                     ; 0                  ; no     ; no             ; no              ; no       ; Off          ; 2.5 V        ; Off         ; --                        ; Fitter               ; no        ;
; input_data[30]             ; A8    ; 8A       ; 34           ; 81           ; 91           ; 2                     ; 0                  ; no     ; no             ; no              ; no       ; Off          ; 2.5 V        ; Off         ; --                        ; Fitter               ; no        ;
; input_data[31]             ; AB23  ; 5A       ; 89           ; 9            ; 20           ; 18                    ; 0                  ; no     ; no             ; no              ; no       ; Off          ; 2.5 V        ; Off         ; --                        ; Fitter               ; no        ;
; input_data[32]             ; D11   ; 8A       ; 34           ; 81           ; 40           ; 2                     ; 0                  ; no     ; no             ; no              ; no       ; Off          ; 2.5 V        ; Off         ; --                        ; Fitter               ; no        ;
; input_data[33]             ; B12   ; 8A       ; 38           ; 81           ; 17           ; 2                     ; 0                  ; no     ; no             ; no              ; no       ; Off          ; 2.5 V        ; Off         ; --                        ; Fitter               ; no        ;
; input_data[34]             ; AF29  ; 5A       ; 89           ; 15           ; 37           ; 2                     ; 0                  ; no     ; no             ; no              ; no       ; Off          ; 2.5 V        ; Off         ; --                        ; Fitter               ; no        ;
; input_data[35]             ; AG10  ; 3B       ; 18           ; 0            ; 74           ; 2                     ; 0                  ; no     ; no             ; no              ; no       ; Off          ; 2.5 V        ; Off         ; --                        ; Fitter               ; no        ;
; input_data[36]             ; AF5   ; 3A       ; 8            ; 0            ; 17           ; 2                     ; 0                  ; no     ; no             ; no              ; no       ; Off          ; 2.5 V        ; Off         ; --                        ; Fitter               ; no        ;
; input_data[37]             ; AF30  ; 5A       ; 89           ; 15           ; 54           ; 2                     ; 0                  ; no     ; no             ; no              ; no       ; Off          ; 2.5 V        ; Off         ; --                        ; Fitter               ; no        ;
; input_data[38]             ; AB13  ; 3B       ; 20           ; 0            ; 17           ; 2                     ; 0                  ; no     ; no             ; no              ; no       ; Off          ; 2.5 V        ; Off         ; --                        ; Fitter               ; no        ;
; input_data[39]             ; AA13  ; 3B       ; 20           ; 0            ; 0            ; 2                     ; 0                  ; no     ; no             ; no              ; no       ; Off          ; 2.5 V        ; Off         ; --                        ; Fitter               ; no        ;
; input_data[3]              ; F8    ; 8A       ; 2            ; 81           ; 57           ; 3                     ; 0                  ; no     ; no             ; no              ; no       ; Off          ; 2.5 V        ; Off         ; --                        ; Fitter               ; no        ;
; input_data[40]             ; AH10  ; 3B       ; 34           ; 0            ; 74           ; 2                     ; 0                  ; no     ; no             ; no              ; no       ; Off          ; 2.5 V        ; Off         ; --                        ; Fitter               ; no        ;
; input_data[41]             ; AF11  ; 3B       ; 18           ; 0            ; 40           ; 2                     ; 0                  ; no     ; no             ; no              ; no       ; Off          ; 2.5 V        ; Off         ; --                        ; Fitter               ; no        ;
; input_data[42]             ; B13   ; 8A       ; 40           ; 81           ; 34           ; 2                     ; 0                  ; no     ; no             ; no              ; no       ; Off          ; 2.5 V        ; Off         ; --                        ; Fitter               ; no        ;
; input_data[43]             ; AB15  ; 3B       ; 28           ; 0            ; 0            ; 2                     ; 0                  ; no     ; no             ; no              ; no       ; Off          ; 2.5 V        ; Off         ; --                        ; Fitter               ; no        ;
; input_data[44]             ; AH18  ; 4A       ; 56           ; 0            ; 51           ; 2                     ; 0                  ; no     ; no             ; no              ; no       ; Off          ; 2.5 V        ; Off         ; --                        ; Fitter               ; no        ;
; input_data[45]             ; AJ6   ; 3B       ; 26           ; 0            ; 74           ; 2                     ; 0                  ; no     ; no             ; no              ; no       ; Off          ; 2.5 V        ; Off         ; --                        ; Fitter               ; no        ;
; input_data[46]             ; AH8   ; 3B       ; 32           ; 0            ; 51           ; 2                     ; 0                  ; no     ; no             ; no              ; no       ; Off          ; 2.5 V        ; Off         ; --                        ; Fitter               ; no        ;
; input_data[47]             ; AB25  ; 5A       ; 89           ; 11           ; 60           ; 18                    ; 0                  ; no     ; no             ; no              ; no       ; Off          ; 2.5 V        ; Off         ; --                        ; Fitter               ; no        ;
; input_data[48]             ; Y18   ; 4A       ; 72           ; 0            ; 0            ; 2                     ; 0                  ; no     ; no             ; no              ; no       ; Off          ; 2.5 V        ; Off         ; --                        ; Fitter               ; no        ;
; input_data[49]             ; V18   ; 4A       ; 80           ; 0            ; 0            ; 2                     ; 0                  ; no     ; no             ; no              ; no       ; Off          ; 2.5 V        ; Off         ; --                        ; Fitter               ; no        ;
; input_data[4]              ; AF13  ; 3B       ; 22           ; 0            ; 17           ; 3                     ; 0                  ; no     ; no             ; no              ; no       ; Off          ; 2.5 V        ; Off         ; --                        ; Fitter               ; no        ;
; input_data[50]             ; Y23   ; 5A       ; 89           ; 13           ; 3            ; 2                     ; 0                  ; no     ; no             ; no              ; no       ; Off          ; 2.5 V        ; Off         ; --                        ; Fitter               ; no        ;
; input_data[51]             ; AE28  ; 5A       ; 89           ; 11           ; 94           ; 2                     ; 0                  ; no     ; no             ; no              ; no       ; Off          ; 2.5 V        ; Off         ; --                        ; Fitter               ; no        ;
; input_data[52]             ; Y17   ; 4A       ; 68           ; 0            ; 0            ; 2                     ; 0                  ; no     ; no             ; no              ; no       ; Off          ; 2.5 V        ; Off         ; --                        ; Fitter               ; no        ;
; input_data[53]             ; AG26  ; 4A       ; 84           ; 0            ; 34           ; 2                     ; 0                  ; no     ; no             ; no              ; no       ; Off          ; 2.5 V        ; Off         ; --                        ; Fitter               ; no        ;
; input_data[54]             ; AH30  ; 5A       ; 89           ; 16           ; 37           ; 2                     ; 0                  ; no     ; no             ; no              ; no       ; Off          ; 2.5 V        ; Off         ; --                        ; Fitter               ; no        ;
; input_data[55]             ; H14   ; 8A       ; 28           ; 81           ; 0            ; 2                     ; 0                  ; no     ; no             ; no              ; no       ; Off          ; 2.5 V        ; Off         ; --                        ; Fitter               ; no        ;
; input_data[56]             ; AH24  ; 4A       ; 64           ; 0            ; 51           ; 2                     ; 0                  ; no     ; no             ; no              ; no       ; Off          ; 2.5 V        ; Off         ; --                        ; Fitter               ; no        ;
; input_data[57]             ; Y24   ; 5A       ; 89           ; 13           ; 20           ; 2                     ; 0                  ; no     ; no             ; no              ; no       ; Off          ; 2.5 V        ; Off         ; --                        ; Fitter               ; no        ;
; input_data[58]             ; AF28  ; 5A       ; 89           ; 13           ; 54           ; 2                     ; 0                  ; no     ; no             ; no              ; no       ; Off          ; 2.5 V        ; Off         ; --                        ; Fitter               ; no        ;
; input_data[59]             ; F15   ; 8A       ; 36           ; 81           ; 0            ; 2                     ; 0                  ; no     ; no             ; no              ; no       ; Off          ; 2.5 V        ; Off         ; --                        ; Fitter               ; no        ;
; input_data[5]              ; AK27  ; 4A       ; 80           ; 0            ; 51           ; 3                     ; 0                  ; no     ; no             ; no              ; no       ; Off          ; 2.5 V        ; Off         ; --                        ; Fitter               ; no        ;
; input_data[60]             ; Y21   ; 5A       ; 89           ; 6            ; 20           ; 2                     ; 0                  ; no     ; no             ; no              ; no       ; Off          ; 2.5 V        ; Off         ; --                        ; Fitter               ; no        ;
; input_data[61]             ; AC27  ; 5A       ; 89           ; 16           ; 20           ; 2                     ; 0                  ; no     ; no             ; no              ; no       ; Off          ; 2.5 V        ; Off         ; --                        ; Fitter               ; no        ;
; input_data[62]             ; AD24  ; 4A       ; 88           ; 0            ; 35           ; 2                     ; 0                  ; no     ; no             ; no              ; no       ; Off          ; 2.5 V        ; Off         ; --                        ; Fitter               ; no        ;
; input_data[63]             ; AA24  ; 5A       ; 89           ; 11           ; 43           ; 18                    ; 0                  ; no     ; no             ; no              ; no       ; Off          ; 2.5 V        ; Off         ; --                        ; Fitter               ; no        ;
; input_data[6]              ; AG25  ; 4A       ; 78           ; 0            ; 34           ; 3                     ; 0                  ; no     ; no             ; no              ; no       ; Off          ; 2.5 V        ; Off         ; --                        ; Fitter               ; no        ;
; input_data[7]              ; AF25  ; 4A       ; 86           ; 0            ; 34           ; 3                     ; 0                  ; no     ; no             ; no              ; no       ; Off          ; 2.5 V        ; Off         ; --                        ; Fitter               ; no        ;
; input_data[8]              ; AH27  ; 4A       ; 84           ; 0            ; 51           ; 3                     ; 0                  ; no     ; no             ; no              ; no       ; Off          ; 2.5 V        ; Off         ; --                        ; Fitter               ; no        ;
; input_data[9]              ; AA20  ; 4A       ; 84           ; 0            ; 17           ; 3                     ; 0                  ; no     ; no             ; no              ; no       ; Off          ; 2.5 V        ; Off         ; --                        ; Fitter               ; no        ;
; input_valid                ; W22   ; 5A       ; 89           ; 8            ; 20           ; 4                     ; 0                  ; no     ; no             ; no              ; no       ; Off          ; 2.5 V        ; Off         ; --                        ; Fitter               ; no        ;
; operation_select[0]        ; G15   ; 8A       ; 40           ; 81           ; 17           ; 5                     ; 0                  ; no     ; no             ; no              ; no       ; Off          ; 2.5 V        ; Off         ; --                        ; Fitter               ; no        ;
; operation_select[1]        ; AK2   ; 3B       ; 20           ; 0            ; 34           ; 5                     ; 0                  ; no     ; no             ; no              ; no       ; Off          ; 2.5 V        ; Off         ; --                        ; Fitter               ; no        ;
; output_ready               ; AK6   ; 3B       ; 24           ; 0            ; 51           ; 0                     ; 0                  ; no     ; no             ; no              ; no       ; Off          ; 2.5 V        ; Off         ; --                        ; Fitter               ; no        ;
; pool_channels[0]           ; AD20  ; 4A       ; 82           ; 0            ; 40           ; 1                     ; 0                  ; no     ; no             ; no              ; no       ; Off          ; 2.5 V        ; Off         ; --                        ; Fitter               ; no        ;
; pool_channels[1]           ; AJ5   ; 3B       ; 24           ; 0            ; 34           ; 1                     ; 0                  ; no     ; no             ; no              ; no       ; Off          ; 2.5 V        ; Off         ; --                        ; Fitter               ; no        ;
; pool_channels[2]           ; AE23  ; 4A       ; 78           ; 0            ; 17           ; 1                     ; 0                  ; no     ; no             ; no              ; no       ; Off          ; 2.5 V        ; Off         ; --                        ; Fitter               ; no        ;
; pool_size[0]               ; AA18  ; 4A       ; 68           ; 0            ; 17           ; 8                     ; 0                  ; no     ; no             ; no              ; no       ; Off          ; 2.5 V        ; Off         ; --                        ; Fitter               ; no        ;
; pool_size[1]               ; AF19  ; 4A       ; 62           ; 0            ; 0            ; 7                     ; 0                  ; no     ; no             ; no              ; no       ; Off          ; 2.5 V        ; Off         ; --                        ; Fitter               ; no        ;
; pool_size[2]               ; AJ29  ; 5A       ; 89           ; 6            ; 37           ; 6                     ; 0                  ; no     ; no             ; no              ; no       ; Off          ; 2.5 V        ; Off         ; --                        ; Fitter               ; no        ;
; pool_size[3]               ; W17   ; 4A       ; 60           ; 0            ; 17           ; 5                     ; 0                  ; no     ; no             ; no              ; no       ; Off          ; 2.5 V        ; Off         ; --                        ; Fitter               ; no        ;
; pool_stride[0]             ; AA16  ; 4A       ; 56           ; 0            ; 0            ; 7                     ; 0                  ; no     ; no             ; no              ; no       ; Off          ; 2.5 V        ; Off         ; --                        ; Fitter               ; no        ;
; pool_stride[1]             ; AK18  ; 4A       ; 58           ; 0            ; 57           ; 7                     ; 0                  ; no     ; no             ; no              ; no       ; Off          ; 2.5 V        ; Off         ; --                        ; Fitter               ; no        ;
; pool_stride[2]             ; AK16  ; 4A       ; 54           ; 0            ; 51           ; 10                    ; 0                  ; no     ; no             ; no              ; no       ; Off          ; 2.5 V        ; Off         ; --                        ; Fitter               ; no        ;
; pool_stride[3]             ; AH17  ; 4A       ; 56           ; 0            ; 34           ; 18                    ; 0                  ; no     ; no             ; no              ; no       ; Off          ; 2.5 V        ; Off         ; --                        ; Fitter               ; no        ;
; pool_type.AVERAGE_POOL     ; AE24  ; 4A       ; 88           ; 0            ; 52           ; 4                     ; 0                  ; no     ; no             ; no              ; no       ; Off          ; 2.5 V        ; Off         ; --                        ; Fitter               ; no        ;
; pool_type.MAX_POOL         ; AE11  ; 3A       ; 4            ; 0            ; 34           ; 0                     ; 0                  ; no     ; no             ; no              ; no       ; Off          ; 2.5 V        ; Off         ; --                        ; Fitter               ; no        ;
; pool_type.MIN_POOL         ; B8    ; 8A       ; 30           ; 81           ; 51           ; 4                     ; 0                  ; no     ; no             ; no              ; no       ; Off          ; 2.5 V        ; Off         ; --                        ; Fitter               ; no        ;
; pool_type.SUM_POOL         ; AC29  ; 5B       ; 89           ; 20           ; 94           ; 3                     ; 0                  ; no     ; no             ; no              ; no       ; Off          ; 2.5 V        ; Off         ; --                        ; Fitter               ; no        ;
; rst                        ; AB27  ; 5B       ; 89           ; 23           ; 20           ; 274                   ; 0                  ; yes    ; no             ; no              ; no       ; Off          ; 2.5 V        ; Off         ; --                        ; Fitter               ; no        ;
; start_operation            ; AG21  ; 4A       ; 54           ; 0            ; 0            ; 2                     ; 0                  ; no     ; no             ; no              ; no       ; Off          ; 2.5 V        ; Off         ; --                        ; Fitter               ; no        ;
; tensor_size[0]             ; AE9   ; 3A       ; 2            ; 0            ; 91           ; 0                     ; 0                  ; no     ; no             ; no              ; no       ; Off          ; 2.5 V        ; Off         ; --                        ; Fitter               ; no        ;
; tensor_size[10]            ; F9    ; 8A       ; 2            ; 81           ; 40           ; 0                     ; 0                  ; no     ; no             ; no              ; no       ; Off          ; 2.5 V        ; Off         ; --                        ; Fitter               ; no        ;
; tensor_size[11]            ; H8    ; 8A       ; 24           ; 81           ; 0            ; 0                     ; 0                  ; no     ; no             ; no              ; no       ; Off          ; 2.5 V        ; Off         ; --                        ; Fitter               ; no        ;
; tensor_size[12]            ; AD9   ; 3A       ; 2            ; 0            ; 74           ; 0                     ; 0                  ; no     ; no             ; no              ; no       ; Off          ; 2.5 V        ; Off         ; --                        ; Fitter               ; no        ;
; tensor_size[1]             ; D12   ; 8A       ; 22           ; 81           ; 17           ; 0                     ; 0                  ; no     ; no             ; no              ; no       ; Off          ; 2.5 V        ; Off         ; --                        ; Fitter               ; no        ;
; tensor_size[2]             ; F10   ; 8A       ; 6            ; 81           ; 17           ; 0                     ; 0                  ; no     ; no             ; no              ; no       ; Off          ; 2.5 V        ; Off         ; --                        ; Fitter               ; no        ;
; tensor_size[3]             ; V25   ; 5B       ; 89           ; 20           ; 60           ; 0                     ; 0                  ; no     ; no             ; no              ; no       ; Off          ; 2.5 V        ; Off         ; --                        ; Fitter               ; no        ;
; tensor_size[4]             ; E1    ; 8A       ; 6            ; 81           ; 34           ; 0                     ; 0                  ; no     ; no             ; no              ; no       ; Off          ; 2.5 V        ; Off         ; --                        ; Fitter               ; no        ;
; tensor_size[5]             ; AD11  ; 3A       ; 2            ; 0            ; 40           ; 0                     ; 0                  ; no     ; no             ; no              ; no       ; Off          ; 2.5 V        ; Off         ; --                        ; Fitter               ; no        ;
; tensor_size[6]             ; J9    ; 8A       ; 4            ; 81           ; 17           ; 0                     ; 0                  ; no     ; no             ; no              ; no       ; Off          ; 2.5 V        ; Off         ; --                        ; Fitter               ; no        ;
; tensor_size[7]             ; A6    ; 8A       ; 26           ; 81           ; 74           ; 0                     ; 0                  ; no     ; no             ; no              ; no       ; Off          ; 2.5 V        ; Off         ; --                        ; Fitter               ; no        ;
; tensor_size[8]             ; F6    ; 8A       ; 2            ; 81           ; 91           ; 0                     ; 0                  ; no     ; no             ; no              ; no       ; Off          ; 2.5 V        ; Off         ; --                        ; Fitter               ; no        ;
; tensor_size[9]             ; AE12  ; 3A       ; 2            ; 0            ; 57           ; 0                     ; 0                  ; no     ; no             ; no              ; no       ; Off          ; 2.5 V        ; Off         ; --                        ; Fitter               ; no        ;
; weight_data[0]             ; AE14  ; 3B       ; 24           ; 0            ; 17           ; 1                     ; 0                  ; no     ; no             ; no              ; no       ; Off          ; 2.5 V        ; Off         ; --                        ; Fitter               ; no        ;
; weight_data[10]            ; H15   ; 8A       ; 40           ; 81           ; 0            ; 1                     ; 0                  ; no     ; no             ; no              ; no       ; Off          ; 2.5 V        ; Off         ; --                        ; Fitter               ; no        ;
; weight_data[11]            ; W16   ; 4A       ; 52           ; 0            ; 17           ; 1                     ; 0                  ; no     ; no             ; no              ; no       ; Off          ; 2.5 V        ; Off         ; --                        ; Fitter               ; no        ;
; weight_data[12]            ; V16   ; 4A       ; 52           ; 0            ; 0            ; 1                     ; 0                  ; no     ; no             ; no              ; no       ; Off          ; 2.5 V        ; Off         ; --                        ; Fitter               ; no        ;
; weight_data[13]            ; AA15  ; 3B       ; 36           ; 0            ; 17           ; 1                     ; 0                  ; no     ; no             ; no              ; no       ; Off          ; 2.5 V        ; Off         ; --                        ; Fitter               ; no        ;
; weight_data[14]            ; AE16  ; 4A       ; 52           ; 0            ; 34           ; 1                     ; 0                  ; no     ; no             ; no              ; no       ; Off          ; 2.5 V        ; Off         ; --                        ; Fitter               ; no        ;
; weight_data[15]            ; AH20  ; 4A       ; 54           ; 0            ; 17           ; 3                     ; 0                  ; no     ; no             ; no              ; no       ; Off          ; 2.5 V        ; Off         ; --                        ; Fitter               ; no        ;
; weight_data[1]             ; AF18  ; 4A       ; 50           ; 0            ; 57           ; 1                     ; 0                  ; no     ; no             ; no              ; no       ; Off          ; 2.5 V        ; Off         ; --                        ; Fitter               ; no        ;
; weight_data[2]             ; AJ10  ; 3B       ; 34           ; 0            ; 91           ; 1                     ; 0                  ; no     ; no             ; no              ; no       ; Off          ; 2.5 V        ; Off         ; --                        ; Fitter               ; no        ;
; weight_data[3]             ; AF15  ; 3B       ; 32           ; 0            ; 17           ; 1                     ; 0                  ; no     ; no             ; no              ; no       ; Off          ; 2.5 V        ; Off         ; --                        ; Fitter               ; no        ;
; weight_data[4]             ; AG27  ; 5A       ; 89           ; 4            ; 77           ; 1                     ; 0                  ; no     ; no             ; no              ; no       ; Off          ; 2.5 V        ; Off         ; --                        ; Fitter               ; no        ;
; weight_data[5]             ; AJ16  ; 4A       ; 54           ; 0            ; 34           ; 1                     ; 0                  ; no     ; no             ; no              ; no       ; Off          ; 2.5 V        ; Off         ; --                        ; Fitter               ; no        ;
; weight_data[6]             ; AH7   ; 3B       ; 32           ; 0            ; 34           ; 1                     ; 0                  ; no     ; no             ; no              ; no       ; Off          ; 2.5 V        ; Off         ; --                        ; Fitter               ; no        ;
; weight_data[7]             ; AG16  ; 4A       ; 50           ; 0            ; 74           ; 1                     ; 0                  ; no     ; no             ; no              ; no       ; Off          ; 2.5 V        ; Off         ; --                        ; Fitter               ; no        ;
; weight_data[8]             ; AE13  ; 3B       ; 22           ; 0            ; 0            ; 1                     ; 0                  ; no     ; no             ; no              ; no       ; Off          ; 2.5 V        ; Off         ; --                        ; Fitter               ; no        ;
; weight_data[9]             ; AF16  ; 4A       ; 52           ; 0            ; 51           ; 1                     ; 0                  ; no     ; no             ; no              ; no       ; Off          ; 2.5 V        ; Off         ; --                        ; Fitter               ; no        ;
; weight_valid               ; AG23  ; 4A       ; 64           ; 0            ; 34           ; 3                     ; 0                  ; no     ; no             ; no              ; no       ; Off          ; 2.5 V        ; Off         ; --                        ; Fitter               ; no        ;
+----------------------------+-------+----------+--------------+--------------+--------------+-----------------------+--------------------+--------+----------------+-----------------+----------+--------------+--------------+-------------+---------------------------+----------------------+-----------+


+-----------------------------------------------------------------------------------------------------------------------------------------------------------------------------------------------------------------------------------------------------------------------------------------------------------------------------------------------------------------------------------------------------------------------------------------------------------------------------------------------------------+
; Output Pins                                                                                                                                                                                                                                                                                                                                                                                                                                                                                               ;
+----------------------+-------+----------+--------------+--------------+--------------+-----------------+------------------------+-----------+-----------------+------------+---------------+----------+--------------+--------------+------------------+-----------------------------------+---------------------------+----------------------------+-----------------------------+---------------------+-----------------------------+----------------------+----------------------+---------------------+
; Name                 ; Pin # ; I/O Bank ; X coordinate ; Y coordinate ; Z coordinate ; Output Register ; Output Enable Register ; Slew Rate ; PCI I/O Enabled ; Open Drain ; TRI Primitive ; Bus Hold ; Weak Pull Up ; I/O Standard ; Current Strength ; Termination                       ; Termination Control Block ; Output Buffer Pre-emphasis ; Voltage Output Differential ; Output Buffer Delay ; Output Buffer Delay Control ; Location assigned by ; Output Enable Source ; Output Enable Group ;
+----------------------+-------+----------+--------------+--------------+--------------+-----------------+------------------------+-----------+-----------------+------------+---------------+----------+--------------+--------------+------------------+-----------------------------------+---------------------------+----------------------------+-----------------------------+---------------------+-----------------------------+----------------------+----------------------+---------------------+
; bias_ready           ; AH29  ; 5A       ; 89           ; 6            ; 54           ; no              ; no                     ; 1         ; no              ; no         ; no            ; no       ; Off          ; 2.5 V        ; Default          ; Series 50 Ohm without Calibration ; --                        ; no                         ; no                          ; 0                   ; Off                         ; Fitter               ; -                    ; -                   ;
; current_operation[0] ; AG20  ; 4A       ; 62           ; 0            ; 17           ; no              ; no                     ; 1         ; no              ; no         ; no            ; no       ; Off          ; 2.5 V        ; Default          ; Series 50 Ohm without Calibration ; --                        ; no                         ; no                          ; 0                   ; Off                         ; Fitter               ; -                    ; -                   ;
; current_operation[1] ; AJ17  ; 4A       ; 58           ; 0            ; 40           ; no              ; no                     ; 1         ; no              ; no         ; no            ; no       ; Off          ; 2.5 V        ; Default          ; Series 50 Ohm without Calibration ; --                        ; no                         ; no                          ; 0                   ; Off                         ; Fitter               ; -                    ; -                   ;
; debug_cycles[0]      ; C3    ; 8A       ; 14           ; 81           ; 34           ; no              ; no                     ; 1         ; no              ; no         ; no            ; no       ; Off          ; 2.5 V        ; Default          ; Series 50 Ohm without Calibration ; --                        ; no                         ; no                          ; 0                   ; Off                         ; Fitter               ; -                    ; -                   ;
; debug_cycles[10]     ; H7    ; 8A       ; 16           ; 81           ; 17           ; no              ; no                     ; 1         ; no              ; no         ; no            ; no       ; Off          ; 2.5 V        ; Default          ; Series 50 Ohm without Calibration ; --                        ; no                         ; no                          ; 0                   ; Off                         ; Fitter               ; -                    ; -                   ;
; debug_cycles[11]     ; D2    ; 8A       ; 12           ; 81           ; 34           ; no              ; no                     ; 1         ; no              ; no         ; no            ; no       ; Off          ; 2.5 V        ; Default          ; Series 50 Ohm without Calibration ; --                        ; no                         ; no                          ; 0                   ; Off                         ; Fitter               ; -                    ; -                   ;
; debug_cycles[12]     ; D1    ; 8A       ; 6            ; 81           ; 51           ; no              ; no                     ; 1         ; no              ; no         ; no            ; no       ; Off          ; 2.5 V        ; Default          ; Series 50 Ohm without Calibration ; --                        ; no                         ; no                          ; 0                   ; Off                         ; Fitter               ; -                    ; -                   ;
; debug_cycles[13]     ; K7    ; 8A       ; 8            ; 81           ; 0            ; no              ; no                     ; 1         ; no              ; no         ; no            ; no       ; Off          ; 2.5 V        ; Default          ; Series 50 Ohm without Calibration ; --                        ; no                         ; no                          ; 0                   ; Off                         ; Fitter               ; -                    ; -                   ;
; debug_cycles[14]     ; J7    ; 8A       ; 16           ; 81           ; 0            ; no              ; no                     ; 1         ; no              ; no         ; no            ; no       ; Off          ; 2.5 V        ; Default          ; Series 50 Ohm without Calibration ; --                        ; no                         ; no                          ; 0                   ; Off                         ; Fitter               ; -                    ; -                   ;
; debug_cycles[15]     ; C2    ; 8A       ; 12           ; 81           ; 51           ; no              ; no                     ; 1         ; no              ; no         ; no            ; no       ; Off          ; 2.5 V        ; Default          ; Series 50 Ohm without Calibration ; --                        ; no                         ; no                          ; 0                   ; Off                         ; Fitter               ; -                    ; -                   ;
; debug_cycles[16]     ; B1    ; 8A       ; 16           ; 81           ; 51           ; no              ; no                     ; 1         ; no              ; no         ; no            ; no       ; Off          ; 2.5 V        ; Default          ; Series 50 Ohm without Calibration ; --                        ; no                         ; no                          ; 0                   ; Off                         ; Fitter               ; -                    ; -                   ;
; debug_cycles[17]     ; K12   ; 8A       ; 12           ; 81           ; 0            ; no              ; no                     ; 1         ; no              ; no         ; no            ; no       ; Off          ; 2.5 V        ; Default          ; Series 50 Ohm without Calibration ; --                        ; no                         ; no                          ; 0                   ; Off                         ; Fitter               ; -                    ; -                   ;
; debug_cycles[18]     ; B5    ; 8A       ; 14           ; 81           ; 17           ; no              ; no                     ; 1         ; no              ; no         ; no            ; no       ; Off          ; 2.5 V        ; Default          ; Series 50 Ohm without Calibration ; --                        ; no                         ; no                          ; 0                   ; Off                         ; Fitter               ; -                    ; -                   ;
; debug_cycles[19]     ; E12   ; 8A       ; 22           ; 81           ; 0            ; no              ; no                     ; 1         ; no              ; no         ; no            ; no       ; Off          ; 2.5 V        ; Default          ; Series 50 Ohm without Calibration ; --                        ; no                         ; no                          ; 0                   ; Off                         ; Fitter               ; -                    ; -                   ;
; debug_cycles[1]      ; J12   ; 8A       ; 12           ; 81           ; 17           ; no              ; no                     ; 1         ; no              ; no         ; no            ; no       ; Off          ; 2.5 V        ; Default          ; Series 50 Ohm without Calibration ; --                        ; no                         ; no                          ; 0                   ; Off                         ; Fitter               ; -                    ; -                   ;
; debug_cycles[20]     ; E11   ; 8A       ; 18           ; 81           ; 57           ; no              ; no                     ; 1         ; no              ; no         ; no            ; no       ; Off          ; 2.5 V        ; Default          ; Series 50 Ohm without Calibration ; --                        ; no                         ; no                          ; 0                   ; Off                         ; Fitter               ; -                    ; -                   ;
; debug_cycles[21]     ; E2    ; 8A       ; 8            ; 81           ; 51           ; no              ; no                     ; 1         ; no              ; no         ; no            ; no       ; Off          ; 2.5 V        ; Default          ; Series 50 Ohm without Calibration ; --                        ; no                         ; no                          ; 0                   ; Off                         ; Fitter               ; -                    ; -                   ;
; debug_cycles[22]     ; H12   ; 8A       ; 20           ; 81           ; 17           ; no              ; no                     ; 1         ; no              ; no         ; no            ; no       ; Off          ; 2.5 V        ; Default          ; Series 50 Ohm without Calibration ; --                        ; no                         ; no                          ; 0                   ; Off                         ; Fitter               ; -                    ; -                   ;
; debug_cycles[23]     ; D5    ; 8A       ; 20           ; 81           ; 34           ; no              ; no                     ; 1         ; no              ; no         ; no            ; no       ; Off          ; 2.5 V        ; Default          ; Series 50 Ohm without Calibration ; --                        ; no                         ; no                          ; 0                   ; Off                         ; Fitter               ; -                    ; -                   ;
; debug_cycles[24]     ; C4    ; 8A       ; 20           ; 81           ; 51           ; no              ; no                     ; 1         ; no              ; no         ; no            ; no       ; Off          ; 2.5 V        ; Default          ; Series 50 Ohm without Calibration ; --                        ; no                         ; no                          ; 0                   ; Off                         ; Fitter               ; -                    ; -                   ;
; debug_cycles[25]     ; K8    ; 8A       ; 8            ; 81           ; 17           ; no              ; no                     ; 1         ; no              ; no         ; no            ; no       ; Off          ; 2.5 V        ; Default          ; Series 50 Ohm without Calibration ; --                        ; no                         ; no                          ; 0                   ; Off                         ; Fitter               ; -                    ; -                   ;
; debug_cycles[26]     ; C7    ; 8A       ; 32           ; 81           ; 34           ; no              ; no                     ; 1         ; no              ; no         ; no            ; no       ; Off          ; 2.5 V        ; Default          ; Series 50 Ohm without Calibration ; --                        ; no                         ; no                          ; 0                   ; Off                         ; Fitter               ; -                    ; -                   ;
; debug_cycles[27]     ; E4    ; 8A       ; 10           ; 81           ; 74           ; no              ; no                     ; 1         ; no              ; no         ; no            ; no       ; Off          ; 2.5 V        ; Default          ; Series 50 Ohm without Calibration ; --                        ; no                         ; no                          ; 0                   ; Off                         ; Fitter               ; -                    ; -                   ;
; debug_cycles[28]     ; G12   ; 8A       ; 10           ; 81           ; 40           ; no              ; no                     ; 1         ; no              ; no         ; no            ; no       ; Off          ; 2.5 V        ; Default          ; Series 50 Ohm without Calibration ; --                        ; no                         ; no                          ; 0                   ; Off                         ; Fitter               ; -                    ; -                   ;
; debug_cycles[29]     ; F11   ; 8A       ; 18           ; 81           ; 40           ; no              ; no                     ; 1         ; no              ; no         ; no            ; no       ; Off          ; 2.5 V        ; Default          ; Series 50 Ohm without Calibration ; --                        ; no                         ; no                          ; 0                   ; Off                         ; Fitter               ; -                    ; -                   ;
; debug_cycles[2]      ; AC12  ; 3A       ; 16           ; 0            ; 0            ; no              ; no                     ; 1         ; no              ; no         ; no            ; no       ; Off          ; 2.5 V        ; Default          ; Series 50 Ohm without Calibration ; --                        ; no                         ; no                          ; 0                   ; Off                         ; Fitter               ; -                    ; -                   ;
; debug_cycles[30]     ; C5    ; 8A       ; 22           ; 81           ; 51           ; no              ; no                     ; 1         ; no              ; no         ; no            ; no       ; Off          ; 2.5 V        ; Default          ; Series 50 Ohm without Calibration ; --                        ; no                         ; no                          ; 0                   ; Off                         ; Fitter               ; -                    ; -                   ;
; debug_cycles[31]     ; H13   ; 8A       ; 20           ; 81           ; 0            ; no              ; no                     ; 1         ; no              ; no         ; no            ; no       ; Off          ; 2.5 V        ; Default          ; Series 50 Ohm without Calibration ; --                        ; no                         ; no                          ; 0                   ; Off                         ; Fitter               ; -                    ; -                   ;
; debug_cycles[3]      ; AF8   ; 3A       ; 10           ; 0            ; 74           ; no              ; no                     ; 1         ; no              ; no         ; no            ; no       ; Off          ; 2.5 V        ; Default          ; Series 50 Ohm without Calibration ; --                        ; no                         ; no                          ; 0                   ; Off                         ; Fitter               ; -                    ; -                   ;
; debug_cycles[4]      ; D7    ; 8A       ; 18           ; 81           ; 91           ; no              ; no                     ; 1         ; no              ; no         ; no            ; no       ; Off          ; 2.5 V        ; Default          ; Series 50 Ohm without Calibration ; --                        ; no                         ; no                          ; 0                   ; Off                         ; Fitter               ; -                    ; -                   ;
; debug_cycles[5]      ; B3    ; 8A       ; 14           ; 81           ; 51           ; no              ; no                     ; 1         ; no              ; no         ; no            ; no       ; Off          ; 2.5 V        ; Default          ; Series 50 Ohm without Calibration ; --                        ; no                         ; no                          ; 0                   ; Off                         ; Fitter               ; -                    ; -                   ;
; debug_cycles[6]      ; B2    ; 8A       ; 16           ; 81           ; 34           ; no              ; no                     ; 1         ; no              ; no         ; no            ; no       ; Off          ; 2.5 V        ; Default          ; Series 50 Ohm without Calibration ; --                        ; no                         ; no                          ; 0                   ; Off                         ; Fitter               ; -                    ; -                   ;
; debug_cycles[7]      ; G11   ; 8A       ; 10           ; 81           ; 57           ; no              ; no                     ; 1         ; no              ; no         ; no            ; no       ; Off          ; 2.5 V        ; Default          ; Series 50 Ohm without Calibration ; --                        ; no                         ; no                          ; 0                   ; Off                         ; Fitter               ; -                    ; -                   ;
; debug_cycles[8]      ; B6    ; 8A       ; 14           ; 81           ; 0            ; no              ; no                     ; 1         ; no              ; no         ; no            ; no       ; Off          ; 2.5 V        ; Default          ; Series 50 Ohm without Calibration ; --                        ; no                         ; no                          ; 0                   ; Off                         ; Fitter               ; -                    ; -                   ;
; debug_cycles[9]      ; D4    ; 8A       ; 10           ; 81           ; 91           ; no              ; no                     ; 1         ; no              ; no         ; no            ; no       ; Off          ; 2.5 V        ; Default          ; Series 50 Ohm without Calibration ; --                        ; no                         ; no                          ; 0                   ; Off                         ; Fitter               ; -                    ; -                   ;
; debug_status[0]      ; AA19  ; 4A       ; 72           ; 0            ; 17           ; no              ; no                     ; 1         ; no              ; no         ; no            ; no       ; Off          ; 2.5 V        ; Default          ; Series 50 Ohm without Calibration ; --                        ; no                         ; no                          ; 0                   ; Off                         ; Fitter               ; -                    ; -                   ;
; debug_status[1]      ; AF23  ; 4A       ; 74           ; 0            ; 40           ; no              ; no                     ; 1         ; no              ; no         ; no            ; no       ; Off          ; 2.5 V        ; Default          ; Series 50 Ohm without Calibration ; --                        ; no                         ; no                          ; 0                   ; Off                         ; Fitter               ; -                    ; -                   ;
; debug_status[2]      ; AB12  ; 3A       ; 12           ; 0            ; 17           ; no              ; no                     ; 1         ; no              ; no         ; no            ; no       ; Off          ; 2.5 V        ; Default          ; Series 50 Ohm without Calibration ; --                        ; no                         ; no                          ; 0                   ; Off                         ; Fitter               ; -                    ; -                   ;
; debug_status[3]      ; E7    ; 8A       ; 4            ; 81           ; 34           ; no              ; no                     ; 1         ; no              ; no         ; no            ; no       ; Off          ; 2.5 V        ; Default          ; Series 50 Ohm without Calibration ; --                        ; no                         ; no                          ; 0                   ; Off                         ; Fitter               ; -                    ; -                   ;
; debug_status[4]      ; AJ1   ; 3A       ; 14           ; 0            ; 0            ; no              ; no                     ; 1         ; no              ; no         ; no            ; no       ; Off          ; 2.5 V        ; Default          ; Series 50 Ohm without Calibration ; --                        ; no                         ; no                          ; 0                   ; Off                         ; Fitter               ; -                    ; -                   ;
; debug_status[5]      ; AH3   ; 3A       ; 16           ; 0            ; 51           ; no              ; no                     ; 1         ; no              ; no         ; no            ; no       ; Off          ; 2.5 V        ; Default          ; Series 50 Ohm without Calibration ; --                        ; no                         ; no                          ; 0                   ; Off                         ; Fitter               ; -                    ; -                   ;
; debug_status[6]      ; A3    ; 8A       ; 24           ; 81           ; 51           ; no              ; no                     ; 1         ; no              ; no         ; no            ; no       ; Off          ; 2.5 V        ; Default          ; Series 50 Ohm without Calibration ; --                        ; no                         ; no                          ; 0                   ; Off                         ; Fitter               ; -                    ; -                   ;
; debug_status[7]      ; AH4   ; 3A       ; 6            ; 0            ; 51           ; no              ; no                     ; 1         ; no              ; no         ; no            ; no       ; Off          ; 2.5 V        ; Default          ; Series 50 Ohm without Calibration ; --                        ; no                         ; no                          ; 0                   ; Off                         ; Fitter               ; -                    ; -                   ;
; input_ready          ; AK13  ; 3B       ; 36           ; 0            ; 51           ; no              ; no                     ; 1         ; no              ; no         ; no            ; no       ; Off          ; 2.5 V        ; Default          ; Series 50 Ohm without Calibration ; --                        ; no                         ; no                          ; 0                   ; Off                         ; Fitter               ; -                    ; -                   ;
; operation_busy       ; AK19  ; 4A       ; 60           ; 0            ; 51           ; no              ; no                     ; 1         ; no              ; no         ; no            ; no       ; Off          ; 2.5 V        ; Default          ; Series 50 Ohm without Calibration ; --                        ; no                         ; no                          ; 0                   ; Off                         ; Fitter               ; -                    ; -                   ;
; operation_done       ; AK7   ; 3B       ; 28           ; 0            ; 34           ; no              ; no                     ; 1         ; no              ; no         ; no            ; no       ; Off          ; 2.5 V        ; Default          ; Series 50 Ohm without Calibration ; --                        ; no                         ; no                          ; 0                   ; Off                         ; Fitter               ; -                    ; -                   ;
; output_data[0]       ; AH28  ; 5A       ; 89           ; 4            ; 94           ; no              ; no                     ; 1         ; no              ; no         ; no            ; no       ; Off          ; 2.5 V        ; Default          ; Series 50 Ohm without Calibration ; --                        ; no                         ; no                          ; 0                   ; Off                         ; Fitter               ; -                    ; -                   ;
; output_data[10]      ; AD17  ; 4A       ; 64           ; 0            ; 17           ; no              ; no                     ; 1         ; no              ; no         ; no            ; no       ; Off          ; 2.5 V        ; Default          ; Series 50 Ohm without Calibration ; --                        ; no                         ; no                          ; 0                   ; Off                         ; Fitter               ; -                    ; -                   ;
; output_data[11]      ; AJ27  ; 4A       ; 80           ; 0            ; 34           ; no              ; no                     ; 1         ; no              ; no         ; no            ; no       ; Off          ; 2.5 V        ; Default          ; Series 50 Ohm without Calibration ; --                        ; no                         ; no                          ; 0                   ; Off                         ; Fitter               ; -                    ; -                   ;
; output_data[12]      ; AJ24  ; 4A       ; 74           ; 0            ; 74           ; no              ; no                     ; 1         ; no              ; no         ; no            ; no       ; Off          ; 2.5 V        ; Default          ; Series 50 Ohm without Calibration ; --                        ; no                         ; no                          ; 0                   ; Off                         ; Fitter               ; -                    ; -                   ;
; output_data[13]      ; AC14  ; 3B       ; 28           ; 0            ; 17           ; no              ; no                     ; 1         ; no              ; no         ; no            ; no       ; Off          ; 2.5 V        ; Default          ; Series 50 Ohm without Calibration ; --                        ; no                         ; no                          ; 0                   ; Off                         ; Fitter               ; -                    ; -                   ;
; output_data[14]      ; AE22  ; 4A       ; 78           ; 0            ; 0            ; no              ; no                     ; 1         ; no              ; no         ; no            ; no       ; Off          ; 2.5 V        ; Default          ; Series 50 Ohm without Calibration ; --                        ; no                         ; no                          ; 0                   ; Off                         ; Fitter               ; -                    ; -                   ;
; output_data[15]      ; AF21  ; 4A       ; 70           ; 0            ; 17           ; no              ; no                     ; 1         ; no              ; no         ; no            ; no       ; Off          ; 2.5 V        ; Default          ; Series 50 Ohm without Calibration ; --                        ; no                         ; no                          ; 0                   ; Off                         ; Fitter               ; -                    ; -                   ;
; output_data[16]      ; C12   ; 8A       ; 36           ; 81           ; 34           ; no              ; no                     ; 1         ; no              ; no         ; no            ; no       ; Off          ; 2.5 V        ; Default          ; Series 50 Ohm without Calibration ; --                        ; no                         ; no                          ; 0                   ; Off                         ; Fitter               ; -                    ; -                   ;
; output_data[17]      ; AK11  ; 3B       ; 34           ; 0            ; 57           ; no              ; no                     ; 1         ; no              ; no         ; no            ; no       ; Off          ; 2.5 V        ; Default          ; Series 50 Ohm without Calibration ; --                        ; no                         ; no                          ; 0                   ; Off                         ; Fitter               ; -                    ; -                   ;
; output_data[18]      ; AH5   ; 3A       ; 14           ; 0            ; 51           ; no              ; no                     ; 1         ; no              ; no         ; no            ; no       ; Off          ; 2.5 V        ; Default          ; Series 50 Ohm without Calibration ; --                        ; no                         ; no                          ; 0                   ; Off                         ; Fitter               ; -                    ; -                   ;
; output_data[19]      ; B7    ; 8A       ; 32           ; 81           ; 51           ; no              ; no                     ; 1         ; no              ; no         ; no            ; no       ; Off          ; 2.5 V        ; Default          ; Series 50 Ohm without Calibration ; --                        ; no                         ; no                          ; 0                   ; Off                         ; Fitter               ; -                    ; -                   ;
; output_data[1]       ; AD12  ; 3A       ; 16           ; 0            ; 17           ; no              ; no                     ; 1         ; no              ; no         ; no            ; no       ; Off          ; 2.5 V        ; Default          ; Series 50 Ohm without Calibration ; --                        ; no                         ; no                          ; 0                   ; Off                         ; Fitter               ; -                    ; -                   ;
; output_data[20]      ; G13   ; 8A       ; 28           ; 81           ; 17           ; no              ; no                     ; 1         ; no              ; no         ; no            ; no       ; Off          ; 2.5 V        ; Default          ; Series 50 Ohm without Calibration ; --                        ; no                         ; no                          ; 0                   ; Off                         ; Fitter               ; -                    ; -                   ;
; output_data[21]      ; AB30  ; 5B       ; 89           ; 21           ; 3            ; no              ; no                     ; 1         ; no              ; no         ; no            ; no       ; Off          ; 2.5 V        ; Default          ; Series 50 Ohm without Calibration ; --                        ; no                         ; no                          ; 0                   ; Off                         ; Fitter               ; -                    ; -                   ;
; output_data[22]      ; A9    ; 8A       ; 34           ; 81           ; 74           ; no              ; no                     ; 1         ; no              ; no         ; no            ; no       ; Off          ; 2.5 V        ; Default          ; Series 50 Ohm without Calibration ; --                        ; no                         ; no                          ; 0                   ; Off                         ; Fitter               ; -                    ; -                   ;
; output_data[23]      ; AJ19  ; 4A       ; 60           ; 0            ; 34           ; no              ; no                     ; 1         ; no              ; no         ; no            ; no       ; Off          ; 2.5 V        ; Default          ; Series 50 Ohm without Calibration ; --                        ; no                         ; no                          ; 0                   ; Off                         ; Fitter               ; -                    ; -                   ;
; output_data[24]      ; AA14  ; 3B       ; 36           ; 0            ; 0            ; no              ; no                     ; 1         ; no              ; no         ; no            ; no       ; Off          ; 2.5 V        ; Default          ; Series 50 Ohm without Calibration ; --                        ; no                         ; no                          ; 0                   ; Off                         ; Fitter               ; -                    ; -                   ;
; output_data[25]      ; AD29  ; 5B       ; 89           ; 23           ; 54           ; no              ; no                     ; 1         ; no              ; no         ; no            ; no       ; Off          ; 2.5 V        ; Default          ; Series 50 Ohm without Calibration ; --                        ; no                         ; no                          ; 0                   ; Off                         ; Fitter               ; -                    ; -                   ;
; output_data[26]      ; AD26  ; 5A       ; 89           ; 16           ; 3            ; no              ; no                     ; 1         ; no              ; no         ; no            ; no       ; Off          ; 2.5 V        ; Default          ; Series 50 Ohm without Calibration ; --                        ; no                         ; no                          ; 0                   ; Off                         ; Fitter               ; -                    ; -                   ;
; output_data[27]      ; AJ7   ; 3B       ; 26           ; 0            ; 91           ; no              ; no                     ; 1         ; no              ; no         ; no            ; no       ; Off          ; 2.5 V        ; Default          ; Series 50 Ohm without Calibration ; --                        ; no                         ; no                          ; 0                   ; Off                         ; Fitter               ; -                    ; -                   ;
; output_data[28]      ; AB28  ; 5B       ; 89           ; 21           ; 37           ; no              ; no                     ; 1         ; no              ; no         ; no            ; no       ; Off          ; 2.5 V        ; Default          ; Series 50 Ohm without Calibration ; --                        ; no                         ; no                          ; 0                   ; Off                         ; Fitter               ; -                    ; -                   ;
; output_data[29]      ; A10   ; 8A       ; 38           ; 81           ; 51           ; no              ; no                     ; 1         ; no              ; no         ; no            ; no       ; Off          ; 2.5 V        ; Default          ; Series 50 Ohm without Calibration ; --                        ; no                         ; no                          ; 0                   ; Off                         ; Fitter               ; -                    ; -                   ;
; output_data[2]       ; AD19  ; 4A       ; 76           ; 0            ; 17           ; no              ; no                     ; 1         ; no              ; no         ; no            ; no       ; Off          ; 2.5 V        ; Default          ; Series 50 Ohm without Calibration ; --                        ; no                         ; no                          ; 0                   ; Off                         ; Fitter               ; -                    ; -                   ;
; output_data[30]      ; AF6   ; 3A       ; 12           ; 0            ; 34           ; no              ; no                     ; 1         ; no              ; no         ; no            ; no       ; Off          ; 2.5 V        ; Default          ; Series 50 Ohm without Calibration ; --                        ; no                         ; no                          ; 0                   ; Off                         ; Fitter               ; -                    ; -                   ;
; output_data[31]      ; AJ4   ; 3B       ; 22           ; 0            ; 34           ; no              ; no                     ; 1         ; no              ; no         ; no            ; no       ; Off          ; 2.5 V        ; Default          ; Series 50 Ohm without Calibration ; --                        ; no                         ; no                          ; 0                   ; Off                         ; Fitter               ; -                    ; -                   ;
; output_data[32]      ; AK22  ; 4A       ; 68           ; 0            ; 51           ; no              ; no                     ; 1         ; no              ; no         ; no            ; no       ; Off          ; 2.5 V        ; Default          ; Series 50 Ohm without Calibration ; --                        ; no                         ; no                          ; 0                   ; Off                         ; Fitter               ; -                    ; -                   ;
; output_data[33]      ; G10   ; 8A       ; 6            ; 81           ; 0            ; no              ; no                     ; 1         ; no              ; no         ; no            ; no       ; Off          ; 2.5 V        ; Default          ; Series 50 Ohm without Calibration ; --                        ; no                         ; no                          ; 0                   ; Off                         ; Fitter               ; -                    ; -                   ;
; output_data[34]      ; AG12  ; 3B       ; 26           ; 0            ; 40           ; no              ; no                     ; 1         ; no              ; no         ; no            ; no       ; Off          ; 2.5 V        ; Default          ; Series 50 Ohm without Calibration ; --                        ; no                         ; no                          ; 0                   ; Off                         ; Fitter               ; -                    ; -                   ;
; output_data[35]      ; AG5   ; 3A       ; 14           ; 0            ; 34           ; no              ; no                     ; 1         ; no              ; no         ; no            ; no       ; Off          ; 2.5 V        ; Default          ; Series 50 Ohm without Calibration ; --                        ; no                         ; no                          ; 0                   ; Off                         ; Fitter               ; -                    ; -                   ;
; output_data[36]      ; C8    ; 8A       ; 30           ; 81           ; 34           ; no              ; no                     ; 1         ; no              ; no         ; no            ; no       ; Off          ; 2.5 V        ; Default          ; Series 50 Ohm without Calibration ; --                        ; no                         ; no                          ; 0                   ; Off                         ; Fitter               ; -                    ; -                   ;
; output_data[37]      ; J14   ; 8A       ; 32           ; 81           ; 17           ; no              ; no                     ; 1         ; no              ; no         ; no            ; no       ; Off          ; 2.5 V        ; Default          ; Series 50 Ohm without Calibration ; --                        ; no                         ; no                          ; 0                   ; Off                         ; Fitter               ; -                    ; -                   ;
; output_data[38]      ; AH14  ; 3B       ; 30           ; 0            ; 17           ; no              ; no                     ; 1         ; no              ; no         ; no            ; no       ; Off          ; 2.5 V        ; Default          ; Series 50 Ohm without Calibration ; --                        ; no                         ; no                          ; 0                   ; Off                         ; Fitter               ; -                    ; -                   ;
; output_data[39]      ; AH9   ; 3B       ; 18           ; 0            ; 91           ; no              ; no                     ; 1         ; no              ; no         ; no            ; no       ; Off          ; 2.5 V        ; Default          ; Series 50 Ohm without Calibration ; --                        ; no                         ; no                          ; 0                   ; Off                         ; Fitter               ; -                    ; -                   ;
; output_data[3]       ; AE27  ; 5A       ; 89           ; 11           ; 77           ; no              ; no                     ; 1         ; no              ; no         ; no            ; no       ; Off          ; 2.5 V        ; Default          ; Series 50 Ohm without Calibration ; --                        ; no                         ; no                          ; 0                   ; Off                         ; Fitter               ; -                    ; -                   ;
; output_data[40]      ; C9    ; 8A       ; 28           ; 81           ; 51           ; no              ; no                     ; 1         ; no              ; no         ; no            ; no       ; Off          ; 2.5 V        ; Default          ; Series 50 Ohm without Calibration ; --                        ; no                         ; no                          ; 0                   ; Off                         ; Fitter               ; -                    ; -                   ;
; output_data[41]      ; AH2   ; 3A       ; 10           ; 0            ; 57           ; no              ; no                     ; 1         ; no              ; no         ; no            ; no       ; Off          ; 2.5 V        ; Default          ; Series 50 Ohm without Calibration ; --                        ; no                         ; no                          ; 0                   ; Off                         ; Fitter               ; -                    ; -                   ;
; output_data[42]      ; A13   ; 8A       ; 40           ; 81           ; 51           ; no              ; no                     ; 1         ; no              ; no         ; no            ; no       ; Off          ; 2.5 V        ; Default          ; Series 50 Ohm without Calibration ; --                        ; no                         ; no                          ; 0                   ; Off                         ; Fitter               ; -                    ; -                   ;
; output_data[43]      ; AB17  ; 4A       ; 56           ; 0            ; 17           ; no              ; no                     ; 1         ; no              ; no         ; no            ; no       ; Off          ; 2.5 V        ; Default          ; Series 50 Ohm without Calibration ; --                        ; no                         ; no                          ; 0                   ; Off                         ; Fitter               ; -                    ; -                   ;
; output_data[44]      ; C13   ; 8A       ; 38           ; 81           ; 0            ; no              ; no                     ; 1         ; no              ; no         ; no            ; no       ; Off          ; 2.5 V        ; Default          ; Series 50 Ohm without Calibration ; --                        ; no                         ; no                          ; 0                   ; Off                         ; Fitter               ; -                    ; -                   ;
; output_data[45]      ; B11   ; 8A       ; 36           ; 81           ; 51           ; no              ; no                     ; 1         ; no              ; no         ; no            ; no       ; Off          ; 2.5 V        ; Default          ; Series 50 Ohm without Calibration ; --                        ; no                         ; no                          ; 0                   ; Off                         ; Fitter               ; -                    ; -                   ;
; output_data[46]      ; AA30  ; 5B       ; 89           ; 21           ; 20           ; no              ; no                     ; 1         ; no              ; no         ; no            ; no       ; Off          ; 2.5 V        ; Default          ; Series 50 Ohm without Calibration ; --                        ; no                         ; no                          ; 0                   ; Off                         ; Fitter               ; -                    ; -                   ;
; output_data[47]      ; AK3   ; 3B       ; 20           ; 0            ; 51           ; no              ; no                     ; 1         ; no              ; no         ; no            ; no       ; Off          ; 2.5 V        ; Default          ; Series 50 Ohm without Calibration ; --                        ; no                         ; no                          ; 0                   ; Off                         ; Fitter               ; -                    ; -                   ;
; output_data[48]      ; AC22  ; 4A       ; 86           ; 0            ; 0            ; no              ; no                     ; 1         ; no              ; no         ; no            ; no       ; Off          ; 2.5 V        ; Default          ; Series 50 Ohm without Calibration ; --                        ; no                         ; no                          ; 0                   ; Off                         ; Fitter               ; -                    ; -                   ;
; output_data[49]      ; AC23  ; 4A       ; 86           ; 0            ; 17           ; no              ; no                     ; 1         ; no              ; no         ; no            ; no       ; Off          ; 2.5 V        ; Default          ; Series 50 Ohm without Calibration ; --                        ; no                         ; no                          ; 0                   ; Off                         ; Fitter               ; -                    ; -                   ;
; output_data[4]       ; W19   ; 4A       ; 80           ; 0            ; 17           ; no              ; no                     ; 1         ; no              ; no         ; no            ; no       ; Off          ; 2.5 V        ; Default          ; Series 50 Ohm without Calibration ; --                        ; no                         ; no                          ; 0                   ; Off                         ; Fitter               ; -                    ; -                   ;
; output_data[50]      ; AE26  ; 5A       ; 89           ; 8            ; 37           ; no              ; no                     ; 1         ; no              ; no         ; no            ; no       ; Off          ; 2.5 V        ; Default          ; Series 50 Ohm without Calibration ; --                        ; no                         ; no                          ; 0                   ; Off                         ; Fitter               ; -                    ; -                   ;
; output_data[51]      ; AC18  ; 4A       ; 64           ; 0            ; 0            ; no              ; no                     ; 1         ; no              ; no         ; no            ; no       ; Off          ; 2.5 V        ; Default          ; Series 50 Ohm without Calibration ; --                        ; no                         ; no                          ; 0                   ; Off                         ; Fitter               ; -                    ; -                   ;
; output_data[52]      ; AH19  ; 4A       ; 58           ; 0            ; 91           ; no              ; no                     ; 1         ; no              ; no         ; no            ; no       ; Off          ; 2.5 V        ; Default          ; Series 50 Ohm without Calibration ; --                        ; no                         ; no                          ; 0                   ; Off                         ; Fitter               ; -                    ; -                   ;
; output_data[53]      ; AD27  ; 5A       ; 89           ; 8            ; 54           ; no              ; no                     ; 1         ; no              ; no         ; no            ; no       ; Off          ; 2.5 V        ; Default          ; Series 50 Ohm without Calibration ; --                        ; no                         ; no                          ; 0                   ; Off                         ; Fitter               ; -                    ; -                   ;
; output_data[54]      ; AG18  ; 4A       ; 58           ; 0            ; 74           ; no              ; no                     ; 1         ; no              ; no         ; no            ; no       ; Off          ; 2.5 V        ; Default          ; Series 50 Ohm without Calibration ; --                        ; no                         ; no                          ; 0                   ; Off                         ; Fitter               ; -                    ; -                   ;
; output_data[55]      ; AD14  ; 3B       ; 24           ; 0            ; 0            ; no              ; no                     ; 1         ; no              ; no         ; no            ; no       ; Off          ; 2.5 V        ; Default          ; Series 50 Ohm without Calibration ; --                        ; no                         ; no                          ; 0                   ; Off                         ; Fitter               ; -                    ; -                   ;
; output_data[56]      ; AK21  ; 4A       ; 68           ; 0            ; 34           ; no              ; no                     ; 1         ; no              ; no         ; no            ; no       ; Off          ; 2.5 V        ; Default          ; Series 50 Ohm without Calibration ; --                        ; no                         ; no                          ; 0                   ; Off                         ; Fitter               ; -                    ; -                   ;
; output_data[57]      ; AK29  ; 4A       ; 82           ; 0            ; 91           ; no              ; no                     ; 1         ; no              ; no         ; no            ; no       ; Off          ; 2.5 V        ; Default          ; Series 50 Ohm without Calibration ; --                        ; no                         ; no                          ; 0                   ; Off                         ; Fitter               ; -                    ; -                   ;
; output_data[58]      ; V23   ; 5A       ; 89           ; 15           ; 3            ; no              ; no                     ; 1         ; no              ; no         ; no            ; no       ; Off          ; 2.5 V        ; Default          ; Series 50 Ohm without Calibration ; --                        ; no                         ; no                          ; 0                   ; Off                         ; Fitter               ; -                    ; -                   ;
; output_data[59]      ; W24   ; 5A       ; 89           ; 15           ; 20           ; no              ; no                     ; 1         ; no              ; no         ; no            ; no       ; Off          ; 2.5 V        ; Default          ; Series 50 Ohm without Calibration ; --                        ; no                         ; no                          ; 0                   ; Off                         ; Fitter               ; -                    ; -                   ;
; output_data[5]       ; AH23  ; 4A       ; 70           ; 0            ; 34           ; no              ; no                     ; 1         ; no              ; no         ; no            ; no       ; Off          ; 2.5 V        ; Default          ; Series 50 Ohm without Calibration ; --                        ; no                         ; no                          ; 0                   ; Off                         ; Fitter               ; -                    ; -                   ;
; output_data[60]      ; AE18  ; 4A       ; 66           ; 0            ; 40           ; no              ; no                     ; 1         ; no              ; no         ; no            ; no       ; Off          ; 2.5 V        ; Default          ; Series 50 Ohm without Calibration ; --                        ; no                         ; no                          ; 0                   ; Off                         ; Fitter               ; -                    ; -                   ;
; output_data[61]      ; D9    ; 8A       ; 30           ; 81           ; 17           ; no              ; no                     ; 1         ; no              ; no         ; no            ; no       ; Off          ; 2.5 V        ; Default          ; Series 50 Ohm without Calibration ; --                        ; no                         ; no                          ; 0                   ; Off                         ; Fitter               ; -                    ; -                   ;
; output_data[62]      ; A5    ; 8A       ; 26           ; 81           ; 91           ; no              ; no                     ; 1         ; no              ; no         ; no            ; no       ; Off          ; 2.5 V        ; Default          ; Series 50 Ohm without Calibration ; --                        ; no                         ; no                          ; 0                   ; Off                         ; Fitter               ; -                    ; -                   ;
; output_data[63]      ; AG28  ; 5A       ; 89           ; 13           ; 37           ; no              ; no                     ; 1         ; no              ; no         ; no            ; no       ; Off          ; 2.5 V        ; Default          ; Series 50 Ohm without Calibration ; --                        ; no                         ; no                          ; 0                   ; Off                         ; Fitter               ; -                    ; -                   ;
; output_data[6]       ; AJ25  ; 4A       ; 74           ; 0            ; 91           ; no              ; no                     ; 1         ; no              ; no         ; no            ; no       ; Off          ; 2.5 V        ; Default          ; Series 50 Ohm without Calibration ; --                        ; no                         ; no                          ; 0                   ; Off                         ; Fitter               ; -                    ; -                   ;
; output_data[7]       ; AK23  ; 4A       ; 72           ; 0            ; 34           ; no              ; no                     ; 1         ; no              ; no         ; no            ; no       ; Off          ; 2.5 V        ; Default          ; Series 50 Ohm without Calibration ; --                        ; no                         ; no                          ; 0                   ; Off                         ; Fitter               ; -                    ; -                   ;
; output_data[8]       ; AJ26  ; 4A       ; 76           ; 0            ; 34           ; no              ; no                     ; 1         ; no              ; no         ; no            ; no       ; Off          ; 2.5 V        ; Default          ; Series 50 Ohm without Calibration ; --                        ; no                         ; no                          ; 0                   ; Off                         ; Fitter               ; -                    ; -                   ;
; output_data[9]       ; AC20  ; 4A       ; 76           ; 0            ; 0            ; no              ; no                     ; 1         ; no              ; no         ; no            ; no       ; Off          ; 2.5 V        ; Default          ; Series 50 Ohm without Calibration ; --                        ; no                         ; no                          ; 0                   ; Off                         ; Fitter               ; -                    ; -                   ;
; output_valid         ; E9    ; 8A       ; 30           ; 81           ; 0            ; no              ; no                     ; 1         ; no              ; no         ; no            ; no       ; Off          ; 2.5 V        ; Default          ; Series 50 Ohm without Calibration ; --                        ; no                         ; no                          ; 0                   ; Off                         ; Fitter               ; -                    ; -                   ;
; weight_ready         ; AB26  ; 5A       ; 89           ; 9            ; 54           ; no              ; no                     ; 1         ; no              ; no         ; no            ; no       ; Off          ; 2.5 V        ; Default          ; Series 50 Ohm without Calibration ; --                        ; no                         ; no                          ; 0                   ; Off                         ; Fitter               ; -                    ; -                   ;
+----------------------+-------+----------+--------------+--------------+--------------+-----------------+------------------------+-----------+-----------------+------------+---------------+----------+--------------+--------------+------------------+-----------------------------------+---------------------------+----------------------------+-----------------------------+---------------------+-----------------------------+----------------------+----------------------+---------------------+


+-----------------------------------------------------------------------------+
; I/O Bank Usage                                                              ;
+----------+-------------------+---------------+--------------+---------------+
; I/O Bank ; Usage             ; VCCIO Voltage ; VREF Voltage ; VCCPD Voltage ;
+----------+-------------------+---------------+--------------+---------------+
; B2L      ; 0 / 0 ( -- )      ; --            ; --           ; --            ;
; B1L      ; 0 / 0 ( -- )      ; --            ; --           ; --            ;
; 3A       ; 31 / 32 ( 97 % )  ; 2.5V          ; --           ; 2.5V          ;
; 3B       ; 48 / 48 ( 100 % ) ; 2.5V          ; --           ; 2.5V          ;
; 4A       ; 80 / 80 ( 100 % ) ; 2.5V          ; --           ; 2.5V          ;
; 5A       ; 32 / 32 ( 100 % ) ; 2.5V          ; --           ; 2.5V          ;
; 5B       ; 14 / 16 ( 88 % )  ; 2.5V          ; --           ; 2.5V          ;
; 6B       ; 0 / 44 ( 0 % )    ; 2.5V          ; --           ; 2.5V          ;
; 6A       ; 0 / 56 ( 0 % )    ; 2.5V          ; --           ; 2.5V          ;
; 7A       ; 0 / 19 ( 0 % )    ; 2.5V          ; --           ; 2.5V          ;
; 7B       ; 0 / 22 ( 0 % )    ; 2.5V          ; --           ; 2.5V          ;
; 7C       ; 0 / 12 ( 0 % )    ; 2.5V          ; --           ; 2.5V          ;
; 7D       ; 0 / 14 ( 0 % )    ; 2.5V          ; --           ; 2.5V          ;
; 8A       ; 80 / 80 ( 100 % ) ; 2.5V          ; --           ; 2.5V          ;
+----------+-------------------+---------------+--------------+---------------+


+-----------------------------------------------------------------------------------------------------------------------------------------------------------------------------------+
; All Package Pins                                                                                                                                                                  ;
+----------+------------+----------------+---------------------------------+--------+--------------+---------------------+--------------+-----------------+----------+--------------+
; Location ; Pad Number ; I/O Bank       ; Pin Name/Usage                  ; Dir.   ; I/O Standard ; Voltage             ; I/O Type     ; User Assignment ; Bus Hold ; Weak Pull Up ;
+----------+------------+----------------+---------------------------------+--------+--------------+---------------------+--------------+-----------------+----------+--------------+
; A2       ;            ;                ; GND                             ; gnd    ;              ;                     ; --           ;                 ; --       ; --           ;
; A3       ; 493        ; 8A             ; debug_status[6]                 ; output ; 2.5 V        ;                     ; Column I/O   ; N               ; no       ; Off          ;
; A4       ; 491        ; 8A             ; bias_data[15]                   ; input  ; 2.5 V        ;                     ; Column I/O   ; N               ; no       ; Off          ;
; A5       ; 489        ; 8A             ; output_data[62]                 ; output ; 2.5 V        ;                     ; Column I/O   ; N               ; no       ; Off          ;
; A6       ; 487        ; 8A             ; tensor_size[7]                  ; input  ; 2.5 V        ;                     ; Column I/O   ; N               ; no       ; Off          ;
; A7       ;            ; 8A             ; VCCIO8A                         ; power  ;              ; 2.5V                ; --           ;                 ; --       ; --           ;
; A8       ; 473        ; 8A             ; input_data[30]                  ; input  ; 2.5 V        ;                     ; Column I/O   ; N               ; no       ; Off          ;
; A9       ; 471        ; 8A             ; output_data[22]                 ; output ; 2.5 V        ;                     ; Column I/O   ; N               ; no       ; Off          ;
; A10      ; 465        ; 8A             ; output_data[29]                 ; output ; 2.5 V        ;                     ; Column I/O   ; N               ; no       ; Off          ;
; A11      ; 463        ; 8A             ; input_data[23]                  ; input  ; 2.5 V        ;                     ; Column I/O   ; N               ; no       ; Off          ;
; A12      ;            ;                ; GND                             ; gnd    ;              ;                     ; --           ;                 ; --       ; --           ;
; A13      ; 461        ; 8A             ; output_data[42]                 ; output ; 2.5 V        ;                     ; Column I/O   ; N               ; no       ; Off          ;
; A14      ; 455        ; 7D             ; RESERVED_INPUT_WITH_WEAK_PULLUP ;        ;              ;                     ; Column I/O   ;                 ; no       ; On           ;
; A15      ; 447        ; 7D             ; RESERVED_INPUT_WITH_WEAK_PULLUP ;        ;              ;                     ; Column I/O   ;                 ; no       ; On           ;
; A16      ; 439        ; 7C             ; RESERVED_INPUT_WITH_WEAK_PULLUP ;        ;              ;                     ; Column I/O   ;                 ; no       ; On           ;
; A17      ;            ;                ; GND                             ; gnd    ;              ;                     ; --           ;                 ; --       ; --           ;
; A18      ; 425        ; 7B             ; RESERVED_INPUT_WITH_WEAK_PULLUP ;        ;              ;                     ; Column I/O   ;                 ; no       ; On           ;
; A19      ; 423        ; 7B             ; RESERVED_INPUT_WITH_WEAK_PULLUP ;        ;              ;                     ; Column I/O   ;                 ; no       ; On           ;
; A20      ; 415        ; 7B             ; RESERVED_INPUT_WITH_WEAK_PULLUP ;        ;              ;                     ; Column I/O   ;                 ; no       ; On           ;
; A21      ; 411        ; 7B             ; RESERVED_INPUT_WITH_WEAK_PULLUP ;        ;              ;                     ; Column I/O   ;                 ; no       ; On           ;
; A22      ;            ;                ; GND                             ; gnd    ;              ;                     ; --           ;                 ; --       ; --           ;
; A23      ; 395        ; 7A             ; RESERVED_INPUT_WITH_WEAK_PULLUP ;        ;              ;                     ; Column I/O   ;                 ; no       ; On           ;
; A24      ; 391        ; 7A             ; RESERVED_INPUT_WITH_WEAK_PULLUP ;        ;              ;                     ; Column I/O   ;                 ; no       ; On           ;
; A25      ; 389        ; 7A             ; RESERVED_INPUT_WITH_WEAK_PULLUP ;        ;              ;                     ; Column I/O   ;                 ; no       ; On           ;
; A26      ; 382        ; 7A             ; ^GND                            ;        ;              ;                     ; --           ;                 ; --       ; --           ;
; A27      ;            ;                ; GND                             ; gnd    ;              ;                     ; --           ;                 ; --       ; --           ;
; A28      ; 380        ; 7A             ; ^HPS_TRST                       ;        ;              ;                     ; --           ;                 ; --       ; --           ;
; A29      ; 378        ; 7A             ; ^HPS_TMS                        ;        ;              ;                     ; --           ;                 ; --       ; --           ;
; AA1      ;            ;                ; GND                             ; gnd    ;              ;                     ; --           ;                 ; --       ; --           ;
; AA2      ;            ;                ; GND                             ; gnd    ;              ;                     ; --           ;                 ; --       ; --           ;
; AA3      ;            ;                ; GND                             ; gnd    ;              ;                     ; --           ;                 ; --       ; --           ;
; AA4      ;            ;                ; GND                             ; gnd    ;              ;                     ; --           ;                 ; --       ; --           ;
; AA5      ;            ; --             ; VCC                             ; power  ;              ; 1.1V                ; --           ;                 ; --       ; --           ;
; AA6      ;            ;                ; GND                             ; gnd    ;              ;                     ; --           ;                 ; --       ; --           ;
; AA7      ;            ;                ; DNU                             ;        ;              ;                     ; --           ;                 ; --       ; --           ;
; AA8      ;            ; --             ; VCCA_FPLL                       ; power  ;              ; 2.5V                ; --           ;                 ; --       ; --           ;
; AA9      ;            ;                ; GND                             ; gnd    ;              ;                     ; --           ;                 ; --       ; --           ;
; AA10     ;            ; 3A             ; VCCPD3A                         ; power  ;              ; 2.5V                ; --           ;                 ; --       ; --           ;
; AA11     ;            ;                ; GND                             ; gnd    ;              ;                     ; --           ;                 ; --       ; --           ;
; AA12     ; 74         ; 3A             ; input_data[14]                  ; input  ; 2.5 V        ;                     ; Column I/O   ; N               ; no       ; Off          ;
; AA13     ; 90         ; 3B             ; input_data[39]                  ; input  ; 2.5 V        ;                     ; Column I/O   ; N               ; no       ; Off          ;
; AA14     ; 122        ; 3B             ; output_data[24]                 ; output ; 2.5 V        ;                     ; Column I/O   ; N               ; no       ; Off          ;
; AA15     ; 120        ; 3B             ; weight_data[13]                 ; input  ; 2.5 V        ;                     ; Column I/O   ; N               ; no       ; Off          ;
; AA16     ; 146        ; 4A             ; pool_stride[0]                  ; input  ; 2.5 V        ;                     ; Column I/O   ; N               ; no       ; Off          ;
; AA17     ;            ; 4A             ; VCCIO4A                         ; power  ;              ; 2.5V                ; --           ;                 ; --       ; --           ;
; AA18     ; 168        ; 4A             ; pool_size[0]                    ; input  ; 2.5 V        ;                     ; Column I/O   ; N               ; no       ; Off          ;
; AA19     ; 176        ; 4A             ; debug_status[0]                 ; output ; 2.5 V        ;                     ; Column I/O   ; N               ; no       ; Off          ;
; AA20     ; 200        ; 4A             ; input_data[9]                   ; input  ; 2.5 V        ;                     ; Column I/O   ; N               ; no       ; Off          ;
; AA21     ; 210        ; 4A             ; activation_type.LEAKY_RELU      ; input  ; 2.5 V        ;                     ; Column I/O   ; N               ; no       ; Off          ;
; AA22     ;            ;                ; GND                             ; gnd    ;              ;                     ; --           ;                 ; --       ; --           ;
; AA23     ;            ; --             ; VCCPGM                          ; power  ;              ; 1.8V/2.5V/3.0V/3.3V ; --           ;                 ; --       ; --           ;
; AA24     ; 228        ; 5A             ; input_data[63]                  ; input  ; 2.5 V        ;                     ; Row I/O      ; N               ; no       ; Off          ;
; AA25     ; 224        ; 5A             ; activation_type.SIGMOID         ; input  ; 2.5 V        ;                     ; Row I/O      ; N               ; no       ; Off          ;
; AA26     ; 252        ; 5B             ; clk                             ; input  ; 2.5 V        ;                     ; Row I/O      ; N               ; no       ; Off          ;
; AA27     ;            ; 5B             ; VCCIO5B                         ; power  ;              ; 2.5V                ; --           ;                 ; --       ; --           ;
; AA28     ; 251        ; 5B             ; input_data[24]                  ; input  ; 2.5 V        ;                     ; Row I/O      ; N               ; no       ; Off          ;
; AA29     ;            ; 5B             ; VREFB5BN0                       ; power  ;              ;                     ; --           ;                 ; --       ; --           ;
; AA30     ; 250        ; 5B             ; output_data[46]                 ; output ; 2.5 V        ;                     ; Row I/O      ; N               ; no       ; Off          ;
; AB1      ;            ;                ; GND                             ; gnd    ;              ;                     ; --           ;                 ; --       ; --           ;
; AB2      ;            ;                ; GND                             ; gnd    ;              ;                     ; --           ;                 ; --       ; --           ;
; AB3      ;            ;                ; DNU                             ;        ;              ;                     ; --           ;                 ; --       ; --           ;
; AB4      ;            ;                ; DNU                             ;        ;              ;                     ; --           ;                 ; --       ; --           ;
; AB5      ;            ;                ; GND                             ; gnd    ;              ;                     ; --           ;                 ; --       ; --           ;
; AB6      ;            ; --             ; VCCA_FPLL                       ; power  ;              ; 2.5V                ; --           ;                 ; --       ; --           ;
; AB7      ;            ;                ; GND                             ; gnd    ;              ;                     ; --           ;                 ; --       ; --           ;
; AB8      ; 43         ; 3A             ; ^nCSO, DATA4                    ;        ;              ;                     ; Weak Pull Up ;                 ; --       ; On           ;
; AB9      ; 42         ; 3A             ; #TDO                            ; output ;              ;                     ; --           ;                 ; --       ; --           ;
; AB10     ;            ; --             ; VCCPGM                          ; power  ;              ; 1.8V/2.5V/3.0V/3.3V ; --           ;                 ; --       ; --           ;
; AB11     ;            ; --             ; VCC_AUX                         ; power  ;              ; 2.5V                ; --           ;                 ; --       ; --           ;
; AB12     ; 72         ; 3A             ; debug_status[2]                 ; output ; 2.5 V        ;                     ; Column I/O   ; N               ; no       ; Off          ;
; AB13     ; 88         ; 3B             ; input_data[38]                  ; input  ; 2.5 V        ;                     ; Column I/O   ; N               ; no       ; Off          ;
; AB14     ;            ; 3B             ; VCCIO3B                         ; power  ;              ; 2.5V                ; --           ;                 ; --       ; --           ;
; AB15     ; 106        ; 3B             ; input_data[43]                  ; input  ; 2.5 V        ;                     ; Column I/O   ; N               ; no       ; Off          ;
; AB16     ;            ; --             ; VCC_AUX                         ; power  ;              ; 2.5V                ; --           ;                 ; --       ; --           ;
; AB17     ; 144        ; 4A             ; output_data[43]                 ; output ; 2.5 V        ;                     ; Column I/O   ; N               ; no       ; Off          ;
; AB18     ;            ; 3B, 4A         ; VCCPD3B4A                       ; power  ;              ; 2.5V                ; --           ;                 ; --       ; --           ;
; AB19     ;            ;                ; GND                             ; gnd    ;              ;                     ; --           ;                 ; --       ; --           ;
; AB20     ;            ; 3B, 4A         ; VCCPD3B4A                       ; power  ;              ; 2.5V                ; --           ;                 ; --       ; --           ;
; AB21     ; 208        ; 4A             ; bias_data[3]                    ; input  ; 2.5 V        ;                     ; Column I/O   ; N               ; no       ; Off          ;
; AB22     ; 225        ; 5A             ; input_data[10]                  ; input  ; 2.5 V        ;                     ; Row I/O      ; N               ; no       ; Off          ;
; AB23     ; 227        ; 5A             ; input_data[31]                  ; input  ; 2.5 V        ;                     ; Row I/O      ; N               ; no       ; Off          ;
; AB24     ;            ; 5A             ; VCCIO5A                         ; power  ;              ; 2.5V                ; --           ;                 ; --       ; --           ;
; AB25     ; 230        ; 5A             ; input_data[47]                  ; input  ; 2.5 V        ;                     ; Row I/O      ; N               ; no       ; Off          ;
; AB26     ; 226        ; 5A             ; weight_ready                    ; output ; 2.5 V        ;                     ; Row I/O      ; N               ; no       ; Off          ;
; AB27     ; 254        ; 5B             ; rst                             ; input  ; 2.5 V        ;                     ; Row I/O      ; N               ; no       ; Off          ;
; AB28     ; 249        ; 5B             ; output_data[28]                 ; output ; 2.5 V        ;                     ; Row I/O      ; N               ; no       ; Off          ;
; AB29     ;            ;                ; GND                             ; gnd    ;              ;                     ; --           ;                 ; --       ; --           ;
; AB30     ; 248        ; 5B             ; output_data[21]                 ; output ; 2.5 V        ;                     ; Row I/O      ; N               ; no       ; Off          ;
; AC1      ;            ;                ; GND                             ; gnd    ;              ;                     ; --           ;                 ; --       ; --           ;
; AC2      ;            ;                ; GND                             ; gnd    ;              ;                     ; --           ;                 ; --       ; --           ;
; AC3      ;            ;                ; GND                             ; gnd    ;              ;                     ; --           ;                 ; --       ; --           ;
; AC4      ;            ;                ; GND                             ; gnd    ;              ;                     ; --           ;                 ; --       ; --           ;
; AC5      ; 46         ; 3A             ; #TCK                            ; input  ;              ;                     ; --           ;                 ; --       ; --           ;
; AC6      ;            ;                ; GND                             ; gnd    ;              ;                     ; --           ;                 ; --       ; --           ;
; AC7      ; 45         ; 3A             ; ^AS_DATA3, DATA3                ;        ;              ;                     ; Weak Pull Up ;                 ; --       ; On           ;
; AC8      ;            ;                ; GND                             ; gnd    ;              ;                     ; --           ;                 ; --       ; --           ;
; AC9      ; 58         ; 3A             ; alpha[8]                        ; input  ; 2.5 V        ;                     ; Column I/O   ; N               ; no       ; Off          ;
; AC10     ;            ; 3A             ; VCCPD3A                         ; power  ;              ; 2.5V                ; --           ;                 ; --       ; --           ;
; AC11     ;            ; 3A             ; VCCIO3A                         ; power  ;              ; 2.5V                ; --           ;                 ; --       ; --           ;
; AC12     ; 82         ; 3A             ; debug_cycles[2]                 ; output ; 2.5 V        ;                     ; Column I/O   ; N               ; no       ; Off          ;
; AC13     ;            ; 3B, 4A         ; VCCPD3B4A                       ; power  ;              ; 2.5V                ; --           ;                 ; --       ; --           ;
; AC14     ; 104        ; 3B             ; output_data[13]                 ; output ; 2.5 V        ;                     ; Column I/O   ; N               ; no       ; Off          ;
; AC15     ;            ; 3B, 4A         ; VCCPD3B4A                       ; power  ;              ; 2.5V                ; --           ;                 ; --       ; --           ;
; AC16     ;            ;                ; GND                             ; gnd    ;              ;                     ; --           ;                 ; --       ; --           ;
; AC17     ;            ; 3B, 4A         ; VCCPD3B4A                       ; power  ;              ; 2.5V                ; --           ;                 ; --       ; --           ;
; AC18     ; 162        ; 4A             ; output_data[51]                 ; output ; 2.5 V        ;                     ; Column I/O   ; N               ; no       ; Off          ;
; AC19     ;            ; 3B, 4A         ; VCCPD3B4A                       ; power  ;              ; 2.5V                ; --           ;                 ; --       ; --           ;
; AC20     ; 186        ; 4A             ; output_data[9]                  ; output ; 2.5 V        ;                     ; Column I/O   ; N               ; no       ; Off          ;
; AC21     ;            ; 4A             ; VCCIO4A                         ; power  ;              ; 2.5V                ; --           ;                 ; --       ; --           ;
; AC22     ; 207        ; 4A             ; output_data[48]                 ; output ; 2.5 V        ;                     ; Column I/O   ; N               ; no       ; Off          ;
; AC23     ; 205        ; 4A             ; output_data[49]                 ; output ; 2.5 V        ;                     ; Column I/O   ; N               ; no       ; Off          ;
; AC24     ;            ; 5A             ; VREFB5AN0                       ; power  ;              ;                     ; --           ;                 ; --       ; --           ;
; AC25     ; 215        ; 5A             ; input_data[0]                   ; input  ; 2.5 V        ;                     ; Row I/O      ; N               ; no       ; Off          ;
; AC26     ;            ;                ; GND                             ; gnd    ;              ;                     ; --           ;                 ; --       ; --           ;
; AC27     ; 242        ; 5A             ; input_data[61]                  ; input  ; 2.5 V        ;                     ; Row I/O      ; N               ; no       ; Off          ;
; AC28     ; 245        ; 5B             ; input_data[19]                  ; input  ; 2.5 V        ;                     ; Row I/O      ; N               ; no       ; Off          ;
; AC29     ; 247        ; 5B             ; pool_type.SUM_POOL              ; input  ; 2.5 V        ;                     ; Row I/O      ; N               ; no       ; Off          ;
; AC30     ; 259        ; 5B             ; RESERVED_INPUT_WITH_WEAK_PULLUP ;        ;              ;                     ; Row I/O      ;                 ; no       ; On           ;
; AD1      ;            ;                ; GND                             ; gnd    ;              ;                     ; --           ;                 ; --       ; --           ;
; AD2      ;            ;                ; GND                             ; gnd    ;              ;                     ; --           ;                 ; --       ; --           ;
; AD3      ;            ;                ; DNU                             ;        ;              ;                     ; --           ;                 ; --       ; --           ;
; AD4      ;            ;                ; DNU                             ;        ;              ;                     ; --           ;                 ; --       ; --           ;
; AD5      ;            ;                ; GND                             ; gnd    ;              ;                     ; --           ;                 ; --       ; --           ;
; AD6      ;            ; 3A             ; VREFB3AN0                       ; power  ;              ;                     ; --           ;                 ; --       ; --           ;
; AD7      ; 62         ; 3A             ; alpha[2]                        ; input  ; 2.5 V        ;                     ; Column I/O   ; N               ; no       ; Off          ;
; AD8      ;            ; 3A             ; VCCIO3A                         ; power  ;              ; 2.5V                ; --           ;                 ; --       ; --           ;
; AD9      ; 55         ; 3A             ; tensor_size[12]                 ; input  ; 2.5 V        ;                     ; Column I/O   ; N               ; no       ; Off          ;
; AD10     ; 56         ; 3A             ; bias_data[5]                    ; input  ; 2.5 V        ;                     ; Column I/O   ; N               ; no       ; Off          ;
; AD11     ; 54         ; 3A             ; tensor_size[5]                  ; input  ; 2.5 V        ;                     ; Column I/O   ; N               ; no       ; Off          ;
; AD12     ; 80         ; 3A             ; output_data[1]                  ; output ; 2.5 V        ;                     ; Column I/O   ; N               ; no       ; Off          ;
; AD13     ;            ; 3B             ; VCCIO3B                         ; power  ;              ; 2.5V                ; --           ;                 ; --       ; --           ;
; AD14     ; 98         ; 3B             ; output_data[55]                 ; output ; 2.5 V        ;                     ; Column I/O   ; N               ; no       ; Off          ;
; AD15     ;            ;                ; DNU                             ;        ;              ;                     ; --           ;                 ; --       ; --           ;
; AD16     ;            ; 3B, 4A         ; VCCPD3B4A                       ; power  ;              ; 2.5V                ; --           ;                 ; --       ; --           ;
; AD17     ; 160        ; 4A             ; output_data[10]                 ; output ; 2.5 V        ;                     ; Column I/O   ; N               ; no       ; Off          ;
; AD18     ;            ; 4A             ; VCCIO4A                         ; power  ;              ; 2.5V                ; --           ;                 ; --       ; --           ;
; AD19     ; 184        ; 4A             ; output_data[2]                  ; output ; 2.5 V        ;                     ; Column I/O   ; N               ; no       ; Off          ;
; AD20     ; 199        ; 4A             ; pool_channels[0]                ; input  ; 2.5 V        ;                     ; Column I/O   ; N               ; no       ; Off          ;
; AD21     ; 197        ; 4A             ; input_data[29]                  ; input  ; 2.5 V        ;                     ; Column I/O   ; N               ; no       ; Off          ;
; AD22     ;            ; --             ; VCC_AUX                         ; power  ;              ; 2.5V                ; --           ;                 ; --       ; --           ;
; AD23     ;            ;                ; GND                             ; gnd    ;              ;                     ; --           ;                 ; --       ; --           ;
; AD24     ; 211        ; 4A             ; input_data[62]                  ; input  ; 2.5 V        ;                     ; Column I/O   ; N               ; no       ; Off          ;
; AD25     ; 213        ; 5A             ; bias_data[1]                    ; input  ; 2.5 V        ;                     ; Row I/O      ; N               ; no       ; Off          ;
; AD26     ; 240        ; 5A             ; output_data[26]                 ; output ; 2.5 V        ;                     ; Row I/O      ; N               ; no       ; Off          ;
; AD27     ; 222        ; 5A             ; output_data[53]                 ; output ; 2.5 V        ;                     ; Row I/O      ; N               ; no       ; Off          ;
; AD28     ;            ; 5A             ; VCCIO5A                         ; power  ;              ; 2.5V                ; --           ;                 ; --       ; --           ;
; AD29     ; 255        ; 5B             ; output_data[25]                 ; output ; 2.5 V        ;                     ; Row I/O      ; N               ; no       ; Off          ;
; AD30     ; 257        ; 5B             ; alpha[13]                       ; input  ; 2.5 V        ;                     ; Row I/O      ; N               ; no       ; Off          ;
; AE1      ;            ;                ; GND                             ; gnd    ;              ;                     ; --           ;                 ; --       ; --           ;
; AE2      ;            ;                ; GND                             ; gnd    ;              ;                     ; --           ;                 ; --       ; --           ;
; AE3      ;            ;                ; GND                             ; gnd    ;              ;                     ; --           ;                 ; --       ; --           ;
; AE4      ;            ;                ; GND                             ; gnd    ;              ;                     ; --           ;                 ; --       ; --           ;
; AE5      ; 49         ; 3A             ; ^AS_DATA1, DATA1                ;        ;              ;                     ; Weak Pull Up ;                 ; --       ; On           ;
; AE6      ; 51         ; 3A             ; ^AS_DATA0, ASDO, DATA0          ;        ;              ;                     ; Weak Pull Up ;                 ; --       ; On           ;
; AE7      ; 60         ; 3A             ; bias_data[6]                    ; input  ; 2.5 V        ;                     ; Column I/O   ; N               ; no       ; Off          ;
; AE8      ; 47         ; 3A             ; ^AS_DATA2, DATA2                ;        ;              ;                     ; Weak Pull Up ;                 ; --       ; On           ;
; AE9      ; 53         ; 3A             ; tensor_size[0]                  ; input  ; 2.5 V        ;                     ; Column I/O   ; N               ; no       ; Off          ;
; AE10     ;            ;                ; GND                             ; gnd    ;              ;                     ; --           ;                 ; --       ; --           ;
; AE11     ; 59         ; 3A             ; pool_type.MAX_POOL              ; input  ; 2.5 V        ;                     ; Column I/O   ; N               ; no       ; Off          ;
; AE12     ; 52         ; 3A             ; tensor_size[9]                  ; input  ; 2.5 V        ;                     ; Column I/O   ; N               ; no       ; Off          ;
; AE13     ; 95         ; 3B             ; weight_data[8]                  ; input  ; 2.5 V        ;                     ; Column I/O   ; N               ; no       ; Off          ;
; AE14     ; 96         ; 3B             ; weight_data[0]                  ; input  ; 2.5 V        ;                     ; Column I/O   ; N               ; no       ; Off          ;
; AE15     ;            ; 3B             ; VCCIO3B                         ; power  ;              ; 2.5V                ; --           ;                 ; --       ; --           ;
; AE16     ; 139        ; 4A             ; weight_data[14]                 ; input  ; 2.5 V        ;                     ; Column I/O   ; N               ; no       ; Off          ;
; AE17     ; 135        ; 4A             ; batch_size[2]                   ; input  ; 2.5 V        ;                     ; Column I/O   ; N               ; no       ; Off          ;
; AE18     ; 167        ; 4A             ; output_data[60]                 ; output ; 2.5 V        ;                     ; Column I/O   ; N               ; no       ; Off          ;
; AE19     ; 165        ; 4A             ; bias_data[13]                   ; input  ; 2.5 V        ;                     ; Column I/O   ; N               ; no       ; Off          ;
; AE20     ;            ;                ; GND                             ; gnd    ;              ;                     ; --           ;                 ; --       ; --           ;
; AE21     ;            ; 3B, 4A         ; VCCPD3B4A                       ; power  ;              ; 2.5V                ; --           ;                 ; --       ; --           ;
; AE22     ; 191        ; 4A             ; output_data[14]                 ; output ; 2.5 V        ;                     ; Column I/O   ; N               ; no       ; Off          ;
; AE23     ; 189        ; 4A             ; pool_channels[2]                ; input  ; 2.5 V        ;                     ; Column I/O   ; N               ; no       ; Off          ;
; AE24     ; 209        ; 4A             ; pool_type.AVERAGE_POOL          ; input  ; 2.5 V        ;                     ; Column I/O   ; N               ; no       ; Off          ;
; AE25     ;            ; 4A             ; VCCIO4A                         ; power  ;              ; 2.5V                ; --           ;                 ; --       ; --           ;
; AE26     ; 220        ; 5A             ; output_data[50]                 ; output ; 2.5 V        ;                     ; Row I/O      ; N               ; no       ; Off          ;
; AE27     ; 229        ; 5A             ; output_data[3]                  ; output ; 2.5 V        ;                     ; Row I/O      ; N               ; no       ; Off          ;
; AE28     ; 231        ; 5A             ; input_data[51]                  ; input  ; 2.5 V        ;                     ; Row I/O      ; N               ; no       ; Off          ;
; AE29     ; 253        ; 5B             ; alpha[11]                       ; input  ; 2.5 V        ;                     ; Row I/O      ; N               ; no       ; Off          ;
; AE30     ;            ; 5B             ; VCCIO5B                         ; power  ;              ; 2.5V                ; --           ;                 ; --       ; --           ;
; AF1      ;            ;                ; GND                             ; gnd    ;              ;                     ; --           ;                 ; --       ; --           ;
; AF2      ;            ;                ; GND                             ; gnd    ;              ;                     ; --           ;                 ; --       ; --           ;
; AF3      ;            ;                ; GND                             ; gnd    ;              ;                     ; --           ;                 ; --       ; --           ;
; AF4      ; 66         ; 3A             ; activation_type.TANH            ; input  ; 2.5 V        ;                     ; Column I/O   ; N               ; no       ; Off          ;
; AF5      ; 64         ; 3A             ; input_data[36]                  ; input  ; 2.5 V        ;                     ; Column I/O   ; N               ; no       ; Off          ;
; AF6      ; 75         ; 3A             ; output_data[30]                 ; output ; 2.5 V        ;                     ; Column I/O   ; N               ; no       ; Off          ;
; AF7      ;            ; 3A             ; VCCIO3A                         ; power  ;              ; 2.5V                ; --           ;                 ; --       ; --           ;
; AF8      ; 70         ; 3A             ; debug_cycles[3]                 ; output ; 2.5 V        ;                     ; Column I/O   ; N               ; no       ; Off          ;
; AF9      ; 67         ; 3A             ; activation_type.LINEAR          ; input  ; 2.5 V        ;                     ; Column I/O   ; N               ; no       ; Off          ;
; AF10     ; 57         ; 3A             ; RESERVED_INPUT_WITH_WEAK_PULLUP ;        ;              ;                     ; Column I/O   ;                 ; no       ; On           ;
; AF11     ; 87         ; 3B             ; input_data[41]                  ; input  ; 2.5 V        ;                     ; Column I/O   ; N               ; no       ; Off          ;
; AF12     ;            ;                ; GND                             ; gnd    ;              ;                     ; --           ;                 ; --       ; --           ;
; AF13     ; 93         ; 3B             ; input_data[4]                   ; input  ; 2.5 V        ;                     ; Column I/O   ; N               ; no       ; Off          ;
; AF14     ; 114        ; 3B             ; input_data[15]                  ; input  ; 2.5 V        ;                     ; Column I/O   ; N               ; no       ; Off          ;
; AF15     ; 112        ; 3B             ; weight_data[3]                  ; input  ; 2.5 V        ;                     ; Column I/O   ; N               ; no       ; Off          ;
; AF16     ; 137        ; 4A             ; weight_data[9]                  ; input  ; 2.5 V        ;                     ; Column I/O   ; N               ; no       ; Off          ;
; AF17     ;            ;                ; GND                             ; gnd    ;              ;                     ; --           ;                 ; --       ; --           ;
; AF18     ; 133        ; 4A             ; weight_data[1]                  ; input  ; 2.5 V        ;                     ; Column I/O   ; N               ; no       ; Off          ;
; AF19     ; 159        ; 4A             ; pool_size[1]                    ; input  ; 2.5 V        ;                     ; Column I/O   ; N               ; no       ; Off          ;
; AF20     ; 175        ; 4A             ; bias_valid                      ; input  ; 2.5 V        ;                     ; Column I/O   ; N               ; no       ; Off          ;
; AF21     ; 173        ; 4A             ; output_data[15]                 ; output ; 2.5 V        ;                     ; Column I/O   ; N               ; no       ; Off          ;
; AF22     ;            ; 4A             ; VCCIO4A                         ; power  ;              ; 2.5V                ; --           ;                 ; --       ; --           ;
; AF23     ; 183        ; 4A             ; debug_status[1]                 ; output ; 2.5 V        ;                     ; Column I/O   ; N               ; no       ; Off          ;
; AF24     ; 181        ; 4A             ; input_data[2]                   ; input  ; 2.5 V        ;                     ; Column I/O   ; N               ; no       ; Off          ;
; AF25     ; 206        ; 4A             ; input_data[7]                   ; input  ; 2.5 V        ;                     ; Column I/O   ; N               ; no       ; Off          ;
; AF26     ; 204        ; 4A             ; bias_data[2]                    ; input  ; 2.5 V        ;                     ; Column I/O   ; N               ; no       ; Off          ;
; AF27     ;            ;                ; GND                             ; gnd    ;              ;                     ; --           ;                 ; --       ; --           ;
; AF28     ; 235        ; 5A             ; input_data[58]                  ; input  ; 2.5 V        ;                     ; Row I/O      ; N               ; no       ; Off          ;
; AF29     ; 237        ; 5A             ; input_data[34]                  ; input  ; 2.5 V        ;                     ; Row I/O      ; N               ; no       ; Off          ;
; AF30     ; 239        ; 5A             ; input_data[37]                  ; input  ; 2.5 V        ;                     ; Row I/O      ; N               ; no       ; Off          ;
; AG1      ; 71         ; 3A             ; alpha[6]                        ; input  ; 2.5 V        ;                     ; Column I/O   ; N               ; no       ; Off          ;
; AG2      ; 83         ; 3A             ; input_data[18]                  ; input  ; 2.5 V        ;                     ; Column I/O   ; N               ; no       ; Off          ;
; AG3      ; 63         ; 3A             ; alpha[5]                        ; input  ; 2.5 V        ;                     ; Column I/O   ; N               ; no       ; Off          ;
; AG4      ;            ; 3A             ; VCCIO3A                         ; power  ;              ; 2.5V                ; --           ;                 ; --       ; --           ;
; AG5      ; 78         ; 3A             ; output_data[35]                 ; output ; 2.5 V        ;                     ; Column I/O   ; N               ; no       ; Off          ;
; AG6      ; 73         ; 3A             ; input_data[28]                  ; input  ; 2.5 V        ;                     ; Column I/O   ; N               ; no       ; Off          ;
; AG7      ; 68         ; 3A             ; alpha[0]                        ; input  ; 2.5 V        ;                     ; Column I/O   ; N               ; no       ; Off          ;
; AG8      ; 65         ; 3A             ; input_data[25]                  ; input  ; 2.5 V        ;                     ; Column I/O   ; N               ; no       ; Off          ;
; AG9      ;            ;                ; GND                             ; gnd    ;              ;                     ; --           ;                 ; --       ; --           ;
; AG10     ; 86         ; 3B             ; input_data[35]                  ; input  ; 2.5 V        ;                     ; Column I/O   ; N               ; no       ; Off          ;
; AG11     ; 85         ; 3B             ; conv_output_channels[2]         ; input  ; 2.5 V        ;                     ; Column I/O   ; N               ; no       ; Off          ;
; AG12     ; 103        ; 3B             ; output_data[34]                 ; output ; 2.5 V        ;                     ; Column I/O   ; N               ; no       ; Off          ;
; AG13     ; 101        ; 3B             ; conv_output_channels[1]         ; input  ; 2.5 V        ;                     ; Column I/O   ; N               ; no       ; Off          ;
; AG14     ;            ;                ; GND                             ; gnd    ;              ;                     ; --           ;                 ; --       ; --           ;
; AG15     ; 127        ; 3B             ; conv_padding[1]                 ; input  ; 2.5 V        ;                     ; Column I/O   ; N               ; no       ; Off          ;
; AG16     ; 134        ; 4A             ; weight_data[7]                  ; input  ; 2.5 V        ;                     ; Column I/O   ; N               ; no       ; Off          ;
; AG17     ; 132        ; 4A             ; conv_kernel_size[2]             ; input  ; 2.5 V        ;                     ; Column I/O   ; N               ; no       ; Off          ;
; AG18     ; 150        ; 4A             ; output_data[54]                 ; output ; 2.5 V        ;                     ; Column I/O   ; N               ; no       ; Off          ;
; AG19     ;            ; 4A             ; VCCIO4A                         ; power  ;              ; 2.5V                ; --           ;                 ; --       ; --           ;
; AG20     ; 157        ; 4A             ; current_operation[0]            ; output ; 2.5 V        ;                     ; Column I/O   ; N               ; no       ; Off          ;
; AG21     ; 143        ; 4A             ; start_operation                 ; input  ; 2.5 V        ;                     ; Column I/O   ; N               ; no       ; Off          ;
; AG22     ; 166        ; 4A             ; bias_data[10]                   ; input  ; 2.5 V        ;                     ; Column I/O   ; N               ; no       ; Off          ;
; AG23     ; 163        ; 4A             ; weight_valid                    ; input  ; 2.5 V        ;                     ; Column I/O   ; N               ; no       ; Off          ;
; AG24     ;            ;                ; GND                             ; gnd    ;              ;                     ; --           ;                 ; --       ; --           ;
; AG25     ; 190        ; 4A             ; input_data[6]                   ; input  ; 2.5 V        ;                     ; Column I/O   ; N               ; no       ; Off          ;
; AG26     ; 203        ; 4A             ; input_data[53]                  ; input  ; 2.5 V        ;                     ; Column I/O   ; N               ; no       ; Off          ;
; AG27     ; 212        ; 5A             ; weight_data[4]                  ; input  ; 2.5 V        ;                     ; Row I/O      ; N               ; no       ; Off          ;
; AG28     ; 233        ; 5A             ; output_data[63]                 ; output ; 2.5 V        ;                     ; Row I/O      ; N               ; no       ; Off          ;
; AG29     ;            ; 5A             ; VCCIO5A                         ; power  ;              ; 2.5V                ; --           ;                 ; --       ; --           ;
; AG30     ; 243        ; 5A             ; input_data[22]                  ; input  ; 2.5 V        ;                     ; Row I/O      ; N               ; no       ; Off          ;
; AH1      ;            ;                ; GND                             ; gnd    ;              ;                     ; --           ;                 ; --       ; --           ;
; AH2      ; 69         ; 3A             ; output_data[41]                 ; output ; 2.5 V        ;                     ; Column I/O   ; N               ; no       ; Off          ;
; AH3      ; 81         ; 3A             ; debug_status[5]                 ; output ; 2.5 V        ;                     ; Column I/O   ; N               ; no       ; Off          ;
; AH4      ; 61         ; 3A             ; debug_status[7]                 ; output ; 2.5 V        ;                     ; Column I/O   ; N               ; no       ; Off          ;
; AH5      ; 76         ; 3A             ; output_data[18]                 ; output ; 2.5 V        ;                     ; Column I/O   ; N               ; no       ; Off          ;
; AH6      ;            ;                ; GND                             ; gnd    ;              ;                     ; --           ;                 ; --       ; --           ;
; AH7      ; 115        ; 3B             ; weight_data[6]                  ; input  ; 2.5 V        ;                     ; Column I/O   ; N               ; no       ; Off          ;
; AH8      ; 113        ; 3B             ; input_data[46]                  ; input  ; 2.5 V        ;                     ; Column I/O   ; N               ; no       ; Off          ;
; AH9      ; 84         ; 3B             ; output_data[39]                 ; output ; 2.5 V        ;                     ; Column I/O   ; N               ; no       ; Off          ;
; AH10     ; 118        ; 3B             ; input_data[40]                  ; input  ; 2.5 V        ;                     ; Column I/O   ; N               ; no       ; Off          ;
; AH11     ;            ;                ; GND                             ; gnd    ;              ;                     ; --           ;                 ; --       ; --           ;
; AH12     ; 126        ; 3B             ; conv_kernel_size[0]             ; input  ; 2.5 V        ;                     ; Column I/O   ; N               ; no       ; Off          ;
; AH13     ; 111        ; 3B             ; batch_size[1]                   ; input  ; 2.5 V        ;                     ; Column I/O   ; N               ; no       ; Off          ;
; AH14     ; 109        ; 3B             ; output_data[38]                 ; output ; 2.5 V        ;                     ; Column I/O   ; N               ; no       ; Off          ;
; AH15     ; 125        ; 3B             ; conv_input_channels[0]          ; input  ; 2.5 V        ;                     ; Column I/O   ; N               ; no       ; Off          ;
; AH16     ;            ; 4A             ; VCCIO4A                         ; power  ;              ; 2.5V                ; --           ;                 ; --       ; --           ;
; AH17     ; 147        ; 4A             ; pool_stride[3]                  ; input  ; 2.5 V        ;                     ; Column I/O   ; N               ; no       ; Off          ;
; AH18     ; 145        ; 4A             ; input_data[44]                  ; input  ; 2.5 V        ;                     ; Column I/O   ; N               ; no       ; Off          ;
; AH19     ; 148        ; 4A             ; output_data[52]                 ; output ; 2.5 V        ;                     ; Column I/O   ; N               ; no       ; Off          ;
; AH20     ; 141        ; 4A             ; weight_data[15]                 ; input  ; 2.5 V        ;                     ; Column I/O   ; N               ; no       ; Off          ;
; AH21     ;            ;                ; GND                             ; gnd    ;              ;                     ; --           ;                 ; --       ; --           ;
; AH22     ; 164        ; 4A             ; bias_data[4]                    ; input  ; 2.5 V        ;                     ; Column I/O   ; N               ; no       ; Off          ;
; AH23     ; 174        ; 4A             ; output_data[5]                  ; output ; 2.5 V        ;                     ; Column I/O   ; N               ; no       ; Off          ;
; AH24     ; 161        ; 4A             ; input_data[56]                  ; input  ; 2.5 V        ;                     ; Column I/O   ; N               ; no       ; Off          ;
; AH25     ; 188        ; 4A             ; enable                          ; input  ; 2.5 V        ;                     ; Column I/O   ; N               ; no       ; Off          ;
; AH26     ;            ; 4A             ; VCCIO4A                         ; power  ;              ; 2.5V                ; --           ;                 ; --       ; --           ;
; AH27     ; 201        ; 4A             ; input_data[8]                   ; input  ; 2.5 V        ;                     ; Column I/O   ; N               ; no       ; Off          ;
; AH28     ; 214        ; 5A             ; output_data[0]                  ; output ; 2.5 V        ;                     ; Row I/O      ; N               ; no       ; Off          ;
; AH29     ; 218        ; 5A             ; bias_ready                      ; output ; 2.5 V        ;                     ; Row I/O      ; N               ; no       ; Off          ;
; AH30     ; 241        ; 5A             ; input_data[54]                  ; input  ; 2.5 V        ;                     ; Row I/O      ; N               ; no       ; Off          ;
; AJ1      ; 79         ; 3A             ; debug_status[4]                 ; output ; 2.5 V        ;                     ; Column I/O   ; N               ; no       ; Off          ;
; AJ2      ; 77         ; 3A             ; activation_type.ELU             ; input  ; 2.5 V        ;                     ; Column I/O   ; N               ; no       ; Off          ;
; AJ3      ;            ;                ; GND                             ; gnd    ;              ;                     ; --           ;                 ; --       ; --           ;
; AJ4      ; 94         ; 3B             ; output_data[31]                 ; output ; 2.5 V        ;                     ; Column I/O   ; N               ; no       ; Off          ;
; AJ5      ; 99         ; 3B             ; pool_channels[1]                ; input  ; 2.5 V        ;                     ; Column I/O   ; N               ; no       ; Off          ;
; AJ6      ; 102        ; 3B             ; input_data[45]                  ; input  ; 2.5 V        ;                     ; Column I/O   ; N               ; no       ; Off          ;
; AJ7      ; 100        ; 3B             ; output_data[27]                 ; output ; 2.5 V        ;                     ; Column I/O   ; N               ; no       ; Off          ;
; AJ8      ;            ; 3B             ; VCCIO3B                         ; power  ;              ; 2.5V                ; --           ;                 ; --       ; --           ;
; AJ9      ; 110        ; 3B             ; conv_input_channels[2]          ; input  ; 2.5 V        ;                     ; Column I/O   ; N               ; no       ; Off          ;
; AJ10     ; 116        ; 3B             ; weight_data[2]                  ; input  ; 2.5 V        ;                     ; Column I/O   ; N               ; no       ; Off          ;
; AJ11     ; 119        ; 3B             ; conv_kernel_size[1]             ; input  ; 2.5 V        ;                     ; Column I/O   ; N               ; no       ; Off          ;
; AJ12     ; 124        ; 3B             ; conv_padding[0]                 ; input  ; 2.5 V        ;                     ; Column I/O   ; N               ; no       ; Off          ;
; AJ13     ;            ; 3B             ; VCCIO3B                         ; power  ;              ; 2.5V                ; --           ;                 ; --       ; --           ;
; AJ14     ; 131        ; 3B             ; conv_stride[0]                  ; input  ; 2.5 V        ;                     ; Column I/O   ; N               ; no       ; Off          ;
; AJ15     ;            ; 3B             ; VREFB3BN0                       ; power  ;              ;                     ; --           ;                 ; --       ; --           ;
; AJ16     ; 142        ; 4A             ; weight_data[5]                  ; input  ; 2.5 V        ;                     ; Column I/O   ; N               ; no       ; Off          ;
; AJ17     ; 151        ; 4A             ; current_operation[1]            ; output ; 2.5 V        ;                     ; Column I/O   ; N               ; no       ; Off          ;
; AJ18     ;            ;                ; GND                             ; gnd    ;              ;                     ; --           ;                 ; --       ; --           ;
; AJ19     ; 155        ; 4A             ; output_data[23]                 ; output ; 2.5 V        ;                     ; Column I/O   ; N               ; no       ; Off          ;
; AJ20     ; 158        ; 4A             ; bias_data[0]                    ; input  ; 2.5 V        ;                     ; Column I/O   ; N               ; no       ; Off          ;
; AJ21     ; 156        ; 4A             ; bias_data[11]                   ; input  ; 2.5 V        ;                     ; Column I/O   ; N               ; no       ; Off          ;
; AJ22     ; 172        ; 4A             ; bias_data[14]                   ; input  ; 2.5 V        ;                     ; Column I/O   ; N               ; no       ; Off          ;
; AJ23     ;            ; 4A             ; VCCIO4A                         ; power  ;              ; 2.5V                ; --           ;                 ; --       ; --           ;
; AJ24     ; 182        ; 4A             ; output_data[12]                 ; output ; 2.5 V        ;                     ; Column I/O   ; N               ; no       ; Off          ;
; AJ25     ; 180        ; 4A             ; output_data[6]                  ; output ; 2.5 V        ;                     ; Column I/O   ; N               ; no       ; Off          ;
; AJ26     ; 187        ; 4A             ; output_data[8]                  ; output ; 2.5 V        ;                     ; Column I/O   ; N               ; no       ; Off          ;
; AJ27     ; 195        ; 4A             ; output_data[11]                 ; output ; 2.5 V        ;                     ; Column I/O   ; N               ; no       ; Off          ;
; AJ28     ;            ;                ; GND                             ; gnd    ;              ;                     ; --           ;                 ; --       ; --           ;
; AJ29     ; 216        ; 5A             ; pool_size[2]                    ; input  ; 2.5 V        ;                     ; Row I/O      ; N               ; no       ; Off          ;
; AJ30     ;            ;                ; GND                             ; gnd    ;              ;                     ; --           ;                 ; --       ; --           ;
; AK2      ; 91         ; 3B             ; operation_select[1]             ; input  ; 2.5 V        ;                     ; Column I/O   ; N               ; no       ; Off          ;
; AK3      ; 89         ; 3B             ; output_data[47]                 ; output ; 2.5 V        ;                     ; Column I/O   ; N               ; no       ; Off          ;
; AK4      ; 92         ; 3B             ; input_data[13]                  ; input  ; 2.5 V        ;                     ; Column I/O   ; N               ; no       ; Off          ;
; AK5      ;            ;                ; GND                             ; gnd    ;              ;                     ; --           ;                 ; --       ; --           ;
; AK6      ; 97         ; 3B             ; output_ready                    ; input  ; 2.5 V        ;                     ; Column I/O   ; N               ; no       ; Off          ;
; AK7      ; 107        ; 3B             ; operation_done                  ; output ; 2.5 V        ;                     ; Column I/O   ; N               ; no       ; Off          ;
; AK8      ; 105        ; 3B             ; conv_input_channels[1]          ; input  ; 2.5 V        ;                     ; Column I/O   ; N               ; no       ; Off          ;
; AK9      ; 108        ; 3B             ; input_data[26]                  ; input  ; 2.5 V        ;                     ; Column I/O   ; N               ; no       ; Off          ;
; AK10     ;            ; 3B             ; VCCIO3B                         ; power  ;              ; 2.5V                ; --           ;                 ; --       ; --           ;
; AK11     ; 117        ; 3B             ; output_data[17]                 ; output ; 2.5 V        ;                     ; Column I/O   ; N               ; no       ; Off          ;
; AK12     ; 123        ; 3B             ; batch_size[0]                   ; input  ; 2.5 V        ;                     ; Column I/O   ; N               ; no       ; Off          ;
; AK13     ; 121        ; 3B             ; input_ready                     ; output ; 2.5 V        ;                     ; Column I/O   ; N               ; no       ; Off          ;
; AK14     ; 129        ; 3B             ; conv_output_channels[0]         ; input  ; 2.5 V        ;                     ; Column I/O   ; N               ; no       ; Off          ;
; AK15     ;            ;                ; GND                             ; gnd    ;              ;                     ; --           ;                 ; --       ; --           ;
; AK16     ; 140        ; 4A             ; pool_stride[2]                  ; input  ; 2.5 V        ;                     ; Column I/O   ; N               ; no       ; Off          ;
; AK17     ;            ; 4A             ; VREFB4AN0                       ; power  ;              ;                     ; --           ;                 ; --       ; --           ;
; AK18     ; 149        ; 4A             ; pool_stride[1]                  ; input  ; 2.5 V        ;                     ; Column I/O   ; N               ; no       ; Off          ;
; AK19     ; 153        ; 4A             ; operation_busy                  ; output ; 2.5 V        ;                     ; Column I/O   ; N               ; no       ; Off          ;
; AK20     ;            ; 4A             ; VCCIO4A                         ; power  ;              ; 2.5V                ; --           ;                 ; --       ; --           ;
; AK21     ; 171        ; 4A             ; output_data[56]                 ; output ; 2.5 V        ;                     ; Column I/O   ; N               ; no       ; Off          ;
; AK22     ; 169        ; 4A             ; output_data[32]                 ; output ; 2.5 V        ;                     ; Column I/O   ; N               ; no       ; Off          ;
; AK23     ; 179        ; 4A             ; output_data[7]                  ; output ; 2.5 V        ;                     ; Column I/O   ; N               ; no       ; Off          ;
; AK24     ; 177        ; 4A             ; bias_data[8]                    ; input  ; 2.5 V        ;                     ; Column I/O   ; N               ; no       ; Off          ;
; AK25     ;            ;                ; GND                             ; gnd    ;              ;                     ; --           ;                 ; --       ; --           ;
; AK26     ; 185        ; 4A             ; bias_data[9]                    ; input  ; 2.5 V        ;                     ; Column I/O   ; N               ; no       ; Off          ;
; AK27     ; 193        ; 4A             ; input_data[5]                   ; input  ; 2.5 V        ;                     ; Column I/O   ; N               ; no       ; Off          ;
; AK28     ; 198        ; 4A             ; input_data[12]                  ; input  ; 2.5 V        ;                     ; Column I/O   ; N               ; no       ; Off          ;
; AK29     ; 196        ; 4A             ; output_data[57]                 ; output ; 2.5 V        ;                     ; Column I/O   ; N               ; no       ; Off          ;
; B1       ; 509        ; 8A             ; debug_cycles[16]                ; output ; 2.5 V        ;                     ; Column I/O   ; N               ; no       ; Off          ;
; B2       ; 507        ; 8A             ; debug_cycles[6]                 ; output ; 2.5 V        ;                     ; Column I/O   ; N               ; no       ; Off          ;
; B3       ; 513        ; 8A             ; debug_cycles[5]                 ; output ; 2.5 V        ;                     ; Column I/O   ; N               ; no       ; Off          ;
; B4       ;            ; 8A             ; VCCIO8A                         ; power  ;              ; 2.5V                ; --           ;                 ; --       ; --           ;
; B5       ; 512        ; 8A             ; debug_cycles[18]                ; output ; 2.5 V        ;                     ; Column I/O   ; N               ; no       ; Off          ;
; B6       ; 510        ; 8A             ; debug_cycles[8]                 ; output ; 2.5 V        ;                     ; Column I/O   ; N               ; no       ; Off          ;
; B7       ; 477        ; 8A             ; output_data[19]                 ; output ; 2.5 V        ;                     ; Column I/O   ; N               ; no       ; Off          ;
; B8       ; 481        ; 8A             ; pool_type.MIN_POOL              ; input  ; 2.5 V        ;                     ; Column I/O   ; N               ; no       ; Off          ;
; B9       ;            ;                ; GND                             ; gnd    ;              ;                     ; --           ;                 ; --       ; --           ;
; B10      ;            ; 8A             ; VREFB8AN0                       ; power  ;              ;                     ; --           ;                 ; --       ; --           ;
; B11      ; 469        ; 8A             ; output_data[45]                 ; output ; 2.5 V        ;                     ; Column I/O   ; N               ; no       ; Off          ;
; B12      ; 464        ; 8A             ; input_data[33]                  ; input  ; 2.5 V        ;                     ; Column I/O   ; N               ; no       ; Off          ;
; B13      ; 459        ; 8A             ; input_data[42]                  ; input  ; 2.5 V        ;                     ; Column I/O   ; N               ; no       ; Off          ;
; B14      ;            ;                ; GND                             ; gnd    ;              ;                     ; --           ;                 ; --       ; --           ;
; B15      ; 451        ; 7D             ; RESERVED_INPUT_WITH_WEAK_PULLUP ;        ;              ;                     ; Column I/O   ;                 ; no       ; On           ;
; B16      ; 441        ; 7C             ; RESERVED_INPUT_WITH_WEAK_PULLUP ;        ;              ;                     ; Column I/O   ;                 ; no       ; On           ;
; B17      ; 431        ; 7C             ; RESERVED_INPUT_WITH_WEAK_PULLUP ;        ;              ;                     ; Column I/O   ;                 ; no       ; On           ;
; B18      ; 418        ; 7B             ; RESERVED_INPUT_WITH_WEAK_PULLUP ;        ;              ;                     ; Column I/O   ;                 ; no       ; On           ;
; B19      ;            ;                ; GND                             ; gnd    ;              ;                     ; --           ;                 ; --       ; --           ;
; B20      ; 417        ; 7B             ; RESERVED_INPUT_WITH_WEAK_PULLUP ;        ;              ;                     ; Column I/O   ;                 ; no       ; On           ;
; B21      ; 413        ; 7B             ; RESERVED_INPUT_WITH_WEAK_PULLUP ;        ;              ;                     ; Column I/O   ;                 ; no       ; On           ;
; B22      ; 399        ; 7A             ; RESERVED_INPUT_WITH_WEAK_PULLUP ;        ;              ;                     ; Column I/O   ;                 ; no       ; On           ;
; B23      ; 397        ; 7A             ; RESERVED_INPUT_WITH_WEAK_PULLUP ;        ;              ;                     ; Column I/O   ;                 ; no       ; On           ;
; B24      ;            ;                ; GND                             ; gnd    ;              ;                     ; --           ;                 ; --       ; --           ;
; B25      ; 387        ; 7A             ; RESERVED_INPUT_WITH_WEAK_PULLUP ;        ;              ;                     ; Column I/O   ;                 ; no       ; On           ;
; B26      ; 386        ; 7A             ; RESERVED_INPUT_WITH_WEAK_PULLUP ;        ;              ;                     ; Column I/O   ;                 ; no       ; On           ;
; B27      ; 381        ; 7A             ; ^HPS_TDI                        ;        ;              ;                     ; --           ;                 ; --       ; --           ;
; B28      ; 376        ; 7A             ; ^HPS_TDO                        ;        ;              ;                     ; --           ;                 ; --       ; --           ;
; B29      ;            ;                ; GND                             ; gnd    ;              ;                     ; --           ;                 ; --       ; --           ;
; B30      ; 365        ; 6A             ; RESERVED_INPUT_WITH_WEAK_PULLUP ;        ;              ;                     ; Row I/O      ;                 ; no       ; On           ;
; C1       ;            ;                ; GND                             ; gnd    ;              ;                     ; --           ;                 ; --       ; --           ;
; C2       ; 517        ; 8A             ; debug_cycles[15]                ; output ; 2.5 V        ;                     ; Column I/O   ; N               ; no       ; Off          ;
; C3       ; 511        ; 8A             ; debug_cycles[0]                 ; output ; 2.5 V        ;                     ; Column I/O   ; N               ; no       ; Off          ;
; C4       ; 501        ; 8A             ; debug_cycles[24]                ; output ; 2.5 V        ;                     ; Column I/O   ; N               ; no       ; Off          ;
; C5       ; 497        ; 8A             ; debug_cycles[30]                ; output ; 2.5 V        ;                     ; Column I/O   ; N               ; no       ; Off          ;
; C6       ;            ;                ; GND                             ; gnd    ;              ;                     ; --           ;                 ; --       ; --           ;
; C7       ; 475        ; 8A             ; debug_cycles[26]                ; output ; 2.5 V        ;                     ; Column I/O   ; N               ; no       ; Off          ;
; C8       ; 479        ; 8A             ; output_data[36]                 ; output ; 2.5 V        ;                     ; Column I/O   ; N               ; no       ; Off          ;
; C9       ; 485        ; 8A             ; output_data[40]                 ; output ; 2.5 V        ;                     ; Column I/O   ; N               ; no       ; Off          ;
; C10      ; 483        ; 8A             ; bias_data[7]                    ; input  ; 2.5 V        ;                     ; Column I/O   ; N               ; no       ; Off          ;
; C11      ;            ; 8A             ; VCCIO8A                         ; power  ;              ; 2.5V                ; --           ;                 ; --       ; --           ;
; C12      ; 467        ; 8A             ; output_data[16]                 ; output ; 2.5 V        ;                     ; Column I/O   ; N               ; no       ; Off          ;
; C13      ; 462        ; 8A             ; output_data[44]                 ; output ; 2.5 V        ;                     ; Column I/O   ; N               ; no       ; Off          ;
; C14      ; 448        ; 7D             ; RESERVED_INPUT_WITH_WEAK_PULLUP ;        ;              ;                     ; Column I/O   ;                 ; no       ; On           ;
; C15      ; 453        ; 7D             ; RESERVED_INPUT_WITH_WEAK_PULLUP ;        ;              ;                     ; Column I/O   ;                 ; no       ; On           ;
; C16      ;            ;                ; GND                             ; gnd    ;              ;                     ; --           ;                 ; --       ; --           ;
; C17      ; 433        ; 7C             ; RESERVED_INPUT_WITH_WEAK_PULLUP ;        ;              ;                     ; Column I/O   ;                 ; no       ; On           ;
; C18      ; 435        ; 7C             ; RESERVED_INPUT_WITH_WEAK_PULLUP ;        ;              ;                     ; Column I/O   ;                 ; no       ; On           ;
; C19      ; 427        ; 7B             ; RESERVED_INPUT_WITH_WEAK_PULLUP ;        ;              ;                     ; Column I/O   ;                 ; no       ; On           ;
; C20      ; 421        ; 7B             ; RESERVED_INPUT_WITH_WEAK_PULLUP ;        ;              ;                     ; Column I/O   ;                 ; no       ; On           ;
; C21      ;            ;                ; GND                             ; gnd    ;              ;                     ; --           ;                 ; --       ; --           ;
; C22      ; 396        ; 7A             ; RESERVED_INPUT_WITH_WEAK_PULLUP ;        ;              ;                     ; Column I/O   ;                 ; no       ; On           ;
; C23      ; 401        ; 7A             ; RESERVED_INPUT_WITH_WEAK_PULLUP ;        ;              ;                     ; Column I/O   ;                 ; no       ; On           ;
; C24      ; 393        ; 7A             ; RESERVED_INPUT_WITH_WEAK_PULLUP ;        ;              ;                     ; Column I/O   ;                 ; no       ; On           ;
; C25      ; 388        ; 7A             ; RESERVED_INPUT_WITH_WEAK_PULLUP ;        ;              ;                     ; Column I/O   ;                 ; no       ; On           ;
; C26      ;            ;                ; GND                             ; gnd    ;              ;                     ; --           ;                 ; --       ; --           ;
; C27      ; 374        ; 7A             ; ^HPS_nRST                       ;        ;              ;                     ; --           ;                 ; --       ; --           ;
; C28      ; 369        ; 6A             ; RESERVED_INPUT_WITH_WEAK_PULLUP ;        ;              ;                     ; Row I/O      ;                 ; no       ; On           ;
; C29      ; 367        ; 6A             ; RESERVED_INPUT_WITH_WEAK_PULLUP ;        ;              ;                     ; Row I/O      ;                 ; no       ; On           ;
; C30      ; 363        ; 6A             ; RESERVED_INPUT_WITH_WEAK_PULLUP ;        ;              ;                     ; Row I/O      ;                 ; no       ; On           ;
; D1       ; 529        ; 8A             ; debug_cycles[12]                ; output ; 2.5 V        ;                     ; Column I/O   ; N               ; no       ; Off          ;
; D2       ; 515        ; 8A             ; debug_cycles[11]                ; output ; 2.5 V        ;                     ; Column I/O   ; N               ; no       ; Off          ;
; D3       ;            ;                ; GND                             ; gnd    ;              ;                     ; --           ;                 ; --       ; --           ;
; D4       ; 521        ; 8A             ; debug_cycles[9]                 ; output ; 2.5 V        ;                     ; Column I/O   ; N               ; no       ; Off          ;
; D5       ; 499        ; 8A             ; debug_cycles[23]                ; output ; 2.5 V        ;                     ; Column I/O   ; N               ; no       ; Off          ;
; D6       ; 495        ; 8A             ; input_data[17]                  ; input  ; 2.5 V        ;                     ; Column I/O   ; N               ; no       ; Off          ;
; D7       ; 505        ; 8A             ; debug_cycles[4]                 ; output ; 2.5 V        ;                     ; Column I/O   ; N               ; no       ; Off          ;
; D8       ;            ; 8A             ; VCCIO8A                         ; power  ;              ; 2.5V                ; --           ;                 ; --       ; --           ;
; D9       ; 480        ; 8A             ; output_data[61]                 ; output ; 2.5 V        ;                     ; Column I/O   ; N               ; no       ; Off          ;
; D10      ; 472        ; 8A             ; input_data[21]                  ; input  ; 2.5 V        ;                     ; Column I/O   ; N               ; no       ; Off          ;
; D11      ; 470        ; 8A             ; input_data[32]                  ; input  ; 2.5 V        ;                     ; Column I/O   ; N               ; no       ; Off          ;
; D12      ; 496        ; 8A             ; tensor_size[1]                  ; input  ; 2.5 V        ;                     ; Column I/O   ; N               ; no       ; Off          ;
; D13      ;            ;                ; GND                             ; gnd    ;              ;                     ; --           ;                 ; --       ; --           ;
; D14      ; 446        ; 7D             ; RESERVED_INPUT_WITH_WEAK_PULLUP ;        ;              ;                     ; Column I/O   ;                 ; no       ; On           ;
; D15      ; 449        ; 7D             ; RESERVED_INPUT_WITH_WEAK_PULLUP ;        ;              ;                     ; Column I/O   ;                 ; no       ; On           ;
; D16      ; 445        ; 7D             ; RESERVED_INPUT_WITH_WEAK_PULLUP ;        ;              ;                     ; Column I/O   ;                 ; no       ; On           ;
; D17      ; 440        ; 7C             ; RESERVED_INPUT_WITH_WEAK_PULLUP ;        ;              ;                     ; Column I/O   ;                 ; no       ; On           ;
; D18      ;            ; 7C             ; VCCIO7C_HPS                     ; power  ;              ; 2.5V                ; --           ;                 ; --       ; --           ;
; D19      ; 426        ; 7B             ; RESERVED_INPUT_WITH_WEAK_PULLUP ;        ;              ;                     ; Column I/O   ;                 ; no       ; On           ;
; D20      ; 420        ; 7B             ; RESERVED_INPUT_WITH_WEAK_PULLUP ;        ;              ;                     ; Column I/O   ;                 ; no       ; On           ;
; D21      ; 419        ; 7B             ; RESERVED_INPUT_WITH_WEAK_PULLUP ;        ;              ;                     ; Column I/O   ;                 ; no       ; On           ;
; D22      ; 402        ; 7A             ; RESERVED_INPUT_WITH_WEAK_PULLUP ;        ;              ;                     ; Column I/O   ;                 ; no       ; On           ;
; D23      ;            ;                ; GND                             ; gnd    ;              ;                     ; --           ;                 ; --       ; --           ;
; D24      ; 404        ; 7A             ; RESERVED_INPUT_WITH_WEAK_PULLUP ;        ;              ;                     ; Column I/O   ;                 ; no       ; On           ;
; D25      ; 384        ; 7A             ; ^HPS_CLK1                       ;        ;              ;                     ; --           ;                 ; --       ; --           ;
; D26      ; 373        ; 7A             ; ^GND                            ;        ;              ;                     ; --           ;                 ; --       ; --           ;
; D27      ; 371        ; 6A             ; HPS_RZQ_0                       ;        ;              ;                     ; --           ;                 ; no       ; On           ;
; D28      ;            ; 6A             ; VCCIO6A_HPS                     ; power  ;              ; 2.5V                ; --           ;                 ; --       ; --           ;
; D29      ; 361        ; 6A             ; RESERVED_INPUT_WITH_WEAK_PULLUP ;        ;              ;                     ; Row I/O      ;                 ; no       ; On           ;
; D30      ; 359        ; 6A             ; RESERVED_INPUT_WITH_WEAK_PULLUP ;        ;              ;                     ; Row I/O      ;                 ; no       ; On           ;
; E1       ; 527        ; 8A             ; tensor_size[4]                  ; input  ; 2.5 V        ;                     ; Column I/O   ; N               ; no       ; Off          ;
; E2       ; 525        ; 8A             ; debug_cycles[21]                ; output ; 2.5 V        ;                     ; Column I/O   ; N               ; no       ; Off          ;
; E3       ; 523        ; 8A             ; alpha[10]                       ; input  ; 2.5 V        ;                     ; Column I/O   ; N               ; no       ; Off          ;
; E4       ; 519        ; 8A             ; debug_cycles[27]                ; output ; 2.5 V        ;                     ; Column I/O   ; N               ; no       ; Off          ;
; E5       ;            ; 8A             ; VCCIO8A                         ; power  ;              ; 2.5V                ; --           ;                 ; --       ; --           ;
; E6       ; 533        ; 8A             ; activation_type.RELU            ; input  ; 2.5 V        ;                     ; Column I/O   ; N               ; no       ; Off          ;
; E7       ; 531        ; 8A             ; debug_status[3]                 ; output ; 2.5 V        ;                     ; Column I/O   ; N               ; no       ; Off          ;
; E8       ; 503        ; 8A             ; input_data[20]                  ; input  ; 2.5 V        ;                     ; Column I/O   ; N               ; no       ; Off          ;
; E9       ; 478        ; 8A             ; output_valid                    ; output ; 2.5 V        ;                     ; Column I/O   ; N               ; no       ; Off          ;
; E10      ;            ;                ; GND                             ; gnd    ;              ;                     ; --           ;                 ; --       ; --           ;
; E11      ; 504        ; 8A             ; debug_cycles[20]                ; output ; 2.5 V        ;                     ; Column I/O   ; N               ; no       ; Off          ;
; E12      ; 494        ; 8A             ; debug_cycles[19]                ; output ; 2.5 V        ;                     ; Column I/O   ; N               ; no       ; Off          ;
; E13      ; 488        ; 8A             ; alpha[4]                        ; input  ; 2.5 V        ;                     ; Column I/O   ; N               ; no       ; Off          ;
; E14      ; 454        ; 7D             ; RESERVED_INPUT_WITH_WEAK_PULLUP ;        ;              ;                     ; Column I/O   ;                 ; no       ; On           ;
; E15      ;            ; 7D             ; VCCIO7D_HPS                     ; power  ;              ; 2.5V                ; --           ;                 ; --       ; --           ;
; E16      ; 443        ; 7D             ; RESERVED_INPUT_WITH_WEAK_PULLUP ;        ;              ;                     ; Column I/O   ;                 ; no       ; On           ;
; E17      ; 438        ; 7C             ; RESERVED_INPUT_WITH_WEAK_PULLUP ;        ;              ;                     ; Column I/O   ;                 ; no       ; On           ;
; E18      ; 437        ; 7C             ; RESERVED_INPUT_WITH_WEAK_PULLUP ;        ;              ;                     ; Column I/O   ;                 ; no       ; On           ;
; E19      ; 424        ; 7B             ; RESERVED_INPUT_WITH_WEAK_PULLUP ;        ;              ;                     ; Column I/O   ;                 ; no       ; On           ;
; E20      ;            ; 7B             ; VCCIO7B_HPS                     ; power  ;              ; 2.5V                ; --           ;                 ; --       ; --           ;
; E21      ; 412        ; 7B             ; RESERVED_INPUT_WITH_WEAK_PULLUP ;        ;              ;                     ; Column I/O   ;                 ; no       ; On           ;
; E22      ;            ; 7A, 7B, 7C, 7D ; VREFB7A7B7C7DN0_HPS             ; power  ;              ;                     ; --           ;                 ; --       ; --           ;
; E23      ; 394        ; 7A             ; RESERVED_INPUT_WITH_WEAK_PULLUP ;        ;              ;                     ; Column I/O   ;                 ; no       ; On           ;
; E24      ; 403        ; 7A             ; RESERVED_INPUT_WITH_WEAK_PULLUP ;        ;              ;                     ; Column I/O   ;                 ; no       ; On           ;
; E25      ;            ;                ; GND                             ; gnd    ;              ;                     ; --           ;                 ; --       ; --           ;
; E26      ;            ;                ; DNU                             ;        ;              ;                     ; --           ;                 ; --       ; --           ;
; E27      ; 357        ; 6A             ; RESERVED_INPUT_WITH_WEAK_PULLUP ;        ;              ;                     ; Row I/O      ;                 ; no       ; On           ;
; E28      ; 351        ; 6A             ; RESERVED_INPUT_WITH_WEAK_PULLUP ;        ;              ;                     ; Row I/O      ;                 ; no       ; On           ;
; E29      ; 353        ; 6A             ; RESERVED_INPUT_WITH_WEAK_PULLUP ;        ;              ;                     ; Row I/O      ;                 ; no       ; On           ;
; E30      ;            ;                ; GND                             ; gnd    ;              ;                     ; --           ;                 ; --       ; --           ;
; F1       ;            ;                ; DNU                             ;        ;              ;                     ; --           ;                 ; --       ; --           ;
; F2       ;            ;                ; GND                             ; gnd    ;              ;                     ; --           ;                 ; --       ; --           ;
; F3       ; 539        ; 9A             ; ^CONF_DONE                      ;        ;              ;                     ; --           ;                 ; --       ; --           ;
; F4       ; 541        ; 9A             ; ^nSTATUS                        ;        ;              ;                     ; --           ;                 ; --       ; --           ;
; F5       ;            ;                ; GND                             ; gnd    ;              ;                     ; --           ;                 ; --       ; --           ;
; F6       ; 537        ; 8A             ; tensor_size[8]                  ; input  ; 2.5 V        ;                     ; Column I/O   ; N               ; no       ; Off          ;
; F7       ;            ;                ; GND                             ; gnd    ;              ;                     ; --           ;                 ; --       ; --           ;
; F8       ; 536        ; 8A             ; input_data[3]                   ; input  ; 2.5 V        ;                     ; Column I/O   ; N               ; no       ; Off          ;
; F9       ; 534        ; 8A             ; tensor_size[10]                 ; input  ; 2.5 V        ;                     ; Column I/O   ; N               ; no       ; Off          ;
; F10      ; 528        ; 8A             ; tensor_size[2]                  ; input  ; 2.5 V        ;                     ; Column I/O   ; N               ; no       ; Off          ;
; F11      ; 502        ; 8A             ; debug_cycles[29]                ; output ; 2.5 V        ;                     ; Column I/O   ; N               ; no       ; Off          ;
; F12      ;            ; 8A             ; VCCIO8A                         ; power  ;              ; 2.5V                ; --           ;                 ; --       ; --           ;
; F13      ; 486        ; 8A             ; alpha[9]                        ; input  ; 2.5 V        ;                     ; Column I/O   ; N               ; no       ; Off          ;
; F14      ; 468        ; 8A             ; alpha[12]                       ; input  ; 2.5 V        ;                     ; Column I/O   ; N               ; no       ; Off          ;
; F15      ; 466        ; 8A             ; input_data[59]                  ; input  ; 2.5 V        ;                     ; Column I/O   ; N               ; no       ; Off          ;
; F16      ; 442        ; 7D             ; RESERVED_INPUT_WITH_WEAK_PULLUP ;        ;              ;                     ; Column I/O   ;                 ; no       ; On           ;
; F17      ;            ;                ; GND                             ; gnd    ;              ;                     ; --           ;                 ; --       ; --           ;
; F18      ; 430        ; 7C             ; RESERVED_INPUT_WITH_WEAK_PULLUP ;        ;              ;                     ; Column I/O   ;                 ; no       ; On           ;
; F19      ; 410        ; 7B             ; RESERVED_INPUT_WITH_WEAK_PULLUP ;        ;              ;                     ; Column I/O   ;                 ; no       ; On           ;
; F20      ; 407        ; 7B             ; RESERVED_INPUT_WITH_WEAK_PULLUP ;        ;              ;                     ; Column I/O   ;                 ; no       ; On           ;
; F21      ; 409        ; 7B             ; RESERVED_INPUT_WITH_WEAK_PULLUP ;        ;              ;                     ; Column I/O   ;                 ; no       ; On           ;
; F22      ;            ; 7A             ; VCCIO7A_HPS                     ; power  ;              ; 2.5V                ; --           ;                 ; --       ; --           ;
; F23      ; 375        ; 7A             ; ^HPS_nPOR                       ;        ;              ;                     ; --           ;                 ; --       ; --           ;
; F24      ; 383        ; 7A             ; ^HPS_PORSEL                     ;        ;              ;                     ; --           ;                 ; --       ; --           ;
; F25      ; 385        ; 7A             ; ^HPS_CLK2                       ;        ;              ;                     ; --           ;                 ; --       ; --           ;
; F26      ; 341        ; 6A             ; RESERVED_INPUT_WITH_WEAK_PULLUP ;        ;              ;                     ; Row I/O      ;                 ; no       ; On           ;
; F27      ;            ;                ; GND                             ; gnd    ;              ;                     ; --           ;                 ; --       ; --           ;
; F28      ; 345        ; 6A             ; RESERVED_INPUT_WITH_WEAK_PULLUP ;        ;              ;                     ; Row I/O      ;                 ; no       ; On           ;
; F29      ; 349        ; 6A             ; RESERVED_INPUT_WITH_WEAK_PULLUP ;        ;              ;                     ; Row I/O      ;                 ; no       ; On           ;
; F30      ; 347        ; 6A             ; RESERVED_INPUT_WITH_WEAK_PULLUP ;        ;              ;                     ; Row I/O      ;                 ; no       ; On           ;
; G1       ;            ;                ; GND                             ;        ;              ;                     ; --           ;                 ; --       ; --           ;
; G2       ;            ;                ; DNU                             ;        ;              ;                     ; --           ;                 ; --       ; --           ;
; G3       ;            ;                ; GND                             ; gnd    ;              ;                     ; --           ;                 ; --       ; --           ;
; G4       ;            ;                ; GND                             ; gnd    ;              ;                     ; --           ;                 ; --       ; --           ;
; G5       ; 542        ; 9A             ; ^nCE                            ;        ;              ;                     ; --           ;                 ; --       ; --           ;
; G6       ; 543        ; 9A             ; ^MSEL2                          ;        ;              ;                     ; --           ;                 ; --       ; --           ;
; G7       ; 535        ; 8A             ; alpha[7]                        ; input  ; 2.5 V        ;                     ; Column I/O   ; N               ; no       ; Off          ;
; G8       ; 492        ; 8A             ; alpha[15]                       ; input  ; 2.5 V        ;                     ; Column I/O   ; N               ; no       ; Off          ;
; G9       ;            ; 8A             ; VCCIO8A                         ; power  ;              ; 2.5V                ; --           ;                 ; --       ; --           ;
; G10      ; 526        ; 8A             ; output_data[33]                 ; output ; 2.5 V        ;                     ; Column I/O   ; N               ; no       ; Off          ;
; G11      ; 520        ; 8A             ; debug_cycles[7]                 ; output ; 2.5 V        ;                     ; Column I/O   ; N               ; no       ; Off          ;
; G12      ; 518        ; 8A             ; debug_cycles[28]                ; output ; 2.5 V        ;                     ; Column I/O   ; N               ; no       ; Off          ;
; G13      ; 484        ; 8A             ; output_data[20]                 ; output ; 2.5 V        ;                     ; Column I/O   ; N               ; no       ; Off          ;
; G14      ;            ; 8A             ; VCCIO8A                         ; power  ;              ; 2.5V                ; --           ;                 ; --       ; --           ;
; G15      ; 460        ; 8A             ; operation_select[0]             ; input  ; 2.5 V        ;                     ; Column I/O   ; N               ; no       ; Off          ;
; G16      ; 444        ; 7D             ; RESERVED_INPUT_WITH_WEAK_PULLUP ;        ;              ;                     ; Column I/O   ;                 ; no       ; On           ;
; G17      ; 436        ; 7C             ; RESERVED_INPUT_WITH_WEAK_PULLUP ;        ;              ;                     ; Column I/O   ;                 ; no       ; On           ;
; G18      ; 432        ; 7C             ; RESERVED_INPUT_WITH_WEAK_PULLUP ;        ;              ;                     ; Column I/O   ;                 ; no       ; On           ;
; G19      ;            ; 7B             ; VCCIO7B_HPS                     ; power  ;              ; 2.5V                ; --           ;                 ; --       ; --           ;
; G20      ; 416        ; 7B             ; RESERVED_INPUT_WITH_WEAK_PULLUP ;        ;              ;                     ; Column I/O   ;                 ; no       ; On           ;
; G21      ; 392        ; 7A             ; RESERVED_INPUT_WITH_WEAK_PULLUP ;        ;              ;                     ; Column I/O   ;                 ; no       ; On           ;
; G22      ; 400        ; 7A             ; RESERVED_INPUT_WITH_WEAK_PULLUP ;        ;              ;                     ; Column I/O   ;                 ; no       ; On           ;
; G23      ; 377        ; 7A             ; ^VCCRSTCLK_HPS                  ;        ;              ;                     ; --           ;                 ; --       ; --           ;
; G24      ;            ;                ; GND                             ; gnd    ;              ;                     ; --           ;                 ; --       ; --           ;
; G25      ; 370        ; 6A             ; RESERVED_INPUT_WITH_WEAK_PULLUP ;        ;              ;                     ; Row I/O      ;                 ; no       ; On           ;
; G26      ; 362        ; 6A             ; RESERVED_INPUT_WITH_WEAK_PULLUP ;        ;              ;                     ; Row I/O      ;                 ; no       ; On           ;
; G27      ; 339        ; 6A             ; RESERVED_INPUT_WITH_WEAK_PULLUP ;        ;              ;                     ; Row I/O      ;                 ; --       ; --           ;
; G28      ; 335        ; 6A             ; RESERVED_INPUT_WITH_WEAK_PULLUP ;        ;              ;                     ; Row I/O      ;                 ; no       ; On           ;
; G29      ;            ; 6A             ; VCCIO6A_HPS                     ; power  ;              ; 2.5V                ; --           ;                 ; --       ; --           ;
; G30      ; 343        ; 6A             ; RESERVED_INPUT_WITH_WEAK_PULLUP ;        ;              ;                     ; Row I/O      ;                 ; no       ; On           ;
; H1       ;            ;                ; GND                             ; gnd    ;              ;                     ; --           ;                 ; --       ; --           ;
; H2       ;            ;                ; GND                             ; gnd    ;              ;                     ; --           ;                 ; --       ; --           ;
; H3       ;            ;                ; DNU                             ;        ;              ;                     ; --           ;                 ; --       ; --           ;
; H4       ;            ;                ; DNU                             ;        ;              ;                     ; --           ;                 ; --       ; --           ;
; H5       ;            ;                ; GND                             ; gnd    ;              ;                     ; --           ;                 ; --       ; --           ;
; H6       ;            ; 8A             ; VCCIO8A                         ; power  ;              ; 2.5V                ; --           ;                 ; --       ; --           ;
; H7       ; 508        ; 8A             ; debug_cycles[10]                ; output ; 2.5 V        ;                     ; Column I/O   ; N               ; no       ; Off          ;
; H8       ; 490        ; 8A             ; tensor_size[11]                 ; input  ; 2.5 V        ;                     ; Column I/O   ; N               ; no       ; Off          ;
; H9       ;            ; --             ; VCCBAT                          ; power  ;              ; 1.2V                ; --           ;                 ; --       ; --           ;
; H10      ;            ; --             ; VCC_AUX                         ; power  ;              ; 2.5V                ; --           ;                 ; --       ; --           ;
; H11      ;            ;                ; GND                             ; gnd    ;              ;                     ; --           ;                 ; --       ; --           ;
; H12      ; 500        ; 8A             ; debug_cycles[22]                ; output ; 2.5 V        ;                     ; Column I/O   ; N               ; no       ; Off          ;
; H13      ; 498        ; 8A             ; debug_cycles[31]                ; output ; 2.5 V        ;                     ; Column I/O   ; N               ; no       ; Off          ;
; H14      ; 482        ; 8A             ; input_data[55]                  ; input  ; 2.5 V        ;                     ; Column I/O   ; N               ; no       ; Off          ;
; H15      ; 458        ; 8A             ; weight_data[10]                 ; input  ; 2.5 V        ;                     ; Column I/O   ; N               ; no       ; Off          ;
; H16      ;            ; 7D             ; VCCIO7D_HPS                     ; power  ;              ; 2.5V                ; --           ;                 ; --       ; --           ;
; H17      ; 434        ; 7C             ; RESERVED_INPUT_WITH_WEAK_PULLUP ;        ;              ;                     ; Column I/O   ;                 ; no       ; On           ;
; H18      ; 422        ; 7B             ; RESERVED_INPUT_WITH_WEAK_PULLUP ;        ;              ;                     ; Column I/O   ;                 ; no       ; On           ;
; H19      ; 406        ; 7B             ; RESERVED_INPUT_WITH_WEAK_PULLUP ;        ;              ;                     ; Column I/O   ;                 ; no       ; On           ;
; H20      ; 398        ; 7A             ; RESERVED_INPUT_WITH_WEAK_PULLUP ;        ;              ;                     ; Column I/O   ;                 ; no       ; On           ;
; H21      ;            ; 7A             ; VCCIO7A_HPS                     ; power  ;              ; 2.5V                ; --           ;                 ; --       ; --           ;
; H22      ; 379        ; 7A             ; ^HPS_TCK                        ;        ;              ;                     ; --           ;                 ; --       ; --           ;
; H23      ; 390        ; 7A             ; RESERVED_INPUT_WITH_WEAK_PULLUP ;        ;              ;                     ; Column I/O   ;                 ; no       ; On           ;
; H24      ; 364        ; 6A             ; RESERVED_INPUT_WITH_WEAK_PULLUP ;        ;              ;                     ; Row I/O      ;                 ; no       ; On           ;
; H25      ; 368        ; 6A             ; RESERVED_INPUT_WITH_WEAK_PULLUP ;        ;              ;                     ; Row I/O      ;                 ; no       ; On           ;
; H26      ;            ; 6A             ; VCCIO6A_HPS                     ; power  ;              ; 2.5V                ; --           ;                 ; --       ; --           ;
; H27      ; 360        ; 6A             ; RESERVED_INPUT_WITH_WEAK_PULLUP ;        ;              ;                     ; Row I/O      ;                 ; no       ; On           ;
; H28      ; 333        ; 6A             ; RESERVED_INPUT_WITH_WEAK_PULLUP ;        ;              ;                     ; Row I/O      ;                 ; no       ; On           ;
; H29      ; 331        ; 6A             ; RESERVED_INPUT_WITH_WEAK_PULLUP ;        ;              ;                     ; Row I/O      ;                 ; no       ; On           ;
; H30      ; 337        ; 6A             ; RESERVED_INPUT_WITH_WEAK_PULLUP ;        ;              ;                     ; Row I/O      ;                 ; no       ; On           ;
; J1       ;            ;                ; GND                             ; gnd    ;              ;                     ; --           ;                 ; --       ; --           ;
; J2       ;            ;                ; GND                             ; gnd    ;              ;                     ; --           ;                 ; --       ; --           ;
; J3       ;            ;                ; GND                             ; gnd    ;              ;                     ; --           ;                 ; --       ; --           ;
; J4       ;            ;                ; GND                             ; gnd    ;              ;                     ; --           ;                 ; --       ; --           ;
; J5       ; 545        ; 9A             ; ^nCONFIG                        ;        ;              ;                     ; --           ;                 ; --       ; --           ;
; J6       ; 547        ; 9A             ; ^GND                            ;        ;              ;                     ; --           ;                 ; --       ; --           ;
; J7       ; 506        ; 8A             ; debug_cycles[14]                ; output ; 2.5 V        ;                     ; Column I/O   ; N               ; no       ; Off          ;
; J8       ;            ;                ; GND                             ; gnd    ;              ;                     ; --           ;                 ; --       ; --           ;
; J9       ; 532        ; 8A             ; tensor_size[6]                  ; input  ; 2.5 V        ;                     ; Column I/O   ; N               ; no       ; Off          ;
; J10      ; 530        ; 8A             ; alpha[14]                       ; input  ; 2.5 V        ;                     ; Column I/O   ; N               ; no       ; Off          ;
; J11      ;            ; --             ; VCCPGM                          ; power  ;              ; 1.8V/2.5V/3.0V/3.3V ; --           ;                 ; --       ; --           ;
; J12      ; 516        ; 8A             ; debug_cycles[1]                 ; output ; 2.5 V        ;                     ; Column I/O   ; N               ; no       ; Off          ;
; J13      ;            ; 8A             ; VCCIO8A                         ; power  ;              ; 2.5V                ; --           ;                 ; --       ; --           ;
; J14      ; 476        ; 8A             ; output_data[37]                 ; output ; 2.5 V        ;                     ; Column I/O   ; N               ; no       ; Off          ;
; J15      ;            ;                ; DNU                             ;        ;              ;                     ; --           ;                 ; --       ; --           ;
; J16      ;            ; --             ; VCC_AUX                         ; power  ;              ; 2.5V                ; --           ;                 ; --       ; --           ;
; J17      ;            ; 7C             ; VCCPD7C_HPS                     ; power  ;              ; 2.5V                ; --           ;                 ; --       ; --           ;
; J18      ;            ;                ; GND                             ; gnd    ;              ;                     ; --           ;                 ; --       ; --           ;
; J19      ; 408        ; 7B             ; RESERVED_INPUT_WITH_WEAK_PULLUP ;        ;              ;                     ; Column I/O   ;                 ; no       ; On           ;
; J20      ;            ; --             ; VCCRSTCLK_HPS                   ; power  ;              ; 1.8V/2.5V/3.0V/3.3V ; --           ;                 ; --       ; --           ;
; J21      ;            ; --             ; VCC_AUX_SHARED                  ; power  ;              ; 2.5V                ; --           ;                 ; --       ; --           ;
; J22      ; 372        ; 7A             ; ^GND                            ;        ;              ;                     ; --           ;                 ; --       ; --           ;
; J23      ; 354        ; 6A             ; RESERVED_INPUT_WITH_WEAK_PULLUP ;        ;              ;                     ; Row I/O      ;                 ; no       ; On           ;
; J24      ; 352        ; 6A             ; RESERVED_INPUT_WITH_WEAK_PULLUP ;        ;              ;                     ; Row I/O      ;                 ; no       ; On           ;
; J25      ; 344        ; 6A             ; RESERVED_INPUT_WITH_WEAK_PULLUP ;        ;              ;                     ; Row I/O      ;                 ; no       ; On           ;
; J26      ; 323        ; 6A             ; RESERVED_INPUT_WITH_WEAK_PULLUP ;        ;              ;                     ; Row I/O      ;                 ; no       ; On           ;
; J27      ; 346        ; 6A             ; RESERVED_INPUT_WITH_WEAK_PULLUP ;        ;              ;                     ; Row I/O      ;                 ; no       ; On           ;
; J28      ;            ;                ; GND                             ; gnd    ;              ;                     ; --           ;                 ; --       ; --           ;
; J29      ; 327        ; 6A             ; RESERVED_INPUT_WITH_WEAK_PULLUP ;        ;              ;                     ; Row I/O      ;                 ; no       ; On           ;
; J30      ; 329        ; 6A             ; RESERVED_INPUT_WITH_WEAK_PULLUP ;        ;              ;                     ; Row I/O      ;                 ; no       ; On           ;
; K1       ;            ;                ; GND                             ; gnd    ;              ;                     ; --           ;                 ; --       ; --           ;
; K2       ;            ;                ; GND                             ; gnd    ;              ;                     ; --           ;                 ; --       ; --           ;
; K3       ;            ;                ; DNU                             ;        ;              ;                     ; --           ;                 ; --       ; --           ;
; K4       ;            ;                ; DNU                             ;        ;              ;                     ; --           ;                 ; --       ; --           ;
; K5       ;            ;                ; GND                             ; gnd    ;              ;                     ; --           ;                 ; --       ; --           ;
; K6       ; 540        ; 9A             ; ^MSEL1                          ;        ;              ;                     ; --           ;                 ; --       ; --           ;
; K7       ; 522        ; 8A             ; debug_cycles[13]                ; output ; 2.5 V        ;                     ; Column I/O   ; N               ; no       ; Off          ;
; K8       ; 524        ; 8A             ; debug_cycles[25]                ; output ; 2.5 V        ;                     ; Column I/O   ; N               ; no       ; Off          ;
; K9       ;            ; --             ; VCCA_FPLL                       ; power  ;              ; 2.5V                ; --           ;                 ; --       ; --           ;
; K10      ;            ;                ; GND                             ; gnd    ;              ;                     ; --           ;                 ; --       ; --           ;
; K11      ;            ; 8A             ; VCCPD8A                         ; power  ;              ; 2.5V                ; --           ;                 ; --       ; --           ;
; K12      ; 514        ; 8A             ; debug_cycles[17]                ; output ; 2.5 V        ;                     ; Column I/O   ; N               ; no       ; Off          ;
; K13      ;            ; 8A             ; VCCPD8A                         ; power  ;              ; 2.5V                ; --           ;                 ; --       ; --           ;
; K14      ; 474        ; 8A             ; input_data[1]                   ; input  ; 2.5 V        ;                     ; Column I/O   ; N               ; no       ; Off          ;
; K15      ;            ;                ; GND                             ; gnd    ;              ;                     ; --           ;                 ; --       ; --           ;
; K16      ;            ; 7D             ; VCCPD7D_HPS                     ; power  ;              ; 2.5V                ; --           ;                 ; --       ; --           ;
; K17      ; 414        ; 7B             ; RESERVED_INPUT_WITH_WEAK_PULLUP ;        ;              ;                     ; Column I/O   ;                 ; no       ; On           ;
; K18      ;            ; 7B             ; VCCPD7B_HPS                     ; power  ;              ; 2.5V                ; --           ;                 ; --       ; --           ;
; K19      ;            ; 7A             ; VCCPD7A_HPS                     ; power  ;              ; 2.5V                ; --           ;                 ; --       ; --           ;
; K20      ;            ;                ; GND                             ; gnd    ;              ;                     ; --           ;                 ; --       ; --           ;
; K21      ; 366        ; 6A             ; RESERVED_INPUT_WITH_WEAK_PULLUP ;        ;              ;                     ; Row I/O      ;                 ; no       ; On           ;
; K22      ; 336        ; 6A             ; RESERVED_INPUT_WITH_WEAK_PULLUP ;        ;              ;                     ; Row I/O      ;                 ; no       ; On           ;
; K23      ; 338        ; 6A             ; RESERVED_INPUT_WITH_WEAK_PULLUP ;        ;              ;                     ; Row I/O      ;                 ; no       ; On           ;
; K24      ;            ; 6A             ; VCCIO6A_HPS                     ; power  ;              ; 2.5V                ; --           ;                 ; --       ; --           ;
; K25      ;            ;                ; GND                             ; gnd    ;              ;                     ; --           ;                 ; --       ; --           ;
; K26      ; 322        ; 6A             ; RESERVED_INPUT_WITH_WEAK_PULLUP ;        ;              ;                     ; Row I/O      ;                 ; no       ; On           ;
; K27      ; 319        ; 6A             ; RESERVED_INPUT_WITH_WEAK_PULLUP ;        ;              ;                     ; Row I/O      ;                 ; no       ; On           ;
; K28      ; 325        ; 6A             ; RESERVED_INPUT_WITH_WEAK_PULLUP ;        ;              ;                     ; Row I/O      ;                 ; no       ; On           ;
; K29      ; 321        ; 6A             ; RESERVED_INPUT_WITH_WEAK_PULLUP ;        ;              ;                     ; Row I/O      ;                 ; no       ; On           ;
; K30      ;            ; 6A             ; VCCIO6A_HPS                     ; power  ;              ; 2.5V                ; --           ;                 ; --       ; --           ;
; L1       ;            ;                ; GND                             ; gnd    ;              ;                     ; --           ;                 ; --       ; --           ;
; L2       ;            ;                ; GND                             ; gnd    ;              ;                     ; --           ;                 ; --       ; --           ;
; L3       ;            ;                ; GND                             ; gnd    ;              ;                     ; --           ;                 ; --       ; --           ;
; L4       ;            ;                ; GND                             ; gnd    ;              ;                     ; --           ;                 ; --       ; --           ;
; L5       ;            ; --             ; VCC                             ; power  ;              ; 1.1V                ; --           ;                 ; --       ; --           ;
; L6       ;            ;                ; GND                             ; gnd    ;              ;                     ; --           ;                 ; --       ; --           ;
; L7       ; 544        ; 9A             ; ^MSEL3                          ;        ;              ;                     ; --           ;                 ; --       ; --           ;
; L8       ; 538        ; 9A             ; ^MSEL0                          ;        ;              ;                     ; --           ;                 ; --       ; --           ;
; L9       ; 546        ; 9A             ; ^MSEL4                          ;        ;              ;                     ; --           ;                 ; --       ; --           ;
; L10      ;            ; 8A             ; VCCPD8A                         ; power  ;              ; 2.5V                ; --           ;                 ; --       ; --           ;
; L11      ;            ;                ; GND                             ; gnd    ;              ;                     ; --           ;                 ; --       ; --           ;
; L12      ;            ; 8A             ; VCCPD8A                         ; power  ;              ; 2.5V                ; --           ;                 ; --       ; --           ;
; L13      ;            ;                ; GND                             ; gnd    ;              ;                     ; --           ;                 ; --       ; --           ;
; L14      ;            ; 8A             ; VCCPD8A                         ; power  ;              ; 2.5V                ; --           ;                 ; --       ; --           ;
; L15      ;            ;                ; GND                             ; gnd    ;              ;                     ; --           ;                 ; --       ; --           ;
; L16      ;            ; --             ; VCC_HPS                         ; power  ;              ; 1.1V                ; --           ;                 ; --       ; --           ;
; L17      ;            ;                ; GND                             ; gnd    ;              ;                     ; --           ;                 ; --       ; --           ;
; L18      ;            ; --             ; VCC_HPS                         ; power  ;              ; 1.1V                ; --           ;                 ; --       ; --           ;
; L19      ;            ;                ; GND                             ; gnd    ;              ;                     ; --           ;                 ; --       ; --           ;
; L20      ;            ; --             ; VCC_HPS                         ; power  ;              ; 1.1V                ; --           ;                 ; --       ; --           ;
; L21      ;            ; --             ; VCCPLL_HPS                      ; power  ;              ; 2.5V                ; --           ;                 ; --       ; --           ;
; L22      ;            ;                ; GND                             ; gnd    ;              ;                     ; --           ;                 ; --       ; --           ;
; L23      ; 350        ; 6A             ; RESERVED_INPUT_WITH_WEAK_PULLUP ;        ;              ;                     ; Row I/O      ;                 ; no       ; On           ;
; L24      ; 328        ; 6A             ; RESERVED_INPUT_WITH_WEAK_PULLUP ;        ;              ;                     ; Row I/O      ;                 ; no       ; On           ;
; L25      ; 330        ; 6A             ; RESERVED_INPUT_WITH_WEAK_PULLUP ;        ;              ;                     ; Row I/O      ;                 ; no       ; On           ;
; L26      ; 320        ; 6A             ; RESERVED_INPUT_WITH_WEAK_PULLUP ;        ;              ;                     ; Row I/O      ;                 ; no       ; On           ;
; L27      ;            ; 6A             ; VCCIO6A_HPS                     ; power  ;              ; 2.5V                ; --           ;                 ; --       ; --           ;
; L28      ; 313        ; 6A             ; RESERVED_INPUT_WITH_WEAK_PULLUP ;        ;              ;                     ; Row I/O      ;                 ; no       ; On           ;
; L29      ; 315        ; 6A             ; RESERVED_INPUT_WITH_WEAK_PULLUP ;        ;              ;                     ; Row I/O      ;                 ; no       ; On           ;
; L30      ; 317        ; 6A             ; RESERVED_INPUT_WITH_WEAK_PULLUP ;        ;              ;                     ; Row I/O      ;                 ; no       ; On           ;
; M1       ;            ;                ; GND                             ; gnd    ;              ;                     ; --           ;                 ; --       ; --           ;
; M2       ;            ;                ; GND                             ; gnd    ;              ;                     ; --           ;                 ; --       ; --           ;
; M3       ;            ;                ; DNU                             ;        ;              ;                     ; --           ;                 ; --       ; --           ;
; M4       ;            ;                ; DNU                             ;        ;              ;                     ; --           ;                 ; --       ; --           ;
; M5       ;            ;                ; GND                             ; gnd    ;              ;                     ; --           ;                 ; --       ; --           ;
; M6       ;            ; --             ; VCC                             ; power  ;              ; 1.1V                ; --           ;                 ; --       ; --           ;
; M7       ;            ;                ; GND                             ; gnd    ;              ;                     ; --           ;                 ; --       ; --           ;
; M8       ;            ;                ; GND                             ; gnd    ;              ;                     ; --           ;                 ; --       ; --           ;
; M9       ;            ; --             ; VCC                             ; power  ;              ; 1.1V                ; --           ;                 ; --       ; --           ;
; M10      ;            ;                ; GND                             ; gnd    ;              ;                     ; --           ;                 ; --       ; --           ;
; M11      ;            ; --             ; VCC                             ; power  ;              ; 1.1V                ; --           ;                 ; --       ; --           ;
; M12      ;            ;                ; GND                             ; gnd    ;              ;                     ; --           ;                 ; --       ; --           ;
; M13      ;            ; --             ; VCC                             ; power  ;              ; 1.1V                ; --           ;                 ; --       ; --           ;
; M14      ;            ;                ; GND                             ; gnd    ;              ;                     ; --           ;                 ; --       ; --           ;
; M15      ;            ; --             ; VCC_HPS                         ; power  ;              ; 1.1V                ; --           ;                 ; --       ; --           ;
; M16      ;            ;                ; GND                             ; gnd    ;              ;                     ; --           ;                 ; --       ; --           ;
; M17      ; 450        ; 7D             ; RESERVED_INPUT_WITH_WEAK_PULLUP ;        ;              ;                     ; Column I/O   ;                 ; no       ; On           ;
; M18      ;            ;                ; GND                             ; gnd    ;              ;                     ; --           ;                 ; --       ; --           ;
; M19      ; 334        ; 6A             ; RESERVED_INPUT_WITH_WEAK_PULLUP ;        ;              ;                     ; Row I/O      ;                 ; no       ; On           ;
; M20      ;            ;                ; GND                             ; gnd    ;              ;                     ; --           ;                 ; --       ; --           ;
; M21      ;            ; 6A, 6B         ; VCCPD6A6B_HPS                   ; power  ;              ; 2.5V                ; --           ;                 ; --       ; --           ;
; M22      ; 308        ; 6A             ; RESERVED_INPUT_WITH_WEAK_PULLUP ;        ;              ;                     ; Row I/O      ;                 ; no       ; On           ;
; M23      ; 348        ; 6A             ; RESERVED_INPUT_WITH_WEAK_PULLUP ;        ;              ;                     ; Row I/O      ;                 ; no       ; On           ;
; M24      ;            ; 6A             ; VCCIO6A_HPS                     ; power  ;              ; 2.5V                ; --           ;                 ; --       ; --           ;
; M25      ; 324        ; 6A             ; RESERVED_INPUT_WITH_WEAK_PULLUP ;        ;              ;                     ; Row I/O      ;                 ; no       ; On           ;
; M26      ; 314        ; 6A             ; RESERVED_INPUT_WITH_WEAK_PULLUP ;        ;              ;                     ; Row I/O      ;                 ; no       ; On           ;
; M27      ; 312        ; 6A             ; RESERVED_INPUT_WITH_WEAK_PULLUP ;        ;              ;                     ; Row I/O      ;                 ; no       ; On           ;
; M28      ; 309        ; 6A             ; RESERVED_INPUT_WITH_WEAK_PULLUP ;        ;              ;                     ; Row I/O      ;                 ; no       ; On           ;
; M29      ;            ;                ; GND                             ; gnd    ;              ;                     ; --           ;                 ; --       ; --           ;
; M30      ; 311        ; 6A             ; RESERVED_INPUT_WITH_WEAK_PULLUP ;        ;              ;                     ; Row I/O      ;                 ; no       ; On           ;
; N1       ;            ;                ; GND                             ; gnd    ;              ;                     ; --           ;                 ; --       ; --           ;
; N2       ;            ;                ; GND                             ; gnd    ;              ;                     ; --           ;                 ; --       ; --           ;
; N3       ;            ;                ; GND                             ; gnd    ;              ;                     ; --           ;                 ; --       ; --           ;
; N4       ;            ;                ; GND                             ; gnd    ;              ;                     ; --           ;                 ; --       ; --           ;
; N5       ;            ; --             ; VCC                             ; power  ;              ; 1.1V                ; --           ;                 ; --       ; --           ;
; N6       ;            ;                ; GND                             ; gnd    ;              ;                     ; --           ;                 ; --       ; --           ;
; N7       ;            ; --             ; VCCA_FPLL                       ; power  ;              ; 2.5V                ; --           ;                 ; --       ; --           ;
; N8       ;            ;                ; GND                             ; gnd    ;              ;                     ; --           ;                 ; --       ; --           ;
; N9       ;            ;                ; GND                             ; gnd    ;              ;                     ; --           ;                 ; --       ; --           ;
; N10      ;            ; --             ; VCC                             ; power  ;              ; 1.1V                ; --           ;                 ; --       ; --           ;
; N11      ;            ;                ; GND                             ; gnd    ;              ;                     ; --           ;                 ; --       ; --           ;
; N12      ;            ; --             ; VCC                             ; power  ;              ; 1.1V                ; --           ;                 ; --       ; --           ;
; N13      ;            ;                ; GND                             ; gnd    ;              ;                     ; --           ;                 ; --       ; --           ;
; N14      ;            ; --             ; VCC                             ; power  ;              ; 1.1V                ; --           ;                 ; --       ; --           ;
; N15      ;            ;                ; GND                             ; gnd    ;              ;                     ; --           ;                 ; --       ; --           ;
; N16      ; 452        ; 7D             ; RESERVED_INPUT_WITH_WEAK_PULLUP ;        ;              ;                     ; Column I/O   ;                 ; no       ; On           ;
; N17      ;            ;                ; GND                             ; gnd    ;              ;                     ; --           ;                 ; --       ; --           ;
; N18      ; 332        ; 6A             ; RESERVED_INPUT_WITH_WEAK_PULLUP ;        ;              ;                     ; Row I/O      ;                 ; no       ; On           ;
; N19      ;            ;                ; GND                             ; gnd    ;              ;                     ; --           ;                 ; --       ; --           ;
; N20      ;            ; --             ; VCC_HPS                         ; power  ;              ; 1.1V                ; --           ;                 ; --       ; --           ;
; N21      ;            ; 6A             ; VCCIO6A_HPS                     ; power  ;              ; 2.5V                ; --           ;                 ; --       ; --           ;
; N22      ;            ; 6A, 6B         ; VCCPD6A6B_HPS                   ; power  ;              ; 2.5V                ; --           ;                 ; --       ; --           ;
; N23      ; 310        ; 6A             ; RESERVED_INPUT_WITH_WEAK_PULLUP ;        ;              ;                     ; Row I/O      ;                 ; no       ; On           ;
; N24      ; 318        ; 6A             ; RESERVED_INPUT_WITH_WEAK_PULLUP ;        ;              ;                     ; Row I/O      ;                 ; no       ; On           ;
; N25      ; 316        ; 6A             ; RESERVED_INPUT_WITH_WEAK_PULLUP ;        ;              ;                     ; Row I/O      ;                 ; no       ; On           ;
; N26      ;            ;                ; GND                             ; gnd    ;              ;                     ; --           ;                 ; --       ; --           ;
; N27      ; 297        ; 6B             ; RESERVED_INPUT_WITH_WEAK_PULLUP ;        ;              ;                     ; Row I/O      ;                 ; no       ; On           ;
; N28      ; 303        ; 6B             ; RESERVED_INPUT_WITH_WEAK_PULLUP ;        ;              ;                     ; Row I/O      ;                 ; no       ; On           ;
; N29      ; 305        ; 6B             ; RESERVED_INPUT_WITH_WEAK_PULLUP ;        ;              ;                     ; Row I/O      ;                 ; no       ; On           ;
; N30      ; 307        ; 6B             ; RESERVED_INPUT_WITH_WEAK_PULLUP ;        ;              ;                     ; Row I/O      ;                 ; no       ; On           ;
; P1       ;            ;                ; GND                             ; gnd    ;              ;                     ; --           ;                 ; --       ; --           ;
; P2       ;            ;                ; GND                             ; gnd    ;              ;                     ; --           ;                 ; --       ; --           ;
; P3       ;            ;                ; DNU                             ;        ;              ;                     ; --           ;                 ; --       ; --           ;
; P4       ;            ;                ; DNU                             ;        ;              ;                     ; --           ;                 ; --       ; --           ;
; P5       ;            ;                ; GND                             ; gnd    ;              ;                     ; --           ;                 ; --       ; --           ;
; P6       ;            ; --             ; VCCA_FPLL                       ; power  ;              ; 2.5V                ; --           ;                 ; --       ; --           ;
; P7       ;            ;                ; GND                             ; gnd    ;              ;                     ; --           ;                 ; --       ; --           ;
; P8       ;            ;                ; GND                             ; gnd    ;              ;                     ; --           ;                 ; --       ; --           ;
; P9       ;            ;                ; GND                             ; gnd    ;              ;                     ; --           ;                 ; --       ; --           ;
; P10      ;            ;                ; GND                             ; gnd    ;              ;                     ; --           ;                 ; --       ; --           ;
; P11      ;            ; --             ; VCC                             ; power  ;              ; 1.1V                ; --           ;                 ; --       ; --           ;
; P12      ;            ;                ; GND                             ; gnd    ;              ;                     ; --           ;                 ; --       ; --           ;
; P13      ;            ; --             ; VCC                             ; power  ;              ; 1.1V                ; --           ;                 ; --       ; --           ;
; P14      ;            ;                ; GND                             ; gnd    ;              ;                     ; --           ;                 ; --       ; --           ;
; P15      ;            ; --             ; VCC_HPS                         ; power  ;              ; 1.1V                ; --           ;                 ; --       ; --           ;
; P16      ;            ;                ; GND                             ; gnd    ;              ;                     ; --           ;                 ; --       ; --           ;
; P17      ;            ; --             ; VCC_HPS                         ; power  ;              ; 1.1V                ; --           ;                 ; --       ; --           ;
; P18      ;            ;                ; GND                             ; gnd    ;              ;                     ; --           ;                 ; --       ; --           ;
; P19      ;            ; --             ; VCC_HPS                         ; power  ;              ; 1.1V                ; --           ;                 ; --       ; --           ;
; P20      ;            ;                ; GND                             ; gnd    ;              ;                     ; --           ;                 ; --       ; --           ;
; P21      ;            ; 6A, 6B         ; VCCPD6A6B_HPS                   ; power  ;              ; 2.5V                ; --           ;                 ; --       ; --           ;
; P22      ; 294        ; 6B             ; RESERVED_INPUT_WITH_WEAK_PULLUP ;        ;              ;                     ; Row I/O      ;                 ; no       ; On           ;
; P23      ;            ; 6B             ; VCCIO6B_HPS                     ; power  ;              ; 2.5V                ; --           ;                 ; --       ; --           ;
; P24      ; 290        ; 6B             ; RESERVED_INPUT_WITH_WEAK_PULLUP ;        ;              ;                     ; Row I/O      ;                 ; no       ; On           ;
; P25      ; 288        ; 6B             ; RESERVED_INPUT_WITH_WEAK_PULLUP ;        ;              ;                     ; Row I/O      ;                 ; no       ; On           ;
; P26      ; 298        ; 6B             ; RESERVED_INPUT_WITH_WEAK_PULLUP ;        ;              ;                     ; Row I/O      ;                 ; no       ; On           ;
; P27      ; 296        ; 6B             ; RESERVED_INPUT_WITH_WEAK_PULLUP ;        ;              ;                     ; Row I/O      ;                 ; no       ; On           ;
; P28      ;            ; 6B             ; VCCIO6B_HPS                     ; power  ;              ; 2.5V                ; --           ;                 ; --       ; --           ;
; P29      ; 299        ; 6B             ; RESERVED_INPUT_WITH_WEAK_PULLUP ;        ;              ;                     ; Row I/O      ;                 ; no       ; On           ;
; P30      ; 301        ; 6B             ; RESERVED_INPUT_WITH_WEAK_PULLUP ;        ;              ;                     ; Row I/O      ;                 ; no       ; On           ;
; R1       ;            ;                ; GND                             ; gnd    ;              ;                     ; --           ;                 ; --       ; --           ;
; R2       ;            ;                ; GND                             ; gnd    ;              ;                     ; --           ;                 ; --       ; --           ;
; R3       ;            ;                ; GND                             ; gnd    ;              ;                     ; --           ;                 ; --       ; --           ;
; R4       ;            ;                ; GND                             ; gnd    ;              ;                     ; --           ;                 ; --       ; --           ;
; R5       ;            ; --             ; VCC                             ; power  ;              ; 1.1V                ; --           ;                 ; --       ; --           ;
; R6       ;            ;                ; GND                             ; gnd    ;              ;                     ; --           ;                 ; --       ; --           ;
; R7       ;            ; --             ; VCCA_FPLL                       ; power  ;              ; 2.5V                ; --           ;                 ; --       ; --           ;
; R8       ;            ;                ; GND                             ; gnd    ;              ;                     ; --           ;                 ; --       ; --           ;
; R9       ;            ;                ; GND                             ; gnd    ;              ;                     ; --           ;                 ; --       ; --           ;
; R10      ;            ; --             ; VCC                             ; power  ;              ; 1.1V                ; --           ;                 ; --       ; --           ;
; R11      ;            ;                ; GND                             ; gnd    ;              ;                     ; --           ;                 ; --       ; --           ;
; R12      ;            ; --             ; VCC                             ; power  ;              ; 1.1V                ; --           ;                 ; --       ; --           ;
; R13      ;            ;                ; GND                             ; gnd    ;              ;                     ; --           ;                 ; --       ; --           ;
; R14      ;            ; --             ; VCC                             ; power  ;              ; 1.1V                ; --           ;                 ; --       ; --           ;
; R15      ;            ;                ; GND                             ; gnd    ;              ;                     ; --           ;                 ; --       ; --           ;
; R16      ;            ; --             ; VCC_HPS                         ; power  ;              ; 1.1V                ; --           ;                 ; --       ; --           ;
; R17      ;            ;                ; GND                             ; gnd    ;              ;                     ; --           ;                 ; --       ; --           ;
; R18      ; 302        ; 6B             ; RESERVED_INPUT_WITH_WEAK_PULLUP ;        ;              ;                     ; Row I/O      ;                 ; no       ; On           ;
; R19      ; 300        ; 6B             ; RESERVED_INPUT_WITH_WEAK_PULLUP ;        ;              ;                     ; Row I/O      ;                 ; no       ; On           ;
; R20      ;            ; 6A, 6B         ; VCCPD6A6B_HPS                   ; power  ;              ; 2.5V                ; --           ;                 ; --       ; --           ;
; R21      ; 286        ; 6B             ; RESERVED_INPUT_WITH_WEAK_PULLUP ;        ;              ;                     ; Row I/O      ;                 ; no       ; On           ;
; R22      ; 284        ; 6B             ; RESERVED_INPUT_WITH_WEAK_PULLUP ;        ;              ;                     ; Row I/O      ;                 ; no       ; On           ;
; R23      ;            ; 6A, 6B         ; VCCPD6A6B_HPS                   ; power  ;              ; 2.5V                ; --           ;                 ; --       ; --           ;
; R24      ; 272        ; 6B             ; RESERVED_INPUT_WITH_WEAK_PULLUP ;        ;              ;                     ; Row I/O      ;                 ; no       ; On           ;
; R25      ;            ; 6B             ; VCCIO6B_HPS                     ; power  ;              ; 2.5V                ; --           ;                 ; --       ; --           ;
; R26      ; 280        ; 6B             ; RESERVED_INPUT_WITH_WEAK_PULLUP ;        ;              ;                     ; Row I/O      ;                 ; no       ; On           ;
; R27      ; 282        ; 6B             ; RESERVED_INPUT_WITH_WEAK_PULLUP ;        ;              ;                     ; Row I/O      ;                 ; no       ; On           ;
; R28      ; 293        ; 6B             ; RESERVED_INPUT_WITH_WEAK_PULLUP ;        ;              ;                     ; Row I/O      ;                 ; no       ; On           ;
; R29      ; 295        ; 6B             ; RESERVED_INPUT_WITH_WEAK_PULLUP ;        ;              ;                     ; Row I/O      ;                 ; no       ; On           ;
; R30      ;            ;                ; GND                             ; gnd    ;              ;                     ; --           ;                 ; --       ; --           ;
; T1       ;            ;                ; GND                             ; gnd    ;              ;                     ; --           ;                 ; --       ; --           ;
; T2       ;            ;                ; GND                             ; gnd    ;              ;                     ; --           ;                 ; --       ; --           ;
; T3       ;            ;                ; DNU                             ;        ;              ;                     ; --           ;                 ; --       ; --           ;
; T4       ;            ;                ; DNU                             ;        ;              ;                     ; --           ;                 ; --       ; --           ;
; T5       ;            ;                ; GND                             ; gnd    ;              ;                     ; --           ;                 ; --       ; --           ;
; T6       ;            ; --             ; VCC                             ; power  ;              ; 1.1V                ; --           ;                 ; --       ; --           ;
; T7       ;            ;                ; GND                             ; gnd    ;              ;                     ; --           ;                 ; --       ; --           ;
; T8       ;            ;                ; GND                             ; gnd    ;              ;                     ; --           ;                 ; --       ; --           ;
; T9       ;            ;                ; GND                             ; gnd    ;              ;                     ; --           ;                 ; --       ; --           ;
; T10      ;            ;                ; GND                             ; gnd    ;              ;                     ; --           ;                 ; --       ; --           ;
; T11      ;            ; --             ; VCC                             ; power  ;              ; 1.1V                ; --           ;                 ; --       ; --           ;
; T12      ;            ;                ; GND                             ; gnd    ;              ;                     ; --           ;                 ; --       ; --           ;
; T13      ;            ; --             ; VCC                             ; power  ;              ; 1.1V                ; --           ;                 ; --       ; --           ;
; T14      ;            ;                ; GND                             ; gnd    ;              ;                     ; --           ;                 ; --       ; --           ;
; T15      ;            ;                ; GND                             ; gnd    ;              ;                     ; --           ;                 ; --       ; --           ;
; T16      ;            ;                ; GND                             ; gnd    ;              ;                     ; --           ;                 ; --       ; --           ;
; T17      ;            ; --             ; VCC_HPS                         ; power  ;              ; 1.1V                ; --           ;                 ; --       ; --           ;
; T18      ;            ;                ; GND                             ; gnd    ;              ;                     ; --           ;                 ; --       ; --           ;
; T19      ;            ; --             ; VCC_HPS                         ; power  ;              ; 1.1V                ; --           ;                 ; --       ; --           ;
; T20      ;            ;                ; GND                             ; gnd    ;              ;                     ; --           ;                 ; --       ; --           ;
; T21      ; 278        ; 6B             ; RESERVED_INPUT_WITH_WEAK_PULLUP ;        ;              ;                     ; Row I/O      ;                 ; no       ; On           ;
; T22      ;            ; 6B             ; VCCIO6B_HPS                     ; power  ;              ; 2.5V                ; --           ;                 ; --       ; --           ;
; T23      ; 270        ; 6B             ; RESERVED_INPUT_WITH_WEAK_PULLUP ;        ;              ;                     ; Row I/O      ;                 ; no       ; On           ;
; T24      ; 268        ; 6B             ; RESERVED_INPUT_WITH_WEAK_PULLUP ;        ;              ;                     ; Row I/O      ;                 ; no       ; On           ;
; T25      ; 266        ; 6B             ; RESERVED_INPUT_WITH_WEAK_PULLUP ;        ;              ;                     ; Row I/O      ;                 ; no       ; On           ;
; T26      ; 304        ; 6B             ; RESERVED_INPUT_WITH_WEAK_PULLUP ;        ;              ;                     ; Row I/O      ;                 ; no       ; On           ;
; T27      ;            ;                ; GND                             ; gnd    ;              ;                     ; --           ;                 ; --       ; --           ;
; T28      ; 287        ; 6B             ; RESERVED_INPUT_WITH_WEAK_PULLUP ;        ;              ;                     ; Row I/O      ;                 ; no       ; On           ;
; T29      ; 289        ; 6B             ; RESERVED_INPUT_WITH_WEAK_PULLUP ;        ;              ;                     ; Row I/O      ;                 ; no       ; On           ;
; T30      ; 291        ; 6B             ; RESERVED_INPUT_WITH_WEAK_PULLUP ;        ;              ;                     ; Row I/O      ;                 ; no       ; On           ;
; U1       ;            ;                ; GND                             ; gnd    ;              ;                     ; --           ;                 ; --       ; --           ;
; U2       ;            ;                ; GND                             ; gnd    ;              ;                     ; --           ;                 ; --       ; --           ;
; U3       ;            ;                ; GND                             ; gnd    ;              ;                     ; --           ;                 ; --       ; --           ;
; U4       ;            ;                ; GND                             ; gnd    ;              ;                     ; --           ;                 ; --       ; --           ;
; U5       ;            ; --             ; VCC                             ; power  ;              ; 1.1V                ; --           ;                 ; --       ; --           ;
; U6       ;            ;                ; GND                             ; gnd    ;              ;                     ; --           ;                 ; --       ; --           ;
; U7       ; 50         ; 3A             ; ^DCLK                           ;        ;              ;                     ; Weak Pull Up ;                 ; --       ; On           ;
; U8       ; 48         ; 3A             ; #TDI                            ; input  ;              ;                     ; --           ;                 ; --       ; --           ;
; U9       ;            ;                ; GND                             ; gnd    ;              ;                     ; --           ;                 ; --       ; --           ;
; U10      ;            ; --             ; VCC                             ; power  ;              ; 1.1V                ; --           ;                 ; --       ; --           ;
; U11      ;            ;                ; GND                             ; gnd    ;              ;                     ; --           ;                 ; --       ; --           ;
; U12      ;            ; --             ; VCC                             ; power  ;              ; 1.1V                ; --           ;                 ; --       ; --           ;
; U13      ;            ;                ; GND                             ; gnd    ;              ;                     ; --           ;                 ; --       ; --           ;
; U14      ;            ; --             ; VCC                             ; power  ;              ; 1.1V                ; --           ;                 ; --       ; --           ;
; U15      ;            ;                ; GND                             ; gnd    ;              ;                     ; --           ;                 ; --       ; --           ;
; U16      ;            ; --             ; VCC_HPS                         ; power  ;              ; 1.1V                ; --           ;                 ; --       ; --           ;
; U17      ;            ;                ; GND                             ; gnd    ;              ;                     ; --           ;                 ; --       ; --           ;
; U18      ;            ; --             ; VCC_HPS                         ; power  ;              ; 1.1V                ; --           ;                 ; --       ; --           ;
; U19      ;            ; 6B             ; VCCIO6B_HPS                     ; power  ;              ; 2.5V                ; --           ;                 ; --       ; --           ;
; U20      ; 276        ; 6B             ; RESERVED_INPUT_WITH_WEAK_PULLUP ;        ;              ;                     ; Row I/O      ;                 ; no       ; On           ;
; U21      ;            ; --             ; VCC                             ; power  ;              ; 1.1V                ; --           ;                 ; --       ; --           ;
; U22      ;            ;                ; GND                             ; gnd    ;              ;                     ; --           ;                 ; --       ; --           ;
; U23      ;            ; 5B             ; VCCPD5B                         ; power  ;              ; 2.5V                ; --           ;                 ; --       ; --           ;
; U24      ;            ;                ; GND                             ; gnd    ;              ;                     ; --           ;                 ; --       ; --           ;
; U25      ; 264        ; 6B             ; RESERVED_INPUT_WITH_WEAK_PULLUP ;        ;              ;                     ; Row I/O      ;                 ; no       ; On           ;
; U26      ; 306        ; 6B             ; RESERVED_INPUT_WITH_WEAK_PULLUP ;        ;              ;                     ; Row I/O      ;                 ; no       ; On           ;
; U27      ; 273        ; 6B             ; RESERVED_INPUT_WITH_WEAK_PULLUP ;        ;              ;                     ; Row I/O      ;                 ; no       ; On           ;
; U28      ; 285        ; 6B             ; RESERVED_INPUT_WITH_WEAK_PULLUP ;        ;              ;                     ; Row I/O      ;                 ; no       ; On           ;
; U29      ;            ;                ; GND                             ; gnd    ;              ;                     ; --           ;                 ; --       ; --           ;
; U30      ; 283        ; 6B             ; RESERVED_INPUT_WITH_WEAK_PULLUP ;        ;              ;                     ; Row I/O      ;                 ; --       ; --           ;
; V1       ;            ;                ; GND                             ; gnd    ;              ;                     ; --           ;                 ; --       ; --           ;
; V2       ;            ;                ; GND                             ; gnd    ;              ;                     ; --           ;                 ; --       ; --           ;
; V3       ;            ;                ; DNU                             ;        ;              ;                     ; --           ;                 ; --       ; --           ;
; V4       ;            ;                ; DNU                             ;        ;              ;                     ; --           ;                 ; --       ; --           ;
; V5       ;            ;                ; GND                             ; gnd    ;              ;                     ; --           ;                 ; --       ; --           ;
; V6       ;            ; --             ; VCCA_FPLL                       ; power  ;              ; 2.5V                ; --           ;                 ; --       ; --           ;
; V7       ;            ;                ; GND                             ; gnd    ;              ;                     ; --           ;                 ; --       ; --           ;
; V8       ;            ; --             ; VCCA_FPLL                       ; power  ;              ; 2.5V                ; --           ;                 ; --       ; --           ;
; V9       ; 44         ; 3A             ; #TMS                            ; input  ;              ;                     ; --           ;                 ; --       ; --           ;
; V10      ;            ;                ; GND                             ; gnd    ;              ;                     ; --           ;                 ; --       ; --           ;
; V11      ;            ; --             ; VCC                             ; power  ;              ; 1.1V                ; --           ;                 ; --       ; --           ;
; V12      ;            ;                ; GND                             ; gnd    ;              ;                     ; --           ;                 ; --       ; --           ;
; V13      ;            ; --             ; VCC                             ; power  ;              ; 1.1V                ; --           ;                 ; --       ; --           ;
; V14      ;            ;                ; GND                             ; gnd    ;              ;                     ; --           ;                 ; --       ; --           ;
; V15      ;            ; --             ; VCC                             ; power  ;              ; 1.1V                ; --           ;                 ; --       ; --           ;
; V16      ; 138        ; 4A             ; weight_data[12]                 ; input  ; 2.5 V        ;                     ; Column I/O   ; N               ; no       ; Off          ;
; V17      ; 154        ; 4A             ; bias_data[12]                   ; input  ; 2.5 V        ;                     ; Column I/O   ; N               ; no       ; Off          ;
; V18      ; 194        ; 4A             ; input_data[49]                  ; input  ; 2.5 V        ;                     ; Column I/O   ; N               ; no       ; Off          ;
; V19      ;            ;                ; GND                             ; gnd    ;              ;                     ; --           ;                 ; --       ; --           ;
; V20      ; 292        ; 6B             ; RESERVED_INPUT_WITH_WEAK_PULLUP ;        ;              ;                     ; Row I/O      ;                 ; no       ; On           ;
; V21      ;            ;                ; GND                             ; gnd    ;              ;                     ; --           ;                 ; --       ; --           ;
; V22      ;            ; 5A             ; VCCPD5A                         ; power  ;              ; 2.5V                ; --           ;                 ; --       ; --           ;
; V23      ; 236        ; 5A             ; output_data[58]                 ; output ; 2.5 V        ;                     ; Row I/O      ; N               ; no       ; Off          ;
; V24      ;            ; 5A             ; VCCPD5A                         ; power  ;              ; 2.5V                ; --           ;                 ; --       ; --           ;
; V25      ; 246        ; 5B             ; tensor_size[3]                  ; input  ; 2.5 V        ;                     ; Row I/O      ; N               ; no       ; Off          ;
; V26      ;            ; 6B             ; VCCIO6B_HPS                     ; power  ;              ; 2.5V                ; --           ;                 ; --       ; --           ;
; V27      ; 265        ; 6B             ; RESERVED_INPUT_WITH_WEAK_PULLUP ;        ;              ;                     ; Row I/O      ;                 ; no       ; On           ;
; V28      ; 271        ; 6B             ; RESERVED_INPUT_WITH_WEAK_PULLUP ;        ;              ;                     ; Row I/O      ;                 ; no       ; On           ;
; V29      ; 275        ; 6B             ; RESERVED_INPUT_WITH_WEAK_PULLUP ;        ;              ;                     ; Row I/O      ;                 ; no       ; On           ;
; V30      ; 281        ; 6B             ; RESERVED_INPUT_WITH_WEAK_PULLUP ;        ;              ;                     ; Row I/O      ;                 ; no       ; On           ;
; W1       ;            ;                ; GND                             ; gnd    ;              ;                     ; --           ;                 ; --       ; --           ;
; W2       ;            ;                ; GND                             ; gnd    ;              ;                     ; --           ;                 ; --       ; --           ;
; W3       ;            ;                ; GND                             ; gnd    ;              ;                     ; --           ;                 ; --       ; --           ;
; W4       ;            ;                ; GND                             ; gnd    ;              ;                     ; --           ;                 ; --       ; --           ;
; W5       ;            ; --             ; VCC                             ; power  ;              ; 1.1V                ; --           ;                 ; --       ; --           ;
; W6       ;            ;                ; GND                             ; gnd    ;              ;                     ; --           ;                 ; --       ; --           ;
; W7       ;            ;                ; GND                             ; gnd    ;              ;                     ; --           ;                 ; --       ; --           ;
; W8       ;            ;                ; GND                             ; gnd    ;              ;                     ; --           ;                 ; --       ; --           ;
; W9       ;            ;                ; GND                             ; gnd    ;              ;                     ; --           ;                 ; --       ; --           ;
; W10      ;            ; --             ; VCC                             ; power  ;              ; 1.1V                ; --           ;                 ; --       ; --           ;
; W11      ;            ;                ; GND                             ; gnd    ;              ;                     ; --           ;                 ; --       ; --           ;
; W12      ;            ; --             ; VCC                             ; power  ;              ; 1.1V                ; --           ;                 ; --       ; --           ;
; W13      ;            ;                ; GND                             ; gnd    ;              ;                     ; --           ;                 ; --       ; --           ;
; W14      ;            ; --             ; VCC                             ; power  ;              ; 1.1V                ; --           ;                 ; --       ; --           ;
; W15      ; 130        ; 3B             ; conv_stride[2]                  ; input  ; 2.5 V        ;                     ; Column I/O   ; N               ; no       ; Off          ;
; W16      ; 136        ; 4A             ; weight_data[11]                 ; input  ; 2.5 V        ;                     ; Column I/O   ; N               ; no       ; Off          ;
; W17      ; 152        ; 4A             ; pool_size[3]                    ; input  ; 2.5 V        ;                     ; Column I/O   ; N               ; no       ; Off          ;
; W18      ;            ;                ; GND                             ; gnd    ;              ;                     ; --           ;                 ; --       ; --           ;
; W19      ; 192        ; 4A             ; output_data[4]                  ; output ; 2.5 V        ;                     ; Column I/O   ; N               ; no       ; Off          ;
; W20      ; 217        ; 5A             ; alpha[3]                        ; input  ; 2.5 V        ;                     ; Row I/O      ; N               ; no       ; Off          ;
; W21      ; 221        ; 5A             ; input_data[11]                  ; input  ; 2.5 V        ;                     ; Row I/O      ; N               ; no       ; Off          ;
; W22      ; 223        ; 5A             ; input_valid                     ; input  ; 2.5 V        ;                     ; Row I/O      ; N               ; no       ; Off          ;
; W23      ;            ; 5A             ; VCCIO5A                         ; power  ;              ; 2.5V                ; --           ;                 ; --       ; --           ;
; W24      ; 238        ; 5A             ; output_data[59]                 ; output ; 2.5 V        ;                     ; Row I/O      ; N               ; no       ; Off          ;
; W25      ; 244        ; 5B             ; input_data[27]                  ; input  ; 2.5 V        ;                     ; Row I/O      ; N               ; no       ; Off          ;
; W26      ; 274        ; 6B             ; RESERVED_INPUT_WITH_WEAK_PULLUP ;        ;              ;                     ; Row I/O      ;                 ; no       ; On           ;
; W27      ; 261        ; 6B             ; RESERVED_INPUT_WITH_WEAK_PULLUP ;        ;              ;                     ; Row I/O      ;                 ; no       ; On           ;
; W28      ;            ;                ; GND                             ; gnd    ;              ;                     ; --           ;                 ; --       ; --           ;
; W29      ; 279        ; 6B             ; RESERVED_INPUT_WITH_WEAK_PULLUP ;        ;              ;                     ; Row I/O      ;                 ; no       ; On           ;
; W30      ; 277        ; 6B             ; RESERVED_INPUT_WITH_WEAK_PULLUP ;        ;              ;                     ; Row I/O      ;                 ; no       ; On           ;
; Y1       ;            ;                ; GND                             ; gnd    ;              ;                     ; --           ;                 ; --       ; --           ;
; Y2       ;            ;                ; GND                             ; gnd    ;              ;                     ; --           ;                 ; --       ; --           ;
; Y3       ;            ;                ; DNU                             ;        ;              ;                     ; --           ;                 ; --       ; --           ;
; Y4       ;            ;                ; DNU                             ;        ;              ;                     ; --           ;                 ; --       ; --           ;
; Y5       ;            ;                ; GND                             ; gnd    ;              ;                     ; --           ;                 ; --       ; --           ;
; Y6       ;            ; --             ; VCC                             ; power  ;              ; 1.1V                ; --           ;                 ; --       ; --           ;
; Y7       ;            ;                ; GND                             ; gnd    ;              ;                     ; --           ;                 ; --       ; --           ;
; Y8       ;            ;                ; GND                             ; gnd    ;              ;                     ; --           ;                 ; --       ; --           ;
; Y9       ;            ; --             ; VCC                             ; power  ;              ; 1.1V                ; --           ;                 ; --       ; --           ;
; Y10      ;            ;                ; GND                             ; gnd    ;              ;                     ; --           ;                 ; --       ; --           ;
; Y11      ;            ; --             ; VCC                             ; power  ;              ; 1.1V                ; --           ;                 ; --       ; --           ;
; Y12      ;            ;                ; GND                             ; gnd    ;              ;                     ; --           ;                 ; --       ; --           ;
; Y13      ;            ; --             ; VCC                             ; power  ;              ; 1.1V                ; --           ;                 ; --       ; --           ;
; Y14      ;            ;                ; GND                             ; gnd    ;              ;                     ; --           ;                 ; --       ; --           ;
; Y15      ;            ;                ; GND                             ; gnd    ;              ;                     ; --           ;                 ; --       ; --           ;
; Y16      ; 128        ; 3B             ; conv_stride[1]                  ; input  ; 2.5 V        ;                     ; Column I/O   ; N               ; no       ; Off          ;
; Y17      ; 170        ; 4A             ; input_data[52]                  ; input  ; 2.5 V        ;                     ; Column I/O   ; N               ; no       ; Off          ;
; Y18      ; 178        ; 4A             ; input_data[48]                  ; input  ; 2.5 V        ;                     ; Column I/O   ; N               ; no       ; Off          ;
; Y19      ; 202        ; 4A             ; input_data[16]                  ; input  ; 2.5 V        ;                     ; Column I/O   ; N               ; no       ; Off          ;
; Y20      ;            ;                ; GND                             ; gnd    ;              ;                     ; --           ;                 ; --       ; --           ;
; Y21      ; 219        ; 5A             ; input_data[60]                  ; input  ; 2.5 V        ;                     ; Row I/O      ; N               ; no       ; Off          ;
; Y22      ;            ; --             ; VCCA_FPLL                       ; power  ;              ; 2.5V                ; --           ;                 ; --       ; --           ;
; Y23      ; 232        ; 5A             ; input_data[50]                  ; input  ; 2.5 V        ;                     ; Row I/O      ; N               ; no       ; Off          ;
; Y24      ; 234        ; 5A             ; input_data[57]                  ; input  ; 2.5 V        ;                     ; Row I/O      ; N               ; no       ; Off          ;
; Y25      ;            ;                ; GND                             ; gnd    ;              ;                     ; --           ;                 ; --       ; --           ;
; Y26      ; 256        ; 5B             ; alpha[1]                        ; input  ; 2.5 V        ;                     ; Row I/O      ; N               ; no       ; Off          ;
; Y27      ; 258        ; 5B             ; RESERVED_INPUT_WITH_WEAK_PULLUP ;        ;              ;                     ; Row I/O      ;                 ; no       ; On           ;
; Y28      ; 269        ; 6B             ; RESERVED_INPUT_WITH_WEAK_PULLUP ;        ;              ;                     ; Row I/O      ;                 ; no       ; On           ;
; Y29      ; 263        ; 6B             ; RESERVED_INPUT_WITH_WEAK_PULLUP ;        ;              ;                     ; Row I/O      ;                 ; no       ; On           ;
; Y30      ;            ;                ; GND                             ; gnd    ;              ;                     ; --           ;                 ; --       ; --           ;
+----------+------------+----------------+---------------------------------+--------+--------------+---------------------+--------------+-----------------+----------+--------------+
Note: Pin directions (input, output or bidir) are based on device operating in user mode.


+------------------------------------------------------------+
; I/O Assignment Warnings                                    ;
+----------------------------+-------------------------------+
; Pin Name                   ; Reason                        ;
+----------------------------+-------------------------------+
; input_ready                ; Incomplete set of assignments ;
; weight_ready               ; Incomplete set of assignments ;
; bias_ready                 ; Incomplete set of assignments ;
; output_valid               ; Incomplete set of assignments ;
; output_data[0]             ; Incomplete set of assignments ;
; output_data[1]             ; Incomplete set of assignments ;
; output_data[2]             ; Incomplete set of assignments ;
; output_data[3]             ; Incomplete set of assignments ;
; output_data[4]             ; Incomplete set of assignments ;
; output_data[5]             ; Incomplete set of assignments ;
; output_data[6]             ; Incomplete set of assignments ;
; output_data[7]             ; Incomplete set of assignments ;
; output_data[8]             ; Incomplete set of assignments ;
; output_data[9]             ; Incomplete set of assignments ;
; output_data[10]            ; Incomplete set of assignments ;
; output_data[11]            ; Incomplete set of assignments ;
; output_data[12]            ; Incomplete set of assignments ;
; output_data[13]            ; Incomplete set of assignments ;
; output_data[14]            ; Incomplete set of assignments ;
; output_data[15]            ; Incomplete set of assignments ;
; output_data[16]            ; Incomplete set of assignments ;
; output_data[17]            ; Incomplete set of assignments ;
; output_data[18]            ; Incomplete set of assignments ;
; output_data[19]            ; Incomplete set of assignments ;
; output_data[20]            ; Incomplete set of assignments ;
; output_data[21]            ; Incomplete set of assignments ;
; output_data[22]            ; Incomplete set of assignments ;
; output_data[23]            ; Incomplete set of assignments ;
; output_data[24]            ; Incomplete set of assignments ;
; output_data[25]            ; Incomplete set of assignments ;
; output_data[26]            ; Incomplete set of assignments ;
; output_data[27]            ; Incomplete set of assignments ;
; output_data[28]            ; Incomplete set of assignments ;
; output_data[29]            ; Incomplete set of assignments ;
; output_data[30]            ; Incomplete set of assignments ;
; output_data[31]            ; Incomplete set of assignments ;
; output_data[32]            ; Incomplete set of assignments ;
; output_data[33]            ; Incomplete set of assignments ;
; output_data[34]            ; Incomplete set of assignments ;
; output_data[35]            ; Incomplete set of assignments ;
; output_data[36]            ; Incomplete set of assignments ;
; output_data[37]            ; Incomplete set of assignments ;
; output_data[38]            ; Incomplete set of assignments ;
; output_data[39]            ; Incomplete set of assignments ;
; output_data[40]            ; Incomplete set of assignments ;
; output_data[41]            ; Incomplete set of assignments ;
; output_data[42]            ; Incomplete set of assignments ;
; output_data[43]            ; Incomplete set of assignments ;
; output_data[44]            ; Incomplete set of assignments ;
; output_data[45]            ; Incomplete set of assignments ;
; output_data[46]            ; Incomplete set of assignments ;
; output_data[47]            ; Incomplete set of assignments ;
; output_data[48]            ; Incomplete set of assignments ;
; output_data[49]            ; Incomplete set of assignments ;
; output_data[50]            ; Incomplete set of assignments ;
; output_data[51]            ; Incomplete set of assignments ;
; output_data[52]            ; Incomplete set of assignments ;
; output_data[53]            ; Incomplete set of assignments ;
; output_data[54]            ; Incomplete set of assignments ;
; output_data[55]            ; Incomplete set of assignments ;
; output_data[56]            ; Incomplete set of assignments ;
; output_data[57]            ; Incomplete set of assignments ;
; output_data[58]            ; Incomplete set of assignments ;
; output_data[59]            ; Incomplete set of assignments ;
; output_data[60]            ; Incomplete set of assignments ;
; output_data[61]            ; Incomplete set of assignments ;
; output_data[62]            ; Incomplete set of assignments ;
; output_data[63]            ; Incomplete set of assignments ;
; output_ready               ; Incomplete set of assignments ;
; operation_done             ; Incomplete set of assignments ;
; operation_busy             ; Incomplete set of assignments ;
; current_operation[0]       ; Incomplete set of assignments ;
; current_operation[1]       ; Incomplete set of assignments ;
; debug_cycles[0]            ; Incomplete set of assignments ;
; debug_cycles[1]            ; Incomplete set of assignments ;
; debug_cycles[2]            ; Incomplete set of assignments ;
; debug_cycles[3]            ; Incomplete set of assignments ;
; debug_cycles[4]            ; Incomplete set of assignments ;
; debug_cycles[5]            ; Incomplete set of assignments ;
; debug_cycles[6]            ; Incomplete set of assignments ;
; debug_cycles[7]            ; Incomplete set of assignments ;
; debug_cycles[8]            ; Incomplete set of assignments ;
; debug_cycles[9]            ; Incomplete set of assignments ;
; debug_cycles[10]           ; Incomplete set of assignments ;
; debug_cycles[11]           ; Incomplete set of assignments ;
; debug_cycles[12]           ; Incomplete set of assignments ;
; debug_cycles[13]           ; Incomplete set of assignments ;
; debug_cycles[14]           ; Incomplete set of assignments ;
; debug_cycles[15]           ; Incomplete set of assignments ;
; debug_cycles[16]           ; Incomplete set of assignments ;
; debug_cycles[17]           ; Incomplete set of assignments ;
; debug_cycles[18]           ; Incomplete set of assignments ;
; debug_cycles[19]           ; Incomplete set of assignments ;
; debug_cycles[20]           ; Incomplete set of assignments ;
; debug_cycles[21]           ; Incomplete set of assignments ;
; debug_cycles[22]           ; Incomplete set of assignments ;
; debug_cycles[23]           ; Incomplete set of assignments ;
; debug_cycles[24]           ; Incomplete set of assignments ;
; debug_cycles[25]           ; Incomplete set of assignments ;
; debug_cycles[26]           ; Incomplete set of assignments ;
; debug_cycles[27]           ; Incomplete set of assignments ;
; debug_cycles[28]           ; Incomplete set of assignments ;
; debug_cycles[29]           ; Incomplete set of assignments ;
; debug_cycles[30]           ; Incomplete set of assignments ;
; debug_cycles[31]           ; Incomplete set of assignments ;
; debug_status[0]            ; Incomplete set of assignments ;
; debug_status[1]            ; Incomplete set of assignments ;
; debug_status[2]            ; Incomplete set of assignments ;
; debug_status[3]            ; Incomplete set of assignments ;
; debug_status[4]            ; Incomplete set of assignments ;
; debug_status[5]            ; Incomplete set of assignments ;
; debug_status[6]            ; Incomplete set of assignments ;
; debug_status[7]            ; Incomplete set of assignments ;
; pool_type.MAX_POOL         ; Incomplete set of assignments ;
; tensor_size[12]            ; Incomplete set of assignments ;
; tensor_size[11]            ; Incomplete set of assignments ;
; tensor_size[10]            ; Incomplete set of assignments ;
; tensor_size[9]             ; Incomplete set of assignments ;
; tensor_size[8]             ; Incomplete set of assignments ;
; tensor_size[7]             ; Incomplete set of assignments ;
; tensor_size[6]             ; Incomplete set of assignments ;
; tensor_size[5]             ; Incomplete set of assignments ;
; tensor_size[4]             ; Incomplete set of assignments ;
; tensor_size[3]             ; Incomplete set of assignments ;
; tensor_size[2]             ; Incomplete set of assignments ;
; tensor_size[1]             ; Incomplete set of assignments ;
; tensor_size[0]             ; Incomplete set of assignments ;
; alpha[0]                   ; Incomplete set of assignments ;
; alpha[1]                   ; Incomplete set of assignments ;
; alpha[2]                   ; Incomplete set of assignments ;
; alpha[3]                   ; Incomplete set of assignments ;
; alpha[4]                   ; Incomplete set of assignments ;
; alpha[5]                   ; Incomplete set of assignments ;
; alpha[6]                   ; Incomplete set of assignments ;
; alpha[7]                   ; Incomplete set of assignments ;
; alpha[8]                   ; Incomplete set of assignments ;
; alpha[9]                   ; Incomplete set of assignments ;
; alpha[10]                  ; Incomplete set of assignments ;
; alpha[11]                  ; Incomplete set of assignments ;
; alpha[12]                  ; Incomplete set of assignments ;
; alpha[13]                  ; Incomplete set of assignments ;
; alpha[14]                  ; Incomplete set of assignments ;
; alpha[15]                  ; Incomplete set of assignments ;
; activation_type.ELU        ; Incomplete set of assignments ;
; activation_type.TANH       ; Incomplete set of assignments ;
; activation_type.SIGMOID    ; Incomplete set of assignments ;
; activation_type.LEAKY_RELU ; Incomplete set of assignments ;
; activation_type.LINEAR     ; Incomplete set of assignments ;
; activation_type.RELU       ; Incomplete set of assignments ;
; pool_size[3]               ; Incomplete set of assignments ;
; pool_size[2]               ; Incomplete set of assignments ;
; pool_size[0]               ; Incomplete set of assignments ;
; pool_size[1]               ; Incomplete set of assignments ;
; bias_valid                 ; Incomplete set of assignments ;
; operation_select[0]        ; Incomplete set of assignments ;
; clk                        ; Incomplete set of assignments ;
; rst                        ; Incomplete set of assignments ;
; enable                     ; Incomplete set of assignments ;
; start_operation            ; Incomplete set of assignments ;
; operation_select[1]        ; Incomplete set of assignments ;
; conv_output_channels[0]    ; Incomplete set of assignments ;
; conv_output_channels[1]    ; Incomplete set of assignments ;
; conv_output_channels[2]    ; Incomplete set of assignments ;
; conv_input_channels[0]     ; Incomplete set of assignments ;
; conv_kernel_size[0]        ; Incomplete set of assignments ;
; conv_kernel_size[1]        ; Incomplete set of assignments ;
; conv_input_channels[1]     ; Incomplete set of assignments ;
; conv_input_channels[2]     ; Incomplete set of assignments ;
; conv_kernel_size[2]        ; Incomplete set of assignments ;
; batch_size[0]              ; Incomplete set of assignments ;
; batch_size[1]              ; Incomplete set of assignments ;
; batch_size[2]              ; Incomplete set of assignments ;
; pool_channels[2]           ; Incomplete set of assignments ;
; pool_channels[0]           ; Incomplete set of assignments ;
; pool_channels[1]           ; Incomplete set of assignments ;
; input_valid                ; Incomplete set of assignments ;
; weight_valid               ; Incomplete set of assignments ;
; pool_stride[3]             ; Incomplete set of assignments ;
; pool_stride[1]             ; Incomplete set of assignments ;
; pool_stride[0]             ; Incomplete set of assignments ;
; pool_stride[2]             ; Incomplete set of assignments ;
; bias_data[0]               ; Incomplete set of assignments ;
; input_data[0]              ; Incomplete set of assignments ;
; pool_type.AVERAGE_POOL     ; Incomplete set of assignments ;
; pool_type.SUM_POOL         ; Incomplete set of assignments ;
; pool_type.MIN_POOL         ; Incomplete set of assignments ;
; input_data[15]             ; Incomplete set of assignments ;
; input_data[14]             ; Incomplete set of assignments ;
; input_data[13]             ; Incomplete set of assignments ;
; input_data[12]             ; Incomplete set of assignments ;
; input_data[11]             ; Incomplete set of assignments ;
; input_data[10]             ; Incomplete set of assignments ;
; input_data[9]              ; Incomplete set of assignments ;
; input_data[8]              ; Incomplete set of assignments ;
; input_data[7]              ; Incomplete set of assignments ;
; input_data[6]              ; Incomplete set of assignments ;
; input_data[5]              ; Incomplete set of assignments ;
; input_data[4]              ; Incomplete set of assignments ;
; input_data[3]              ; Incomplete set of assignments ;
; input_data[2]              ; Incomplete set of assignments ;
; input_data[1]              ; Incomplete set of assignments ;
; bias_data[1]               ; Incomplete set of assignments ;
; bias_data[2]               ; Incomplete set of assignments ;
; bias_data[3]               ; Incomplete set of assignments ;
; bias_data[4]               ; Incomplete set of assignments ;
; bias_data[5]               ; Incomplete set of assignments ;
; bias_data[6]               ; Incomplete set of assignments ;
; bias_data[7]               ; Incomplete set of assignments ;
; bias_data[8]               ; Incomplete set of assignments ;
; bias_data[9]               ; Incomplete set of assignments ;
; bias_data[10]              ; Incomplete set of assignments ;
; bias_data[11]              ; Incomplete set of assignments ;
; bias_data[12]              ; Incomplete set of assignments ;
; bias_data[13]              ; Incomplete set of assignments ;
; bias_data[14]              ; Incomplete set of assignments ;
; bias_data[15]              ; Incomplete set of assignments ;
; input_data[16]             ; Incomplete set of assignments ;
; input_data[31]             ; Incomplete set of assignments ;
; input_data[30]             ; Incomplete set of assignments ;
; input_data[29]             ; Incomplete set of assignments ;
; input_data[28]             ; Incomplete set of assignments ;
; input_data[27]             ; Incomplete set of assignments ;
; input_data[26]             ; Incomplete set of assignments ;
; input_data[25]             ; Incomplete set of assignments ;
; input_data[24]             ; Incomplete set of assignments ;
; input_data[23]             ; Incomplete set of assignments ;
; input_data[22]             ; Incomplete set of assignments ;
; input_data[21]             ; Incomplete set of assignments ;
; input_data[20]             ; Incomplete set of assignments ;
; input_data[19]             ; Incomplete set of assignments ;
; input_data[18]             ; Incomplete set of assignments ;
; input_data[17]             ; Incomplete set of assignments ;
; input_data[32]             ; Incomplete set of assignments ;
; input_data[47]             ; Incomplete set of assignments ;
; input_data[46]             ; Incomplete set of assignments ;
; input_data[45]             ; Incomplete set of assignments ;
; input_data[44]             ; Incomplete set of assignments ;
; input_data[43]             ; Incomplete set of assignments ;
; input_data[42]             ; Incomplete set of assignments ;
; input_data[41]             ; Incomplete set of assignments ;
; input_data[40]             ; Incomplete set of assignments ;
; input_data[39]             ; Incomplete set of assignments ;
; input_data[38]             ; Incomplete set of assignments ;
; input_data[37]             ; Incomplete set of assignments ;
; input_data[36]             ; Incomplete set of assignments ;
; input_data[35]             ; Incomplete set of assignments ;
; input_data[34]             ; Incomplete set of assignments ;
; input_data[33]             ; Incomplete set of assignments ;
; input_data[48]             ; Incomplete set of assignments ;
; input_data[63]             ; Incomplete set of assignments ;
; input_data[62]             ; Incomplete set of assignments ;
; input_data[61]             ; Incomplete set of assignments ;
; input_data[60]             ; Incomplete set of assignments ;
; input_data[59]             ; Incomplete set of assignments ;
; input_data[58]             ; Incomplete set of assignments ;
; input_data[57]             ; Incomplete set of assignments ;
; input_data[56]             ; Incomplete set of assignments ;
; input_data[55]             ; Incomplete set of assignments ;
; input_data[54]             ; Incomplete set of assignments ;
; input_data[53]             ; Incomplete set of assignments ;
; input_data[52]             ; Incomplete set of assignments ;
; input_data[51]             ; Incomplete set of assignments ;
; input_data[50]             ; Incomplete set of assignments ;
; input_data[49]             ; Incomplete set of assignments ;
; conv_stride[2]             ; Incomplete set of assignments ;
; conv_stride[1]             ; Incomplete set of assignments ;
; conv_stride[0]             ; Incomplete set of assignments ;
; weight_data[0]             ; Incomplete set of assignments ;
; weight_data[1]             ; Incomplete set of assignments ;
; weight_data[2]             ; Incomplete set of assignments ;
; weight_data[3]             ; Incomplete set of assignments ;
; weight_data[4]             ; Incomplete set of assignments ;
; weight_data[5]             ; Incomplete set of assignments ;
; weight_data[6]             ; Incomplete set of assignments ;
; weight_data[7]             ; Incomplete set of assignments ;
; weight_data[8]             ; Incomplete set of assignments ;
; weight_data[9]             ; Incomplete set of assignments ;
; weight_data[10]            ; Incomplete set of assignments ;
; weight_data[11]            ; Incomplete set of assignments ;
; weight_data[12]            ; Incomplete set of assignments ;
; weight_data[13]            ; Incomplete set of assignments ;
; weight_data[14]            ; Incomplete set of assignments ;
; weight_data[15]            ; Incomplete set of assignments ;
; conv_padding[1]            ; Incomplete set of assignments ;
; conv_padding[0]            ; Incomplete set of assignments ;
; input_ready                ; Missing location assignment   ;
; weight_ready               ; Missing location assignment   ;
; bias_ready                 ; Missing location assignment   ;
; output_valid               ; Missing location assignment   ;
; output_data[0]             ; Missing location assignment   ;
; output_data[1]             ; Missing location assignment   ;
; output_data[2]             ; Missing location assignment   ;
; output_data[3]             ; Missing location assignment   ;
; output_data[4]             ; Missing location assignment   ;
; output_data[5]             ; Missing location assignment   ;
; output_data[6]             ; Missing location assignment   ;
; output_data[7]             ; Missing location assignment   ;
; output_data[8]             ; Missing location assignment   ;
; output_data[9]             ; Missing location assignment   ;
; output_data[10]            ; Missing location assignment   ;
; output_data[11]            ; Missing location assignment   ;
; output_data[12]            ; Missing location assignment   ;
; output_data[13]            ; Missing location assignment   ;
; output_data[14]            ; Missing location assignment   ;
; output_data[15]            ; Missing location assignment   ;
; output_data[16]            ; Missing location assignment   ;
; output_data[17]            ; Missing location assignment   ;
; output_data[18]            ; Missing location assignment   ;
; output_data[19]            ; Missing location assignment   ;
; output_data[20]            ; Missing location assignment   ;
; output_data[21]            ; Missing location assignment   ;
; output_data[22]            ; Missing location assignment   ;
; output_data[23]            ; Missing location assignment   ;
; output_data[24]            ; Missing location assignment   ;
; output_data[25]            ; Missing location assignment   ;
; output_data[26]            ; Missing location assignment   ;
; output_data[27]            ; Missing location assignment   ;
; output_data[28]            ; Missing location assignment   ;
; output_data[29]            ; Missing location assignment   ;
; output_data[30]            ; Missing location assignment   ;
; output_data[31]            ; Missing location assignment   ;
; output_data[32]            ; Missing location assignment   ;
; output_data[33]            ; Missing location assignment   ;
; output_data[34]            ; Missing location assignment   ;
; output_data[35]            ; Missing location assignment   ;
; output_data[36]            ; Missing location assignment   ;
; output_data[37]            ; Missing location assignment   ;
; output_data[38]            ; Missing location assignment   ;
; output_data[39]            ; Missing location assignment   ;
; output_data[40]            ; Missing location assignment   ;
; output_data[41]            ; Missing location assignment   ;
; output_data[42]            ; Missing location assignment   ;
; output_data[43]            ; Missing location assignment   ;
; output_data[44]            ; Missing location assignment   ;
; output_data[45]            ; Missing location assignment   ;
; output_data[46]            ; Missing location assignment   ;
; output_data[47]            ; Missing location assignment   ;
; output_data[48]            ; Missing location assignment   ;
; output_data[49]            ; Missing location assignment   ;
; output_data[50]            ; Missing location assignment   ;
; output_data[51]            ; Missing location assignment   ;
; output_data[52]            ; Missing location assignment   ;
; output_data[53]            ; Missing location assignment   ;
; output_data[54]            ; Missing location assignment   ;
; output_data[55]            ; Missing location assignment   ;
; output_data[56]            ; Missing location assignment   ;
; output_data[57]            ; Missing location assignment   ;
; output_data[58]            ; Missing location assignment   ;
; output_data[59]            ; Missing location assignment   ;
; output_data[60]            ; Missing location assignment   ;
; output_data[61]            ; Missing location assignment   ;
; output_data[62]            ; Missing location assignment   ;
; output_data[63]            ; Missing location assignment   ;
; output_ready               ; Missing location assignment   ;
; operation_done             ; Missing location assignment   ;
; operation_busy             ; Missing location assignment   ;
; current_operation[0]       ; Missing location assignment   ;
; current_operation[1]       ; Missing location assignment   ;
; debug_cycles[0]            ; Missing location assignment   ;
; debug_cycles[1]            ; Missing location assignment   ;
; debug_cycles[2]            ; Missing location assignment   ;
; debug_cycles[3]            ; Missing location assignment   ;
; debug_cycles[4]            ; Missing location assignment   ;
; debug_cycles[5]            ; Missing location assignment   ;
; debug_cycles[6]            ; Missing location assignment   ;
; debug_cycles[7]            ; Missing location assignment   ;
; debug_cycles[8]            ; Missing location assignment   ;
; debug_cycles[9]            ; Missing location assignment   ;
; debug_cycles[10]           ; Missing location assignment   ;
; debug_cycles[11]           ; Missing location assignment   ;
; debug_cycles[12]           ; Missing location assignment   ;
; debug_cycles[13]           ; Missing location assignment   ;
; debug_cycles[14]           ; Missing location assignment   ;
; debug_cycles[15]           ; Missing location assignment   ;
; debug_cycles[16]           ; Missing location assignment   ;
; debug_cycles[17]           ; Missing location assignment   ;
; debug_cycles[18]           ; Missing location assignment   ;
; debug_cycles[19]           ; Missing location assignment   ;
; debug_cycles[20]           ; Missing location assignment   ;
; debug_cycles[21]           ; Missing location assignment   ;
; debug_cycles[22]           ; Missing location assignment   ;
; debug_cycles[23]           ; Missing location assignment   ;
; debug_cycles[24]           ; Missing location assignment   ;
; debug_cycles[25]           ; Missing location assignment   ;
; debug_cycles[26]           ; Missing location assignment   ;
; debug_cycles[27]           ; Missing location assignment   ;
; debug_cycles[28]           ; Missing location assignment   ;
; debug_cycles[29]           ; Missing location assignment   ;
; debug_cycles[30]           ; Missing location assignment   ;
; debug_cycles[31]           ; Missing location assignment   ;
; debug_status[0]            ; Missing location assignment   ;
; debug_status[1]            ; Missing location assignment   ;
; debug_status[2]            ; Missing location assignment   ;
; debug_status[3]            ; Missing location assignment   ;
; debug_status[4]            ; Missing location assignment   ;
; debug_status[5]            ; Missing location assignment   ;
; debug_status[6]            ; Missing location assignment   ;
; debug_status[7]            ; Missing location assignment   ;
; pool_type.MAX_POOL         ; Missing location assignment   ;
; tensor_size[12]            ; Missing location assignment   ;
; tensor_size[11]            ; Missing location assignment   ;
; tensor_size[10]            ; Missing location assignment   ;
; tensor_size[9]             ; Missing location assignment   ;
; tensor_size[8]             ; Missing location assignment   ;
; tensor_size[7]             ; Missing location assignment   ;
; tensor_size[6]             ; Missing location assignment   ;
; tensor_size[5]             ; Missing location assignment   ;
; tensor_size[4]             ; Missing location assignment   ;
; tensor_size[3]             ; Missing location assignment   ;
; tensor_size[2]             ; Missing location assignment   ;
; tensor_size[1]             ; Missing location assignment   ;
; tensor_size[0]             ; Missing location assignment   ;
; alpha[0]                   ; Missing location assignment   ;
; alpha[1]                   ; Missing location assignment   ;
; alpha[2]                   ; Missing location assignment   ;
; alpha[3]                   ; Missing location assignment   ;
; alpha[4]                   ; Missing location assignment   ;
; alpha[5]                   ; Missing location assignment   ;
; alpha[6]                   ; Missing location assignment   ;
; alpha[7]                   ; Missing location assignment   ;
; alpha[8]                   ; Missing location assignment   ;
; alpha[9]                   ; Missing location assignment   ;
; alpha[10]                  ; Missing location assignment   ;
; alpha[11]                  ; Missing location assignment   ;
; alpha[12]                  ; Missing location assignment   ;
; alpha[13]                  ; Missing location assignment   ;
; alpha[14]                  ; Missing location assignment   ;
; alpha[15]                  ; Missing location assignment   ;
; activation_type.ELU        ; Missing location assignment   ;
; activation_type.TANH       ; Missing location assignment   ;
; activation_type.SIGMOID    ; Missing location assignment   ;
; activation_type.LEAKY_RELU ; Missing location assignment   ;
; activation_type.LINEAR     ; Missing location assignment   ;
; activation_type.RELU       ; Missing location assignment   ;
; pool_size[3]               ; Missing location assignment   ;
; pool_size[2]               ; Missing location assignment   ;
; pool_size[0]               ; Missing location assignment   ;
; pool_size[1]               ; Missing location assignment   ;
; bias_valid                 ; Missing location assignment   ;
; operation_select[0]        ; Missing location assignment   ;
; clk                        ; Missing location assignment   ;
; rst                        ; Missing location assignment   ;
; enable                     ; Missing location assignment   ;
; start_operation            ; Missing location assignment   ;
; operation_select[1]        ; Missing location assignment   ;
; conv_output_channels[0]    ; Missing location assignment   ;
; conv_output_channels[1]    ; Missing location assignment   ;
; conv_output_channels[2]    ; Missing location assignment   ;
; conv_input_channels[0]     ; Missing location assignment   ;
; conv_kernel_size[0]        ; Missing location assignment   ;
; conv_kernel_size[1]        ; Missing location assignment   ;
; conv_input_channels[1]     ; Missing location assignment   ;
; conv_input_channels[2]     ; Missing location assignment   ;
; conv_kernel_size[2]        ; Missing location assignment   ;
; batch_size[0]              ; Missing location assignment   ;
; batch_size[1]              ; Missing location assignment   ;
; batch_size[2]              ; Missing location assignment   ;
; pool_channels[2]           ; Missing location assignment   ;
; pool_channels[0]           ; Missing location assignment   ;
; pool_channels[1]           ; Missing location assignment   ;
; input_valid                ; Missing location assignment   ;
; weight_valid               ; Missing location assignment   ;
; pool_stride[3]             ; Missing location assignment   ;
; pool_stride[1]             ; Missing location assignment   ;
; pool_stride[0]             ; Missing location assignment   ;
; pool_stride[2]             ; Missing location assignment   ;
; bias_data[0]               ; Missing location assignment   ;
; input_data[0]              ; Missing location assignment   ;
; pool_type.AVERAGE_POOL     ; Missing location assignment   ;
; pool_type.SUM_POOL         ; Missing location assignment   ;
; pool_type.MIN_POOL         ; Missing location assignment   ;
; input_data[15]             ; Missing location assignment   ;
; input_data[14]             ; Missing location assignment   ;
; input_data[13]             ; Missing location assignment   ;
; input_data[12]             ; Missing location assignment   ;
; input_data[11]             ; Missing location assignment   ;
; input_data[10]             ; Missing location assignment   ;
; input_data[9]              ; Missing location assignment   ;
; input_data[8]              ; Missing location assignment   ;
; input_data[7]              ; Missing location assignment   ;
; input_data[6]              ; Missing location assignment   ;
; input_data[5]              ; Missing location assignment   ;
; input_data[4]              ; Missing location assignment   ;
; input_data[3]              ; Missing location assignment   ;
; input_data[2]              ; Missing location assignment   ;
; input_data[1]              ; Missing location assignment   ;
; bias_data[1]               ; Missing location assignment   ;
; bias_data[2]               ; Missing location assignment   ;
; bias_data[3]               ; Missing location assignment   ;
; bias_data[4]               ; Missing location assignment   ;
; bias_data[5]               ; Missing location assignment   ;
; bias_data[6]               ; Missing location assignment   ;
; bias_data[7]               ; Missing location assignment   ;
; bias_data[8]               ; Missing location assignment   ;
; bias_data[9]               ; Missing location assignment   ;
; bias_data[10]              ; Missing location assignment   ;
; bias_data[11]              ; Missing location assignment   ;
; bias_data[12]              ; Missing location assignment   ;
; bias_data[13]              ; Missing location assignment   ;
; bias_data[14]              ; Missing location assignment   ;
; bias_data[15]              ; Missing location assignment   ;
; input_data[16]             ; Missing location assignment   ;
; input_data[31]             ; Missing location assignment   ;
; input_data[30]             ; Missing location assignment   ;
; input_data[29]             ; Missing location assignment   ;
; input_data[28]             ; Missing location assignment   ;
; input_data[27]             ; Missing location assignment   ;
; input_data[26]             ; Missing location assignment   ;
; input_data[25]             ; Missing location assignment   ;
; input_data[24]             ; Missing location assignment   ;
; input_data[23]             ; Missing location assignment   ;
; input_data[22]             ; Missing location assignment   ;
; input_data[21]             ; Missing location assignment   ;
; input_data[20]             ; Missing location assignment   ;
; input_data[19]             ; Missing location assignment   ;
; input_data[18]             ; Missing location assignment   ;
; input_data[17]             ; Missing location assignment   ;
; input_data[32]             ; Missing location assignment   ;
; input_data[47]             ; Missing location assignment   ;
; input_data[46]             ; Missing location assignment   ;
; input_data[45]             ; Missing location assignment   ;
; input_data[44]             ; Missing location assignment   ;
; input_data[43]             ; Missing location assignment   ;
; input_data[42]             ; Missing location assignment   ;
; input_data[41]             ; Missing location assignment   ;
; input_data[40]             ; Missing location assignment   ;
; input_data[39]             ; Missing location assignment   ;
; input_data[38]             ; Missing location assignment   ;
; input_data[37]             ; Missing location assignment   ;
; input_data[36]             ; Missing location assignment   ;
; input_data[35]             ; Missing location assignment   ;
; input_data[34]             ; Missing location assignment   ;
; input_data[33]             ; Missing location assignment   ;
; input_data[48]             ; Missing location assignment   ;
; input_data[63]             ; Missing location assignment   ;
; input_data[62]             ; Missing location assignment   ;
; input_data[61]             ; Missing location assignment   ;
; input_data[60]             ; Missing location assignment   ;
; input_data[59]             ; Missing location assignment   ;
; input_data[58]             ; Missing location assignment   ;
; input_data[57]             ; Missing location assignment   ;
; input_data[56]             ; Missing location assignment   ;
; input_data[55]             ; Missing location assignment   ;
; input_data[54]             ; Missing location assignment   ;
; input_data[53]             ; Missing location assignment   ;
; input_data[52]             ; Missing location assignment   ;
; input_data[51]             ; Missing location assignment   ;
; input_data[50]             ; Missing location assignment   ;
; input_data[49]             ; Missing location assignment   ;
; conv_stride[2]             ; Missing location assignment   ;
; conv_stride[1]             ; Missing location assignment   ;
; conv_stride[0]             ; Missing location assignment   ;
; weight_data[0]             ; Missing location assignment   ;
; weight_data[1]             ; Missing location assignment   ;
; weight_data[2]             ; Missing location assignment   ;
; weight_data[3]             ; Missing location assignment   ;
; weight_data[4]             ; Missing location assignment   ;
; weight_data[5]             ; Missing location assignment   ;
; weight_data[6]             ; Missing location assignment   ;
; weight_data[7]             ; Missing location assignment   ;
; weight_data[8]             ; Missing location assignment   ;
; weight_data[9]             ; Missing location assignment   ;
; weight_data[10]            ; Missing location assignment   ;
; weight_data[11]            ; Missing location assignment   ;
; weight_data[12]            ; Missing location assignment   ;
; weight_data[13]            ; Missing location assignment   ;
; weight_data[14]            ; Missing location assignment   ;
; weight_data[15]            ; Missing location assignment   ;
; conv_padding[1]            ; Missing location assignment   ;
; conv_padding[0]            ; Missing location assignment   ;
+----------------------------+-------------------------------+


+----------------------------------------------------------------------------------------------------------------------------------------------------------------------------------------------------------------------------------------------------------------------------------------------------------------------------------------------------------------------------------------------------------------------------------------------------------------------------------------------------------------------------------+
; Fitter Resource Utilization by Entity                                                                                                                                                                                                                                                                                                                                                                                                                                                                                            ;
+------------------------------------------+----------------------+----------------------------------+---------------------------------------------------+----------------------------------+----------------------+---------------------+---------------------------+---------------+-------------------+-------+------------+------+--------------+-------------------------------------------------------------------------------------------------------------------------------------------+-------------------+--------------+
; Compilation Hierarchy Node               ; ALMs needed [=A-B+C] ; [A] ALMs used in final placement ; [B] Estimate of ALMs recoverable by dense packing ; [C] Estimate of ALMs unavailable ; ALMs used for memory ; Combinational ALUTs ; Dedicated Logic Registers ; I/O Registers ; Block Memory Bits ; M10Ks ; DSP Blocks ; Pins ; Virtual Pins ; Full Hierarchy Name                                                                                                                       ; Entity Name       ; Library Name ;
+------------------------------------------+----------------------+----------------------------------+---------------------------------------------------+----------------------------------+----------------------+---------------------+---------------------------+---------------+-------------------+-------+------------+------+--------------+-------------------------------------------------------------------------------------------------------------------------------------------+-------------------+--------------+
; |FPGA_accelerator                        ; 2036.5 (77.8)        ; 2041.0 (78.7)                    ; 7.0 (0.9)                                         ; 2.5 (0.0)                        ; 0.0 (0.0)            ; 3854 (176)          ; 353 (53)                  ; 0 (0)         ; 0                 ; 0     ; 1          ; 285  ; 0            ; |FPGA_accelerator                                                                                                                         ; FPGA_accelerator  ; work         ;
;    |activation_block:act_inst|           ; 0.5 (0.5)            ; 0.5 (0.5)                        ; 0.0 (0.0)                                         ; 0.0 (0.0)                        ; 0.0 (0.0)            ; 1 (1)               ; 1 (1)                     ; 0 (0)         ; 0                 ; 0     ; 0          ; 0    ; 0            ; |FPGA_accelerator|activation_block:act_inst                                                                                               ; activation_block  ; work         ;
;    |convolution_block:conv_inst|         ; 135.7 (111.7)        ; 136.3 (111.8)                    ; 1.7 (1.2)                                         ; 1.0 (1.0)                        ; 0.0 (0.0)            ; 237 (188)           ; 72 (72)                   ; 0 (0)         ; 0                 ; 0     ; 1          ; 0    ; 0            ; |FPGA_accelerator|convolution_block:conv_inst                                                                                             ; convolution_block ; work         ;
;       |lpm_divide:Div0|                  ; 24.0 (0.0)           ; 24.5 (0.0)                       ; 0.5 (0.0)                                         ; 0.0 (0.0)                        ; 0.0 (0.0)            ; 49 (0)              ; 0 (0)                     ; 0 (0)         ; 0                 ; 0     ; 0          ; 0    ; 0            ; |FPGA_accelerator|convolution_block:conv_inst|lpm_divide:Div0                                                                             ; lpm_divide        ; work         ;
;          |lpm_divide_sno:auto_generated| ; 24.0 (0.0)           ; 24.5 (0.0)                       ; 0.5 (0.0)                                         ; 0.0 (0.0)                        ; 0.0 (0.0)            ; 49 (0)              ; 0 (0)                     ; 0 (0)         ; 0                 ; 0     ; 0          ; 0    ; 0            ; |FPGA_accelerator|convolution_block:conv_inst|lpm_divide:Div0|lpm_divide_sno:auto_generated                                               ; lpm_divide_sno    ; work         ;
;             |abs_divider_5ag:divider|    ; 24.0 (0.0)           ; 24.5 (0.0)                       ; 0.5 (0.0)                                         ; 0.0 (0.0)                        ; 0.0 (0.0)            ; 49 (0)              ; 0 (0)                     ; 0 (0)         ; 0                 ; 0     ; 0          ; 0    ; 0            ; |FPGA_accelerator|convolution_block:conv_inst|lpm_divide:Div0|lpm_divide_sno:auto_generated|abs_divider_5ag:divider                       ; abs_divider_5ag   ; work         ;
;                |alt_u_div_qse:divider|   ; 24.0 (24.0)          ; 24.5 (24.5)                      ; 0.5 (0.5)                                         ; 0.0 (0.0)                        ; 0.0 (0.0)            ; 49 (49)             ; 0 (0)                     ; 0 (0)         ; 0                 ; 0     ; 0          ; 0    ; 0            ; |FPGA_accelerator|convolution_block:conv_inst|lpm_divide:Div0|lpm_divide_sno:auto_generated|abs_divider_5ag:divider|alt_u_div_qse:divider ; alt_u_div_qse     ; work         ;
;    |pooling_block:pool_inst|             ; 1822.5 (449.1)       ; 1825.4 (453.8)                   ; 4.4 (4.9)                                         ; 1.5 (0.2)                        ; 0.0 (0.0)            ; 3440 (691)          ; 227 (227)                 ; 0 (0)         ; 0                 ; 0     ; 0          ; 0    ; 0            ; |FPGA_accelerator|pooling_block:pool_inst                                                                                                 ; pooling_block     ; work         ;
;       |lpm_divide:Div0|                  ; 31.0 (0.0)           ; 31.0 (0.0)                       ; 0.0 (0.0)                                         ; 0.0 (0.0)                        ; 0.0 (0.0)            ; 61 (0)              ; 0 (0)                     ; 0 (0)         ; 0                 ; 0     ; 0          ; 0    ; 0            ; |FPGA_accelerator|pooling_block:pool_inst|lpm_divide:Div0                                                                                 ; lpm_divide        ; work         ;
;          |lpm_divide_tno:auto_generated| ; 31.0 (0.0)           ; 31.0 (0.0)                       ; 0.0 (0.0)                                         ; 0.0 (0.0)                        ; 0.0 (0.0)            ; 61 (0)              ; 0 (0)                     ; 0 (0)         ; 0                 ; 0     ; 0          ; 0    ; 0            ; |FPGA_accelerator|pooling_block:pool_inst|lpm_divide:Div0|lpm_divide_tno:auto_generated                                                   ; lpm_divide_tno    ; work         ;
;             |abs_divider_6ag:divider|    ; 31.0 (6.5)           ; 31.0 (6.5)                       ; 0.0 (0.0)                                         ; 0.0 (0.0)                        ; 0.0 (0.0)            ; 61 (12)             ; 0 (0)                     ; 0 (0)         ; 0                 ; 0     ; 0          ; 0    ; 0            ; |FPGA_accelerator|pooling_block:pool_inst|lpm_divide:Div0|lpm_divide_tno:auto_generated|abs_divider_6ag:divider                           ; abs_divider_6ag   ; work         ;
;                |alt_u_div_rse:divider|   ; 22.0 (22.0)          ; 22.0 (22.0)                      ; 0.0 (0.0)                                         ; 0.0 (0.0)                        ; 0.0 (0.0)            ; 44 (44)             ; 0 (0)                     ; 0 (0)         ; 0                 ; 0     ; 0          ; 0    ; 0            ; |FPGA_accelerator|pooling_block:pool_inst|lpm_divide:Div0|lpm_divide_tno:auto_generated|abs_divider_6ag:divider|alt_u_div_rse:divider     ; alt_u_div_rse     ; work         ;
;                |lpm_abs_ln9:my_abs_num|  ; 2.5 (2.5)            ; 2.5 (2.5)                        ; 0.0 (0.0)                                         ; 0.0 (0.0)                        ; 0.0 (0.0)            ; 5 (5)               ; 0 (0)                     ; 0 (0)         ; 0                 ; 0     ; 0          ; 0    ; 0            ; |FPGA_accelerator|pooling_block:pool_inst|lpm_divide:Div0|lpm_divide_tno:auto_generated|abs_divider_6ag:divider|lpm_abs_ln9:my_abs_num    ; lpm_abs_ln9       ; work         ;
;       |lpm_divide:Div1|                  ; 335.1 (0.0)          ; 335.0 (0.0)                      ; 0.3 (0.0)                                         ; 0.4 (0.0)                        ; 0.0 (0.0)            ; 672 (0)             ; 0 (0)                     ; 0 (0)         ; 0                 ; 0     ; 0          ; 0    ; 0            ; |FPGA_accelerator|pooling_block:pool_inst|lpm_divide:Div1                                                                                 ; lpm_divide        ; work         ;
;          |lpm_divide_epo:auto_generated| ; 335.1 (0.0)          ; 335.0 (0.0)                      ; 0.3 (0.0)                                         ; 0.4 (0.0)                        ; 0.0 (0.0)            ; 672 (0)             ; 0 (0)                     ; 0 (0)         ; 0                 ; 0     ; 0          ; 0    ; 0            ; |FPGA_accelerator|pooling_block:pool_inst|lpm_divide:Div1|lpm_divide_epo:auto_generated                                                   ; lpm_divide_epo    ; work         ;
;             |abs_divider_nbg:divider|    ; 335.1 (16.0)         ; 335.0 (16.0)                     ; 0.3 (0.0)                                         ; 0.4 (0.0)                        ; 0.0 (0.0)            ; 672 (32)            ; 0 (0)                     ; 0 (0)         ; 0                 ; 0     ; 0          ; 0    ; 0            ; |FPGA_accelerator|pooling_block:pool_inst|lpm_divide:Div1|lpm_divide_epo:auto_generated|abs_divider_nbg:divider                           ; abs_divider_nbg   ; work         ;
;                |alt_u_div_uve:divider|   ; 303.1 (303.1)        ; 303.0 (303.0)                    ; 0.3 (0.3)                                         ; 0.4 (0.4)                        ; 0.0 (0.0)            ; 608 (608)           ; 0 (0)                     ; 0 (0)         ; 0                 ; 0     ; 0          ; 0    ; 0            ; |FPGA_accelerator|pooling_block:pool_inst|lpm_divide:Div1|lpm_divide_epo:auto_generated|abs_divider_nbg:divider|alt_u_div_uve:divider     ; alt_u_div_uve     ; work         ;
;                |lpm_abs_4p9:my_abs_num|  ; 16.0 (16.0)          ; 16.0 (16.0)                      ; 0.0 (0.0)                                         ; 0.0 (0.0)                        ; 0.0 (0.0)            ; 32 (32)             ; 0 (0)                     ; 0 (0)         ; 0                 ; 0     ; 0          ; 0    ; 0            ; |FPGA_accelerator|pooling_block:pool_inst|lpm_divide:Div1|lpm_divide_epo:auto_generated|abs_divider_nbg:divider|lpm_abs_4p9:my_abs_num    ; lpm_abs_4p9       ; work         ;
;       |lpm_divide:Div2|                  ; 335.8 (0.0)          ; 335.3 (0.0)                      ; 0.0 (0.0)                                         ; 0.4 (0.0)                        ; 0.0 (0.0)            ; 672 (0)             ; 0 (0)                     ; 0 (0)         ; 0                 ; 0     ; 0          ; 0    ; 0            ; |FPGA_accelerator|pooling_block:pool_inst|lpm_divide:Div2                                                                                 ; lpm_divide        ; work         ;
;          |lpm_divide_epo:auto_generated| ; 335.8 (0.0)          ; 335.3 (0.0)                      ; 0.0 (0.0)                                         ; 0.4 (0.0)                        ; 0.0 (0.0)            ; 672 (0)             ; 0 (0)                     ; 0 (0)         ; 0                 ; 0     ; 0          ; 0    ; 0            ; |FPGA_accelerator|pooling_block:pool_inst|lpm_divide:Div2|lpm_divide_epo:auto_generated                                                   ; lpm_divide_epo    ; work         ;
;             |abs_divider_nbg:divider|    ; 335.8 (16.0)         ; 335.3 (16.0)                     ; 0.0 (0.0)                                         ; 0.4 (0.0)                        ; 0.0 (0.0)            ; 672 (32)            ; 0 (0)                     ; 0 (0)         ; 0                 ; 0     ; 0          ; 0    ; 0            ; |FPGA_accelerator|pooling_block:pool_inst|lpm_divide:Div2|lpm_divide_epo:auto_generated|abs_divider_nbg:divider                           ; abs_divider_nbg   ; work         ;
;                |alt_u_div_uve:divider|   ; 303.8 (303.8)        ; 303.3 (303.3)                    ; 0.0 (0.0)                                         ; 0.4 (0.4)                        ; 0.0 (0.0)            ; 608 (608)           ; 0 (0)                     ; 0 (0)         ; 0                 ; 0     ; 0          ; 0    ; 0            ; |FPGA_accelerator|pooling_block:pool_inst|lpm_divide:Div2|lpm_divide_epo:auto_generated|abs_divider_nbg:divider|alt_u_div_uve:divider     ; alt_u_div_uve     ; work         ;
;                |lpm_abs_4p9:my_abs_num|  ; 16.0 (16.0)          ; 16.0 (16.0)                      ; 0.0 (0.0)                                         ; 0.0 (0.0)                        ; 0.0 (0.0)            ; 32 (32)             ; 0 (0)                     ; 0 (0)         ; 0                 ; 0     ; 0          ; 0    ; 0            ; |FPGA_accelerator|pooling_block:pool_inst|lpm_divide:Div2|lpm_divide_epo:auto_generated|abs_divider_nbg:divider|lpm_abs_4p9:my_abs_num    ; lpm_abs_4p9       ; work         ;
;       |lpm_divide:Div3|                  ; 336.1 (0.0)          ; 335.7 (0.0)                      ; 0.0 (0.0)                                         ; 0.4 (0.0)                        ; 0.0 (0.0)            ; 672 (0)             ; 0 (0)                     ; 0 (0)         ; 0                 ; 0     ; 0          ; 0    ; 0            ; |FPGA_accelerator|pooling_block:pool_inst|lpm_divide:Div3                                                                                 ; lpm_divide        ; work         ;
;          |lpm_divide_epo:auto_generated| ; 336.1 (0.0)          ; 335.7 (0.0)                      ; 0.0 (0.0)                                         ; 0.4 (0.0)                        ; 0.0 (0.0)            ; 672 (0)             ; 0 (0)                     ; 0 (0)         ; 0                 ; 0     ; 0          ; 0    ; 0            ; |FPGA_accelerator|pooling_block:pool_inst|lpm_divide:Div3|lpm_divide_epo:auto_generated                                                   ; lpm_divide_epo    ; work         ;
;             |abs_divider_nbg:divider|    ; 336.1 (16.0)         ; 335.7 (16.0)                     ; 0.0 (0.0)                                         ; 0.4 (0.0)                        ; 0.0 (0.0)            ; 672 (32)            ; 0 (0)                     ; 0 (0)         ; 0                 ; 0     ; 0          ; 0    ; 0            ; |FPGA_accelerator|pooling_block:pool_inst|lpm_divide:Div3|lpm_divide_epo:auto_generated|abs_divider_nbg:divider                           ; abs_divider_nbg   ; work         ;
;                |alt_u_div_uve:divider|   ; 304.1 (304.1)        ; 303.7 (303.7)                    ; 0.0 (0.0)                                         ; 0.4 (0.4)                        ; 0.0 (0.0)            ; 608 (608)           ; 0 (0)                     ; 0 (0)         ; 0                 ; 0     ; 0          ; 0    ; 0            ; |FPGA_accelerator|pooling_block:pool_inst|lpm_divide:Div3|lpm_divide_epo:auto_generated|abs_divider_nbg:divider|alt_u_div_uve:divider     ; alt_u_div_uve     ; work         ;
;                |lpm_abs_4p9:my_abs_num|  ; 16.0 (16.0)          ; 16.0 (16.0)                      ; 0.0 (0.0)                                         ; 0.0 (0.0)                        ; 0.0 (0.0)            ; 32 (32)             ; 0 (0)                     ; 0 (0)         ; 0                 ; 0     ; 0          ; 0    ; 0            ; |FPGA_accelerator|pooling_block:pool_inst|lpm_divide:Div3|lpm_divide_epo:auto_generated|abs_divider_nbg:divider|lpm_abs_4p9:my_abs_num    ; lpm_abs_4p9       ; work         ;
;       |lpm_divide:Div4|                  ; 334.7 (0.0)          ; 334.7 (0.0)                      ; 0.0 (0.0)                                         ; 0.0 (0.0)                        ; 0.0 (0.0)            ; 672 (0)             ; 0 (0)                     ; 0 (0)         ; 0                 ; 0     ; 0          ; 0    ; 0            ; |FPGA_accelerator|pooling_block:pool_inst|lpm_divide:Div4                                                                                 ; lpm_divide        ; work         ;
;          |lpm_divide_epo:auto_generated| ; 334.7 (0.0)          ; 334.7 (0.0)                      ; 0.0 (0.0)                                         ; 0.0 (0.0)                        ; 0.0 (0.0)            ; 672 (0)             ; 0 (0)                     ; 0 (0)         ; 0                 ; 0     ; 0          ; 0    ; 0            ; |FPGA_accelerator|pooling_block:pool_inst|lpm_divide:Div4|lpm_divide_epo:auto_generated                                                   ; lpm_divide_epo    ; work         ;
;             |abs_divider_nbg:divider|    ; 334.7 (16.0)         ; 334.7 (16.0)                     ; 0.0 (0.0)                                         ; 0.0 (0.0)                        ; 0.0 (0.0)            ; 672 (32)            ; 0 (0)                     ; 0 (0)         ; 0                 ; 0     ; 0          ; 0    ; 0            ; |FPGA_accelerator|pooling_block:pool_inst|lpm_divide:Div4|lpm_divide_epo:auto_generated|abs_divider_nbg:divider                           ; abs_divider_nbg   ; work         ;
;                |alt_u_div_uve:divider|   ; 302.7 (302.7)        ; 302.7 (302.7)                    ; 0.0 (0.0)                                         ; 0.0 (0.0)                        ; 0.0 (0.0)            ; 608 (608)           ; 0 (0)                     ; 0 (0)         ; 0                 ; 0     ; 0          ; 0    ; 0            ; |FPGA_accelerator|pooling_block:pool_inst|lpm_divide:Div4|lpm_divide_epo:auto_generated|abs_divider_nbg:divider|alt_u_div_uve:divider     ; alt_u_div_uve     ; work         ;
;                |lpm_abs_4p9:my_abs_num|  ; 16.0 (16.0)          ; 16.0 (16.0)                      ; 0.0 (0.0)                                         ; 0.0 (0.0)                        ; 0.0 (0.0)            ; 32 (32)             ; 0 (0)                     ; 0 (0)         ; 0                 ; 0     ; 0          ; 0    ; 0            ; |FPGA_accelerator|pooling_block:pool_inst|lpm_divide:Div4|lpm_divide_epo:auto_generated|abs_divider_nbg:divider|lpm_abs_4p9:my_abs_num    ; lpm_abs_4p9       ; work         ;
+------------------------------------------+----------------------+----------------------------------+---------------------------------------------------+----------------------------------+----------------------+---------------------+---------------------------+---------------+-------------------+-------+------------+------+--------------+-------------------------------------------------------------------------------------------------------------------------------------------+-------------------+--------------+
Note: For table entries with two numbers listed, the numbers in parentheses indicate the number of resources of the given type used by the specific entity alone. The numbers listed outside of parentheses indicate the total resources of the given type used by the specific entity and all of its sub-entities in the hierarchy.


+-------------------------------------------------------------------------------------------------------------------------------------------+
; Delay Chain Summary                                                                                                                       ;
+----------------------------+----------+----+------+------+----+------+-------+--------+------------------------+--------------------------+
; Name                       ; Pin Type ; D1 ; D3_0 ; D3_1 ; D4 ; D5   ; D5 OE ; D5 OCT ; T11 (Postamble Gating) ; T11 (Postamble Ungating) ;
+----------------------------+----------+----+------+------+----+------+-------+--------+------------------------+--------------------------+
; input_ready                ; Output   ; -- ; --   ; --   ; -- ; (0)  ; (31)  ; --     ; --                     ; --                       ;
; weight_ready               ; Output   ; -- ; --   ; --   ; -- ; (0)  ; (31)  ; --     ; --                     ; --                       ;
; bias_ready                 ; Output   ; -- ; --   ; --   ; -- ; (0)  ; (31)  ; --     ; --                     ; --                       ;
; output_valid               ; Output   ; -- ; --   ; --   ; -- ; (0)  ; (31)  ; --     ; --                     ; --                       ;
; output_data[0]             ; Output   ; -- ; --   ; --   ; -- ; (0)  ; (31)  ; --     ; --                     ; --                       ;
; output_data[1]             ; Output   ; -- ; --   ; --   ; -- ; (0)  ; (31)  ; --     ; --                     ; --                       ;
; output_data[2]             ; Output   ; -- ; --   ; --   ; -- ; (0)  ; (31)  ; --     ; --                     ; --                       ;
; output_data[3]             ; Output   ; -- ; --   ; --   ; -- ; (0)  ; (31)  ; --     ; --                     ; --                       ;
; output_data[4]             ; Output   ; -- ; --   ; --   ; -- ; (0)  ; (31)  ; --     ; --                     ; --                       ;
; output_data[5]             ; Output   ; -- ; --   ; --   ; -- ; (0)  ; (31)  ; --     ; --                     ; --                       ;
; output_data[6]             ; Output   ; -- ; --   ; --   ; -- ; (0)  ; (31)  ; --     ; --                     ; --                       ;
; output_data[7]             ; Output   ; -- ; --   ; --   ; -- ; (0)  ; (31)  ; --     ; --                     ; --                       ;
; output_data[8]             ; Output   ; -- ; --   ; --   ; -- ; (0)  ; (31)  ; --     ; --                     ; --                       ;
; output_data[9]             ; Output   ; -- ; --   ; --   ; -- ; (0)  ; (31)  ; --     ; --                     ; --                       ;
; output_data[10]            ; Output   ; -- ; --   ; --   ; -- ; (0)  ; (31)  ; --     ; --                     ; --                       ;
; output_data[11]            ; Output   ; -- ; --   ; --   ; -- ; (0)  ; (31)  ; --     ; --                     ; --                       ;
; output_data[12]            ; Output   ; -- ; --   ; --   ; -- ; (0)  ; (31)  ; --     ; --                     ; --                       ;
; output_data[13]            ; Output   ; -- ; --   ; --   ; -- ; (0)  ; (31)  ; --     ; --                     ; --                       ;
; output_data[14]            ; Output   ; -- ; --   ; --   ; -- ; (0)  ; (31)  ; --     ; --                     ; --                       ;
; output_data[15]            ; Output   ; -- ; --   ; --   ; -- ; (0)  ; (31)  ; --     ; --                     ; --                       ;
; output_data[16]            ; Output   ; -- ; --   ; --   ; -- ; (0)  ; (31)  ; --     ; --                     ; --                       ;
; output_data[17]            ; Output   ; -- ; --   ; --   ; -- ; (0)  ; (31)  ; --     ; --                     ; --                       ;
; output_data[18]            ; Output   ; -- ; --   ; --   ; -- ; (0)  ; (31)  ; --     ; --                     ; --                       ;
; output_data[19]            ; Output   ; -- ; --   ; --   ; -- ; (0)  ; (31)  ; --     ; --                     ; --                       ;
; output_data[20]            ; Output   ; -- ; --   ; --   ; -- ; (0)  ; (31)  ; --     ; --                     ; --                       ;
; output_data[21]            ; Output   ; -- ; --   ; --   ; -- ; (0)  ; (31)  ; --     ; --                     ; --                       ;
; output_data[22]            ; Output   ; -- ; --   ; --   ; -- ; (0)  ; (31)  ; --     ; --                     ; --                       ;
; output_data[23]            ; Output   ; -- ; --   ; --   ; -- ; (0)  ; (31)  ; --     ; --                     ; --                       ;
; output_data[24]            ; Output   ; -- ; --   ; --   ; -- ; (0)  ; (31)  ; --     ; --                     ; --                       ;
; output_data[25]            ; Output   ; -- ; --   ; --   ; -- ; (0)  ; (31)  ; --     ; --                     ; --                       ;
; output_data[26]            ; Output   ; -- ; --   ; --   ; -- ; (0)  ; (31)  ; --     ; --                     ; --                       ;
; output_data[27]            ; Output   ; -- ; --   ; --   ; -- ; (0)  ; (31)  ; --     ; --                     ; --                       ;
; output_data[28]            ; Output   ; -- ; --   ; --   ; -- ; (0)  ; (31)  ; --     ; --                     ; --                       ;
; output_data[29]            ; Output   ; -- ; --   ; --   ; -- ; (0)  ; (31)  ; --     ; --                     ; --                       ;
; output_data[30]            ; Output   ; -- ; --   ; --   ; -- ; (0)  ; (31)  ; --     ; --                     ; --                       ;
; output_data[31]            ; Output   ; -- ; --   ; --   ; -- ; (0)  ; (31)  ; --     ; --                     ; --                       ;
; output_data[32]            ; Output   ; -- ; --   ; --   ; -- ; (0)  ; (31)  ; --     ; --                     ; --                       ;
; output_data[33]            ; Output   ; -- ; --   ; --   ; -- ; (0)  ; (31)  ; --     ; --                     ; --                       ;
; output_data[34]            ; Output   ; -- ; --   ; --   ; -- ; (0)  ; (31)  ; --     ; --                     ; --                       ;
; output_data[35]            ; Output   ; -- ; --   ; --   ; -- ; (0)  ; (31)  ; --     ; --                     ; --                       ;
; output_data[36]            ; Output   ; -- ; --   ; --   ; -- ; (0)  ; (31)  ; --     ; --                     ; --                       ;
; output_data[37]            ; Output   ; -- ; --   ; --   ; -- ; (0)  ; (31)  ; --     ; --                     ; --                       ;
; output_data[38]            ; Output   ; -- ; --   ; --   ; -- ; (0)  ; (31)  ; --     ; --                     ; --                       ;
; output_data[39]            ; Output   ; -- ; --   ; --   ; -- ; (0)  ; (31)  ; --     ; --                     ; --                       ;
; output_data[40]            ; Output   ; -- ; --   ; --   ; -- ; (0)  ; (31)  ; --     ; --                     ; --                       ;
; output_data[41]            ; Output   ; -- ; --   ; --   ; -- ; (0)  ; (31)  ; --     ; --                     ; --                       ;
; output_data[42]            ; Output   ; -- ; --   ; --   ; -- ; (0)  ; (31)  ; --     ; --                     ; --                       ;
; output_data[43]            ; Output   ; -- ; --   ; --   ; -- ; (0)  ; (31)  ; --     ; --                     ; --                       ;
; output_data[44]            ; Output   ; -- ; --   ; --   ; -- ; (0)  ; (31)  ; --     ; --                     ; --                       ;
; output_data[45]            ; Output   ; -- ; --   ; --   ; -- ; (0)  ; (31)  ; --     ; --                     ; --                       ;
; output_data[46]            ; Output   ; -- ; --   ; --   ; -- ; (0)  ; (31)  ; --     ; --                     ; --                       ;
; output_data[47]            ; Output   ; -- ; --   ; --   ; -- ; (0)  ; (31)  ; --     ; --                     ; --                       ;
; output_data[48]            ; Output   ; -- ; --   ; --   ; -- ; (0)  ; (31)  ; --     ; --                     ; --                       ;
; output_data[49]            ; Output   ; -- ; --   ; --   ; -- ; (0)  ; (31)  ; --     ; --                     ; --                       ;
; output_data[50]            ; Output   ; -- ; --   ; --   ; -- ; (0)  ; (31)  ; --     ; --                     ; --                       ;
; output_data[51]            ; Output   ; -- ; --   ; --   ; -- ; (0)  ; (31)  ; --     ; --                     ; --                       ;
; output_data[52]            ; Output   ; -- ; --   ; --   ; -- ; (0)  ; (31)  ; --     ; --                     ; --                       ;
; output_data[53]            ; Output   ; -- ; --   ; --   ; -- ; (0)  ; (31)  ; --     ; --                     ; --                       ;
; output_data[54]            ; Output   ; -- ; --   ; --   ; -- ; (0)  ; (31)  ; --     ; --                     ; --                       ;
; output_data[55]            ; Output   ; -- ; --   ; --   ; -- ; (0)  ; (31)  ; --     ; --                     ; --                       ;
; output_data[56]            ; Output   ; -- ; --   ; --   ; -- ; (0)  ; (31)  ; --     ; --                     ; --                       ;
; output_data[57]            ; Output   ; -- ; --   ; --   ; -- ; (0)  ; (31)  ; --     ; --                     ; --                       ;
; output_data[58]            ; Output   ; -- ; --   ; --   ; -- ; (0)  ; (31)  ; --     ; --                     ; --                       ;
; output_data[59]            ; Output   ; -- ; --   ; --   ; -- ; (0)  ; (31)  ; --     ; --                     ; --                       ;
; output_data[60]            ; Output   ; -- ; --   ; --   ; -- ; (0)  ; (31)  ; --     ; --                     ; --                       ;
; output_data[61]            ; Output   ; -- ; --   ; --   ; -- ; (0)  ; (31)  ; --     ; --                     ; --                       ;
; output_data[62]            ; Output   ; -- ; --   ; --   ; -- ; (0)  ; (31)  ; --     ; --                     ; --                       ;
; output_data[63]            ; Output   ; -- ; --   ; --   ; -- ; (0)  ; (31)  ; --     ; --                     ; --                       ;
; output_ready               ; Input    ; -- ; --   ; --   ; -- ; --   ; --    ; --     ; --                     ; --                       ;
; operation_done             ; Output   ; -- ; --   ; --   ; -- ; (0)  ; (31)  ; --     ; --                     ; --                       ;
; operation_busy             ; Output   ; -- ; --   ; --   ; -- ; (0)  ; (31)  ; --     ; --                     ; --                       ;
; current_operation[0]       ; Output   ; -- ; --   ; --   ; -- ; (0)  ; (31)  ; --     ; --                     ; --                       ;
; current_operation[1]       ; Output   ; -- ; --   ; --   ; -- ; (0)  ; (31)  ; --     ; --                     ; --                       ;
; debug_cycles[0]            ; Output   ; -- ; --   ; --   ; -- ; (0)  ; (31)  ; --     ; --                     ; --                       ;
; debug_cycles[1]            ; Output   ; -- ; --   ; --   ; -- ; (0)  ; (31)  ; --     ; --                     ; --                       ;
; debug_cycles[2]            ; Output   ; -- ; --   ; --   ; -- ; (0)  ; (31)  ; --     ; --                     ; --                       ;
; debug_cycles[3]            ; Output   ; -- ; --   ; --   ; -- ; (0)  ; (31)  ; --     ; --                     ; --                       ;
; debug_cycles[4]            ; Output   ; -- ; --   ; --   ; -- ; (0)  ; (31)  ; --     ; --                     ; --                       ;
; debug_cycles[5]            ; Output   ; -- ; --   ; --   ; -- ; (0)  ; (31)  ; --     ; --                     ; --                       ;
; debug_cycles[6]            ; Output   ; -- ; --   ; --   ; -- ; (0)  ; (31)  ; --     ; --                     ; --                       ;
; debug_cycles[7]            ; Output   ; -- ; --   ; --   ; -- ; (0)  ; (31)  ; --     ; --                     ; --                       ;
; debug_cycles[8]            ; Output   ; -- ; --   ; --   ; -- ; (0)  ; (31)  ; --     ; --                     ; --                       ;
; debug_cycles[9]            ; Output   ; -- ; --   ; --   ; -- ; (0)  ; (31)  ; --     ; --                     ; --                       ;
; debug_cycles[10]           ; Output   ; -- ; --   ; --   ; -- ; (0)  ; (31)  ; --     ; --                     ; --                       ;
; debug_cycles[11]           ; Output   ; -- ; --   ; --   ; -- ; (0)  ; (31)  ; --     ; --                     ; --                       ;
; debug_cycles[12]           ; Output   ; -- ; --   ; --   ; -- ; (0)  ; (31)  ; --     ; --                     ; --                       ;
; debug_cycles[13]           ; Output   ; -- ; --   ; --   ; -- ; (0)  ; (31)  ; --     ; --                     ; --                       ;
; debug_cycles[14]           ; Output   ; -- ; --   ; --   ; -- ; (0)  ; (31)  ; --     ; --                     ; --                       ;
; debug_cycles[15]           ; Output   ; -- ; --   ; --   ; -- ; (0)  ; (31)  ; --     ; --                     ; --                       ;
; debug_cycles[16]           ; Output   ; -- ; --   ; --   ; -- ; (0)  ; (31)  ; --     ; --                     ; --                       ;
; debug_cycles[17]           ; Output   ; -- ; --   ; --   ; -- ; (0)  ; (31)  ; --     ; --                     ; --                       ;
; debug_cycles[18]           ; Output   ; -- ; --   ; --   ; -- ; (0)  ; (31)  ; --     ; --                     ; --                       ;
; debug_cycles[19]           ; Output   ; -- ; --   ; --   ; -- ; (0)  ; (31)  ; --     ; --                     ; --                       ;
; debug_cycles[20]           ; Output   ; -- ; --   ; --   ; -- ; (0)  ; (31)  ; --     ; --                     ; --                       ;
; debug_cycles[21]           ; Output   ; -- ; --   ; --   ; -- ; (0)  ; (31)  ; --     ; --                     ; --                       ;
; debug_cycles[22]           ; Output   ; -- ; --   ; --   ; -- ; (0)  ; (31)  ; --     ; --                     ; --                       ;
; debug_cycles[23]           ; Output   ; -- ; --   ; --   ; -- ; (0)  ; (31)  ; --     ; --                     ; --                       ;
; debug_cycles[24]           ; Output   ; -- ; --   ; --   ; -- ; (0)  ; (31)  ; --     ; --                     ; --                       ;
; debug_cycles[25]           ; Output   ; -- ; --   ; --   ; -- ; (0)  ; (31)  ; --     ; --                     ; --                       ;
; debug_cycles[26]           ; Output   ; -- ; --   ; --   ; -- ; (0)  ; (31)  ; --     ; --                     ; --                       ;
; debug_cycles[27]           ; Output   ; -- ; --   ; --   ; -- ; (0)  ; (31)  ; --     ; --                     ; --                       ;
; debug_cycles[28]           ; Output   ; -- ; --   ; --   ; -- ; (0)  ; (31)  ; --     ; --                     ; --                       ;
; debug_cycles[29]           ; Output   ; -- ; --   ; --   ; -- ; (0)  ; (31)  ; --     ; --                     ; --                       ;
; debug_cycles[30]           ; Output   ; -- ; --   ; --   ; -- ; (0)  ; (31)  ; --     ; --                     ; --                       ;
; debug_cycles[31]           ; Output   ; -- ; --   ; --   ; -- ; (0)  ; (31)  ; --     ; --                     ; --                       ;
; debug_status[0]            ; Output   ; -- ; --   ; --   ; -- ; (0)  ; (31)  ; --     ; --                     ; --                       ;
; debug_status[1]            ; Output   ; -- ; --   ; --   ; -- ; (0)  ; (31)  ; --     ; --                     ; --                       ;
; debug_status[2]            ; Output   ; -- ; --   ; --   ; -- ; (0)  ; (31)  ; --     ; --                     ; --                       ;
; debug_status[3]            ; Output   ; -- ; --   ; --   ; -- ; (0)  ; (31)  ; --     ; --                     ; --                       ;
; debug_status[4]            ; Output   ; -- ; --   ; --   ; -- ; (0)  ; (31)  ; --     ; --                     ; --                       ;
; debug_status[5]            ; Output   ; -- ; --   ; --   ; -- ; (0)  ; (31)  ; --     ; --                     ; --                       ;
; debug_status[6]            ; Output   ; -- ; --   ; --   ; -- ; (0)  ; (31)  ; --     ; --                     ; --                       ;
; debug_status[7]            ; Output   ; -- ; --   ; --   ; -- ; (0)  ; (31)  ; --     ; --                     ; --                       ;
; pool_type.MAX_POOL         ; Input    ; -- ; --   ; --   ; -- ; --   ; --    ; --     ; --                     ; --                       ;
; tensor_size[12]            ; Input    ; -- ; --   ; --   ; -- ; --   ; --    ; --     ; --                     ; --                       ;
; tensor_size[11]            ; Input    ; -- ; --   ; --   ; -- ; --   ; --    ; --     ; --                     ; --                       ;
; tensor_size[10]            ; Input    ; -- ; --   ; --   ; -- ; --   ; --    ; --     ; --                     ; --                       ;
; tensor_size[9]             ; Input    ; -- ; --   ; --   ; -- ; --   ; --    ; --     ; --                     ; --                       ;
; tensor_size[8]             ; Input    ; -- ; --   ; --   ; -- ; --   ; --    ; --     ; --                     ; --                       ;
; tensor_size[7]             ; Input    ; -- ; --   ; --   ; -- ; --   ; --    ; --     ; --                     ; --                       ;
; tensor_size[6]             ; Input    ; -- ; --   ; --   ; -- ; --   ; --    ; --     ; --                     ; --                       ;
; tensor_size[5]             ; Input    ; -- ; --   ; --   ; -- ; --   ; --    ; --     ; --                     ; --                       ;
; tensor_size[4]             ; Input    ; -- ; --   ; --   ; -- ; --   ; --    ; --     ; --                     ; --                       ;
; tensor_size[3]             ; Input    ; -- ; --   ; --   ; -- ; --   ; --    ; --     ; --                     ; --                       ;
; tensor_size[2]             ; Input    ; -- ; --   ; --   ; -- ; --   ; --    ; --     ; --                     ; --                       ;
; tensor_size[1]             ; Input    ; -- ; --   ; --   ; -- ; --   ; --    ; --     ; --                     ; --                       ;
; tensor_size[0]             ; Input    ; -- ; --   ; --   ; -- ; --   ; --    ; --     ; --                     ; --                       ;
; alpha[0]                   ; Input    ; -- ; --   ; --   ; -- ; --   ; --    ; --     ; --                     ; --                       ;
; alpha[1]                   ; Input    ; -- ; --   ; --   ; -- ; --   ; --    ; --     ; --                     ; --                       ;
; alpha[2]                   ; Input    ; -- ; --   ; --   ; -- ; --   ; --    ; --     ; --                     ; --                       ;
; alpha[3]                   ; Input    ; -- ; --   ; --   ; -- ; --   ; --    ; --     ; --                     ; --                       ;
; alpha[4]                   ; Input    ; -- ; --   ; --   ; -- ; --   ; --    ; --     ; --                     ; --                       ;
; alpha[5]                   ; Input    ; -- ; --   ; --   ; -- ; --   ; --    ; --     ; --                     ; --                       ;
; alpha[6]                   ; Input    ; -- ; --   ; --   ; -- ; --   ; --    ; --     ; --                     ; --                       ;
; alpha[7]                   ; Input    ; -- ; --   ; --   ; -- ; --   ; --    ; --     ; --                     ; --                       ;
; alpha[8]                   ; Input    ; -- ; --   ; --   ; -- ; --   ; --    ; --     ; --                     ; --                       ;
; alpha[9]                   ; Input    ; -- ; --   ; --   ; -- ; --   ; --    ; --     ; --                     ; --                       ;
; alpha[10]                  ; Input    ; -- ; --   ; --   ; -- ; --   ; --    ; --     ; --                     ; --                       ;
; alpha[11]                  ; Input    ; -- ; --   ; --   ; -- ; --   ; --    ; --     ; --                     ; --                       ;
; alpha[12]                  ; Input    ; -- ; --   ; --   ; -- ; --   ; --    ; --     ; --                     ; --                       ;
; alpha[13]                  ; Input    ; -- ; --   ; --   ; -- ; --   ; --    ; --     ; --                     ; --                       ;
; alpha[14]                  ; Input    ; -- ; --   ; --   ; -- ; --   ; --    ; --     ; --                     ; --                       ;
; alpha[15]                  ; Input    ; -- ; --   ; --   ; -- ; --   ; --    ; --     ; --                     ; --                       ;
; activation_type.ELU        ; Input    ; -- ; --   ; --   ; -- ; --   ; --    ; --     ; --                     ; --                       ;
; activation_type.TANH       ; Input    ; -- ; --   ; --   ; -- ; --   ; --    ; --     ; --                     ; --                       ;
; activation_type.SIGMOID    ; Input    ; -- ; --   ; --   ; -- ; --   ; --    ; --     ; --                     ; --                       ;
; activation_type.LEAKY_RELU ; Input    ; -- ; --   ; --   ; -- ; --   ; --    ; --     ; --                     ; --                       ;
; activation_type.LINEAR     ; Input    ; -- ; --   ; --   ; -- ; --   ; --    ; --     ; --                     ; --                       ;
; activation_type.RELU       ; Input    ; -- ; --   ; --   ; -- ; --   ; --    ; --     ; --                     ; --                       ;
; pool_size[3]               ; Input    ; -- ; --   ; (0)  ; -- ; --   ; --    ; --     ; --                     ; --                       ;
; pool_size[2]               ; Input    ; -- ; --   ; (0)  ; -- ; --   ; --    ; --     ; --                     ; --                       ;
; pool_size[0]               ; Input    ; -- ; (0)  ; --   ; -- ; --   ; --    ; --     ; --                     ; --                       ;
; pool_size[1]               ; Input    ; -- ; (0)  ; --   ; -- ; --   ; --    ; --     ; --                     ; --                       ;
; bias_valid                 ; Input    ; -- ; (0)  ; --   ; -- ; --   ; --    ; --     ; --                     ; --                       ;
; operation_select[0]        ; Input    ; -- ; --   ; (0)  ; -- ; --   ; --    ; --     ; --                     ; --                       ;
; clk                        ; Input    ; -- ; (0)  ; --   ; -- ; --   ; --    ; --     ; --                     ; --                       ;
; rst                        ; Input    ; -- ; (0)  ; --   ; -- ; --   ; --    ; --     ; --                     ; --                       ;
; enable                     ; Input    ; -- ; --   ; (0)  ; -- ; --   ; --    ; --     ; --                     ; --                       ;
; start_operation            ; Input    ; -- ; (0)  ; --   ; -- ; --   ; --    ; --     ; --                     ; --                       ;
; operation_select[1]        ; Input    ; -- ; (0)  ; --   ; -- ; --   ; --    ; --     ; --                     ; --                       ;
; conv_output_channels[0]    ; Input    ; -- ; --   ; (0)  ; -- ; --   ; --    ; --     ; --                     ; --                       ;
; conv_output_channels[1]    ; Input    ; -- ; (0)  ; --   ; -- ; --   ; --    ; --     ; --                     ; --                       ;
; conv_output_channels[2]    ; Input    ; -- ; --   ; (0)  ; -- ; --   ; --    ; --     ; --                     ; --                       ;
; conv_input_channels[0]     ; Input    ; -- ; (0)  ; --   ; -- ; --   ; --    ; --     ; --                     ; --                       ;
; conv_kernel_size[0]        ; Input    ; -- ; --   ; (0)  ; -- ; --   ; --    ; --     ; --                     ; --                       ;
; conv_kernel_size[1]        ; Input    ; -- ; --   ; (0)  ; -- ; --   ; --    ; --     ; --                     ; --                       ;
; conv_input_channels[1]     ; Input    ; -- ; --   ; (0)  ; -- ; --   ; --    ; --     ; --                     ; --                       ;
; conv_input_channels[2]     ; Input    ; -- ; --   ; (0)  ; -- ; --   ; --    ; --     ; --                     ; --                       ;
; conv_kernel_size[2]        ; Input    ; -- ; (0)  ; --   ; -- ; --   ; --    ; --     ; --                     ; --                       ;
; batch_size[0]              ; Input    ; -- ; (0)  ; --   ; -- ; --   ; --    ; --     ; --                     ; --                       ;
; batch_size[1]              ; Input    ; -- ; --   ; (0)  ; -- ; --   ; --    ; --     ; --                     ; --                       ;
; batch_size[2]              ; Input    ; -- ; --   ; (0)  ; -- ; --   ; --    ; --     ; --                     ; --                       ;
; pool_channels[2]           ; Input    ; -- ; (0)  ; --   ; -- ; --   ; --    ; --     ; --                     ; --                       ;
; pool_channels[0]           ; Input    ; -- ; (0)  ; --   ; -- ; --   ; --    ; --     ; --                     ; --                       ;
; pool_channels[1]           ; Input    ; -- ; (0)  ; --   ; -- ; --   ; --    ; --     ; --                     ; --                       ;
; input_valid                ; Input    ; -- ; (0)  ; --   ; -- ; --   ; --    ; --     ; --                     ; --                       ;
; weight_valid               ; Input    ; -- ; (0)  ; --   ; -- ; --   ; --    ; --     ; --                     ; --                       ;
; pool_stride[3]             ; Input    ; -- ; (0)  ; --   ; -- ; --   ; --    ; --     ; --                     ; --                       ;
; pool_stride[1]             ; Input    ; -- ; (0)  ; --   ; -- ; --   ; --    ; --     ; --                     ; --                       ;
; pool_stride[0]             ; Input    ; -- ; (0)  ; --   ; -- ; --   ; --    ; --     ; --                     ; --                       ;
; pool_stride[2]             ; Input    ; -- ; (0)  ; --   ; -- ; --   ; --    ; --     ; --                     ; --                       ;
; bias_data[0]               ; Input    ; -- ; (0)  ; --   ; -- ; --   ; --    ; --     ; --                     ; --                       ;
; input_data[0]              ; Input    ; -- ; (0)  ; --   ; -- ; --   ; --    ; --     ; --                     ; --                       ;
; pool_type.AVERAGE_POOL     ; Input    ; -- ; (0)  ; --   ; -- ; --   ; --    ; --     ; --                     ; --                       ;
; pool_type.SUM_POOL         ; Input    ; -- ; --   ; (0)  ; -- ; --   ; --    ; --     ; --                     ; --                       ;
; pool_type.MIN_POOL         ; Input    ; -- ; --   ; (0)  ; -- ; --   ; --    ; --     ; --                     ; --                       ;
; input_data[15]             ; Input    ; -- ; (0)  ; --   ; -- ; --   ; --    ; --     ; --                     ; --                       ;
; input_data[14]             ; Input    ; -- ; (0)  ; --   ; -- ; --   ; --    ; --     ; --                     ; --                       ;
; input_data[13]             ; Input    ; -- ; --   ; (0)  ; -- ; --   ; --    ; --     ; --                     ; --                       ;
; input_data[12]             ; Input    ; -- ; --   ; (0)  ; -- ; --   ; --    ; --     ; --                     ; --                       ;
; input_data[11]             ; Input    ; -- ; --   ; (0)  ; -- ; --   ; --    ; --     ; --                     ; --                       ;
; input_data[10]             ; Input    ; -- ; --   ; (0)  ; -- ; --   ; --    ; --     ; --                     ; --                       ;
; input_data[9]              ; Input    ; -- ; --   ; (0)  ; -- ; --   ; --    ; --     ; --                     ; --                       ;
; input_data[8]              ; Input    ; -- ; (0)  ; --   ; -- ; --   ; --    ; --     ; --                     ; --                       ;
; input_data[7]              ; Input    ; -- ; (0)  ; --   ; -- ; --   ; --    ; --     ; --                     ; --                       ;
; input_data[6]              ; Input    ; -- ; (0)  ; --   ; -- ; --   ; --    ; --     ; --                     ; --                       ;
; input_data[5]              ; Input    ; -- ; --   ; (0)  ; -- ; --   ; --    ; --     ; --                     ; --                       ;
; input_data[4]              ; Input    ; -- ; --   ; (0)  ; -- ; --   ; --    ; --     ; --                     ; --                       ;
; input_data[3]              ; Input    ; -- ; --   ; (0)  ; -- ; --   ; --    ; --     ; --                     ; --                       ;
; input_data[2]              ; Input    ; -- ; (0)  ; --   ; -- ; --   ; --    ; --     ; --                     ; --                       ;
; input_data[1]              ; Input    ; -- ; (0)  ; --   ; -- ; --   ; --    ; --     ; --                     ; --                       ;
; bias_data[1]               ; Input    ; -- ; --   ; (0)  ; -- ; --   ; --    ; --     ; --                     ; --                       ;
; bias_data[2]               ; Input    ; -- ; --   ; (0)  ; -- ; --   ; --    ; --     ; --                     ; --                       ;
; bias_data[3]               ; Input    ; -- ; --   ; (0)  ; -- ; --   ; --    ; --     ; --                     ; --                       ;
; bias_data[4]               ; Input    ; -- ; --   ; (0)  ; -- ; --   ; --    ; --     ; --                     ; --                       ;
; bias_data[5]               ; Input    ; -- ; --   ; (0)  ; -- ; --   ; --    ; --     ; --                     ; --                       ;
; bias_data[6]               ; Input    ; -- ; (0)  ; --   ; -- ; --   ; --    ; --     ; --                     ; --                       ;
; bias_data[7]               ; Input    ; -- ; (0)  ; --   ; -- ; --   ; --    ; --     ; --                     ; --                       ;
; bias_data[8]               ; Input    ; -- ; (0)  ; --   ; -- ; --   ; --    ; --     ; --                     ; --                       ;
; bias_data[9]               ; Input    ; -- ; --   ; (0)  ; -- ; --   ; --    ; --     ; --                     ; --                       ;
; bias_data[10]              ; Input    ; -- ; --   ; (0)  ; -- ; --   ; --    ; --     ; --                     ; --                       ;
; bias_data[11]              ; Input    ; -- ; --   ; (0)  ; -- ; --   ; --    ; --     ; --                     ; --                       ;
; bias_data[12]              ; Input    ; -- ; (0)  ; --   ; -- ; --   ; --    ; --     ; --                     ; --                       ;
; bias_data[13]              ; Input    ; -- ; (0)  ; --   ; -- ; --   ; --    ; --     ; --                     ; --                       ;
; bias_data[14]              ; Input    ; -- ; --   ; (0)  ; -- ; --   ; --    ; --     ; --                     ; --                       ;
; bias_data[15]              ; Input    ; -- ; (0)  ; --   ; -- ; --   ; --    ; --     ; --                     ; --                       ;
; input_data[16]             ; Input    ; -- ; (0)  ; --   ; -- ; --   ; --    ; --     ; --                     ; --                       ;
; input_data[31]             ; Input    ; -- ; (0)  ; --   ; -- ; --   ; --    ; --     ; --                     ; --                       ;
; input_data[30]             ; Input    ; -- ; --   ; (0)  ; -- ; --   ; --    ; --     ; --                     ; --                       ;
; input_data[29]             ; Input    ; -- ; (0)  ; --   ; -- ; --   ; --    ; --     ; --                     ; --                       ;
; input_data[28]             ; Input    ; -- ; (0)  ; --   ; -- ; --   ; --    ; --     ; --                     ; --                       ;
; input_data[27]             ; Input    ; -- ; --   ; (0)  ; -- ; --   ; --    ; --     ; --                     ; --                       ;
; input_data[26]             ; Input    ; -- ; (0)  ; --   ; -- ; --   ; --    ; --     ; --                     ; --                       ;
; input_data[25]             ; Input    ; -- ; (0)  ; --   ; -- ; --   ; --    ; --     ; --                     ; --                       ;
; input_data[24]             ; Input    ; -- ; --   ; (0)  ; -- ; --   ; --    ; --     ; --                     ; --                       ;
; input_data[23]             ; Input    ; -- ; (0)  ; --   ; -- ; --   ; --    ; --     ; --                     ; --                       ;
; input_data[22]             ; Input    ; -- ; --   ; (0)  ; -- ; --   ; --    ; --     ; --                     ; --                       ;
; input_data[21]             ; Input    ; -- ; --   ; (0)  ; -- ; --   ; --    ; --     ; --                     ; --                       ;
; input_data[20]             ; Input    ; -- ; (0)  ; --   ; -- ; --   ; --    ; --     ; --                     ; --                       ;
; input_data[19]             ; Input    ; -- ; --   ; (0)  ; -- ; --   ; --    ; --     ; --                     ; --                       ;
; input_data[18]             ; Input    ; -- ; (0)  ; --   ; -- ; --   ; --    ; --     ; --                     ; --                       ;
; input_data[17]             ; Input    ; -- ; (0)  ; --   ; -- ; --   ; --    ; --     ; --                     ; --                       ;
; input_data[32]             ; Input    ; -- ; --   ; (0)  ; -- ; --   ; --    ; --     ; --                     ; --                       ;
; input_data[47]             ; Input    ; -- ; (0)  ; --   ; -- ; --   ; --    ; --     ; --                     ; --                       ;
; input_data[46]             ; Input    ; -- ; (0)  ; --   ; -- ; --   ; --    ; --     ; --                     ; --                       ;
; input_data[45]             ; Input    ; -- ; (0)  ; --   ; -- ; --   ; --    ; --     ; --                     ; --                       ;
; input_data[44]             ; Input    ; -- ; (0)  ; --   ; -- ; --   ; --    ; --     ; --                     ; --                       ;
; input_data[43]             ; Input    ; -- ; --   ; (0)  ; -- ; --   ; --    ; --     ; --                     ; --                       ;
; input_data[42]             ; Input    ; -- ; --   ; (0)  ; -- ; --   ; --    ; --     ; --                     ; --                       ;
; input_data[41]             ; Input    ; -- ; --   ; (0)  ; -- ; --   ; --    ; --     ; --                     ; --                       ;
; input_data[40]             ; Input    ; -- ; (0)  ; --   ; -- ; --   ; --    ; --     ; --                     ; --                       ;
; input_data[39]             ; Input    ; -- ; --   ; (0)  ; -- ; --   ; --    ; --     ; --                     ; --                       ;
; input_data[38]             ; Input    ; -- ; (0)  ; --   ; -- ; --   ; --    ; --     ; --                     ; --                       ;
; input_data[37]             ; Input    ; -- ; --   ; (0)  ; -- ; --   ; --    ; --     ; --                     ; --                       ;
; input_data[36]             ; Input    ; -- ; (0)  ; --   ; -- ; --   ; --    ; --     ; --                     ; --                       ;
; input_data[35]             ; Input    ; -- ; --   ; (0)  ; -- ; --   ; --    ; --     ; --                     ; --                       ;
; input_data[34]             ; Input    ; -- ; --   ; (0)  ; -- ; --   ; --    ; --     ; --                     ; --                       ;
; input_data[33]             ; Input    ; -- ; --   ; (0)  ; -- ; --   ; --    ; --     ; --                     ; --                       ;
; input_data[48]             ; Input    ; -- ; (0)  ; --   ; -- ; --   ; --    ; --     ; --                     ; --                       ;
; input_data[63]             ; Input    ; -- ; (0)  ; --   ; -- ; --   ; --    ; --     ; --                     ; --                       ;
; input_data[62]             ; Input    ; -- ; (0)  ; --   ; -- ; --   ; --    ; --     ; --                     ; --                       ;
; input_data[61]             ; Input    ; -- ; (0)  ; --   ; -- ; --   ; --    ; --     ; --                     ; --                       ;
; input_data[60]             ; Input    ; -- ; (0)  ; --   ; -- ; --   ; --    ; --     ; --                     ; --                       ;
; input_data[59]             ; Input    ; -- ; --   ; (0)  ; -- ; --   ; --    ; --     ; --                     ; --                       ;
; input_data[58]             ; Input    ; -- ; --   ; (0)  ; -- ; --   ; --    ; --     ; --                     ; --                       ;
; input_data[57]             ; Input    ; -- ; (0)  ; --   ; -- ; --   ; --    ; --     ; --                     ; --                       ;
; input_data[56]             ; Input    ; -- ; --   ; (0)  ; -- ; --   ; --    ; --     ; --                     ; --                       ;
; input_data[55]             ; Input    ; -- ; (0)  ; --   ; -- ; --   ; --    ; --     ; --                     ; --                       ;
; input_data[54]             ; Input    ; -- ; --   ; (0)  ; -- ; --   ; --    ; --     ; --                     ; --                       ;
; input_data[53]             ; Input    ; -- ; (0)  ; --   ; -- ; --   ; --    ; --     ; --                     ; --                       ;
; input_data[52]             ; Input    ; -- ; (0)  ; --   ; -- ; --   ; --    ; --     ; --                     ; --                       ;
; input_data[51]             ; Input    ; -- ; --   ; (0)  ; -- ; --   ; --    ; --     ; --                     ; --                       ;
; input_data[50]             ; Input    ; -- ; --   ; (0)  ; -- ; --   ; --    ; --     ; --                     ; --                       ;
; input_data[49]             ; Input    ; -- ; (0)  ; --   ; -- ; --   ; --    ; --     ; --                     ; --                       ;
; conv_stride[2]             ; Input    ; -- ; --   ; (0)  ; -- ; --   ; --    ; --     ; --                     ; --                       ;
; conv_stride[1]             ; Input    ; -- ; --   ; (0)  ; -- ; --   ; --    ; --     ; --                     ; --                       ;
; conv_stride[0]             ; Input    ; -- ; --   ; (0)  ; -- ; --   ; --    ; --     ; --                     ; --                       ;
; weight_data[0]             ; Input    ; -- ; (0)  ; --   ; -- ; --   ; --    ; --     ; --                     ; --                       ;
; weight_data[1]             ; Input    ; -- ; --   ; (0)  ; -- ; --   ; --    ; --     ; --                     ; --                       ;
; weight_data[2]             ; Input    ; -- ; --   ; (0)  ; -- ; --   ; --    ; --     ; --                     ; --                       ;
; weight_data[3]             ; Input    ; -- ; --   ; (0)  ; -- ; --   ; --    ; --     ; --                     ; --                       ;
; weight_data[4]             ; Input    ; -- ; --   ; (0)  ; -- ; --   ; --    ; --     ; --                     ; --                       ;
; weight_data[5]             ; Input    ; -- ; --   ; (0)  ; -- ; --   ; --    ; --     ; --                     ; --                       ;
; weight_data[6]             ; Input    ; -- ; --   ; (0)  ; -- ; --   ; --    ; --     ; --                     ; --                       ;
; weight_data[7]             ; Input    ; -- ; --   ; (0)  ; -- ; --   ; --    ; --     ; --                     ; --                       ;
; weight_data[8]             ; Input    ; -- ; --   ; (0)  ; -- ; --   ; --    ; --     ; --                     ; --                       ;
; weight_data[9]             ; Input    ; -- ; (0)  ; --   ; -- ; --   ; --    ; --     ; --                     ; --                       ;
; weight_data[10]            ; Input    ; -- ; (0)  ; --   ; -- ; --   ; --    ; --     ; --                     ; --                       ;
; weight_data[11]            ; Input    ; -- ; --   ; (0)  ; -- ; --   ; --    ; --     ; --                     ; --                       ;
; weight_data[12]            ; Input    ; -- ; --   ; (0)  ; -- ; --   ; --    ; --     ; --                     ; --                       ;
; weight_data[13]            ; Input    ; -- ; (0)  ; --   ; -- ; --   ; --    ; --     ; --                     ; --                       ;
; weight_data[14]            ; Input    ; -- ; --   ; (0)  ; -- ; --   ; --    ; --     ; --                     ; --                       ;
; weight_data[15]            ; Input    ; -- ; (0)  ; --   ; -- ; --   ; --    ; --     ; --                     ; --                       ;
; conv_padding[1]            ; Input    ; -- ; --   ; (0)  ; -- ; --   ; --    ; --     ; --                     ; --                       ;
; conv_padding[0]            ; Input    ; -- ; (0)  ; --   ; -- ; --   ; --    ; --     ; --                     ; --                       ;
+----------------------------+----------+----+------+------+----+------+-------+--------+------------------------+--------------------------+


+-------------------------------------------------------------------------------------------------------------------------------------------------------------------------------------+
; Pad To Core Delay Chain Fanout                                                                                                                                                      ;
+-------------------------------------------------------------------------------------------------------------------------------------------------------+-------------------+---------+
; Source Pin / Fanout                                                                                                                                   ; Pad To Core Index ; Setting ;
+-------------------------------------------------------------------------------------------------------------------------------------------------------+-------------------+---------+
; output_ready                                                                                                                                          ;                   ;         ;
; pool_type.MAX_POOL                                                                                                                                    ;                   ;         ;
; tensor_size[12]                                                                                                                                       ;                   ;         ;
; tensor_size[11]                                                                                                                                       ;                   ;         ;
; tensor_size[10]                                                                                                                                       ;                   ;         ;
; tensor_size[9]                                                                                                                                        ;                   ;         ;
; tensor_size[8]                                                                                                                                        ;                   ;         ;
; tensor_size[7]                                                                                                                                        ;                   ;         ;
; tensor_size[6]                                                                                                                                        ;                   ;         ;
; tensor_size[5]                                                                                                                                        ;                   ;         ;
; tensor_size[4]                                                                                                                                        ;                   ;         ;
; tensor_size[3]                                                                                                                                        ;                   ;         ;
; tensor_size[2]                                                                                                                                        ;                   ;         ;
; tensor_size[1]                                                                                                                                        ;                   ;         ;
; tensor_size[0]                                                                                                                                        ;                   ;         ;
; alpha[0]                                                                                                                                              ;                   ;         ;
; alpha[1]                                                                                                                                              ;                   ;         ;
; alpha[2]                                                                                                                                              ;                   ;         ;
; alpha[3]                                                                                                                                              ;                   ;         ;
; alpha[4]                                                                                                                                              ;                   ;         ;
; alpha[5]                                                                                                                                              ;                   ;         ;
; alpha[6]                                                                                                                                              ;                   ;         ;
; alpha[7]                                                                                                                                              ;                   ;         ;
; alpha[8]                                                                                                                                              ;                   ;         ;
; alpha[9]                                                                                                                                              ;                   ;         ;
; alpha[10]                                                                                                                                             ;                   ;         ;
; alpha[11]                                                                                                                                             ;                   ;         ;
; alpha[12]                                                                                                                                             ;                   ;         ;
; alpha[13]                                                                                                                                             ;                   ;         ;
; alpha[14]                                                                                                                                             ;                   ;         ;
; alpha[15]                                                                                                                                             ;                   ;         ;
; activation_type.ELU                                                                                                                                   ;                   ;         ;
; activation_type.TANH                                                                                                                                  ;                   ;         ;
; activation_type.SIGMOID                                                                                                                               ;                   ;         ;
; activation_type.LEAKY_RELU                                                                                                                            ;                   ;         ;
; activation_type.LINEAR                                                                                                                                ;                   ;         ;
; activation_type.RELU                                                                                                                                  ;                   ;         ;
; pool_size[3]                                                                                                                                          ;                   ;         ;
;      - pooling_block:pool_inst|lpm_divide:Div0|lpm_divide_tno:auto_generated|abs_divider_6ag:divider|lpm_abs_ln9:my_abs_num|op_1~5                    ; 1                 ; 0       ;
;      - pooling_block:pool_inst|process_1~0                                                                                                            ; 1                 ; 0       ;
;      - pooling_block:pool_inst|LessThan8~1                                                                                                            ; 1                 ; 0       ;
;      - pooling_block:pool_inst|LessThan9~1                                                                                                            ; 1                 ; 0       ;
;      - pooling_block:pool_inst|Add0~0                                                                                                                 ; 1                 ; 0       ;
; pool_size[2]                                                                                                                                          ;                   ;         ;
;      - pooling_block:pool_inst|lpm_divide:Div0|lpm_divide_tno:auto_generated|abs_divider_6ag:divider|lpm_abs_ln9:my_abs_num|op_1~9                    ; 1                 ; 0       ;
;      - pooling_block:pool_inst|lpm_divide:Div0|lpm_divide_tno:auto_generated|abs_divider_6ag:divider|lpm_abs_ln9:my_abs_num|op_1~5                    ; 1                 ; 0       ;
;      - pooling_block:pool_inst|process_1~0                                                                                                            ; 1                 ; 0       ;
;      - pooling_block:pool_inst|LessThan8~1                                                                                                            ; 1                 ; 0       ;
;      - pooling_block:pool_inst|LessThan9~1                                                                                                            ; 1                 ; 0       ;
;      - pooling_block:pool_inst|Add0~0                                                                                                                 ; 1                 ; 0       ;
; pool_size[0]                                                                                                                                          ;                   ;         ;
;      - pooling_block:pool_inst|lpm_divide:Div0|lpm_divide_tno:auto_generated|abs_divider_6ag:divider|lpm_abs_ln9:my_abs_num|op_1~17                   ; 0                 ; 0       ;
;      - pooling_block:pool_inst|lpm_divide:Div0|lpm_divide_tno:auto_generated|abs_divider_6ag:divider|lpm_abs_ln9:my_abs_num|op_1~13                   ; 0                 ; 0       ;
;      - pooling_block:pool_inst|process_1~0                                                                                                            ; 0                 ; 0       ;
;      - pooling_block:pool_inst|process_1~1                                                                                                            ; 0                 ; 0       ;
;      - pooling_block:pool_inst|Add30~0                                                                                                                ; 0                 ; 0       ;
;      - pooling_block:pool_inst|LessThan8~0                                                                                                            ; 0                 ; 0       ;
;      - pooling_block:pool_inst|LessThan9~0                                                                                                            ; 0                 ; 0       ;
;      - pooling_block:pool_inst|Add0~0                                                                                                                 ; 0                 ; 0       ;
; pool_size[1]                                                                                                                                          ;                   ;         ;
;      - pooling_block:pool_inst|lpm_divide:Div0|lpm_divide_tno:auto_generated|abs_divider_6ag:divider|lpm_abs_ln9:my_abs_num|op_1~13                   ; 0                 ; 0       ;
;      - pooling_block:pool_inst|process_1~0                                                                                                            ; 0                 ; 0       ;
;      - pooling_block:pool_inst|process_1~1                                                                                                            ; 0                 ; 0       ;
;      - pooling_block:pool_inst|Add30~0                                                                                                                ; 0                 ; 0       ;
;      - pooling_block:pool_inst|LessThan8~0                                                                                                            ; 0                 ; 0       ;
;      - pooling_block:pool_inst|LessThan9~0                                                                                                            ; 0                 ; 0       ;
;      - pooling_block:pool_inst|Add0~0                                                                                                                 ; 0                 ; 0       ;
; bias_valid                                                                                                                                            ;                   ;         ;
;      - Mux215~0                                                                                                                                       ; 0                 ; 0       ;
;      - Mux214~0                                                                                                                                       ; 0                 ; 0       ;
;      - Mux213~0                                                                                                                                       ; 0                 ; 0       ;
;      - Mux212~0                                                                                                                                       ; 0                 ; 0       ;
;      - Mux211~0                                                                                                                                       ; 0                 ; 0       ;
;      - Mux210~0                                                                                                                                       ; 0                 ; 0       ;
;      - Mux209~0                                                                                                                                       ; 0                 ; 0       ;
;      - Mux208~0                                                                                                                                       ; 0                 ; 0       ;
;      - Mux207~0                                                                                                                                       ; 0                 ; 0       ;
;      - Mux206~0                                                                                                                                       ; 0                 ; 0       ;
;      - Mux205~0                                                                                                                                       ; 0                 ; 0       ;
;      - Mux204~0                                                                                                                                       ; 0                 ; 0       ;
;      - Mux203~0                                                                                                                                       ; 0                 ; 0       ;
;      - Mux202~0                                                                                                                                       ; 0                 ; 0       ;
;      - Mux201~0                                                                                                                                       ; 0                 ; 0       ;
;      - Mux200~0                                                                                                                                       ; 0                 ; 0       ;
;      - convolution_block:conv_inst|bias_reg[0]                                                                                                        ; 0                 ; 0       ;
;      - convolution_block:conv_inst|bias_reg[1]                                                                                                        ; 0                 ; 0       ;
;      - convolution_block:conv_inst|bias_reg[2]                                                                                                        ; 0                 ; 0       ;
;      - convolution_block:conv_inst|bias_reg[3]                                                                                                        ; 0                 ; 0       ;
;      - convolution_block:conv_inst|bias_reg[4]                                                                                                        ; 0                 ; 0       ;
;      - convolution_block:conv_inst|bias_reg[5]                                                                                                        ; 0                 ; 0       ;
;      - convolution_block:conv_inst|bias_reg[6]                                                                                                        ; 0                 ; 0       ;
;      - convolution_block:conv_inst|bias_reg[7]                                                                                                        ; 0                 ; 0       ;
;      - convolution_block:conv_inst|bias_reg[8]                                                                                                        ; 0                 ; 0       ;
;      - convolution_block:conv_inst|bias_reg[9]                                                                                                        ; 0                 ; 0       ;
;      - convolution_block:conv_inst|bias_reg[10]                                                                                                       ; 0                 ; 0       ;
;      - convolution_block:conv_inst|bias_reg[11]                                                                                                       ; 0                 ; 0       ;
;      - convolution_block:conv_inst|bias_reg[12]                                                                                                       ; 0                 ; 0       ;
;      - convolution_block:conv_inst|bias_reg[13]                                                                                                       ; 0                 ; 0       ;
;      - convolution_block:conv_inst|bias_reg[14]                                                                                                       ; 0                 ; 0       ;
;      - convolution_block:conv_inst|bias_reg[15]                                                                                                       ; 0                 ; 0       ;
; operation_select[0]                                                                                                                                   ;                   ;         ;
;      - selected_operation[0]                                                                                                                          ; 1                 ; 0       ;
;      - Selector0~0                                                                                                                                    ; 1                 ; 0       ;
;      - Selector2~0                                                                                                                                    ; 1                 ; 0       ;
;      - Selector1~0                                                                                                                                    ; 1                 ; 0       ;
;      - Selector3~0                                                                                                                                    ; 1                 ; 0       ;
; clk                                                                                                                                                   ;                   ;         ;
; rst                                                                                                                                                   ;                   ;         ;
;      - convolution_block:conv_inst|mult_result[31]~0                                                                                                  ; 0                 ; 0       ;
; enable                                                                                                                                                ;                   ;         ;
;      - process_0~1                                                                                                                                    ; 1                 ; 0       ;
;      - Selector0~0                                                                                                                                    ; 1                 ; 0       ;
; start_operation                                                                                                                                       ;                   ;         ;
;      - process_0~1                                                                                                                                    ; 0                 ; 0       ;
;      - Selector0~0                                                                                                                                    ; 0                 ; 0       ;
; operation_select[1]                                                                                                                                   ;                   ;         ;
;      - selected_operation[1]                                                                                                                          ; 0                 ; 0       ;
;      - Selector0~0                                                                                                                                    ; 0                 ; 0       ;
;      - Selector2~0                                                                                                                                    ; 0                 ; 0       ;
;      - Selector1~0                                                                                                                                    ; 0                 ; 0       ;
;      - Selector3~0                                                                                                                                    ; 0                 ; 0       ;
; conv_output_channels[0]                                                                                                                               ;                   ;         ;
;      - convolution_block:conv_inst|process_1~0                                                                                                        ; 1                 ; 0       ;
;      - convolution_block:conv_inst|process_1~5                                                                                                        ; 1                 ; 0       ;
;      - convolution_block:conv_inst|Add13~0                                                                                                            ; 1                 ; 0       ;
;      - convolution_block:conv_inst|LessThan5~0                                                                                                        ; 1                 ; 0       ;
; conv_output_channels[1]                                                                                                                               ;                   ;         ;
;      - convolution_block:conv_inst|process_1~0                                                                                                        ; 0                 ; 0       ;
;      - convolution_block:conv_inst|process_1~5                                                                                                        ; 0                 ; 0       ;
;      - convolution_block:conv_inst|Add13~0                                                                                                            ; 0                 ; 0       ;
;      - convolution_block:conv_inst|LessThan5~0                                                                                                        ; 0                 ; 0       ;
; conv_output_channels[2]                                                                                                                               ;                   ;         ;
;      - convolution_block:conv_inst|process_1~0                                                                                                        ; 1                 ; 0       ;
;      - convolution_block:conv_inst|process_1~5                                                                                                        ; 1                 ; 0       ;
;      - convolution_block:conv_inst|out_ch_cnt~0                                                                                                       ; 1                 ; 0       ;
;      - convolution_block:conv_inst|LessThan5~1                                                                                                        ; 1                 ; 0       ;
;      - convolution_block:conv_inst|batch_cnt~1                                                                                                        ; 1                 ; 0       ;
; conv_input_channels[0]                                                                                                                                ;                   ;         ;
;      - convolution_block:conv_inst|process_1~0                                                                                                        ; 0                 ; 0       ;
;      - convolution_block:conv_inst|process_1~2                                                                                                        ; 0                 ; 0       ;
;      - convolution_block:conv_inst|process_1~12                                                                                                       ; 0                 ; 0       ;
;      - convolution_block:conv_inst|LessThan2~0                                                                                                        ; 0                 ; 0       ;
; conv_kernel_size[0]                                                                                                                                   ;                   ;         ;
;      - convolution_block:conv_inst|lpm_divide:Div0|lpm_divide_sno:auto_generated|abs_divider_5ag:divider|alt_u_div_qse:divider|op_7~22                ; 1                 ; 0       ;
;      - convolution_block:conv_inst|process_1~1                                                                                                        ; 1                 ; 0       ;
;      - convolution_block:conv_inst|process_1~3                                                                                                        ; 1                 ; 0       ;
;      - convolution_block:conv_inst|LessThan1~0                                                                                                        ; 1                 ; 0       ;
;      - convolution_block:conv_inst|LessThan0~0                                                                                                        ; 1                 ; 0       ;
;      - convolution_block:conv_inst|Add0~0                                                                                                             ; 1                 ; 0       ;
;      - convolution_block:conv_inst|Add0~1                                                                                                             ; 1                 ; 0       ;
;      - convolution_block:conv_inst|Add0~2                                                                                                             ; 1                 ; 0       ;
; conv_kernel_size[1]                                                                                                                                   ;                   ;         ;
;      - convolution_block:conv_inst|process_1~1                                                                                                        ; 1                 ; 0       ;
;      - convolution_block:conv_inst|process_1~3                                                                                                        ; 1                 ; 0       ;
;      - convolution_block:conv_inst|LessThan1~0                                                                                                        ; 1                 ; 0       ;
;      - convolution_block:conv_inst|LessThan0~0                                                                                                        ; 1                 ; 0       ;
;      - convolution_block:conv_inst|Add0~0                                                                                                             ; 1                 ; 0       ;
;      - convolution_block:conv_inst|Add0~1                                                                                                             ; 1                 ; 0       ;
;      - convolution_block:conv_inst|Add0~2                                                                                                             ; 1                 ; 0       ;
; conv_input_channels[1]                                                                                                                                ;                   ;         ;
;      - convolution_block:conv_inst|process_1~2                                                                                                        ; 1                 ; 0       ;
;      - convolution_block:conv_inst|process_1~12                                                                                                       ; 1                 ; 0       ;
;      - convolution_block:conv_inst|LessThan2~0                                                                                                        ; 1                 ; 0       ;
; conv_input_channels[2]                                                                                                                                ;                   ;         ;
;      - convolution_block:conv_inst|process_1~2                                                                                                        ; 1                 ; 0       ;
;      - convolution_block:conv_inst|process_1~12                                                                                                       ; 1                 ; 0       ;
;      - convolution_block:conv_inst|LessThan2~0                                                                                                        ; 1                 ; 0       ;
; conv_kernel_size[2]                                                                                                                                   ;                   ;         ;
;      - convolution_block:conv_inst|process_1~3                                                                                                        ; 0                 ; 0       ;
;      - convolution_block:conv_inst|LessThan1~0                                                                                                        ; 0                 ; 0       ;
;      - convolution_block:conv_inst|LessThan0~0                                                                                                        ; 0                 ; 0       ;
;      - convolution_block:conv_inst|Add0~0                                                                                                             ; 0                 ; 0       ;
;      - convolution_block:conv_inst|Add0~1                                                                                                             ; 0                 ; 0       ;
; batch_size[0]                                                                                                                                         ;                   ;         ;
;      - convolution_block:conv_inst|process_1~4                                                                                                        ; 0                 ; 0       ;
;      - pooling_block:pool_inst|process_1~2                                                                                                            ; 0                 ; 0       ;
;      - convolution_block:conv_inst|LessThan6~0                                                                                                        ; 0                 ; 0       ;
;      - pooling_block:pool_inst|channel_cnt~0                                                                                                          ; 0                 ; 0       ;
; batch_size[1]                                                                                                                                         ;                   ;         ;
;      - convolution_block:conv_inst|process_1~4                                                                                                        ; 1                 ; 0       ;
;      - pooling_block:pool_inst|process_1~2                                                                                                            ; 1                 ; 0       ;
;      - convolution_block:conv_inst|LessThan6~0                                                                                                        ; 1                 ; 0       ;
;      - pooling_block:pool_inst|channel_cnt~0                                                                                                          ; 1                 ; 0       ;
; batch_size[2]                                                                                                                                         ;                   ;         ;
;      - convolution_block:conv_inst|process_1~4                                                                                                        ; 1                 ; 0       ;
;      - pooling_block:pool_inst|process_1~2                                                                                                            ; 1                 ; 0       ;
;      - convolution_block:conv_inst|LessThan6~0                                                                                                        ; 1                 ; 0       ;
;      - pooling_block:pool_inst|channel_cnt~0                                                                                                          ; 1                 ; 0       ;
; pool_channels[2]                                                                                                                                      ;                   ;         ;
;      - pooling_block:pool_inst|LessThan18~0                                                                                                           ; 0                 ; 0       ;
; pool_channels[0]                                                                                                                                      ;                   ;         ;
;      - pooling_block:pool_inst|LessThan18~0                                                                                                           ; 0                 ; 0       ;
; pool_channels[1]                                                                                                                                      ;                   ;         ;
;      - pooling_block:pool_inst|LessThan18~0                                                                                                           ; 0                 ; 0       ;
; input_valid                                                                                                                                           ;                   ;         ;
;      - Mux21~0                                                                                                                                        ; 0                 ; 0       ;
;      - convolution_block:conv_inst|process_0~0                                                                                                        ; 0                 ; 0       ;
;      - convolution_block:conv_inst|mult_result[31]~0                                                                                                  ; 0                 ; 0       ;
;      - Mux4~0                                                                                                                                         ; 0                 ; 0       ;
; weight_valid                                                                                                                                          ;                   ;         ;
;      - convolution_block:conv_inst|process_0~0                                                                                                        ; 0                 ; 0       ;
;      - convolution_block:conv_inst|mult_result[31]~0                                                                                                  ; 0                 ; 0       ;
;      - convolution_block:conv_inst|Mult0~8                                                                                                            ; 0                 ; 0       ;
; pool_stride[3]                                                                                                                                        ;                   ;         ;
;      - pooling_block:pool_inst|lpm_divide:Div0|lpm_divide_tno:auto_generated|abs_divider_6ag:divider|alt_u_div_rse:divider|op_4~13                    ; 0                 ; 0       ;
;      - pooling_block:pool_inst|lpm_divide:Div0|lpm_divide_tno:auto_generated|abs_divider_6ag:divider|alt_u_div_rse:divider|op_4~9                     ; 0                 ; 0       ;
;      - pooling_block:pool_inst|lpm_divide:Div0|lpm_divide_tno:auto_generated|abs_divider_6ag:divider|alt_u_div_rse:divider|op_4~5                     ; 0                 ; 0       ;
;      - pooling_block:pool_inst|lpm_divide:Div0|lpm_divide_tno:auto_generated|abs_divider_6ag:divider|alt_u_div_rse:divider|op_5~9                     ; 0                 ; 0       ;
;      - pooling_block:pool_inst|lpm_divide:Div0|lpm_divide_tno:auto_generated|abs_divider_6ag:divider|alt_u_div_rse:divider|op_6~14                    ; 0                 ; 0       ;
;      - pooling_block:pool_inst|lpm_divide:Div0|lpm_divide_tno:auto_generated|abs_divider_6ag:divider|op_1~9                                           ; 0                 ; 0       ;
;      - pooling_block:pool_inst|lpm_divide:Div0|lpm_divide_tno:auto_generated|abs_divider_6ag:divider|op_1~5                                           ; 0                 ; 0       ;
;      - pooling_block:pool_inst|lpm_divide:Div0|lpm_divide_tno:auto_generated|abs_divider_6ag:divider|op_1~1                                           ; 0                 ; 0       ;
;      - pooling_block:pool_inst|lpm_divide:Div0|lpm_divide_tno:auto_generated|abs_divider_6ag:divider|quotient[5]~0                                    ; 0                 ; 0       ;
;      - pooling_block:pool_inst|lpm_divide:Div0|lpm_divide_tno:auto_generated|abs_divider_6ag:divider|alt_u_div_rse:divider|selnose[7]                 ; 0                 ; 0       ;
;      - pooling_block:pool_inst|lpm_divide:Div0|lpm_divide_tno:auto_generated|abs_divider_6ag:divider|alt_u_div_rse:divider|selnose[14]                ; 0                 ; 0       ;
;      - pooling_block:pool_inst|lpm_divide:Div0|lpm_divide_tno:auto_generated|abs_divider_6ag:divider|alt_u_div_rse:divider|StageOut[7]~0              ; 0                 ; 0       ;
;      - pooling_block:pool_inst|lpm_divide:Div0|lpm_divide_tno:auto_generated|abs_divider_6ag:divider|alt_u_div_rse:divider|StageOut[14]~1             ; 0                 ; 0       ;
;      - pooling_block:pool_inst|lpm_divide:Div0|lpm_divide_tno:auto_generated|abs_divider_6ag:divider|alt_u_div_rse:divider|StageOut[14]~2             ; 0                 ; 0       ;
;      - pooling_block:pool_inst|lpm_divide:Div0|lpm_divide_tno:auto_generated|abs_divider_6ag:divider|alt_u_div_rse:divider|StageOut[6]~5              ; 0                 ; 0       ;
;      - pooling_block:pool_inst|lpm_divide:Div0|lpm_divide_tno:auto_generated|abs_divider_6ag:divider|alt_u_div_rse:divider|StageOut[13]~6             ; 0                 ; 0       ;
;      - pooling_block:pool_inst|lpm_divide:Div0|lpm_divide_tno:auto_generated|abs_divider_6ag:divider|alt_u_div_rse:divider|StageOut[12]~9             ; 0                 ; 0       ;
;      - pooling_block:pool_inst|lpm_divide:Div0|lpm_divide_tno:auto_generated|abs_divider_6ag:divider|alt_u_div_rse:divider|StageOut[12]~10            ; 0                 ; 0       ;
; pool_stride[1]                                                                                                                                        ;                   ;         ;
;      - pooling_block:pool_inst|lpm_divide:Div0|lpm_divide_tno:auto_generated|abs_divider_6ag:divider|alt_u_div_rse:divider|add_sub_1_result_int[1]~5  ; 0                 ; 0       ;
;      - pooling_block:pool_inst|lpm_divide:Div0|lpm_divide_tno:auto_generated|abs_divider_6ag:divider|alt_u_div_rse:divider|add_sub_2_result_int[1]~9  ; 0                 ; 0       ;
;      - pooling_block:pool_inst|lpm_divide:Div0|lpm_divide_tno:auto_generated|abs_divider_6ag:divider|alt_u_div_rse:divider|op_4~13                    ; 0                 ; 0       ;
;      - pooling_block:pool_inst|lpm_divide:Div0|lpm_divide_tno:auto_generated|abs_divider_6ag:divider|alt_u_div_rse:divider|op_5~17                    ; 0                 ; 0       ;
;      - pooling_block:pool_inst|lpm_divide:Div0|lpm_divide_tno:auto_generated|abs_divider_6ag:divider|alt_u_div_rse:divider|op_6~22                    ; 0                 ; 0       ;
;      - pooling_block:pool_inst|lpm_divide:Div0|lpm_divide_tno:auto_generated|abs_divider_6ag:divider|op_1~1                                           ; 0                 ; 0       ;
;      - pooling_block:pool_inst|lpm_divide:Div0|lpm_divide_tno:auto_generated|abs_divider_6ag:divider|quotient[5]~0                                    ; 0                 ; 0       ;
; pool_stride[0]                                                                                                                                        ;                   ;         ;
;      - pooling_block:pool_inst|lpm_divide:Div0|lpm_divide_tno:auto_generated|abs_divider_6ag:divider|alt_u_div_rse:divider|add_sub_1_result_int[0]~9  ; 0                 ; 0       ;
;      - pooling_block:pool_inst|lpm_divide:Div0|lpm_divide_tno:auto_generated|abs_divider_6ag:divider|alt_u_div_rse:divider|add_sub_2_result_int[0]~13 ; 0                 ; 0       ;
;      - pooling_block:pool_inst|lpm_divide:Div0|lpm_divide_tno:auto_generated|abs_divider_6ag:divider|alt_u_div_rse:divider|op_4~17                    ; 0                 ; 0       ;
;      - pooling_block:pool_inst|lpm_divide:Div0|lpm_divide_tno:auto_generated|abs_divider_6ag:divider|alt_u_div_rse:divider|op_5~21                    ; 0                 ; 0       ;
;      - pooling_block:pool_inst|lpm_divide:Div0|lpm_divide_tno:auto_generated|abs_divider_6ag:divider|alt_u_div_rse:divider|op_6~26                    ; 0                 ; 0       ;
;      - pooling_block:pool_inst|lpm_divide:Div0|lpm_divide_tno:auto_generated|abs_divider_6ag:divider|op_1~1                                           ; 0                 ; 0       ;
;      - pooling_block:pool_inst|lpm_divide:Div0|lpm_divide_tno:auto_generated|abs_divider_6ag:divider|quotient[5]~0                                    ; 0                 ; 0       ;
; pool_stride[2]                                                                                                                                        ;                   ;         ;
;      - pooling_block:pool_inst|lpm_divide:Div0|lpm_divide_tno:auto_generated|abs_divider_6ag:divider|alt_u_div_rse:divider|add_sub_2_result_int[2]~5  ; 0                 ; 0       ;
;      - pooling_block:pool_inst|lpm_divide:Div0|lpm_divide_tno:auto_generated|abs_divider_6ag:divider|alt_u_div_rse:divider|op_4~9                     ; 0                 ; 0       ;
;      - pooling_block:pool_inst|lpm_divide:Div0|lpm_divide_tno:auto_generated|abs_divider_6ag:divider|alt_u_div_rse:divider|op_5~13                    ; 0                 ; 0       ;
;      - pooling_block:pool_inst|lpm_divide:Div0|lpm_divide_tno:auto_generated|abs_divider_6ag:divider|alt_u_div_rse:divider|op_6~18                    ; 0                 ; 0       ;
;      - pooling_block:pool_inst|lpm_divide:Div0|lpm_divide_tno:auto_generated|abs_divider_6ag:divider|op_1~5                                           ; 0                 ; 0       ;
;      - pooling_block:pool_inst|lpm_divide:Div0|lpm_divide_tno:auto_generated|abs_divider_6ag:divider|op_1~1                                           ; 0                 ; 0       ;
;      - pooling_block:pool_inst|lpm_divide:Div0|lpm_divide_tno:auto_generated|abs_divider_6ag:divider|quotient[5]~0                                    ; 0                 ; 0       ;
;      - pooling_block:pool_inst|lpm_divide:Div0|lpm_divide_tno:auto_generated|abs_divider_6ag:divider|alt_u_div_rse:divider|selnose[7]                 ; 0                 ; 0       ;
;      - pooling_block:pool_inst|lpm_divide:Div0|lpm_divide_tno:auto_generated|abs_divider_6ag:divider|alt_u_div_rse:divider|StageOut[7]~0              ; 0                 ; 0       ;
;      - pooling_block:pool_inst|lpm_divide:Div0|lpm_divide_tno:auto_generated|abs_divider_6ag:divider|alt_u_div_rse:divider|StageOut[6]~5              ; 0                 ; 0       ;
; bias_data[0]                                                                                                                                          ;                   ;         ;
;      - convolution_block:conv_inst|bias_reg[0]                                                                                                        ; 0                 ; 0       ;
; input_data[0]                                                                                                                                         ;                   ;         ;
;      - pooling_block:pool_inst|Add5~1                                                                                                                 ; 0                 ; 0       ;
;      - Mux37~0                                                                                                                                        ; 0                 ; 0       ;
;      - convolution_block:conv_inst|input_reg[0]~SCLR_LUT                                                                                              ; 0                 ; 0       ;
; pool_type.AVERAGE_POOL                                                                                                                                ;                   ;         ;
;      - pooling_block:pool_inst|pool_accumulators~129                                                                                                  ; 0                 ; 0       ;
;      - pooling_block:pool_inst|pool_accumulators~132                                                                                                  ; 0                 ; 0       ;
;      - pooling_block:pool_inst|pool_accumulators~133                                                                                                  ; 0                 ; 0       ;
;      - pooling_block:pool_inst|pool_accumulators[0].initialized~0                                                                                     ; 0                 ; 0       ;
; pool_type.SUM_POOL                                                                                                                                    ;                   ;         ;
;      - pooling_block:pool_inst|pool_accumulators~129                                                                                                  ; 1                 ; 0       ;
;      - pooling_block:pool_inst|pool_accumulators~132                                                                                                  ; 1                 ; 0       ;
;      - pooling_block:pool_inst|pool_accumulators[0].initialized~0                                                                                     ; 1                 ; 0       ;
; pool_type.MIN_POOL                                                                                                                                    ;                   ;         ;
;      - pooling_block:pool_inst|pool_accumulators~134                                                                                                  ; 1                 ; 0       ;
;      - pooling_block:pool_inst|pool_accumulators~153                                                                                                  ; 1                 ; 0       ;
;      - pooling_block:pool_inst|pool_accumulators~172                                                                                                  ; 1                 ; 0       ;
;      - pooling_block:pool_inst|pool_accumulators~191                                                                                                  ; 1                 ; 0       ;
; input_data[15]                                                                                                                                        ;                   ;         ;
;      - pooling_block:pool_inst|Add5~61                                                                                                                ; 0                 ; 0       ;
;      - pooling_block:pool_inst|Add5~81                                                                                                                ; 0                 ; 0       ;
;      - pooling_block:pool_inst|Add5~85                                                                                                                ; 0                 ; 0       ;
;      - pooling_block:pool_inst|Add5~89                                                                                                                ; 0                 ; 0       ;
;      - pooling_block:pool_inst|Add5~93                                                                                                                ; 0                 ; 0       ;
;      - pooling_block:pool_inst|Add5~97                                                                                                                ; 0                 ; 0       ;
;      - pooling_block:pool_inst|Add5~101                                                                                                               ; 0                 ; 0       ;
;      - pooling_block:pool_inst|Add5~105                                                                                                               ; 0                 ; 0       ;
;      - pooling_block:pool_inst|Add5~109                                                                                                               ; 0                 ; 0       ;
;      - pooling_block:pool_inst|Add5~121                                                                                                               ; 0                 ; 0       ;
;      - pooling_block:pool_inst|Add5~125                                                                                                               ; 0                 ; 0       ;
;      - pooling_block:pool_inst|Add5~117                                                                                                               ; 0                 ; 0       ;
;      - pooling_block:pool_inst|Add5~113                                                                                                               ; 0                 ; 0       ;
;      - pooling_block:pool_inst|Add5~77                                                                                                                ; 0                 ; 0       ;
;      - pooling_block:pool_inst|Add5~73                                                                                                                ; 0                 ; 0       ;
;      - pooling_block:pool_inst|Add5~69                                                                                                                ; 0                 ; 0       ;
;      - pooling_block:pool_inst|Add5~65                                                                                                                ; 0                 ; 0       ;
;      - Mux22~0                                                                                                                                        ; 0                 ; 0       ;
;      - convolution_block:conv_inst|input_reg[15]~SCLR_LUT                                                                                             ; 0                 ; 0       ;
; input_data[14]                                                                                                                                        ;                   ;         ;
;      - pooling_block:pool_inst|Add5~57                                                                                                                ; 0                 ; 0       ;
;      - Mux23~0                                                                                                                                        ; 0                 ; 0       ;
;      - convolution_block:conv_inst|input_reg[14]~SCLR_LUT                                                                                             ; 0                 ; 0       ;
; input_data[13]                                                                                                                                        ;                   ;         ;
;      - pooling_block:pool_inst|Add5~53                                                                                                                ; 1                 ; 0       ;
;      - Mux24~0                                                                                                                                        ; 1                 ; 0       ;
;      - convolution_block:conv_inst|input_reg[13]~SCLR_LUT                                                                                             ; 1                 ; 0       ;
; input_data[12]                                                                                                                                        ;                   ;         ;
;      - pooling_block:pool_inst|Add5~49                                                                                                                ; 1                 ; 0       ;
;      - Mux25~0                                                                                                                                        ; 1                 ; 0       ;
;      - convolution_block:conv_inst|input_reg[12]~SCLR_LUT                                                                                             ; 1                 ; 0       ;
; input_data[11]                                                                                                                                        ;                   ;         ;
;      - pooling_block:pool_inst|Add5~45                                                                                                                ; 1                 ; 0       ;
;      - Mux26~0                                                                                                                                        ; 1                 ; 0       ;
;      - convolution_block:conv_inst|input_reg[11]~SCLR_LUT                                                                                             ; 1                 ; 0       ;
; input_data[10]                                                                                                                                        ;                   ;         ;
;      - pooling_block:pool_inst|Add5~41                                                                                                                ; 1                 ; 0       ;
;      - Mux27~0                                                                                                                                        ; 1                 ; 0       ;
;      - convolution_block:conv_inst|input_reg[10]~SCLR_LUT                                                                                             ; 1                 ; 0       ;
; input_data[9]                                                                                                                                         ;                   ;         ;
;      - pooling_block:pool_inst|Add5~37                                                                                                                ; 1                 ; 0       ;
;      - Mux28~0                                                                                                                                        ; 1                 ; 0       ;
;      - convolution_block:conv_inst|input_reg[9]~SCLR_LUT                                                                                              ; 1                 ; 0       ;
; input_data[8]                                                                                                                                         ;                   ;         ;
;      - pooling_block:pool_inst|Add5~33                                                                                                                ; 0                 ; 0       ;
;      - Mux29~0                                                                                                                                        ; 0                 ; 0       ;
;      - convolution_block:conv_inst|input_reg[8]~SCLR_LUT                                                                                              ; 0                 ; 0       ;
; input_data[7]                                                                                                                                         ;                   ;         ;
;      - pooling_block:pool_inst|Add5~29                                                                                                                ; 0                 ; 0       ;
;      - Mux30~0                                                                                                                                        ; 0                 ; 0       ;
;      - convolution_block:conv_inst|input_reg[7]~SCLR_LUT                                                                                              ; 0                 ; 0       ;
; input_data[6]                                                                                                                                         ;                   ;         ;
;      - pooling_block:pool_inst|Add5~25                                                                                                                ; 0                 ; 0       ;
;      - Mux31~0                                                                                                                                        ; 0                 ; 0       ;
;      - convolution_block:conv_inst|input_reg[6]~SCLR_LUT                                                                                              ; 0                 ; 0       ;
; input_data[5]                                                                                                                                         ;                   ;         ;
;      - pooling_block:pool_inst|Add5~21                                                                                                                ; 1                 ; 0       ;
;      - Mux32~0                                                                                                                                        ; 1                 ; 0       ;
;      - convolution_block:conv_inst|input_reg[5]~SCLR_LUT                                                                                              ; 1                 ; 0       ;
; input_data[4]                                                                                                                                         ;                   ;         ;
;      - pooling_block:pool_inst|Add5~17                                                                                                                ; 1                 ; 0       ;
;      - Mux33~0                                                                                                                                        ; 1                 ; 0       ;
;      - convolution_block:conv_inst|input_reg[4]~SCLR_LUT                                                                                              ; 1                 ; 0       ;
; input_data[3]                                                                                                                                         ;                   ;         ;
;      - pooling_block:pool_inst|Add5~13                                                                                                                ; 1                 ; 0       ;
;      - Mux34~0                                                                                                                                        ; 1                 ; 0       ;
;      - convolution_block:conv_inst|input_reg[3]~SCLR_LUT                                                                                              ; 1                 ; 0       ;
; input_data[2]                                                                                                                                         ;                   ;         ;
;      - pooling_block:pool_inst|Add5~9                                                                                                                 ; 0                 ; 0       ;
;      - Mux35~0                                                                                                                                        ; 0                 ; 0       ;
;      - convolution_block:conv_inst|input_reg[2]~SCLR_LUT                                                                                              ; 0                 ; 0       ;
; input_data[1]                                                                                                                                         ;                   ;         ;
;      - pooling_block:pool_inst|Add5~5                                                                                                                 ; 0                 ; 0       ;
;      - Mux36~0                                                                                                                                        ; 0                 ; 0       ;
;      - convolution_block:conv_inst|input_reg[1]~SCLR_LUT                                                                                              ; 0                 ; 0       ;
; bias_data[1]                                                                                                                                          ;                   ;         ;
;      - convolution_block:conv_inst|bias_reg[1]                                                                                                        ; 1                 ; 0       ;
; bias_data[2]                                                                                                                                          ;                   ;         ;
;      - convolution_block:conv_inst|bias_reg[2]                                                                                                        ; 1                 ; 0       ;
; bias_data[3]                                                                                                                                          ;                   ;         ;
;      - convolution_block:conv_inst|bias_reg[3]                                                                                                        ; 1                 ; 0       ;
; bias_data[4]                                                                                                                                          ;                   ;         ;
;      - convolution_block:conv_inst|bias_reg[4]                                                                                                        ; 1                 ; 0       ;
; bias_data[5]                                                                                                                                          ;                   ;         ;
;      - convolution_block:conv_inst|bias_reg[5]                                                                                                        ; 1                 ; 0       ;
; bias_data[6]                                                                                                                                          ;                   ;         ;
;      - convolution_block:conv_inst|bias_reg[6]                                                                                                        ; 0                 ; 0       ;
; bias_data[7]                                                                                                                                          ;                   ;         ;
;      - convolution_block:conv_inst|bias_reg[7]                                                                                                        ; 0                 ; 0       ;
; bias_data[8]                                                                                                                                          ;                   ;         ;
;      - convolution_block:conv_inst|bias_reg[8]                                                                                                        ; 0                 ; 0       ;
; bias_data[9]                                                                                                                                          ;                   ;         ;
;      - convolution_block:conv_inst|bias_reg[9]                                                                                                        ; 1                 ; 0       ;
; bias_data[10]                                                                                                                                         ;                   ;         ;
;      - convolution_block:conv_inst|bias_reg[10]                                                                                                       ; 1                 ; 0       ;
; bias_data[11]                                                                                                                                         ;                   ;         ;
;      - convolution_block:conv_inst|bias_reg[11]                                                                                                       ; 1                 ; 0       ;
; bias_data[12]                                                                                                                                         ;                   ;         ;
;      - convolution_block:conv_inst|bias_reg[12]                                                                                                       ; 0                 ; 0       ;
; bias_data[13]                                                                                                                                         ;                   ;         ;
;      - convolution_block:conv_inst|bias_reg[13]                                                                                                       ; 0                 ; 0       ;
; bias_data[14]                                                                                                                                         ;                   ;         ;
;      - convolution_block:conv_inst|bias_reg[14]                                                                                                       ; 1                 ; 0       ;
; bias_data[15]                                                                                                                                         ;                   ;         ;
;      - convolution_block:conv_inst|bias_reg[15]                                                                                                       ; 0                 ; 0       ;
; input_data[16]                                                                                                                                        ;                   ;         ;
;      - pooling_block:pool_inst|Add7~1                                                                                                                 ; 0                 ; 0       ;
;      - Mux53~0                                                                                                                                        ; 0                 ; 0       ;
; input_data[31]                                                                                                                                        ;                   ;         ;
;      - pooling_block:pool_inst|Add7~61                                                                                                                ; 0                 ; 0       ;
;      - pooling_block:pool_inst|Add7~81                                                                                                                ; 0                 ; 0       ;
;      - pooling_block:pool_inst|Add7~85                                                                                                                ; 0                 ; 0       ;
;      - pooling_block:pool_inst|Add7~89                                                                                                                ; 0                 ; 0       ;
;      - pooling_block:pool_inst|Add7~93                                                                                                                ; 0                 ; 0       ;
;      - pooling_block:pool_inst|Add7~97                                                                                                                ; 0                 ; 0       ;
;      - pooling_block:pool_inst|Add7~101                                                                                                               ; 0                 ; 0       ;
;      - pooling_block:pool_inst|Add7~105                                                                                                               ; 0                 ; 0       ;
;      - pooling_block:pool_inst|Add7~109                                                                                                               ; 0                 ; 0       ;
;      - pooling_block:pool_inst|Add7~121                                                                                                               ; 0                 ; 0       ;
;      - pooling_block:pool_inst|Add7~125                                                                                                               ; 0                 ; 0       ;
;      - pooling_block:pool_inst|Add7~117                                                                                                               ; 0                 ; 0       ;
;      - pooling_block:pool_inst|Add7~113                                                                                                               ; 0                 ; 0       ;
;      - pooling_block:pool_inst|Add7~77                                                                                                                ; 0                 ; 0       ;
;      - pooling_block:pool_inst|Add7~73                                                                                                                ; 0                 ; 0       ;
;      - pooling_block:pool_inst|Add7~69                                                                                                                ; 0                 ; 0       ;
;      - pooling_block:pool_inst|Add7~65                                                                                                                ; 0                 ; 0       ;
;      - Mux38~0                                                                                                                                        ; 0                 ; 0       ;
; input_data[30]                                                                                                                                        ;                   ;         ;
;      - pooling_block:pool_inst|Add7~57                                                                                                                ; 1                 ; 0       ;
;      - Mux39~0                                                                                                                                        ; 1                 ; 0       ;
; input_data[29]                                                                                                                                        ;                   ;         ;
;      - pooling_block:pool_inst|Add7~53                                                                                                                ; 0                 ; 0       ;
;      - Mux40~0                                                                                                                                        ; 0                 ; 0       ;
; input_data[28]                                                                                                                                        ;                   ;         ;
;      - pooling_block:pool_inst|Add7~49                                                                                                                ; 0                 ; 0       ;
;      - Mux41~0                                                                                                                                        ; 0                 ; 0       ;
; input_data[27]                                                                                                                                        ;                   ;         ;
;      - pooling_block:pool_inst|Add7~45                                                                                                                ; 1                 ; 0       ;
;      - Mux42~0                                                                                                                                        ; 1                 ; 0       ;
; input_data[26]                                                                                                                                        ;                   ;         ;
;      - pooling_block:pool_inst|Add7~41                                                                                                                ; 0                 ; 0       ;
;      - Mux43~0                                                                                                                                        ; 0                 ; 0       ;
; input_data[25]                                                                                                                                        ;                   ;         ;
;      - pooling_block:pool_inst|Add7~37                                                                                                                ; 0                 ; 0       ;
;      - Mux44~0                                                                                                                                        ; 0                 ; 0       ;
; input_data[24]                                                                                                                                        ;                   ;         ;
;      - pooling_block:pool_inst|Add7~33                                                                                                                ; 1                 ; 0       ;
;      - Mux45~0                                                                                                                                        ; 1                 ; 0       ;
; input_data[23]                                                                                                                                        ;                   ;         ;
;      - pooling_block:pool_inst|Add7~29                                                                                                                ; 0                 ; 0       ;
;      - Mux46~0                                                                                                                                        ; 0                 ; 0       ;
; input_data[22]                                                                                                                                        ;                   ;         ;
;      - pooling_block:pool_inst|Add7~25                                                                                                                ; 1                 ; 0       ;
;      - Mux47~0                                                                                                                                        ; 1                 ; 0       ;
; input_data[21]                                                                                                                                        ;                   ;         ;
;      - pooling_block:pool_inst|Add7~21                                                                                                                ; 1                 ; 0       ;
;      - Mux48~0                                                                                                                                        ; 1                 ; 0       ;
; input_data[20]                                                                                                                                        ;                   ;         ;
;      - pooling_block:pool_inst|Add7~17                                                                                                                ; 0                 ; 0       ;
;      - Mux49~0                                                                                                                                        ; 0                 ; 0       ;
; input_data[19]                                                                                                                                        ;                   ;         ;
;      - pooling_block:pool_inst|Add7~13                                                                                                                ; 1                 ; 0       ;
;      - Mux50~0                                                                                                                                        ; 1                 ; 0       ;
; input_data[18]                                                                                                                                        ;                   ;         ;
;      - pooling_block:pool_inst|Add7~9                                                                                                                 ; 0                 ; 0       ;
;      - Mux51~0                                                                                                                                        ; 0                 ; 0       ;
; input_data[17]                                                                                                                                        ;                   ;         ;
;      - pooling_block:pool_inst|Add7~5                                                                                                                 ; 0                 ; 0       ;
;      - Mux52~0                                                                                                                                        ; 0                 ; 0       ;
; input_data[32]                                                                                                                                        ;                   ;         ;
;      - pooling_block:pool_inst|Add9~1                                                                                                                 ; 1                 ; 0       ;
;      - Mux69~0                                                                                                                                        ; 1                 ; 0       ;
; input_data[47]                                                                                                                                        ;                   ;         ;
;      - pooling_block:pool_inst|Add9~61                                                                                                                ; 0                 ; 0       ;
;      - pooling_block:pool_inst|Add9~81                                                                                                                ; 0                 ; 0       ;
;      - pooling_block:pool_inst|Add9~85                                                                                                                ; 0                 ; 0       ;
;      - pooling_block:pool_inst|Add9~89                                                                                                                ; 0                 ; 0       ;
;      - pooling_block:pool_inst|Add9~93                                                                                                                ; 0                 ; 0       ;
;      - pooling_block:pool_inst|Add9~97                                                                                                                ; 0                 ; 0       ;
;      - pooling_block:pool_inst|Add9~101                                                                                                               ; 0                 ; 0       ;
;      - pooling_block:pool_inst|Add9~105                                                                                                               ; 0                 ; 0       ;
;      - pooling_block:pool_inst|Add9~109                                                                                                               ; 0                 ; 0       ;
;      - pooling_block:pool_inst|Add9~121                                                                                                               ; 0                 ; 0       ;
;      - pooling_block:pool_inst|Add9~125                                                                                                               ; 0                 ; 0       ;
;      - pooling_block:pool_inst|Add9~117                                                                                                               ; 0                 ; 0       ;
;      - pooling_block:pool_inst|Add9~113                                                                                                               ; 0                 ; 0       ;
;      - pooling_block:pool_inst|Add9~77                                                                                                                ; 0                 ; 0       ;
;      - pooling_block:pool_inst|Add9~73                                                                                                                ; 0                 ; 0       ;
;      - pooling_block:pool_inst|Add9~69                                                                                                                ; 0                 ; 0       ;
;      - pooling_block:pool_inst|Add9~65                                                                                                                ; 0                 ; 0       ;
;      - Mux54~0                                                                                                                                        ; 0                 ; 0       ;
; input_data[46]                                                                                                                                        ;                   ;         ;
;      - pooling_block:pool_inst|Add9~57                                                                                                                ; 0                 ; 0       ;
;      - Mux55~0                                                                                                                                        ; 0                 ; 0       ;
; input_data[45]                                                                                                                                        ;                   ;         ;
;      - pooling_block:pool_inst|Add9~53                                                                                                                ; 0                 ; 0       ;
;      - Mux56~0                                                                                                                                        ; 0                 ; 0       ;
; input_data[44]                                                                                                                                        ;                   ;         ;
;      - pooling_block:pool_inst|Add9~49                                                                                                                ; 0                 ; 0       ;
;      - Mux57~0                                                                                                                                        ; 0                 ; 0       ;
; input_data[43]                                                                                                                                        ;                   ;         ;
;      - pooling_block:pool_inst|Add9~45                                                                                                                ; 1                 ; 0       ;
;      - Mux58~0                                                                                                                                        ; 1                 ; 0       ;
; input_data[42]                                                                                                                                        ;                   ;         ;
;      - pooling_block:pool_inst|Add9~41                                                                                                                ; 1                 ; 0       ;
;      - Mux59~0                                                                                                                                        ; 1                 ; 0       ;
; input_data[41]                                                                                                                                        ;                   ;         ;
;      - pooling_block:pool_inst|Add9~37                                                                                                                ; 1                 ; 0       ;
;      - Mux60~0                                                                                                                                        ; 1                 ; 0       ;
; input_data[40]                                                                                                                                        ;                   ;         ;
;      - pooling_block:pool_inst|Add9~33                                                                                                                ; 0                 ; 0       ;
;      - Mux61~0                                                                                                                                        ; 0                 ; 0       ;
; input_data[39]                                                                                                                                        ;                   ;         ;
;      - pooling_block:pool_inst|Add9~29                                                                                                                ; 1                 ; 0       ;
;      - Mux62~0                                                                                                                                        ; 1                 ; 0       ;
; input_data[38]                                                                                                                                        ;                   ;         ;
;      - pooling_block:pool_inst|Add9~25                                                                                                                ; 0                 ; 0       ;
;      - Mux63~0                                                                                                                                        ; 0                 ; 0       ;
; input_data[37]                                                                                                                                        ;                   ;         ;
;      - pooling_block:pool_inst|Add9~21                                                                                                                ; 1                 ; 0       ;
;      - Mux64~0                                                                                                                                        ; 1                 ; 0       ;
; input_data[36]                                                                                                                                        ;                   ;         ;
;      - pooling_block:pool_inst|Add9~17                                                                                                                ; 0                 ; 0       ;
;      - Mux65~0                                                                                                                                        ; 0                 ; 0       ;
; input_data[35]                                                                                                                                        ;                   ;         ;
;      - pooling_block:pool_inst|Add9~13                                                                                                                ; 1                 ; 0       ;
;      - Mux66~0                                                                                                                                        ; 1                 ; 0       ;
; input_data[34]                                                                                                                                        ;                   ;         ;
;      - pooling_block:pool_inst|Add9~9                                                                                                                 ; 1                 ; 0       ;
;      - Mux67~0                                                                                                                                        ; 1                 ; 0       ;
; input_data[33]                                                                                                                                        ;                   ;         ;
;      - pooling_block:pool_inst|Add9~5                                                                                                                 ; 1                 ; 0       ;
;      - Mux68~0                                                                                                                                        ; 1                 ; 0       ;
; input_data[48]                                                                                                                                        ;                   ;         ;
;      - pooling_block:pool_inst|Add11~1                                                                                                                ; 0                 ; 0       ;
;      - Mux85~0                                                                                                                                        ; 0                 ; 0       ;
; input_data[63]                                                                                                                                        ;                   ;         ;
;      - pooling_block:pool_inst|Add11~61                                                                                                               ; 0                 ; 0       ;
;      - pooling_block:pool_inst|Add11~81                                                                                                               ; 0                 ; 0       ;
;      - pooling_block:pool_inst|Add11~85                                                                                                               ; 0                 ; 0       ;
;      - pooling_block:pool_inst|Add11~89                                                                                                               ; 0                 ; 0       ;
;      - pooling_block:pool_inst|Add11~93                                                                                                               ; 0                 ; 0       ;
;      - pooling_block:pool_inst|Add11~97                                                                                                               ; 0                 ; 0       ;
;      - pooling_block:pool_inst|Add11~101                                                                                                              ; 0                 ; 0       ;
;      - pooling_block:pool_inst|Add11~105                                                                                                              ; 0                 ; 0       ;
;      - pooling_block:pool_inst|Add11~109                                                                                                              ; 0                 ; 0       ;
;      - pooling_block:pool_inst|Add11~121                                                                                                              ; 0                 ; 0       ;
;      - pooling_block:pool_inst|Add11~125                                                                                                              ; 0                 ; 0       ;
;      - pooling_block:pool_inst|Add11~117                                                                                                              ; 0                 ; 0       ;
;      - pooling_block:pool_inst|Add11~113                                                                                                              ; 0                 ; 0       ;
;      - pooling_block:pool_inst|Add11~77                                                                                                               ; 0                 ; 0       ;
;      - pooling_block:pool_inst|Add11~73                                                                                                               ; 0                 ; 0       ;
;      - pooling_block:pool_inst|Add11~69                                                                                                               ; 0                 ; 0       ;
;      - pooling_block:pool_inst|Add11~65                                                                                                               ; 0                 ; 0       ;
;      - Mux70~0                                                                                                                                        ; 0                 ; 0       ;
; input_data[62]                                                                                                                                        ;                   ;         ;
;      - pooling_block:pool_inst|Add11~57                                                                                                               ; 0                 ; 0       ;
;      - Mux71~0                                                                                                                                        ; 0                 ; 0       ;
; input_data[61]                                                                                                                                        ;                   ;         ;
;      - pooling_block:pool_inst|Add11~53                                                                                                               ; 0                 ; 0       ;
;      - Mux72~0                                                                                                                                        ; 0                 ; 0       ;
; input_data[60]                                                                                                                                        ;                   ;         ;
;      - pooling_block:pool_inst|Add11~49                                                                                                               ; 0                 ; 0       ;
;      - Mux73~0                                                                                                                                        ; 0                 ; 0       ;
; input_data[59]                                                                                                                                        ;                   ;         ;
;      - pooling_block:pool_inst|Add11~45                                                                                                               ; 1                 ; 0       ;
;      - Mux74~0                                                                                                                                        ; 1                 ; 0       ;
; input_data[58]                                                                                                                                        ;                   ;         ;
;      - pooling_block:pool_inst|Add11~41                                                                                                               ; 1                 ; 0       ;
;      - Mux75~0                                                                                                                                        ; 1                 ; 0       ;
; input_data[57]                                                                                                                                        ;                   ;         ;
;      - pooling_block:pool_inst|Add11~37                                                                                                               ; 0                 ; 0       ;
;      - Mux76~0                                                                                                                                        ; 0                 ; 0       ;
; input_data[56]                                                                                                                                        ;                   ;         ;
;      - pooling_block:pool_inst|Add11~33                                                                                                               ; 1                 ; 0       ;
;      - Mux77~0                                                                                                                                        ; 1                 ; 0       ;
; input_data[55]                                                                                                                                        ;                   ;         ;
;      - pooling_block:pool_inst|Add11~29                                                                                                               ; 0                 ; 0       ;
;      - Mux78~0                                                                                                                                        ; 0                 ; 0       ;
; input_data[54]                                                                                                                                        ;                   ;         ;
;      - pooling_block:pool_inst|Add11~25                                                                                                               ; 1                 ; 0       ;
;      - Mux79~0                                                                                                                                        ; 1                 ; 0       ;
; input_data[53]                                                                                                                                        ;                   ;         ;
;      - pooling_block:pool_inst|Add11~21                                                                                                               ; 0                 ; 0       ;
;      - Mux80~0                                                                                                                                        ; 0                 ; 0       ;
; input_data[52]                                                                                                                                        ;                   ;         ;
;      - pooling_block:pool_inst|Add11~17                                                                                                               ; 0                 ; 0       ;
;      - Mux81~0                                                                                                                                        ; 0                 ; 0       ;
; input_data[51]                                                                                                                                        ;                   ;         ;
;      - pooling_block:pool_inst|Add11~13                                                                                                               ; 1                 ; 0       ;
;      - Mux82~0                                                                                                                                        ; 1                 ; 0       ;
; input_data[50]                                                                                                                                        ;                   ;         ;
;      - pooling_block:pool_inst|Add11~9                                                                                                                ; 1                 ; 0       ;
;      - Mux83~0                                                                                                                                        ; 1                 ; 0       ;
; input_data[49]                                                                                                                                        ;                   ;         ;
;      - pooling_block:pool_inst|Add11~5                                                                                                                ; 0                 ; 0       ;
;      - Mux84~0                                                                                                                                        ; 0                 ; 0       ;
; conv_stride[2]                                                                                                                                        ;                   ;         ;
;      - convolution_block:conv_inst|lpm_divide:Div0|lpm_divide_sno:auto_generated|abs_divider_5ag:divider|alt_u_div_qse:divider|op_4~13                ; 1                 ; 0       ;
;      - convolution_block:conv_inst|lpm_divide:Div0|lpm_divide_sno:auto_generated|abs_divider_5ag:divider|alt_u_div_qse:divider|op_5~9                 ; 1                 ; 0       ;
;      - convolution_block:conv_inst|lpm_divide:Div0|lpm_divide_sno:auto_generated|abs_divider_5ag:divider|alt_u_div_qse:divider|op_6~13                ; 1                 ; 0       ;
;      - convolution_block:conv_inst|lpm_divide:Div0|lpm_divide_sno:auto_generated|abs_divider_5ag:divider|alt_u_div_qse:divider|op_7~14                ; 1                 ; 0       ;
;      - convolution_block:conv_inst|lpm_divide:Div0|lpm_divide_sno:auto_generated|abs_divider_5ag:divider|alt_u_div_qse:divider|op_3~13                ; 1                 ; 0       ;
;      - convolution_block:conv_inst|lpm_divide:Div0|lpm_divide_sno:auto_generated|abs_divider_5ag:divider|alt_u_div_qse:divider|op_3~5                 ; 1                 ; 0       ;
;      - convolution_block:conv_inst|lpm_divide:Div0|lpm_divide_sno:auto_generated|abs_divider_5ag:divider|alt_u_div_qse:divider|selnose[8]             ; 1                 ; 0       ;
;      - convolution_block:conv_inst|lpm_divide:Div0|lpm_divide_sno:auto_generated|abs_divider_5ag:divider|alt_u_div_qse:divider|selnose[0]             ; 1                 ; 0       ;
;      - convolution_block:conv_inst|lpm_divide:Div0|lpm_divide_sno:auto_generated|abs_divider_5ag:divider|alt_u_div_qse:divider|StageOut[6]~8          ; 1                 ; 0       ;
; conv_stride[1]                                                                                                                                        ;                   ;         ;
;      - convolution_block:conv_inst|lpm_divide:Div0|lpm_divide_sno:auto_generated|abs_divider_5ag:divider|alt_u_div_qse:divider|op_4~9                 ; 1                 ; 0       ;
;      - convolution_block:conv_inst|lpm_divide:Div0|lpm_divide_sno:auto_generated|abs_divider_5ag:divider|alt_u_div_qse:divider|op_5~17                ; 1                 ; 0       ;
;      - convolution_block:conv_inst|lpm_divide:Div0|lpm_divide_sno:auto_generated|abs_divider_5ag:divider|alt_u_div_qse:divider|op_6~17                ; 1                 ; 0       ;
;      - convolution_block:conv_inst|lpm_divide:Div0|lpm_divide_sno:auto_generated|abs_divider_5ag:divider|alt_u_div_qse:divider|op_7~18                ; 1                 ; 0       ;
;      - convolution_block:conv_inst|lpm_divide:Div0|lpm_divide_sno:auto_generated|abs_divider_5ag:divider|alt_u_div_qse:divider|op_2~5                 ; 1                 ; 0       ;
;      - convolution_block:conv_inst|lpm_divide:Div0|lpm_divide_sno:auto_generated|abs_divider_5ag:divider|alt_u_div_qse:divider|op_3~13                ; 1                 ; 0       ;
;      - convolution_block:conv_inst|lpm_divide:Div0|lpm_divide_sno:auto_generated|abs_divider_5ag:divider|alt_u_div_qse:divider|selnose[0]             ; 1                 ; 0       ;
; conv_stride[0]                                                                                                                                        ;                   ;         ;
;      - convolution_block:conv_inst|lpm_divide:Div0|lpm_divide_sno:auto_generated|abs_divider_5ag:divider|alt_u_div_qse:divider|op_4~17                ; 1                 ; 0       ;
;      - convolution_block:conv_inst|lpm_divide:Div0|lpm_divide_sno:auto_generated|abs_divider_5ag:divider|alt_u_div_qse:divider|op_5~21                ; 1                 ; 0       ;
;      - convolution_block:conv_inst|lpm_divide:Div0|lpm_divide_sno:auto_generated|abs_divider_5ag:divider|alt_u_div_qse:divider|op_6~21                ; 1                 ; 0       ;
;      - convolution_block:conv_inst|lpm_divide:Div0|lpm_divide_sno:auto_generated|abs_divider_5ag:divider|alt_u_div_qse:divider|op_7~22                ; 1                 ; 0       ;
;      - convolution_block:conv_inst|lpm_divide:Div0|lpm_divide_sno:auto_generated|abs_divider_5ag:divider|alt_u_div_qse:divider|op_2~9                 ; 1                 ; 0       ;
;      - convolution_block:conv_inst|lpm_divide:Div0|lpm_divide_sno:auto_generated|abs_divider_5ag:divider|alt_u_div_qse:divider|op_3~9                 ; 1                 ; 0       ;
;      - convolution_block:conv_inst|lpm_divide:Div0|lpm_divide_sno:auto_generated|abs_divider_5ag:divider|alt_u_div_qse:divider|selnose[0]             ; 1                 ; 0       ;
; weight_data[0]                                                                                                                                        ;                   ;         ;
;      - convolution_block:conv_inst|Mult0~8                                                                                                            ; 0                 ; 0       ;
; weight_data[1]                                                                                                                                        ;                   ;         ;
;      - convolution_block:conv_inst|Mult0~8                                                                                                            ; 1                 ; 0       ;
; weight_data[2]                                                                                                                                        ;                   ;         ;
;      - convolution_block:conv_inst|Mult0~8                                                                                                            ; 1                 ; 0       ;
; weight_data[3]                                                                                                                                        ;                   ;         ;
;      - convolution_block:conv_inst|Mult0~8                                                                                                            ; 1                 ; 0       ;
; weight_data[4]                                                                                                                                        ;                   ;         ;
;      - convolution_block:conv_inst|Mult0~8                                                                                                            ; 1                 ; 0       ;
; weight_data[5]                                                                                                                                        ;                   ;         ;
;      - convolution_block:conv_inst|Mult0~8                                                                                                            ; 1                 ; 0       ;
; weight_data[6]                                                                                                                                        ;                   ;         ;
;      - convolution_block:conv_inst|Mult0~8                                                                                                            ; 1                 ; 0       ;
; weight_data[7]                                                                                                                                        ;                   ;         ;
;      - convolution_block:conv_inst|Mult0~8                                                                                                            ; 1                 ; 0       ;
; weight_data[8]                                                                                                                                        ;                   ;         ;
;      - convolution_block:conv_inst|Mult0~8                                                                                                            ; 1                 ; 0       ;
; weight_data[9]                                                                                                                                        ;                   ;         ;
;      - convolution_block:conv_inst|Mult0~8                                                                                                            ; 0                 ; 0       ;
; weight_data[10]                                                                                                                                       ;                   ;         ;
;      - convolution_block:conv_inst|Mult0~8                                                                                                            ; 0                 ; 0       ;
; weight_data[11]                                                                                                                                       ;                   ;         ;
;      - convolution_block:conv_inst|Mult0~8                                                                                                            ; 1                 ; 0       ;
; weight_data[12]                                                                                                                                       ;                   ;         ;
;      - convolution_block:conv_inst|Mult0~8                                                                                                            ; 1                 ; 0       ;
; weight_data[13]                                                                                                                                       ;                   ;         ;
;      - convolution_block:conv_inst|Mult0~8                                                                                                            ; 0                 ; 0       ;
; weight_data[14]                                                                                                                                       ;                   ;         ;
;      - convolution_block:conv_inst|Mult0~8                                                                                                            ; 1                 ; 0       ;
; weight_data[15]                                                                                                                                       ;                   ;         ;
;      - convolution_block:conv_inst|Mult0~8                                                                                                            ; 0                 ; 0       ;
;      - convolution_block:conv_inst|Mult0~8                                                                                                            ; 0                 ; 0       ;
;      - convolution_block:conv_inst|Mult0~8                                                                                                            ; 0                 ; 0       ;
; conv_padding[1]                                                                                                                                       ;                   ;         ;
;      - convolution_block:conv_inst|Add0~0                                                                                                             ; 1                 ; 0       ;
;      - convolution_block:conv_inst|Add0~1                                                                                                             ; 1                 ; 0       ;
; conv_padding[0]                                                                                                                                       ;                   ;         ;
;      - convolution_block:conv_inst|Add0~0                                                                                                             ; 0                 ; 0       ;
;      - convolution_block:conv_inst|Add0~1                                                                                                             ; 0                 ; 0       ;
;      - convolution_block:conv_inst|Add0~2                                                                                                             ; 0                 ; 0       ;
+-------------------------------------------------------------------------------------------------------------------------------------------------------+-------------------+---------+


+-------------------------------------------------------------------------------------------------------------------------------------------------------------------------------------+
; Control Signals                                                                                                                                                                     ;
+--------------------------------------------------------+--------------------+---------+--------------+--------+----------------------+------------------+---------------------------+
; Name                                                   ; Location           ; Fan-Out ; Usage        ; Global ; Global Resource Used ; Global Line Name ; Enable Signal Source Name ;
+--------------------------------------------------------+--------------------+---------+--------------+--------+----------------------+------------------+---------------------------+
; Mux4~0                                                 ; LABCELL_X55_Y5_N24 ; 1       ; Clock enable ; no     ; --                   ; --               ; --                        ;
; bias_valid                                             ; PIN_AF20           ; 32      ; Clock enable ; no     ; --                   ; --               ; --                        ;
; clk                                                    ; PIN_AA26           ; 354     ; Clock        ; yes    ; Global Clock         ; GCLK11           ; --                        ;
; convolution_block:conv_inst|Selector36~0               ; LABCELL_X55_Y5_N12 ; 24      ; Clock enable ; no     ; --                   ; --               ; --                        ;
; convolution_block:conv_inst|current_state.CONV_COMPUTE ; FF_X55_Y5_N8       ; 56      ; Sync. load   ; no     ; --                   ; --               ; --                        ;
; convolution_block:conv_inst|mult_result[31]~0          ; LABCELL_X55_Y5_N18 ; 1       ; Clock enable ; no     ; --                   ; --               ; --                        ;
; pooling_block:pool_inst|output_valid                   ; LABCELL_X57_Y7_N39 ; 65      ; Sync. clear  ; no     ; --                   ; --               ; --                        ;
; process_0~1                                            ; LABCELL_X60_Y5_N15 ; 5       ; Clock enable ; no     ; --                   ; --               ; --                        ;
; rst                                                    ; PIN_AB27           ; 273     ; Async. clear ; yes    ; Global Clock         ; GCLK9            ; --                        ;
; weight_valid                                           ; PIN_AG23           ; 3       ; Clock enable ; no     ; --                   ; --               ; --                        ;
+--------------------------------------------------------+--------------------+---------+--------------+--------+----------------------+------------------+---------------------------+


+-------------------------------------------------------------------------------------------------+
; Global & Other Fast Signals                                                                     ;
+------+----------+---------+----------------------+------------------+---------------------------+
; Name ; Location ; Fan-Out ; Global Resource Used ; Global Line Name ; Enable Signal Source Name ;
+------+----------+---------+----------------------+------------------+---------------------------+
; clk  ; PIN_AA26 ; 354     ; Global Clock         ; GCLK11           ; --                        ;
; rst  ; PIN_AB27 ; 273     ; Global Clock         ; GCLK9            ; --                        ;
+------+----------+---------+----------------------+------------------+---------------------------+


+---------------------------------------------+
; Fitter DSP Block Usage Summary              ;
+-------------------------------+-------------+
; Statistic                     ; Number Used ;
+-------------------------------+-------------+
; Two Independent 18x18         ; 1           ;
; Total number of DSP blocks    ; 1           ;
;                               ;             ;
; Fixed Point Signed Multiplier ; 1           ;
+-------------------------------+-------------+


+--------------------------------------------------------------------------------------------------------------------------------------------------------------------------------------------------------------------------------------------------------------------------------------------------------------------------------------------------------------------------------------------------------------------------------+
; DSP Block Details                                                                                                                                                                                                                                                                                                                                                                                                              ;
+-------------------------------------+-----------------------+---------------+---------------------+------------------------+------------------------+------------------------+------------------------+------------------------+------------------------+-----------------+--------------------------------+---------------------+-------------------------------+------------------------------+------------------------------+
; Name                                ; Mode                  ; Location      ; Sign Representation ; Data AX Input Register ; Data AY Input Register ; Data AZ Input Register ; Data BX Input Register ; Data BY Input Register ; Data BZ Input Register ; Output Register ; Dedicated Shift Register Chain ; Dedicated Pre-Adder ; Dedicated Coefficient Storage ; Dedicated Output Adder Chain ; Dedicated Output Accumulator ;
+-------------------------------------+-----------------------+---------------+---------------------+------------------------+------------------------+------------------------+------------------------+------------------------+------------------------+-----------------+--------------------------------+---------------------+-------------------------------+------------------------------+------------------------------+
; convolution_block:conv_inst|Mult0~8 ; Two Independent 18x18 ; DSP_X54_Y4_N0 ; Mixed               ; yes                    ; yes                    ; --                     ; --                     ; --                     ; --                     ; yes             ; no                             ; no                  ; no                            ; no                           ; no                           ;
+-------------------------------------+-----------------------+---------------+---------------------+------------------------+------------------------+------------------------+------------------------+------------------------+------------------------+-----------------+--------------------------------+---------------------+-------------------------------+------------------------------+------------------------------+


+-----------------------------------------------------------------------+
; Routing Usage Summary                                                 ;
+---------------------------------------------+-------------------------+
; Routing Resource Type                       ; Usage                   ;
+---------------------------------------------+-------------------------+
; Block interconnects                         ; 6,799 / 289,320 ( 2 % ) ;
; C12 interconnects                           ; 291 / 13,420 ( 2 % )    ;
; C2 interconnects                            ; 2,166 / 119,108 ( 2 % ) ;
; C4 interconnects                            ; 1,264 / 56,300 ( 2 % )  ;
; DQS bus muxes                               ; 0 / 25 ( 0 % )          ;
; DQS-18 I/O buses                            ; 0 / 25 ( 0 % )          ;
; DQS-9 I/O buses                             ; 0 / 25 ( 0 % )          ;
; Direct links                                ; 995 / 289,320 ( < 1 % ) ;
; Global clocks                               ; 2 / 16 ( 13 % )         ;
; HPS SDRAM PLL inputs                        ; 0 / 1 ( 0 % )           ;
; HPS SDRAM PLL outputs                       ; 0 / 1 ( 0 % )           ;
; HPS_INTERFACE_BOOT_FROM_FPGA_INPUTs         ; 0 / 9 ( 0 % )           ;
; HPS_INTERFACE_CLOCKS_RESETS_INPUTs          ; 0 / 7 ( 0 % )           ;
; HPS_INTERFACE_CLOCKS_RESETS_OUTPUTs         ; 0 / 6 ( 0 % )           ;
; HPS_INTERFACE_CROSS_TRIGGER_INPUTs          ; 0 / 18 ( 0 % )          ;
; HPS_INTERFACE_CROSS_TRIGGER_OUTPUTs         ; 0 / 24 ( 0 % )          ;
; HPS_INTERFACE_DBG_APB_INPUTs                ; 0 / 37 ( 0 % )          ;
; HPS_INTERFACE_DBG_APB_OUTPUTs               ; 0 / 55 ( 0 % )          ;
; HPS_INTERFACE_DMA_INPUTs                    ; 0 / 16 ( 0 % )          ;
; HPS_INTERFACE_DMA_OUTPUTs                   ; 0 / 8 ( 0 % )           ;
; HPS_INTERFACE_FPGA2HPS_INPUTs               ; 0 / 287 ( 0 % )         ;
; HPS_INTERFACE_FPGA2HPS_OUTPUTs              ; 0 / 154 ( 0 % )         ;
; HPS_INTERFACE_FPGA2SDRAM_INPUTs             ; 0 / 852 ( 0 % )         ;
; HPS_INTERFACE_FPGA2SDRAM_OUTPUTs            ; 0 / 408 ( 0 % )         ;
; HPS_INTERFACE_HPS2FPGA_INPUTs               ; 0 / 165 ( 0 % )         ;
; HPS_INTERFACE_HPS2FPGA_LIGHT_WEIGHT_INPUTs  ; 0 / 67 ( 0 % )          ;
; HPS_INTERFACE_HPS2FPGA_LIGHT_WEIGHT_OUTPUTs ; 0 / 156 ( 0 % )         ;
; HPS_INTERFACE_HPS2FPGA_OUTPUTs              ; 0 / 282 ( 0 % )         ;
; HPS_INTERFACE_INTERRUPTS_INPUTs             ; 0 / 64 ( 0 % )          ;
; HPS_INTERFACE_INTERRUPTS_OUTPUTs            ; 0 / 42 ( 0 % )          ;
; HPS_INTERFACE_JTAG_OUTPUTs                  ; 0 / 5 ( 0 % )           ;
; HPS_INTERFACE_LOAN_IO_INPUTs                ; 0 / 142 ( 0 % )         ;
; HPS_INTERFACE_LOAN_IO_OUTPUTs               ; 0 / 85 ( 0 % )          ;
; HPS_INTERFACE_MPU_EVENT_STANDBY_INPUTs      ; 0 / 1 ( 0 % )           ;
; HPS_INTERFACE_MPU_EVENT_STANDBY_OUTPUTs     ; 0 / 5 ( 0 % )           ;
; HPS_INTERFACE_MPU_GENERAL_PURPOSE_INPUTs    ; 0 / 32 ( 0 % )          ;
; HPS_INTERFACE_MPU_GENERAL_PURPOSE_OUTPUTs   ; 0 / 32 ( 0 % )          ;
; HPS_INTERFACE_PERIPHERAL_CAN_INPUTs         ; 0 / 2 ( 0 % )           ;
; HPS_INTERFACE_PERIPHERAL_CAN_OUTPUTs        ; 0 / 2 ( 0 % )           ;
; HPS_INTERFACE_PERIPHERAL_EMAC_INPUTs        ; 0 / 32 ( 0 % )          ;
; HPS_INTERFACE_PERIPHERAL_EMAC_OUTPUTs       ; 0 / 34 ( 0 % )          ;
; HPS_INTERFACE_PERIPHERAL_I2C_INPUTs         ; 0 / 8 ( 0 % )           ;
; HPS_INTERFACE_PERIPHERAL_I2C_OUTPUTs        ; 0 / 8 ( 0 % )           ;
; HPS_INTERFACE_PERIPHERAL_NAND_INPUTs        ; 0 / 12 ( 0 % )          ;
; HPS_INTERFACE_PERIPHERAL_NAND_OUTPUTs       ; 0 / 18 ( 0 % )          ;
; HPS_INTERFACE_PERIPHERAL_QSPI_INPUTs        ; 0 / 4 ( 0 % )           ;
; HPS_INTERFACE_PERIPHERAL_QSPI_OUTPUTs       ; 0 / 13 ( 0 % )          ;
; HPS_INTERFACE_PERIPHERAL_SDMMC_INPUTs       ; 0 / 13 ( 0 % )          ;
; HPS_INTERFACE_PERIPHERAL_SDMMC_OUTPUTs      ; 0 / 22 ( 0 % )          ;
; HPS_INTERFACE_PERIPHERAL_SPI_MASTER_INPUTs  ; 0 / 4 ( 0 % )           ;
; HPS_INTERFACE_PERIPHERAL_SPI_MASTER_OUTPUTs ; 0 / 14 ( 0 % )          ;
; HPS_INTERFACE_PERIPHERAL_SPI_SLAVE_INPUTs   ; 0 / 6 ( 0 % )           ;
; HPS_INTERFACE_PERIPHERAL_SPI_SLAVE_OUTPUTs  ; 0 / 4 ( 0 % )           ;
; HPS_INTERFACE_PERIPHERAL_UART_INPUTs        ; 0 / 10 ( 0 % )          ;
; HPS_INTERFACE_PERIPHERAL_UART_OUTPUTs       ; 0 / 10 ( 0 % )          ;
; HPS_INTERFACE_PERIPHERAL_USB_INPUTs         ; 0 / 22 ( 0 % )          ;
; HPS_INTERFACE_PERIPHERAL_USB_OUTPUTs        ; 0 / 34 ( 0 % )          ;
; HPS_INTERFACE_STM_EVENT_INPUTs              ; 0 / 28 ( 0 % )          ;
; HPS_INTERFACE_TEST_INPUTs                   ; 0 / 610 ( 0 % )         ;
; HPS_INTERFACE_TEST_OUTPUTs                  ; 0 / 513 ( 0 % )         ;
; HPS_INTERFACE_TPIU_TRACE_INPUTs             ; 0 / 2 ( 0 % )           ;
; HPS_INTERFACE_TPIU_TRACE_OUTPUTs            ; 0 / 33 ( 0 % )          ;
; Horizontal periphery clocks                 ; 0 / 72 ( 0 % )          ;
; Local interconnects                         ; 1,554 / 84,580 ( 2 % )  ;
; Quadrant clocks                             ; 0 / 66 ( 0 % )          ;
; R14 interconnects                           ; 278 / 12,676 ( 2 % )    ;
; R14/C12 interconnect drivers                ; 462 / 20,720 ( 2 % )    ;
; R3 interconnects                            ; 2,820 / 130,992 ( 2 % ) ;
; R6 interconnects                            ; 3,482 / 266,960 ( 1 % ) ;
; Spine clocks                                ; 10 / 360 ( 3 % )        ;
; Wire stub REs                               ; 0 / 15,858 ( 0 % )      ;
+---------------------------------------------+-------------------------+


+------------------------------------------+
; I/O Rules Summary                        ;
+----------------------------------+-------+
; I/O Rules Statistic              ; Total ;
+----------------------------------+-------+
; Total I/O Rules                  ; 28    ;
; Number of I/O Rules Passed       ; 6     ;
; Number of I/O Rules Failed       ; 0     ;
; Number of I/O Rules Unchecked    ; 0     ;
; Number of I/O Rules Inapplicable ; 22    ;
+----------------------------------+-------+


+-----------------------------------------------------------------------------------------------------------------------------------------------------------------------------------------------------------------------------------------------------------------------------------+
; I/O Rules Details                                                                                                                                                                                                                                                                 ;
+--------------+-----------+-----------------------------------+------------------------------------------------------------------------------------+----------+--------------------------------------------------------------------------+---------------------+-------------------+
; Status       ; ID        ; Category                          ; Rule Description                                                                   ; Severity ; Information                                                              ; Area                ; Extra Information ;
+--------------+-----------+-----------------------------------+------------------------------------------------------------------------------------+----------+--------------------------------------------------------------------------+---------------------+-------------------+
; Inapplicable ; IO_000001 ; Capacity Checks                   ; Number of pins in an I/O bank should not exceed the number of locations available. ; Critical ; No Location assignments found.                                           ; I/O                 ;                   ;
; Inapplicable ; IO_000002 ; Capacity Checks                   ; Number of clocks in an I/O bank should not exceed the number of clocks available.  ; Critical ; No Global Signal assignments found.                                      ; I/O                 ;                   ;
; Inapplicable ; IO_000003 ; Capacity Checks                   ; Number of pins in a Vrefgroup should not exceed the number of locations available. ; Critical ; No Location assignments found.                                           ; I/O                 ;                   ;
; Inapplicable ; IO_000004 ; Voltage Compatibility Checks      ; The I/O bank should support the requested VCCIO.                                   ; Critical ; No IOBANK_VCCIO assignments found.                                       ; I/O                 ;                   ;
; Inapplicable ; IO_000005 ; Voltage Compatibility Checks      ; The I/O bank should not have competing VREF values.                                ; Critical ; No VREF I/O Standard assignments found.                                  ; I/O                 ;                   ;
; Pass         ; IO_000006 ; Voltage Compatibility Checks      ; The I/O bank should not have competing VCCIO values.                               ; Critical ; 0 such failures found.                                                   ; I/O                 ;                   ;
; Inapplicable ; IO_000007 ; Valid Location Checks             ; Checks for unavailable locations.                                                  ; Critical ; No Location assignments found.                                           ; I/O                 ;                   ;
; Inapplicable ; IO_000008 ; Valid Location Checks             ; Checks for reserved locations.                                                     ; Critical ; No reserved LogicLock region found.                                      ; I/O                 ;                   ;
; Pass         ; IO_000009 ; I/O Properties Checks for One I/O ; The location should support the requested I/O standard.                            ; Critical ; 0 such failures found.                                                   ; I/O                 ;                   ;
; Pass         ; IO_000010 ; I/O Properties Checks for One I/O ; The location should support the requested I/O direction.                           ; Critical ; 0 such failures found.                                                   ; I/O                 ;                   ;
; Inapplicable ; IO_000011 ; I/O Properties Checks for One I/O ; The location should support the requested Current Strength.                        ; Critical ; No Current Strength assignments found.                                   ; I/O                 ;                   ;
; Pass         ; IO_000012 ; I/O Properties Checks for One I/O ; The location should support the requested On Chip Termination value.               ; Critical ; 0 such failures found.                                                   ; I/O                 ;                   ;
; Inapplicable ; IO_000013 ; I/O Properties Checks for One I/O ; The location should support the requested Bus Hold value.                          ; Critical ; No Enable Bus-Hold Circuitry assignments found.                          ; I/O                 ;                   ;
; Inapplicable ; IO_000014 ; I/O Properties Checks for One I/O ; The location should support the requested Weak Pull Up value.                      ; Critical ; No Weak Pull-Up Resistor assignments found.                              ; I/O                 ;                   ;
; Inapplicable ; IO_000015 ; I/O Properties Checks for One I/O ; The location should support the requested PCI Clamp Diode.                         ; Critical ; No Clamping Diode assignments found.                                     ; I/O                 ;                   ;
; Inapplicable ; IO_000018 ; I/O Properties Checks for One I/O ; The I/O standard should support the requested Current Strength.                    ; Critical ; No Current Strength assignments found.                                   ; I/O                 ;                   ;
; Pass         ; IO_000019 ; I/O Properties Checks for One I/O ; The I/O standard should support the requested On Chip Termination value.           ; Critical ; 0 such failures found.                                                   ; I/O                 ;                   ;
; Inapplicable ; IO_000020 ; I/O Properties Checks for One I/O ; The I/O standard should support the requested PCI Clamp Diode.                     ; Critical ; No Clamping Diode assignments found.                                     ; I/O                 ;                   ;
; Inapplicable ; IO_000021 ; I/O Properties Checks for One I/O ; The I/O standard should support the requested Weak Pull Up value.                  ; Critical ; No Weak Pull-Up Resistor assignments found.                              ; I/O                 ;                   ;
; Inapplicable ; IO_000022 ; I/O Properties Checks for One I/O ; The I/O standard should support the requested Bus Hold value.                      ; Critical ; No Enable Bus-Hold Circuitry assignments found.                          ; I/O                 ;                   ;
; Inapplicable ; IO_000023 ; I/O Properties Checks for One I/O ; The I/O standard should support the Open Drain value.                              ; Critical ; No open drain assignments found.                                         ; I/O                 ;                   ;
; Pass         ; IO_000024 ; I/O Properties Checks for One I/O ; The I/O direction should support the On Chip Termination value.                    ; Critical ; 0 such failures found.                                                   ; I/O                 ;                   ;
; Inapplicable ; IO_000026 ; I/O Properties Checks for One I/O ; On Chip Termination and Current Strength should not be used at the same time.      ; Critical ; No Current Strength assignments found.                                   ; I/O                 ;                   ;
; Inapplicable ; IO_000027 ; I/O Properties Checks for One I/O ; Weak Pull Up and Bus Hold should not be used at the same time.                     ; Critical ; No Enable Bus-Hold Circuitry or Weak Pull-Up Resistor assignments found. ; I/O                 ;                   ;
; Inapplicable ; IO_000045 ; I/O Properties Checks for One I/O ; The I/O standard should support the requested Slew Rate value.                     ; Critical ; No Slew Rate assignments found.                                          ; I/O                 ;                   ;
; Inapplicable ; IO_000046 ; I/O Properties Checks for One I/O ; The location should support the requested Slew Rate value.                         ; Critical ; No Slew Rate assignments found.                                          ; I/O                 ;                   ;
; Inapplicable ; IO_000047 ; I/O Properties Checks for One I/O ; On Chip Termination and Slew Rate should not be used at the same time.             ; Critical ; No Slew Rate assignments found.                                          ; I/O                 ;                   ;
; Inapplicable ; IO_000034 ; SI Related Distance Checks        ; Single-ended outputs should be 0 LAB row(s) away from a differential I/O.          ; High     ; No Differential I/O Standard assignments found.                          ; I/O                 ;                   ;
; ----         ; ----      ; Disclaimer                        ; OCT rules are checked but not reported.                                            ; None     ; ----                                                                     ; On Chip Termination ;                   ;
+--------------+-----------+-----------------------------------+------------------------------------------------------------------------------------+----------+--------------------------------------------------------------------------+---------------------+-------------------+


+-------------------------------------------------------------------------------------------------------------------------------------------------------------------------------------------------------------------------------------------------------------------------------------------------------------------------------------------------------------------------------------------------------------------------------------------------------+
; I/O Rules Matrix                                                                                                                                                                                                                                                                                                                                                                                                                                      ;
+----------------------------+--------------+--------------+--------------+--------------+--------------+-----------+--------------+--------------+-----------+-----------+--------------+--------------+--------------+--------------+--------------+--------------+--------------+--------------+--------------+--------------+--------------+--------------+--------------+--------------+--------------+--------------+--------------+--------------+
; Pin/Rules                  ; IO_000001    ; IO_000002    ; IO_000003    ; IO_000004    ; IO_000005    ; IO_000006 ; IO_000007    ; IO_000008    ; IO_000009 ; IO_000010 ; IO_000011    ; IO_000012    ; IO_000013    ; IO_000014    ; IO_000015    ; IO_000018    ; IO_000019    ; IO_000020    ; IO_000021    ; IO_000022    ; IO_000023    ; IO_000024    ; IO_000026    ; IO_000027    ; IO_000045    ; IO_000046    ; IO_000047    ; IO_000034    ;
+----------------------------+--------------+--------------+--------------+--------------+--------------+-----------+--------------+--------------+-----------+-----------+--------------+--------------+--------------+--------------+--------------+--------------+--------------+--------------+--------------+--------------+--------------+--------------+--------------+--------------+--------------+--------------+--------------+--------------+
; Total Pass                 ; 0            ; 0            ; 0            ; 0            ; 0            ; 285       ; 0            ; 0            ; 285       ; 285       ; 0            ; 112          ; 0            ; 0            ; 0            ; 0            ; 112          ; 0            ; 0            ; 0            ; 0            ; 112          ; 0            ; 0            ; 0            ; 0            ; 0            ; 0            ;
; Total Unchecked            ; 0            ; 0            ; 0            ; 0            ; 0            ; 0         ; 0            ; 0            ; 0         ; 0         ; 0            ; 0            ; 0            ; 0            ; 0            ; 0            ; 0            ; 0            ; 0            ; 0            ; 0            ; 0            ; 0            ; 0            ; 0            ; 0            ; 0            ; 0            ;
; Total Inapplicable         ; 285          ; 285          ; 285          ; 285          ; 285          ; 0         ; 285          ; 285          ; 0         ; 0         ; 285          ; 173          ; 285          ; 285          ; 285          ; 285          ; 173          ; 285          ; 285          ; 285          ; 285          ; 173          ; 285          ; 285          ; 285          ; 285          ; 285          ; 285          ;
; Total Fail                 ; 0            ; 0            ; 0            ; 0            ; 0            ; 0         ; 0            ; 0            ; 0         ; 0         ; 0            ; 0            ; 0            ; 0            ; 0            ; 0            ; 0            ; 0            ; 0            ; 0            ; 0            ; 0            ; 0            ; 0            ; 0            ; 0            ; 0            ; 0            ;
; input_ready                ; Inapplicable ; Inapplicable ; Inapplicable ; Inapplicable ; Inapplicable ; Pass      ; Inapplicable ; Inapplicable ; Pass      ; Pass      ; Inapplicable ; Pass         ; Inapplicable ; Inapplicable ; Inapplicable ; Inapplicable ; Pass         ; Inapplicable ; Inapplicable ; Inapplicable ; Inapplicable ; Pass         ; Inapplicable ; Inapplicable ; Inapplicable ; Inapplicable ; Inapplicable ; Inapplicable ;
; weight_ready               ; Inapplicable ; Inapplicable ; Inapplicable ; Inapplicable ; Inapplicable ; Pass      ; Inapplicable ; Inapplicable ; Pass      ; Pass      ; Inapplicable ; Pass         ; Inapplicable ; Inapplicable ; Inapplicable ; Inapplicable ; Pass         ; Inapplicable ; Inapplicable ; Inapplicable ; Inapplicable ; Pass         ; Inapplicable ; Inapplicable ; Inapplicable ; Inapplicable ; Inapplicable ; Inapplicable ;
; bias_ready                 ; Inapplicable ; Inapplicable ; Inapplicable ; Inapplicable ; Inapplicable ; Pass      ; Inapplicable ; Inapplicable ; Pass      ; Pass      ; Inapplicable ; Pass         ; Inapplicable ; Inapplicable ; Inapplicable ; Inapplicable ; Pass         ; Inapplicable ; Inapplicable ; Inapplicable ; Inapplicable ; Pass         ; Inapplicable ; Inapplicable ; Inapplicable ; Inapplicable ; Inapplicable ; Inapplicable ;
; output_valid               ; Inapplicable ; Inapplicable ; Inapplicable ; Inapplicable ; Inapplicable ; Pass      ; Inapplicable ; Inapplicable ; Pass      ; Pass      ; Inapplicable ; Pass         ; Inapplicable ; Inapplicable ; Inapplicable ; Inapplicable ; Pass         ; Inapplicable ; Inapplicable ; Inapplicable ; Inapplicable ; Pass         ; Inapplicable ; Inapplicable ; Inapplicable ; Inapplicable ; Inapplicable ; Inapplicable ;
; output_data[0]             ; Inapplicable ; Inapplicable ; Inapplicable ; Inapplicable ; Inapplicable ; Pass      ; Inapplicable ; Inapplicable ; Pass      ; Pass      ; Inapplicable ; Pass         ; Inapplicable ; Inapplicable ; Inapplicable ; Inapplicable ; Pass         ; Inapplicable ; Inapplicable ; Inapplicable ; Inapplicable ; Pass         ; Inapplicable ; Inapplicable ; Inapplicable ; Inapplicable ; Inapplicable ; Inapplicable ;
; output_data[1]             ; Inapplicable ; Inapplicable ; Inapplicable ; Inapplicable ; Inapplicable ; Pass      ; Inapplicable ; Inapplicable ; Pass      ; Pass      ; Inapplicable ; Pass         ; Inapplicable ; Inapplicable ; Inapplicable ; Inapplicable ; Pass         ; Inapplicable ; Inapplicable ; Inapplicable ; Inapplicable ; Pass         ; Inapplicable ; Inapplicable ; Inapplicable ; Inapplicable ; Inapplicable ; Inapplicable ;
; output_data[2]             ; Inapplicable ; Inapplicable ; Inapplicable ; Inapplicable ; Inapplicable ; Pass      ; Inapplicable ; Inapplicable ; Pass      ; Pass      ; Inapplicable ; Pass         ; Inapplicable ; Inapplicable ; Inapplicable ; Inapplicable ; Pass         ; Inapplicable ; Inapplicable ; Inapplicable ; Inapplicable ; Pass         ; Inapplicable ; Inapplicable ; Inapplicable ; Inapplicable ; Inapplicable ; Inapplicable ;
; output_data[3]             ; Inapplicable ; Inapplicable ; Inapplicable ; Inapplicable ; Inapplicable ; Pass      ; Inapplicable ; Inapplicable ; Pass      ; Pass      ; Inapplicable ; Pass         ; Inapplicable ; Inapplicable ; Inapplicable ; Inapplicable ; Pass         ; Inapplicable ; Inapplicable ; Inapplicable ; Inapplicable ; Pass         ; Inapplicable ; Inapplicable ; Inapplicable ; Inapplicable ; Inapplicable ; Inapplicable ;
; output_data[4]             ; Inapplicable ; Inapplicable ; Inapplicable ; Inapplicable ; Inapplicable ; Pass      ; Inapplicable ; Inapplicable ; Pass      ; Pass      ; Inapplicable ; Pass         ; Inapplicable ; Inapplicable ; Inapplicable ; Inapplicable ; Pass         ; Inapplicable ; Inapplicable ; Inapplicable ; Inapplicable ; Pass         ; Inapplicable ; Inapplicable ; Inapplicable ; Inapplicable ; Inapplicable ; Inapplicable ;
; output_data[5]             ; Inapplicable ; Inapplicable ; Inapplicable ; Inapplicable ; Inapplicable ; Pass      ; Inapplicable ; Inapplicable ; Pass      ; Pass      ; Inapplicable ; Pass         ; Inapplicable ; Inapplicable ; Inapplicable ; Inapplicable ; Pass         ; Inapplicable ; Inapplicable ; Inapplicable ; Inapplicable ; Pass         ; Inapplicable ; Inapplicable ; Inapplicable ; Inapplicable ; Inapplicable ; Inapplicable ;
; output_data[6]             ; Inapplicable ; Inapplicable ; Inapplicable ; Inapplicable ; Inapplicable ; Pass      ; Inapplicable ; Inapplicable ; Pass      ; Pass      ; Inapplicable ; Pass         ; Inapplicable ; Inapplicable ; Inapplicable ; Inapplicable ; Pass         ; Inapplicable ; Inapplicable ; Inapplicable ; Inapplicable ; Pass         ; Inapplicable ; Inapplicable ; Inapplicable ; Inapplicable ; Inapplicable ; Inapplicable ;
; output_data[7]             ; Inapplicable ; Inapplicable ; Inapplicable ; Inapplicable ; Inapplicable ; Pass      ; Inapplicable ; Inapplicable ; Pass      ; Pass      ; Inapplicable ; Pass         ; Inapplicable ; Inapplicable ; Inapplicable ; Inapplicable ; Pass         ; Inapplicable ; Inapplicable ; Inapplicable ; Inapplicable ; Pass         ; Inapplicable ; Inapplicable ; Inapplicable ; Inapplicable ; Inapplicable ; Inapplicable ;
; output_data[8]             ; Inapplicable ; Inapplicable ; Inapplicable ; Inapplicable ; Inapplicable ; Pass      ; Inapplicable ; Inapplicable ; Pass      ; Pass      ; Inapplicable ; Pass         ; Inapplicable ; Inapplicable ; Inapplicable ; Inapplicable ; Pass         ; Inapplicable ; Inapplicable ; Inapplicable ; Inapplicable ; Pass         ; Inapplicable ; Inapplicable ; Inapplicable ; Inapplicable ; Inapplicable ; Inapplicable ;
; output_data[9]             ; Inapplicable ; Inapplicable ; Inapplicable ; Inapplicable ; Inapplicable ; Pass      ; Inapplicable ; Inapplicable ; Pass      ; Pass      ; Inapplicable ; Pass         ; Inapplicable ; Inapplicable ; Inapplicable ; Inapplicable ; Pass         ; Inapplicable ; Inapplicable ; Inapplicable ; Inapplicable ; Pass         ; Inapplicable ; Inapplicable ; Inapplicable ; Inapplicable ; Inapplicable ; Inapplicable ;
; output_data[10]            ; Inapplicable ; Inapplicable ; Inapplicable ; Inapplicable ; Inapplicable ; Pass      ; Inapplicable ; Inapplicable ; Pass      ; Pass      ; Inapplicable ; Pass         ; Inapplicable ; Inapplicable ; Inapplicable ; Inapplicable ; Pass         ; Inapplicable ; Inapplicable ; Inapplicable ; Inapplicable ; Pass         ; Inapplicable ; Inapplicable ; Inapplicable ; Inapplicable ; Inapplicable ; Inapplicable ;
; output_data[11]            ; Inapplicable ; Inapplicable ; Inapplicable ; Inapplicable ; Inapplicable ; Pass      ; Inapplicable ; Inapplicable ; Pass      ; Pass      ; Inapplicable ; Pass         ; Inapplicable ; Inapplicable ; Inapplicable ; Inapplicable ; Pass         ; Inapplicable ; Inapplicable ; Inapplicable ; Inapplicable ; Pass         ; Inapplicable ; Inapplicable ; Inapplicable ; Inapplicable ; Inapplicable ; Inapplicable ;
; output_data[12]            ; Inapplicable ; Inapplicable ; Inapplicable ; Inapplicable ; Inapplicable ; Pass      ; Inapplicable ; Inapplicable ; Pass      ; Pass      ; Inapplicable ; Pass         ; Inapplicable ; Inapplicable ; Inapplicable ; Inapplicable ; Pass         ; Inapplicable ; Inapplicable ; Inapplicable ; Inapplicable ; Pass         ; Inapplicable ; Inapplicable ; Inapplicable ; Inapplicable ; Inapplicable ; Inapplicable ;
; output_data[13]            ; Inapplicable ; Inapplicable ; Inapplicable ; Inapplicable ; Inapplicable ; Pass      ; Inapplicable ; Inapplicable ; Pass      ; Pass      ; Inapplicable ; Pass         ; Inapplicable ; Inapplicable ; Inapplicable ; Inapplicable ; Pass         ; Inapplicable ; Inapplicable ; Inapplicable ; Inapplicable ; Pass         ; Inapplicable ; Inapplicable ; Inapplicable ; Inapplicable ; Inapplicable ; Inapplicable ;
; output_data[14]            ; Inapplicable ; Inapplicable ; Inapplicable ; Inapplicable ; Inapplicable ; Pass      ; Inapplicable ; Inapplicable ; Pass      ; Pass      ; Inapplicable ; Pass         ; Inapplicable ; Inapplicable ; Inapplicable ; Inapplicable ; Pass         ; Inapplicable ; Inapplicable ; Inapplicable ; Inapplicable ; Pass         ; Inapplicable ; Inapplicable ; Inapplicable ; Inapplicable ; Inapplicable ; Inapplicable ;
; output_data[15]            ; Inapplicable ; Inapplicable ; Inapplicable ; Inapplicable ; Inapplicable ; Pass      ; Inapplicable ; Inapplicable ; Pass      ; Pass      ; Inapplicable ; Pass         ; Inapplicable ; Inapplicable ; Inapplicable ; Inapplicable ; Pass         ; Inapplicable ; Inapplicable ; Inapplicable ; Inapplicable ; Pass         ; Inapplicable ; Inapplicable ; Inapplicable ; Inapplicable ; Inapplicable ; Inapplicable ;
; output_data[16]            ; Inapplicable ; Inapplicable ; Inapplicable ; Inapplicable ; Inapplicable ; Pass      ; Inapplicable ; Inapplicable ; Pass      ; Pass      ; Inapplicable ; Pass         ; Inapplicable ; Inapplicable ; Inapplicable ; Inapplicable ; Pass         ; Inapplicable ; Inapplicable ; Inapplicable ; Inapplicable ; Pass         ; Inapplicable ; Inapplicable ; Inapplicable ; Inapplicable ; Inapplicable ; Inapplicable ;
; output_data[17]            ; Inapplicable ; Inapplicable ; Inapplicable ; Inapplicable ; Inapplicable ; Pass      ; Inapplicable ; Inapplicable ; Pass      ; Pass      ; Inapplicable ; Pass         ; Inapplicable ; Inapplicable ; Inapplicable ; Inapplicable ; Pass         ; Inapplicable ; Inapplicable ; Inapplicable ; Inapplicable ; Pass         ; Inapplicable ; Inapplicable ; Inapplicable ; Inapplicable ; Inapplicable ; Inapplicable ;
; output_data[18]            ; Inapplicable ; Inapplicable ; Inapplicable ; Inapplicable ; Inapplicable ; Pass      ; Inapplicable ; Inapplicable ; Pass      ; Pass      ; Inapplicable ; Pass         ; Inapplicable ; Inapplicable ; Inapplicable ; Inapplicable ; Pass         ; Inapplicable ; Inapplicable ; Inapplicable ; Inapplicable ; Pass         ; Inapplicable ; Inapplicable ; Inapplicable ; Inapplicable ; Inapplicable ; Inapplicable ;
; output_data[19]            ; Inapplicable ; Inapplicable ; Inapplicable ; Inapplicable ; Inapplicable ; Pass      ; Inapplicable ; Inapplicable ; Pass      ; Pass      ; Inapplicable ; Pass         ; Inapplicable ; Inapplicable ; Inapplicable ; Inapplicable ; Pass         ; Inapplicable ; Inapplicable ; Inapplicable ; Inapplicable ; Pass         ; Inapplicable ; Inapplicable ; Inapplicable ; Inapplicable ; Inapplicable ; Inapplicable ;
; output_data[20]            ; Inapplicable ; Inapplicable ; Inapplicable ; Inapplicable ; Inapplicable ; Pass      ; Inapplicable ; Inapplicable ; Pass      ; Pass      ; Inapplicable ; Pass         ; Inapplicable ; Inapplicable ; Inapplicable ; Inapplicable ; Pass         ; Inapplicable ; Inapplicable ; Inapplicable ; Inapplicable ; Pass         ; Inapplicable ; Inapplicable ; Inapplicable ; Inapplicable ; Inapplicable ; Inapplicable ;
; output_data[21]            ; Inapplicable ; Inapplicable ; Inapplicable ; Inapplicable ; Inapplicable ; Pass      ; Inapplicable ; Inapplicable ; Pass      ; Pass      ; Inapplicable ; Pass         ; Inapplicable ; Inapplicable ; Inapplicable ; Inapplicable ; Pass         ; Inapplicable ; Inapplicable ; Inapplicable ; Inapplicable ; Pass         ; Inapplicable ; Inapplicable ; Inapplicable ; Inapplicable ; Inapplicable ; Inapplicable ;
; output_data[22]            ; Inapplicable ; Inapplicable ; Inapplicable ; Inapplicable ; Inapplicable ; Pass      ; Inapplicable ; Inapplicable ; Pass      ; Pass      ; Inapplicable ; Pass         ; Inapplicable ; Inapplicable ; Inapplicable ; Inapplicable ; Pass         ; Inapplicable ; Inapplicable ; Inapplicable ; Inapplicable ; Pass         ; Inapplicable ; Inapplicable ; Inapplicable ; Inapplicable ; Inapplicable ; Inapplicable ;
; output_data[23]            ; Inapplicable ; Inapplicable ; Inapplicable ; Inapplicable ; Inapplicable ; Pass      ; Inapplicable ; Inapplicable ; Pass      ; Pass      ; Inapplicable ; Pass         ; Inapplicable ; Inapplicable ; Inapplicable ; Inapplicable ; Pass         ; Inapplicable ; Inapplicable ; Inapplicable ; Inapplicable ; Pass         ; Inapplicable ; Inapplicable ; Inapplicable ; Inapplicable ; Inapplicable ; Inapplicable ;
; output_data[24]            ; Inapplicable ; Inapplicable ; Inapplicable ; Inapplicable ; Inapplicable ; Pass      ; Inapplicable ; Inapplicable ; Pass      ; Pass      ; Inapplicable ; Pass         ; Inapplicable ; Inapplicable ; Inapplicable ; Inapplicable ; Pass         ; Inapplicable ; Inapplicable ; Inapplicable ; Inapplicable ; Pass         ; Inapplicable ; Inapplicable ; Inapplicable ; Inapplicable ; Inapplicable ; Inapplicable ;
; output_data[25]            ; Inapplicable ; Inapplicable ; Inapplicable ; Inapplicable ; Inapplicable ; Pass      ; Inapplicable ; Inapplicable ; Pass      ; Pass      ; Inapplicable ; Pass         ; Inapplicable ; Inapplicable ; Inapplicable ; Inapplicable ; Pass         ; Inapplicable ; Inapplicable ; Inapplicable ; Inapplicable ; Pass         ; Inapplicable ; Inapplicable ; Inapplicable ; Inapplicable ; Inapplicable ; Inapplicable ;
; output_data[26]            ; Inapplicable ; Inapplicable ; Inapplicable ; Inapplicable ; Inapplicable ; Pass      ; Inapplicable ; Inapplicable ; Pass      ; Pass      ; Inapplicable ; Pass         ; Inapplicable ; Inapplicable ; Inapplicable ; Inapplicable ; Pass         ; Inapplicable ; Inapplicable ; Inapplicable ; Inapplicable ; Pass         ; Inapplicable ; Inapplicable ; Inapplicable ; Inapplicable ; Inapplicable ; Inapplicable ;
; output_data[27]            ; Inapplicable ; Inapplicable ; Inapplicable ; Inapplicable ; Inapplicable ; Pass      ; Inapplicable ; Inapplicable ; Pass      ; Pass      ; Inapplicable ; Pass         ; Inapplicable ; Inapplicable ; Inapplicable ; Inapplicable ; Pass         ; Inapplicable ; Inapplicable ; Inapplicable ; Inapplicable ; Pass         ; Inapplicable ; Inapplicable ; Inapplicable ; Inapplicable ; Inapplicable ; Inapplicable ;
; output_data[28]            ; Inapplicable ; Inapplicable ; Inapplicable ; Inapplicable ; Inapplicable ; Pass      ; Inapplicable ; Inapplicable ; Pass      ; Pass      ; Inapplicable ; Pass         ; Inapplicable ; Inapplicable ; Inapplicable ; Inapplicable ; Pass         ; Inapplicable ; Inapplicable ; Inapplicable ; Inapplicable ; Pass         ; Inapplicable ; Inapplicable ; Inapplicable ; Inapplicable ; Inapplicable ; Inapplicable ;
; output_data[29]            ; Inapplicable ; Inapplicable ; Inapplicable ; Inapplicable ; Inapplicable ; Pass      ; Inapplicable ; Inapplicable ; Pass      ; Pass      ; Inapplicable ; Pass         ; Inapplicable ; Inapplicable ; Inapplicable ; Inapplicable ; Pass         ; Inapplicable ; Inapplicable ; Inapplicable ; Inapplicable ; Pass         ; Inapplicable ; Inapplicable ; Inapplicable ; Inapplicable ; Inapplicable ; Inapplicable ;
; output_data[30]            ; Inapplicable ; Inapplicable ; Inapplicable ; Inapplicable ; Inapplicable ; Pass      ; Inapplicable ; Inapplicable ; Pass      ; Pass      ; Inapplicable ; Pass         ; Inapplicable ; Inapplicable ; Inapplicable ; Inapplicable ; Pass         ; Inapplicable ; Inapplicable ; Inapplicable ; Inapplicable ; Pass         ; Inapplicable ; Inapplicable ; Inapplicable ; Inapplicable ; Inapplicable ; Inapplicable ;
; output_data[31]            ; Inapplicable ; Inapplicable ; Inapplicable ; Inapplicable ; Inapplicable ; Pass      ; Inapplicable ; Inapplicable ; Pass      ; Pass      ; Inapplicable ; Pass         ; Inapplicable ; Inapplicable ; Inapplicable ; Inapplicable ; Pass         ; Inapplicable ; Inapplicable ; Inapplicable ; Inapplicable ; Pass         ; Inapplicable ; Inapplicable ; Inapplicable ; Inapplicable ; Inapplicable ; Inapplicable ;
; output_data[32]            ; Inapplicable ; Inapplicable ; Inapplicable ; Inapplicable ; Inapplicable ; Pass      ; Inapplicable ; Inapplicable ; Pass      ; Pass      ; Inapplicable ; Pass         ; Inapplicable ; Inapplicable ; Inapplicable ; Inapplicable ; Pass         ; Inapplicable ; Inapplicable ; Inapplicable ; Inapplicable ; Pass         ; Inapplicable ; Inapplicable ; Inapplicable ; Inapplicable ; Inapplicable ; Inapplicable ;
; output_data[33]            ; Inapplicable ; Inapplicable ; Inapplicable ; Inapplicable ; Inapplicable ; Pass      ; Inapplicable ; Inapplicable ; Pass      ; Pass      ; Inapplicable ; Pass         ; Inapplicable ; Inapplicable ; Inapplicable ; Inapplicable ; Pass         ; Inapplicable ; Inapplicable ; Inapplicable ; Inapplicable ; Pass         ; Inapplicable ; Inapplicable ; Inapplicable ; Inapplicable ; Inapplicable ; Inapplicable ;
; output_data[34]            ; Inapplicable ; Inapplicable ; Inapplicable ; Inapplicable ; Inapplicable ; Pass      ; Inapplicable ; Inapplicable ; Pass      ; Pass      ; Inapplicable ; Pass         ; Inapplicable ; Inapplicable ; Inapplicable ; Inapplicable ; Pass         ; Inapplicable ; Inapplicable ; Inapplicable ; Inapplicable ; Pass         ; Inapplicable ; Inapplicable ; Inapplicable ; Inapplicable ; Inapplicable ; Inapplicable ;
; output_data[35]            ; Inapplicable ; Inapplicable ; Inapplicable ; Inapplicable ; Inapplicable ; Pass      ; Inapplicable ; Inapplicable ; Pass      ; Pass      ; Inapplicable ; Pass         ; Inapplicable ; Inapplicable ; Inapplicable ; Inapplicable ; Pass         ; Inapplicable ; Inapplicable ; Inapplicable ; Inapplicable ; Pass         ; Inapplicable ; Inapplicable ; Inapplicable ; Inapplicable ; Inapplicable ; Inapplicable ;
; output_data[36]            ; Inapplicable ; Inapplicable ; Inapplicable ; Inapplicable ; Inapplicable ; Pass      ; Inapplicable ; Inapplicable ; Pass      ; Pass      ; Inapplicable ; Pass         ; Inapplicable ; Inapplicable ; Inapplicable ; Inapplicable ; Pass         ; Inapplicable ; Inapplicable ; Inapplicable ; Inapplicable ; Pass         ; Inapplicable ; Inapplicable ; Inapplicable ; Inapplicable ; Inapplicable ; Inapplicable ;
; output_data[37]            ; Inapplicable ; Inapplicable ; Inapplicable ; Inapplicable ; Inapplicable ; Pass      ; Inapplicable ; Inapplicable ; Pass      ; Pass      ; Inapplicable ; Pass         ; Inapplicable ; Inapplicable ; Inapplicable ; Inapplicable ; Pass         ; Inapplicable ; Inapplicable ; Inapplicable ; Inapplicable ; Pass         ; Inapplicable ; Inapplicable ; Inapplicable ; Inapplicable ; Inapplicable ; Inapplicable ;
; output_data[38]            ; Inapplicable ; Inapplicable ; Inapplicable ; Inapplicable ; Inapplicable ; Pass      ; Inapplicable ; Inapplicable ; Pass      ; Pass      ; Inapplicable ; Pass         ; Inapplicable ; Inapplicable ; Inapplicable ; Inapplicable ; Pass         ; Inapplicable ; Inapplicable ; Inapplicable ; Inapplicable ; Pass         ; Inapplicable ; Inapplicable ; Inapplicable ; Inapplicable ; Inapplicable ; Inapplicable ;
; output_data[39]            ; Inapplicable ; Inapplicable ; Inapplicable ; Inapplicable ; Inapplicable ; Pass      ; Inapplicable ; Inapplicable ; Pass      ; Pass      ; Inapplicable ; Pass         ; Inapplicable ; Inapplicable ; Inapplicable ; Inapplicable ; Pass         ; Inapplicable ; Inapplicable ; Inapplicable ; Inapplicable ; Pass         ; Inapplicable ; Inapplicable ; Inapplicable ; Inapplicable ; Inapplicable ; Inapplicable ;
; output_data[40]            ; Inapplicable ; Inapplicable ; Inapplicable ; Inapplicable ; Inapplicable ; Pass      ; Inapplicable ; Inapplicable ; Pass      ; Pass      ; Inapplicable ; Pass         ; Inapplicable ; Inapplicable ; Inapplicable ; Inapplicable ; Pass         ; Inapplicable ; Inapplicable ; Inapplicable ; Inapplicable ; Pass         ; Inapplicable ; Inapplicable ; Inapplicable ; Inapplicable ; Inapplicable ; Inapplicable ;
; output_data[41]            ; Inapplicable ; Inapplicable ; Inapplicable ; Inapplicable ; Inapplicable ; Pass      ; Inapplicable ; Inapplicable ; Pass      ; Pass      ; Inapplicable ; Pass         ; Inapplicable ; Inapplicable ; Inapplicable ; Inapplicable ; Pass         ; Inapplicable ; Inapplicable ; Inapplicable ; Inapplicable ; Pass         ; Inapplicable ; Inapplicable ; Inapplicable ; Inapplicable ; Inapplicable ; Inapplicable ;
; output_data[42]            ; Inapplicable ; Inapplicable ; Inapplicable ; Inapplicable ; Inapplicable ; Pass      ; Inapplicable ; Inapplicable ; Pass      ; Pass      ; Inapplicable ; Pass         ; Inapplicable ; Inapplicable ; Inapplicable ; Inapplicable ; Pass         ; Inapplicable ; Inapplicable ; Inapplicable ; Inapplicable ; Pass         ; Inapplicable ; Inapplicable ; Inapplicable ; Inapplicable ; Inapplicable ; Inapplicable ;
; output_data[43]            ; Inapplicable ; Inapplicable ; Inapplicable ; Inapplicable ; Inapplicable ; Pass      ; Inapplicable ; Inapplicable ; Pass      ; Pass      ; Inapplicable ; Pass         ; Inapplicable ; Inapplicable ; Inapplicable ; Inapplicable ; Pass         ; Inapplicable ; Inapplicable ; Inapplicable ; Inapplicable ; Pass         ; Inapplicable ; Inapplicable ; Inapplicable ; Inapplicable ; Inapplicable ; Inapplicable ;
; output_data[44]            ; Inapplicable ; Inapplicable ; Inapplicable ; Inapplicable ; Inapplicable ; Pass      ; Inapplicable ; Inapplicable ; Pass      ; Pass      ; Inapplicable ; Pass         ; Inapplicable ; Inapplicable ; Inapplicable ; Inapplicable ; Pass         ; Inapplicable ; Inapplicable ; Inapplicable ; Inapplicable ; Pass         ; Inapplicable ; Inapplicable ; Inapplicable ; Inapplicable ; Inapplicable ; Inapplicable ;
; output_data[45]            ; Inapplicable ; Inapplicable ; Inapplicable ; Inapplicable ; Inapplicable ; Pass      ; Inapplicable ; Inapplicable ; Pass      ; Pass      ; Inapplicable ; Pass         ; Inapplicable ; Inapplicable ; Inapplicable ; Inapplicable ; Pass         ; Inapplicable ; Inapplicable ; Inapplicable ; Inapplicable ; Pass         ; Inapplicable ; Inapplicable ; Inapplicable ; Inapplicable ; Inapplicable ; Inapplicable ;
; output_data[46]            ; Inapplicable ; Inapplicable ; Inapplicable ; Inapplicable ; Inapplicable ; Pass      ; Inapplicable ; Inapplicable ; Pass      ; Pass      ; Inapplicable ; Pass         ; Inapplicable ; Inapplicable ; Inapplicable ; Inapplicable ; Pass         ; Inapplicable ; Inapplicable ; Inapplicable ; Inapplicable ; Pass         ; Inapplicable ; Inapplicable ; Inapplicable ; Inapplicable ; Inapplicable ; Inapplicable ;
; output_data[47]            ; Inapplicable ; Inapplicable ; Inapplicable ; Inapplicable ; Inapplicable ; Pass      ; Inapplicable ; Inapplicable ; Pass      ; Pass      ; Inapplicable ; Pass         ; Inapplicable ; Inapplicable ; Inapplicable ; Inapplicable ; Pass         ; Inapplicable ; Inapplicable ; Inapplicable ; Inapplicable ; Pass         ; Inapplicable ; Inapplicable ; Inapplicable ; Inapplicable ; Inapplicable ; Inapplicable ;
; output_data[48]            ; Inapplicable ; Inapplicable ; Inapplicable ; Inapplicable ; Inapplicable ; Pass      ; Inapplicable ; Inapplicable ; Pass      ; Pass      ; Inapplicable ; Pass         ; Inapplicable ; Inapplicable ; Inapplicable ; Inapplicable ; Pass         ; Inapplicable ; Inapplicable ; Inapplicable ; Inapplicable ; Pass         ; Inapplicable ; Inapplicable ; Inapplicable ; Inapplicable ; Inapplicable ; Inapplicable ;
; output_data[49]            ; Inapplicable ; Inapplicable ; Inapplicable ; Inapplicable ; Inapplicable ; Pass      ; Inapplicable ; Inapplicable ; Pass      ; Pass      ; Inapplicable ; Pass         ; Inapplicable ; Inapplicable ; Inapplicable ; Inapplicable ; Pass         ; Inapplicable ; Inapplicable ; Inapplicable ; Inapplicable ; Pass         ; Inapplicable ; Inapplicable ; Inapplicable ; Inapplicable ; Inapplicable ; Inapplicable ;
; output_data[50]            ; Inapplicable ; Inapplicable ; Inapplicable ; Inapplicable ; Inapplicable ; Pass      ; Inapplicable ; Inapplicable ; Pass      ; Pass      ; Inapplicable ; Pass         ; Inapplicable ; Inapplicable ; Inapplicable ; Inapplicable ; Pass         ; Inapplicable ; Inapplicable ; Inapplicable ; Inapplicable ; Pass         ; Inapplicable ; Inapplicable ; Inapplicable ; Inapplicable ; Inapplicable ; Inapplicable ;
; output_data[51]            ; Inapplicable ; Inapplicable ; Inapplicable ; Inapplicable ; Inapplicable ; Pass      ; Inapplicable ; Inapplicable ; Pass      ; Pass      ; Inapplicable ; Pass         ; Inapplicable ; Inapplicable ; Inapplicable ; Inapplicable ; Pass         ; Inapplicable ; Inapplicable ; Inapplicable ; Inapplicable ; Pass         ; Inapplicable ; Inapplicable ; Inapplicable ; Inapplicable ; Inapplicable ; Inapplicable ;
; output_data[52]            ; Inapplicable ; Inapplicable ; Inapplicable ; Inapplicable ; Inapplicable ; Pass      ; Inapplicable ; Inapplicable ; Pass      ; Pass      ; Inapplicable ; Pass         ; Inapplicable ; Inapplicable ; Inapplicable ; Inapplicable ; Pass         ; Inapplicable ; Inapplicable ; Inapplicable ; Inapplicable ; Pass         ; Inapplicable ; Inapplicable ; Inapplicable ; Inapplicable ; Inapplicable ; Inapplicable ;
; output_data[53]            ; Inapplicable ; Inapplicable ; Inapplicable ; Inapplicable ; Inapplicable ; Pass      ; Inapplicable ; Inapplicable ; Pass      ; Pass      ; Inapplicable ; Pass         ; Inapplicable ; Inapplicable ; Inapplicable ; Inapplicable ; Pass         ; Inapplicable ; Inapplicable ; Inapplicable ; Inapplicable ; Pass         ; Inapplicable ; Inapplicable ; Inapplicable ; Inapplicable ; Inapplicable ; Inapplicable ;
; output_data[54]            ; Inapplicable ; Inapplicable ; Inapplicable ; Inapplicable ; Inapplicable ; Pass      ; Inapplicable ; Inapplicable ; Pass      ; Pass      ; Inapplicable ; Pass         ; Inapplicable ; Inapplicable ; Inapplicable ; Inapplicable ; Pass         ; Inapplicable ; Inapplicable ; Inapplicable ; Inapplicable ; Pass         ; Inapplicable ; Inapplicable ; Inapplicable ; Inapplicable ; Inapplicable ; Inapplicable ;
; output_data[55]            ; Inapplicable ; Inapplicable ; Inapplicable ; Inapplicable ; Inapplicable ; Pass      ; Inapplicable ; Inapplicable ; Pass      ; Pass      ; Inapplicable ; Pass         ; Inapplicable ; Inapplicable ; Inapplicable ; Inapplicable ; Pass         ; Inapplicable ; Inapplicable ; Inapplicable ; Inapplicable ; Pass         ; Inapplicable ; Inapplicable ; Inapplicable ; Inapplicable ; Inapplicable ; Inapplicable ;
; output_data[56]            ; Inapplicable ; Inapplicable ; Inapplicable ; Inapplicable ; Inapplicable ; Pass      ; Inapplicable ; Inapplicable ; Pass      ; Pass      ; Inapplicable ; Pass         ; Inapplicable ; Inapplicable ; Inapplicable ; Inapplicable ; Pass         ; Inapplicable ; Inapplicable ; Inapplicable ; Inapplicable ; Pass         ; Inapplicable ; Inapplicable ; Inapplicable ; Inapplicable ; Inapplicable ; Inapplicable ;
; output_data[57]            ; Inapplicable ; Inapplicable ; Inapplicable ; Inapplicable ; Inapplicable ; Pass      ; Inapplicable ; Inapplicable ; Pass      ; Pass      ; Inapplicable ; Pass         ; Inapplicable ; Inapplicable ; Inapplicable ; Inapplicable ; Pass         ; Inapplicable ; Inapplicable ; Inapplicable ; Inapplicable ; Pass         ; Inapplicable ; Inapplicable ; Inapplicable ; Inapplicable ; Inapplicable ; Inapplicable ;
; output_data[58]            ; Inapplicable ; Inapplicable ; Inapplicable ; Inapplicable ; Inapplicable ; Pass      ; Inapplicable ; Inapplicable ; Pass      ; Pass      ; Inapplicable ; Pass         ; Inapplicable ; Inapplicable ; Inapplicable ; Inapplicable ; Pass         ; Inapplicable ; Inapplicable ; Inapplicable ; Inapplicable ; Pass         ; Inapplicable ; Inapplicable ; Inapplicable ; Inapplicable ; Inapplicable ; Inapplicable ;
; output_data[59]            ; Inapplicable ; Inapplicable ; Inapplicable ; Inapplicable ; Inapplicable ; Pass      ; Inapplicable ; Inapplicable ; Pass      ; Pass      ; Inapplicable ; Pass         ; Inapplicable ; Inapplicable ; Inapplicable ; Inapplicable ; Pass         ; Inapplicable ; Inapplicable ; Inapplicable ; Inapplicable ; Pass         ; Inapplicable ; Inapplicable ; Inapplicable ; Inapplicable ; Inapplicable ; Inapplicable ;
; output_data[60]            ; Inapplicable ; Inapplicable ; Inapplicable ; Inapplicable ; Inapplicable ; Pass      ; Inapplicable ; Inapplicable ; Pass      ; Pass      ; Inapplicable ; Pass         ; Inapplicable ; Inapplicable ; Inapplicable ; Inapplicable ; Pass         ; Inapplicable ; Inapplicable ; Inapplicable ; Inapplicable ; Pass         ; Inapplicable ; Inapplicable ; Inapplicable ; Inapplicable ; Inapplicable ; Inapplicable ;
; output_data[61]            ; Inapplicable ; Inapplicable ; Inapplicable ; Inapplicable ; Inapplicable ; Pass      ; Inapplicable ; Inapplicable ; Pass      ; Pass      ; Inapplicable ; Pass         ; Inapplicable ; Inapplicable ; Inapplicable ; Inapplicable ; Pass         ; Inapplicable ; Inapplicable ; Inapplicable ; Inapplicable ; Pass         ; Inapplicable ; Inapplicable ; Inapplicable ; Inapplicable ; Inapplicable ; Inapplicable ;
; output_data[62]            ; Inapplicable ; Inapplicable ; Inapplicable ; Inapplicable ; Inapplicable ; Pass      ; Inapplicable ; Inapplicable ; Pass      ; Pass      ; Inapplicable ; Pass         ; Inapplicable ; Inapplicable ; Inapplicable ; Inapplicable ; Pass         ; Inapplicable ; Inapplicable ; Inapplicable ; Inapplicable ; Pass         ; Inapplicable ; Inapplicable ; Inapplicable ; Inapplicable ; Inapplicable ; Inapplicable ;
; output_data[63]            ; Inapplicable ; Inapplicable ; Inapplicable ; Inapplicable ; Inapplicable ; Pass      ; Inapplicable ; Inapplicable ; Pass      ; Pass      ; Inapplicable ; Pass         ; Inapplicable ; Inapplicable ; Inapplicable ; Inapplicable ; Pass         ; Inapplicable ; Inapplicable ; Inapplicable ; Inapplicable ; Pass         ; Inapplicable ; Inapplicable ; Inapplicable ; Inapplicable ; Inapplicable ; Inapplicable ;
; output_ready               ; Inapplicable ; Inapplicable ; Inapplicable ; Inapplicable ; Inapplicable ; Pass      ; Inapplicable ; Inapplicable ; Pass      ; Pass      ; Inapplicable ; Inapplicable ; Inapplicable ; Inapplicable ; Inapplicable ; Inapplicable ; Inapplicable ; Inapplicable ; Inapplicable ; Inapplicable ; Inapplicable ; Inapplicable ; Inapplicable ; Inapplicable ; Inapplicable ; Inapplicable ; Inapplicable ; Inapplicable ;
; operation_done             ; Inapplicable ; Inapplicable ; Inapplicable ; Inapplicable ; Inapplicable ; Pass      ; Inapplicable ; Inapplicable ; Pass      ; Pass      ; Inapplicable ; Pass         ; Inapplicable ; Inapplicable ; Inapplicable ; Inapplicable ; Pass         ; Inapplicable ; Inapplicable ; Inapplicable ; Inapplicable ; Pass         ; Inapplicable ; Inapplicable ; Inapplicable ; Inapplicable ; Inapplicable ; Inapplicable ;
; operation_busy             ; Inapplicable ; Inapplicable ; Inapplicable ; Inapplicable ; Inapplicable ; Pass      ; Inapplicable ; Inapplicable ; Pass      ; Pass      ; Inapplicable ; Pass         ; Inapplicable ; Inapplicable ; Inapplicable ; Inapplicable ; Pass         ; Inapplicable ; Inapplicable ; Inapplicable ; Inapplicable ; Pass         ; Inapplicable ; Inapplicable ; Inapplicable ; Inapplicable ; Inapplicable ; Inapplicable ;
; current_operation[0]       ; Inapplicable ; Inapplicable ; Inapplicable ; Inapplicable ; Inapplicable ; Pass      ; Inapplicable ; Inapplicable ; Pass      ; Pass      ; Inapplicable ; Pass         ; Inapplicable ; Inapplicable ; Inapplicable ; Inapplicable ; Pass         ; Inapplicable ; Inapplicable ; Inapplicable ; Inapplicable ; Pass         ; Inapplicable ; Inapplicable ; Inapplicable ; Inapplicable ; Inapplicable ; Inapplicable ;
; current_operation[1]       ; Inapplicable ; Inapplicable ; Inapplicable ; Inapplicable ; Inapplicable ; Pass      ; Inapplicable ; Inapplicable ; Pass      ; Pass      ; Inapplicable ; Pass         ; Inapplicable ; Inapplicable ; Inapplicable ; Inapplicable ; Pass         ; Inapplicable ; Inapplicable ; Inapplicable ; Inapplicable ; Pass         ; Inapplicable ; Inapplicable ; Inapplicable ; Inapplicable ; Inapplicable ; Inapplicable ;
; debug_cycles[0]            ; Inapplicable ; Inapplicable ; Inapplicable ; Inapplicable ; Inapplicable ; Pass      ; Inapplicable ; Inapplicable ; Pass      ; Pass      ; Inapplicable ; Pass         ; Inapplicable ; Inapplicable ; Inapplicable ; Inapplicable ; Pass         ; Inapplicable ; Inapplicable ; Inapplicable ; Inapplicable ; Pass         ; Inapplicable ; Inapplicable ; Inapplicable ; Inapplicable ; Inapplicable ; Inapplicable ;
; debug_cycles[1]            ; Inapplicable ; Inapplicable ; Inapplicable ; Inapplicable ; Inapplicable ; Pass      ; Inapplicable ; Inapplicable ; Pass      ; Pass      ; Inapplicable ; Pass         ; Inapplicable ; Inapplicable ; Inapplicable ; Inapplicable ; Pass         ; Inapplicable ; Inapplicable ; Inapplicable ; Inapplicable ; Pass         ; Inapplicable ; Inapplicable ; Inapplicable ; Inapplicable ; Inapplicable ; Inapplicable ;
; debug_cycles[2]            ; Inapplicable ; Inapplicable ; Inapplicable ; Inapplicable ; Inapplicable ; Pass      ; Inapplicable ; Inapplicable ; Pass      ; Pass      ; Inapplicable ; Pass         ; Inapplicable ; Inapplicable ; Inapplicable ; Inapplicable ; Pass         ; Inapplicable ; Inapplicable ; Inapplicable ; Inapplicable ; Pass         ; Inapplicable ; Inapplicable ; Inapplicable ; Inapplicable ; Inapplicable ; Inapplicable ;
; debug_cycles[3]            ; Inapplicable ; Inapplicable ; Inapplicable ; Inapplicable ; Inapplicable ; Pass      ; Inapplicable ; Inapplicable ; Pass      ; Pass      ; Inapplicable ; Pass         ; Inapplicable ; Inapplicable ; Inapplicable ; Inapplicable ; Pass         ; Inapplicable ; Inapplicable ; Inapplicable ; Inapplicable ; Pass         ; Inapplicable ; Inapplicable ; Inapplicable ; Inapplicable ; Inapplicable ; Inapplicable ;
; debug_cycles[4]            ; Inapplicable ; Inapplicable ; Inapplicable ; Inapplicable ; Inapplicable ; Pass      ; Inapplicable ; Inapplicable ; Pass      ; Pass      ; Inapplicable ; Pass         ; Inapplicable ; Inapplicable ; Inapplicable ; Inapplicable ; Pass         ; Inapplicable ; Inapplicable ; Inapplicable ; Inapplicable ; Pass         ; Inapplicable ; Inapplicable ; Inapplicable ; Inapplicable ; Inapplicable ; Inapplicable ;
; debug_cycles[5]            ; Inapplicable ; Inapplicable ; Inapplicable ; Inapplicable ; Inapplicable ; Pass      ; Inapplicable ; Inapplicable ; Pass      ; Pass      ; Inapplicable ; Pass         ; Inapplicable ; Inapplicable ; Inapplicable ; Inapplicable ; Pass         ; Inapplicable ; Inapplicable ; Inapplicable ; Inapplicable ; Pass         ; Inapplicable ; Inapplicable ; Inapplicable ; Inapplicable ; Inapplicable ; Inapplicable ;
; debug_cycles[6]            ; Inapplicable ; Inapplicable ; Inapplicable ; Inapplicable ; Inapplicable ; Pass      ; Inapplicable ; Inapplicable ; Pass      ; Pass      ; Inapplicable ; Pass         ; Inapplicable ; Inapplicable ; Inapplicable ; Inapplicable ; Pass         ; Inapplicable ; Inapplicable ; Inapplicable ; Inapplicable ; Pass         ; Inapplicable ; Inapplicable ; Inapplicable ; Inapplicable ; Inapplicable ; Inapplicable ;
; debug_cycles[7]            ; Inapplicable ; Inapplicable ; Inapplicable ; Inapplicable ; Inapplicable ; Pass      ; Inapplicable ; Inapplicable ; Pass      ; Pass      ; Inapplicable ; Pass         ; Inapplicable ; Inapplicable ; Inapplicable ; Inapplicable ; Pass         ; Inapplicable ; Inapplicable ; Inapplicable ; Inapplicable ; Pass         ; Inapplicable ; Inapplicable ; Inapplicable ; Inapplicable ; Inapplicable ; Inapplicable ;
; debug_cycles[8]            ; Inapplicable ; Inapplicable ; Inapplicable ; Inapplicable ; Inapplicable ; Pass      ; Inapplicable ; Inapplicable ; Pass      ; Pass      ; Inapplicable ; Pass         ; Inapplicable ; Inapplicable ; Inapplicable ; Inapplicable ; Pass         ; Inapplicable ; Inapplicable ; Inapplicable ; Inapplicable ; Pass         ; Inapplicable ; Inapplicable ; Inapplicable ; Inapplicable ; Inapplicable ; Inapplicable ;
; debug_cycles[9]            ; Inapplicable ; Inapplicable ; Inapplicable ; Inapplicable ; Inapplicable ; Pass      ; Inapplicable ; Inapplicable ; Pass      ; Pass      ; Inapplicable ; Pass         ; Inapplicable ; Inapplicable ; Inapplicable ; Inapplicable ; Pass         ; Inapplicable ; Inapplicable ; Inapplicable ; Inapplicable ; Pass         ; Inapplicable ; Inapplicable ; Inapplicable ; Inapplicable ; Inapplicable ; Inapplicable ;
; debug_cycles[10]           ; Inapplicable ; Inapplicable ; Inapplicable ; Inapplicable ; Inapplicable ; Pass      ; Inapplicable ; Inapplicable ; Pass      ; Pass      ; Inapplicable ; Pass         ; Inapplicable ; Inapplicable ; Inapplicable ; Inapplicable ; Pass         ; Inapplicable ; Inapplicable ; Inapplicable ; Inapplicable ; Pass         ; Inapplicable ; Inapplicable ; Inapplicable ; Inapplicable ; Inapplicable ; Inapplicable ;
; debug_cycles[11]           ; Inapplicable ; Inapplicable ; Inapplicable ; Inapplicable ; Inapplicable ; Pass      ; Inapplicable ; Inapplicable ; Pass      ; Pass      ; Inapplicable ; Pass         ; Inapplicable ; Inapplicable ; Inapplicable ; Inapplicable ; Pass         ; Inapplicable ; Inapplicable ; Inapplicable ; Inapplicable ; Pass         ; Inapplicable ; Inapplicable ; Inapplicable ; Inapplicable ; Inapplicable ; Inapplicable ;
; debug_cycles[12]           ; Inapplicable ; Inapplicable ; Inapplicable ; Inapplicable ; Inapplicable ; Pass      ; Inapplicable ; Inapplicable ; Pass      ; Pass      ; Inapplicable ; Pass         ; Inapplicable ; Inapplicable ; Inapplicable ; Inapplicable ; Pass         ; Inapplicable ; Inapplicable ; Inapplicable ; Inapplicable ; Pass         ; Inapplicable ; Inapplicable ; Inapplicable ; Inapplicable ; Inapplicable ; Inapplicable ;
; debug_cycles[13]           ; Inapplicable ; Inapplicable ; Inapplicable ; Inapplicable ; Inapplicable ; Pass      ; Inapplicable ; Inapplicable ; Pass      ; Pass      ; Inapplicable ; Pass         ; Inapplicable ; Inapplicable ; Inapplicable ; Inapplicable ; Pass         ; Inapplicable ; Inapplicable ; Inapplicable ; Inapplicable ; Pass         ; Inapplicable ; Inapplicable ; Inapplicable ; Inapplicable ; Inapplicable ; Inapplicable ;
; debug_cycles[14]           ; Inapplicable ; Inapplicable ; Inapplicable ; Inapplicable ; Inapplicable ; Pass      ; Inapplicable ; Inapplicable ; Pass      ; Pass      ; Inapplicable ; Pass         ; Inapplicable ; Inapplicable ; Inapplicable ; Inapplicable ; Pass         ; Inapplicable ; Inapplicable ; Inapplicable ; Inapplicable ; Pass         ; Inapplicable ; Inapplicable ; Inapplicable ; Inapplicable ; Inapplicable ; Inapplicable ;
; debug_cycles[15]           ; Inapplicable ; Inapplicable ; Inapplicable ; Inapplicable ; Inapplicable ; Pass      ; Inapplicable ; Inapplicable ; Pass      ; Pass      ; Inapplicable ; Pass         ; Inapplicable ; Inapplicable ; Inapplicable ; Inapplicable ; Pass         ; Inapplicable ; Inapplicable ; Inapplicable ; Inapplicable ; Pass         ; Inapplicable ; Inapplicable ; Inapplicable ; Inapplicable ; Inapplicable ; Inapplicable ;
; debug_cycles[16]           ; Inapplicable ; Inapplicable ; Inapplicable ; Inapplicable ; Inapplicable ; Pass      ; Inapplicable ; Inapplicable ; Pass      ; Pass      ; Inapplicable ; Pass         ; Inapplicable ; Inapplicable ; Inapplicable ; Inapplicable ; Pass         ; Inapplicable ; Inapplicable ; Inapplicable ; Inapplicable ; Pass         ; Inapplicable ; Inapplicable ; Inapplicable ; Inapplicable ; Inapplicable ; Inapplicable ;
; debug_cycles[17]           ; Inapplicable ; Inapplicable ; Inapplicable ; Inapplicable ; Inapplicable ; Pass      ; Inapplicable ; Inapplicable ; Pass      ; Pass      ; Inapplicable ; Pass         ; Inapplicable ; Inapplicable ; Inapplicable ; Inapplicable ; Pass         ; Inapplicable ; Inapplicable ; Inapplicable ; Inapplicable ; Pass         ; Inapplicable ; Inapplicable ; Inapplicable ; Inapplicable ; Inapplicable ; Inapplicable ;
; debug_cycles[18]           ; Inapplicable ; Inapplicable ; Inapplicable ; Inapplicable ; Inapplicable ; Pass      ; Inapplicable ; Inapplicable ; Pass      ; Pass      ; Inapplicable ; Pass         ; Inapplicable ; Inapplicable ; Inapplicable ; Inapplicable ; Pass         ; Inapplicable ; Inapplicable ; Inapplicable ; Inapplicable ; Pass         ; Inapplicable ; Inapplicable ; Inapplicable ; Inapplicable ; Inapplicable ; Inapplicable ;
; debug_cycles[19]           ; Inapplicable ; Inapplicable ; Inapplicable ; Inapplicable ; Inapplicable ; Pass      ; Inapplicable ; Inapplicable ; Pass      ; Pass      ; Inapplicable ; Pass         ; Inapplicable ; Inapplicable ; Inapplicable ; Inapplicable ; Pass         ; Inapplicable ; Inapplicable ; Inapplicable ; Inapplicable ; Pass         ; Inapplicable ; Inapplicable ; Inapplicable ; Inapplicable ; Inapplicable ; Inapplicable ;
; debug_cycles[20]           ; Inapplicable ; Inapplicable ; Inapplicable ; Inapplicable ; Inapplicable ; Pass      ; Inapplicable ; Inapplicable ; Pass      ; Pass      ; Inapplicable ; Pass         ; Inapplicable ; Inapplicable ; Inapplicable ; Inapplicable ; Pass         ; Inapplicable ; Inapplicable ; Inapplicable ; Inapplicable ; Pass         ; Inapplicable ; Inapplicable ; Inapplicable ; Inapplicable ; Inapplicable ; Inapplicable ;
; debug_cycles[21]           ; Inapplicable ; Inapplicable ; Inapplicable ; Inapplicable ; Inapplicable ; Pass      ; Inapplicable ; Inapplicable ; Pass      ; Pass      ; Inapplicable ; Pass         ; Inapplicable ; Inapplicable ; Inapplicable ; Inapplicable ; Pass         ; Inapplicable ; Inapplicable ; Inapplicable ; Inapplicable ; Pass         ; Inapplicable ; Inapplicable ; Inapplicable ; Inapplicable ; Inapplicable ; Inapplicable ;
; debug_cycles[22]           ; Inapplicable ; Inapplicable ; Inapplicable ; Inapplicable ; Inapplicable ; Pass      ; Inapplicable ; Inapplicable ; Pass      ; Pass      ; Inapplicable ; Pass         ; Inapplicable ; Inapplicable ; Inapplicable ; Inapplicable ; Pass         ; Inapplicable ; Inapplicable ; Inapplicable ; Inapplicable ; Pass         ; Inapplicable ; Inapplicable ; Inapplicable ; Inapplicable ; Inapplicable ; Inapplicable ;
; debug_cycles[23]           ; Inapplicable ; Inapplicable ; Inapplicable ; Inapplicable ; Inapplicable ; Pass      ; Inapplicable ; Inapplicable ; Pass      ; Pass      ; Inapplicable ; Pass         ; Inapplicable ; Inapplicable ; Inapplicable ; Inapplicable ; Pass         ; Inapplicable ; Inapplicable ; Inapplicable ; Inapplicable ; Pass         ; Inapplicable ; Inapplicable ; Inapplicable ; Inapplicable ; Inapplicable ; Inapplicable ;
; debug_cycles[24]           ; Inapplicable ; Inapplicable ; Inapplicable ; Inapplicable ; Inapplicable ; Pass      ; Inapplicable ; Inapplicable ; Pass      ; Pass      ; Inapplicable ; Pass         ; Inapplicable ; Inapplicable ; Inapplicable ; Inapplicable ; Pass         ; Inapplicable ; Inapplicable ; Inapplicable ; Inapplicable ; Pass         ; Inapplicable ; Inapplicable ; Inapplicable ; Inapplicable ; Inapplicable ; Inapplicable ;
; debug_cycles[25]           ; Inapplicable ; Inapplicable ; Inapplicable ; Inapplicable ; Inapplicable ; Pass      ; Inapplicable ; Inapplicable ; Pass      ; Pass      ; Inapplicable ; Pass         ; Inapplicable ; Inapplicable ; Inapplicable ; Inapplicable ; Pass         ; Inapplicable ; Inapplicable ; Inapplicable ; Inapplicable ; Pass         ; Inapplicable ; Inapplicable ; Inapplicable ; Inapplicable ; Inapplicable ; Inapplicable ;
; debug_cycles[26]           ; Inapplicable ; Inapplicable ; Inapplicable ; Inapplicable ; Inapplicable ; Pass      ; Inapplicable ; Inapplicable ; Pass      ; Pass      ; Inapplicable ; Pass         ; Inapplicable ; Inapplicable ; Inapplicable ; Inapplicable ; Pass         ; Inapplicable ; Inapplicable ; Inapplicable ; Inapplicable ; Pass         ; Inapplicable ; Inapplicable ; Inapplicable ; Inapplicable ; Inapplicable ; Inapplicable ;
; debug_cycles[27]           ; Inapplicable ; Inapplicable ; Inapplicable ; Inapplicable ; Inapplicable ; Pass      ; Inapplicable ; Inapplicable ; Pass      ; Pass      ; Inapplicable ; Pass         ; Inapplicable ; Inapplicable ; Inapplicable ; Inapplicable ; Pass         ; Inapplicable ; Inapplicable ; Inapplicable ; Inapplicable ; Pass         ; Inapplicable ; Inapplicable ; Inapplicable ; Inapplicable ; Inapplicable ; Inapplicable ;
; debug_cycles[28]           ; Inapplicable ; Inapplicable ; Inapplicable ; Inapplicable ; Inapplicable ; Pass      ; Inapplicable ; Inapplicable ; Pass      ; Pass      ; Inapplicable ; Pass         ; Inapplicable ; Inapplicable ; Inapplicable ; Inapplicable ; Pass         ; Inapplicable ; Inapplicable ; Inapplicable ; Inapplicable ; Pass         ; Inapplicable ; Inapplicable ; Inapplicable ; Inapplicable ; Inapplicable ; Inapplicable ;
; debug_cycles[29]           ; Inapplicable ; Inapplicable ; Inapplicable ; Inapplicable ; Inapplicable ; Pass      ; Inapplicable ; Inapplicable ; Pass      ; Pass      ; Inapplicable ; Pass         ; Inapplicable ; Inapplicable ; Inapplicable ; Inapplicable ; Pass         ; Inapplicable ; Inapplicable ; Inapplicable ; Inapplicable ; Pass         ; Inapplicable ; Inapplicable ; Inapplicable ; Inapplicable ; Inapplicable ; Inapplicable ;
; debug_cycles[30]           ; Inapplicable ; Inapplicable ; Inapplicable ; Inapplicable ; Inapplicable ; Pass      ; Inapplicable ; Inapplicable ; Pass      ; Pass      ; Inapplicable ; Pass         ; Inapplicable ; Inapplicable ; Inapplicable ; Inapplicable ; Pass         ; Inapplicable ; Inapplicable ; Inapplicable ; Inapplicable ; Pass         ; Inapplicable ; Inapplicable ; Inapplicable ; Inapplicable ; Inapplicable ; Inapplicable ;
; debug_cycles[31]           ; Inapplicable ; Inapplicable ; Inapplicable ; Inapplicable ; Inapplicable ; Pass      ; Inapplicable ; Inapplicable ; Pass      ; Pass      ; Inapplicable ; Pass         ; Inapplicable ; Inapplicable ; Inapplicable ; Inapplicable ; Pass         ; Inapplicable ; Inapplicable ; Inapplicable ; Inapplicable ; Pass         ; Inapplicable ; Inapplicable ; Inapplicable ; Inapplicable ; Inapplicable ; Inapplicable ;
; debug_status[0]            ; Inapplicable ; Inapplicable ; Inapplicable ; Inapplicable ; Inapplicable ; Pass      ; Inapplicable ; Inapplicable ; Pass      ; Pass      ; Inapplicable ; Pass         ; Inapplicable ; Inapplicable ; Inapplicable ; Inapplicable ; Pass         ; Inapplicable ; Inapplicable ; Inapplicable ; Inapplicable ; Pass         ; Inapplicable ; Inapplicable ; Inapplicable ; Inapplicable ; Inapplicable ; Inapplicable ;
; debug_status[1]            ; Inapplicable ; Inapplicable ; Inapplicable ; Inapplicable ; Inapplicable ; Pass      ; Inapplicable ; Inapplicable ; Pass      ; Pass      ; Inapplicable ; Pass         ; Inapplicable ; Inapplicable ; Inapplicable ; Inapplicable ; Pass         ; Inapplicable ; Inapplicable ; Inapplicable ; Inapplicable ; Pass         ; Inapplicable ; Inapplicable ; Inapplicable ; Inapplicable ; Inapplicable ; Inapplicable ;
; debug_status[2]            ; Inapplicable ; Inapplicable ; Inapplicable ; Inapplicable ; Inapplicable ; Pass      ; Inapplicable ; Inapplicable ; Pass      ; Pass      ; Inapplicable ; Pass         ; Inapplicable ; Inapplicable ; Inapplicable ; Inapplicable ; Pass         ; Inapplicable ; Inapplicable ; Inapplicable ; Inapplicable ; Pass         ; Inapplicable ; Inapplicable ; Inapplicable ; Inapplicable ; Inapplicable ; Inapplicable ;
; debug_status[3]            ; Inapplicable ; Inapplicable ; Inapplicable ; Inapplicable ; Inapplicable ; Pass      ; Inapplicable ; Inapplicable ; Pass      ; Pass      ; Inapplicable ; Pass         ; Inapplicable ; Inapplicable ; Inapplicable ; Inapplicable ; Pass         ; Inapplicable ; Inapplicable ; Inapplicable ; Inapplicable ; Pass         ; Inapplicable ; Inapplicable ; Inapplicable ; Inapplicable ; Inapplicable ; Inapplicable ;
; debug_status[4]            ; Inapplicable ; Inapplicable ; Inapplicable ; Inapplicable ; Inapplicable ; Pass      ; Inapplicable ; Inapplicable ; Pass      ; Pass      ; Inapplicable ; Pass         ; Inapplicable ; Inapplicable ; Inapplicable ; Inapplicable ; Pass         ; Inapplicable ; Inapplicable ; Inapplicable ; Inapplicable ; Pass         ; Inapplicable ; Inapplicable ; Inapplicable ; Inapplicable ; Inapplicable ; Inapplicable ;
; debug_status[5]            ; Inapplicable ; Inapplicable ; Inapplicable ; Inapplicable ; Inapplicable ; Pass      ; Inapplicable ; Inapplicable ; Pass      ; Pass      ; Inapplicable ; Pass         ; Inapplicable ; Inapplicable ; Inapplicable ; Inapplicable ; Pass         ; Inapplicable ; Inapplicable ; Inapplicable ; Inapplicable ; Pass         ; Inapplicable ; Inapplicable ; Inapplicable ; Inapplicable ; Inapplicable ; Inapplicable ;
; debug_status[6]            ; Inapplicable ; Inapplicable ; Inapplicable ; Inapplicable ; Inapplicable ; Pass      ; Inapplicable ; Inapplicable ; Pass      ; Pass      ; Inapplicable ; Pass         ; Inapplicable ; Inapplicable ; Inapplicable ; Inapplicable ; Pass         ; Inapplicable ; Inapplicable ; Inapplicable ; Inapplicable ; Pass         ; Inapplicable ; Inapplicable ; Inapplicable ; Inapplicable ; Inapplicable ; Inapplicable ;
; debug_status[7]            ; Inapplicable ; Inapplicable ; Inapplicable ; Inapplicable ; Inapplicable ; Pass      ; Inapplicable ; Inapplicable ; Pass      ; Pass      ; Inapplicable ; Pass         ; Inapplicable ; Inapplicable ; Inapplicable ; Inapplicable ; Pass         ; Inapplicable ; Inapplicable ; Inapplicable ; Inapplicable ; Pass         ; Inapplicable ; Inapplicable ; Inapplicable ; Inapplicable ; Inapplicable ; Inapplicable ;
; pool_type.MAX_POOL         ; Inapplicable ; Inapplicable ; Inapplicable ; Inapplicable ; Inapplicable ; Pass      ; Inapplicable ; Inapplicable ; Pass      ; Pass      ; Inapplicable ; Inapplicable ; Inapplicable ; Inapplicable ; Inapplicable ; Inapplicable ; Inapplicable ; Inapplicable ; Inapplicable ; Inapplicable ; Inapplicable ; Inapplicable ; Inapplicable ; Inapplicable ; Inapplicable ; Inapplicable ; Inapplicable ; Inapplicable ;
; tensor_size[12]            ; Inapplicable ; Inapplicable ; Inapplicable ; Inapplicable ; Inapplicable ; Pass      ; Inapplicable ; Inapplicable ; Pass      ; Pass      ; Inapplicable ; Inapplicable ; Inapplicable ; Inapplicable ; Inapplicable ; Inapplicable ; Inapplicable ; Inapplicable ; Inapplicable ; Inapplicable ; Inapplicable ; Inapplicable ; Inapplicable ; Inapplicable ; Inapplicable ; Inapplicable ; Inapplicable ; Inapplicable ;
; tensor_size[11]            ; Inapplicable ; Inapplicable ; Inapplicable ; Inapplicable ; Inapplicable ; Pass      ; Inapplicable ; Inapplicable ; Pass      ; Pass      ; Inapplicable ; Inapplicable ; Inapplicable ; Inapplicable ; Inapplicable ; Inapplicable ; Inapplicable ; Inapplicable ; Inapplicable ; Inapplicable ; Inapplicable ; Inapplicable ; Inapplicable ; Inapplicable ; Inapplicable ; Inapplicable ; Inapplicable ; Inapplicable ;
; tensor_size[10]            ; Inapplicable ; Inapplicable ; Inapplicable ; Inapplicable ; Inapplicable ; Pass      ; Inapplicable ; Inapplicable ; Pass      ; Pass      ; Inapplicable ; Inapplicable ; Inapplicable ; Inapplicable ; Inapplicable ; Inapplicable ; Inapplicable ; Inapplicable ; Inapplicable ; Inapplicable ; Inapplicable ; Inapplicable ; Inapplicable ; Inapplicable ; Inapplicable ; Inapplicable ; Inapplicable ; Inapplicable ;
; tensor_size[9]             ; Inapplicable ; Inapplicable ; Inapplicable ; Inapplicable ; Inapplicable ; Pass      ; Inapplicable ; Inapplicable ; Pass      ; Pass      ; Inapplicable ; Inapplicable ; Inapplicable ; Inapplicable ; Inapplicable ; Inapplicable ; Inapplicable ; Inapplicable ; Inapplicable ; Inapplicable ; Inapplicable ; Inapplicable ; Inapplicable ; Inapplicable ; Inapplicable ; Inapplicable ; Inapplicable ; Inapplicable ;
; tensor_size[8]             ; Inapplicable ; Inapplicable ; Inapplicable ; Inapplicable ; Inapplicable ; Pass      ; Inapplicable ; Inapplicable ; Pass      ; Pass      ; Inapplicable ; Inapplicable ; Inapplicable ; Inapplicable ; Inapplicable ; Inapplicable ; Inapplicable ; Inapplicable ; Inapplicable ; Inapplicable ; Inapplicable ; Inapplicable ; Inapplicable ; Inapplicable ; Inapplicable ; Inapplicable ; Inapplicable ; Inapplicable ;
; tensor_size[7]             ; Inapplicable ; Inapplicable ; Inapplicable ; Inapplicable ; Inapplicable ; Pass      ; Inapplicable ; Inapplicable ; Pass      ; Pass      ; Inapplicable ; Inapplicable ; Inapplicable ; Inapplicable ; Inapplicable ; Inapplicable ; Inapplicable ; Inapplicable ; Inapplicable ; Inapplicable ; Inapplicable ; Inapplicable ; Inapplicable ; Inapplicable ; Inapplicable ; Inapplicable ; Inapplicable ; Inapplicable ;
; tensor_size[6]             ; Inapplicable ; Inapplicable ; Inapplicable ; Inapplicable ; Inapplicable ; Pass      ; Inapplicable ; Inapplicable ; Pass      ; Pass      ; Inapplicable ; Inapplicable ; Inapplicable ; Inapplicable ; Inapplicable ; Inapplicable ; Inapplicable ; Inapplicable ; Inapplicable ; Inapplicable ; Inapplicable ; Inapplicable ; Inapplicable ; Inapplicable ; Inapplicable ; Inapplicable ; Inapplicable ; Inapplicable ;
; tensor_size[5]             ; Inapplicable ; Inapplicable ; Inapplicable ; Inapplicable ; Inapplicable ; Pass      ; Inapplicable ; Inapplicable ; Pass      ; Pass      ; Inapplicable ; Inapplicable ; Inapplicable ; Inapplicable ; Inapplicable ; Inapplicable ; Inapplicable ; Inapplicable ; Inapplicable ; Inapplicable ; Inapplicable ; Inapplicable ; Inapplicable ; Inapplicable ; Inapplicable ; Inapplicable ; Inapplicable ; Inapplicable ;
; tensor_size[4]             ; Inapplicable ; Inapplicable ; Inapplicable ; Inapplicable ; Inapplicable ; Pass      ; Inapplicable ; Inapplicable ; Pass      ; Pass      ; Inapplicable ; Inapplicable ; Inapplicable ; Inapplicable ; Inapplicable ; Inapplicable ; Inapplicable ; Inapplicable ; Inapplicable ; Inapplicable ; Inapplicable ; Inapplicable ; Inapplicable ; Inapplicable ; Inapplicable ; Inapplicable ; Inapplicable ; Inapplicable ;
; tensor_size[3]             ; Inapplicable ; Inapplicable ; Inapplicable ; Inapplicable ; Inapplicable ; Pass      ; Inapplicable ; Inapplicable ; Pass      ; Pass      ; Inapplicable ; Inapplicable ; Inapplicable ; Inapplicable ; Inapplicable ; Inapplicable ; Inapplicable ; Inapplicable ; Inapplicable ; Inapplicable ; Inapplicable ; Inapplicable ; Inapplicable ; Inapplicable ; Inapplicable ; Inapplicable ; Inapplicable ; Inapplicable ;
; tensor_size[2]             ; Inapplicable ; Inapplicable ; Inapplicable ; Inapplicable ; Inapplicable ; Pass      ; Inapplicable ; Inapplicable ; Pass      ; Pass      ; Inapplicable ; Inapplicable ; Inapplicable ; Inapplicable ; Inapplicable ; Inapplicable ; Inapplicable ; Inapplicable ; Inapplicable ; Inapplicable ; Inapplicable ; Inapplicable ; Inapplicable ; Inapplicable ; Inapplicable ; Inapplicable ; Inapplicable ; Inapplicable ;
; tensor_size[1]             ; Inapplicable ; Inapplicable ; Inapplicable ; Inapplicable ; Inapplicable ; Pass      ; Inapplicable ; Inapplicable ; Pass      ; Pass      ; Inapplicable ; Inapplicable ; Inapplicable ; Inapplicable ; Inapplicable ; Inapplicable ; Inapplicable ; Inapplicable ; Inapplicable ; Inapplicable ; Inapplicable ; Inapplicable ; Inapplicable ; Inapplicable ; Inapplicable ; Inapplicable ; Inapplicable ; Inapplicable ;
; tensor_size[0]             ; Inapplicable ; Inapplicable ; Inapplicable ; Inapplicable ; Inapplicable ; Pass      ; Inapplicable ; Inapplicable ; Pass      ; Pass      ; Inapplicable ; Inapplicable ; Inapplicable ; Inapplicable ; Inapplicable ; Inapplicable ; Inapplicable ; Inapplicable ; Inapplicable ; Inapplicable ; Inapplicable ; Inapplicable ; Inapplicable ; Inapplicable ; Inapplicable ; Inapplicable ; Inapplicable ; Inapplicable ;
; alpha[0]                   ; Inapplicable ; Inapplicable ; Inapplicable ; Inapplicable ; Inapplicable ; Pass      ; Inapplicable ; Inapplicable ; Pass      ; Pass      ; Inapplicable ; Inapplicable ; Inapplicable ; Inapplicable ; Inapplicable ; Inapplicable ; Inapplicable ; Inapplicable ; Inapplicable ; Inapplicable ; Inapplicable ; Inapplicable ; Inapplicable ; Inapplicable ; Inapplicable ; Inapplicable ; Inapplicable ; Inapplicable ;
; alpha[1]                   ; Inapplicable ; Inapplicable ; Inapplicable ; Inapplicable ; Inapplicable ; Pass      ; Inapplicable ; Inapplicable ; Pass      ; Pass      ; Inapplicable ; Inapplicable ; Inapplicable ; Inapplicable ; Inapplicable ; Inapplicable ; Inapplicable ; Inapplicable ; Inapplicable ; Inapplicable ; Inapplicable ; Inapplicable ; Inapplicable ; Inapplicable ; Inapplicable ; Inapplicable ; Inapplicable ; Inapplicable ;
; alpha[2]                   ; Inapplicable ; Inapplicable ; Inapplicable ; Inapplicable ; Inapplicable ; Pass      ; Inapplicable ; Inapplicable ; Pass      ; Pass      ; Inapplicable ; Inapplicable ; Inapplicable ; Inapplicable ; Inapplicable ; Inapplicable ; Inapplicable ; Inapplicable ; Inapplicable ; Inapplicable ; Inapplicable ; Inapplicable ; Inapplicable ; Inapplicable ; Inapplicable ; Inapplicable ; Inapplicable ; Inapplicable ;
; alpha[3]                   ; Inapplicable ; Inapplicable ; Inapplicable ; Inapplicable ; Inapplicable ; Pass      ; Inapplicable ; Inapplicable ; Pass      ; Pass      ; Inapplicable ; Inapplicable ; Inapplicable ; Inapplicable ; Inapplicable ; Inapplicable ; Inapplicable ; Inapplicable ; Inapplicable ; Inapplicable ; Inapplicable ; Inapplicable ; Inapplicable ; Inapplicable ; Inapplicable ; Inapplicable ; Inapplicable ; Inapplicable ;
; alpha[4]                   ; Inapplicable ; Inapplicable ; Inapplicable ; Inapplicable ; Inapplicable ; Pass      ; Inapplicable ; Inapplicable ; Pass      ; Pass      ; Inapplicable ; Inapplicable ; Inapplicable ; Inapplicable ; Inapplicable ; Inapplicable ; Inapplicable ; Inapplicable ; Inapplicable ; Inapplicable ; Inapplicable ; Inapplicable ; Inapplicable ; Inapplicable ; Inapplicable ; Inapplicable ; Inapplicable ; Inapplicable ;
; alpha[5]                   ; Inapplicable ; Inapplicable ; Inapplicable ; Inapplicable ; Inapplicable ; Pass      ; Inapplicable ; Inapplicable ; Pass      ; Pass      ; Inapplicable ; Inapplicable ; Inapplicable ; Inapplicable ; Inapplicable ; Inapplicable ; Inapplicable ; Inapplicable ; Inapplicable ; Inapplicable ; Inapplicable ; Inapplicable ; Inapplicable ; Inapplicable ; Inapplicable ; Inapplicable ; Inapplicable ; Inapplicable ;
; alpha[6]                   ; Inapplicable ; Inapplicable ; Inapplicable ; Inapplicable ; Inapplicable ; Pass      ; Inapplicable ; Inapplicable ; Pass      ; Pass      ; Inapplicable ; Inapplicable ; Inapplicable ; Inapplicable ; Inapplicable ; Inapplicable ; Inapplicable ; Inapplicable ; Inapplicable ; Inapplicable ; Inapplicable ; Inapplicable ; Inapplicable ; Inapplicable ; Inapplicable ; Inapplicable ; Inapplicable ; Inapplicable ;
; alpha[7]                   ; Inapplicable ; Inapplicable ; Inapplicable ; Inapplicable ; Inapplicable ; Pass      ; Inapplicable ; Inapplicable ; Pass      ; Pass      ; Inapplicable ; Inapplicable ; Inapplicable ; Inapplicable ; Inapplicable ; Inapplicable ; Inapplicable ; Inapplicable ; Inapplicable ; Inapplicable ; Inapplicable ; Inapplicable ; Inapplicable ; Inapplicable ; Inapplicable ; Inapplicable ; Inapplicable ; Inapplicable ;
; alpha[8]                   ; Inapplicable ; Inapplicable ; Inapplicable ; Inapplicable ; Inapplicable ; Pass      ; Inapplicable ; Inapplicable ; Pass      ; Pass      ; Inapplicable ; Inapplicable ; Inapplicable ; Inapplicable ; Inapplicable ; Inapplicable ; Inapplicable ; Inapplicable ; Inapplicable ; Inapplicable ; Inapplicable ; Inapplicable ; Inapplicable ; Inapplicable ; Inapplicable ; Inapplicable ; Inapplicable ; Inapplicable ;
; alpha[9]                   ; Inapplicable ; Inapplicable ; Inapplicable ; Inapplicable ; Inapplicable ; Pass      ; Inapplicable ; Inapplicable ; Pass      ; Pass      ; Inapplicable ; Inapplicable ; Inapplicable ; Inapplicable ; Inapplicable ; Inapplicable ; Inapplicable ; Inapplicable ; Inapplicable ; Inapplicable ; Inapplicable ; Inapplicable ; Inapplicable ; Inapplicable ; Inapplicable ; Inapplicable ; Inapplicable ; Inapplicable ;
; alpha[10]                  ; Inapplicable ; Inapplicable ; Inapplicable ; Inapplicable ; Inapplicable ; Pass      ; Inapplicable ; Inapplicable ; Pass      ; Pass      ; Inapplicable ; Inapplicable ; Inapplicable ; Inapplicable ; Inapplicable ; Inapplicable ; Inapplicable ; Inapplicable ; Inapplicable ; Inapplicable ; Inapplicable ; Inapplicable ; Inapplicable ; Inapplicable ; Inapplicable ; Inapplicable ; Inapplicable ; Inapplicable ;
; alpha[11]                  ; Inapplicable ; Inapplicable ; Inapplicable ; Inapplicable ; Inapplicable ; Pass      ; Inapplicable ; Inapplicable ; Pass      ; Pass      ; Inapplicable ; Inapplicable ; Inapplicable ; Inapplicable ; Inapplicable ; Inapplicable ; Inapplicable ; Inapplicable ; Inapplicable ; Inapplicable ; Inapplicable ; Inapplicable ; Inapplicable ; Inapplicable ; Inapplicable ; Inapplicable ; Inapplicable ; Inapplicable ;
; alpha[12]                  ; Inapplicable ; Inapplicable ; Inapplicable ; Inapplicable ; Inapplicable ; Pass      ; Inapplicable ; Inapplicable ; Pass      ; Pass      ; Inapplicable ; Inapplicable ; Inapplicable ; Inapplicable ; Inapplicable ; Inapplicable ; Inapplicable ; Inapplicable ; Inapplicable ; Inapplicable ; Inapplicable ; Inapplicable ; Inapplicable ; Inapplicable ; Inapplicable ; Inapplicable ; Inapplicable ; Inapplicable ;
; alpha[13]                  ; Inapplicable ; Inapplicable ; Inapplicable ; Inapplicable ; Inapplicable ; Pass      ; Inapplicable ; Inapplicable ; Pass      ; Pass      ; Inapplicable ; Inapplicable ; Inapplicable ; Inapplicable ; Inapplicable ; Inapplicable ; Inapplicable ; Inapplicable ; Inapplicable ; Inapplicable ; Inapplicable ; Inapplicable ; Inapplicable ; Inapplicable ; Inapplicable ; Inapplicable ; Inapplicable ; Inapplicable ;
; alpha[14]                  ; Inapplicable ; Inapplicable ; Inapplicable ; Inapplicable ; Inapplicable ; Pass      ; Inapplicable ; Inapplicable ; Pass      ; Pass      ; Inapplicable ; Inapplicable ; Inapplicable ; Inapplicable ; Inapplicable ; Inapplicable ; Inapplicable ; Inapplicable ; Inapplicable ; Inapplicable ; Inapplicable ; Inapplicable ; Inapplicable ; Inapplicable ; Inapplicable ; Inapplicable ; Inapplicable ; Inapplicable ;
; alpha[15]                  ; Inapplicable ; Inapplicable ; Inapplicable ; Inapplicable ; Inapplicable ; Pass      ; Inapplicable ; Inapplicable ; Pass      ; Pass      ; Inapplicable ; Inapplicable ; Inapplicable ; Inapplicable ; Inapplicable ; Inapplicable ; Inapplicable ; Inapplicable ; Inapplicable ; Inapplicable ; Inapplicable ; Inapplicable ; Inapplicable ; Inapplicable ; Inapplicable ; Inapplicable ; Inapplicable ; Inapplicable ;
; activation_type.ELU        ; Inapplicable ; Inapplicable ; Inapplicable ; Inapplicable ; Inapplicable ; Pass      ; Inapplicable ; Inapplicable ; Pass      ; Pass      ; Inapplicable ; Inapplicable ; Inapplicable ; Inapplicable ; Inapplicable ; Inapplicable ; Inapplicable ; Inapplicable ; Inapplicable ; Inapplicable ; Inapplicable ; Inapplicable ; Inapplicable ; Inapplicable ; Inapplicable ; Inapplicable ; Inapplicable ; Inapplicable ;
; activation_type.TANH       ; Inapplicable ; Inapplicable ; Inapplicable ; Inapplicable ; Inapplicable ; Pass      ; Inapplicable ; Inapplicable ; Pass      ; Pass      ; Inapplicable ; Inapplicable ; Inapplicable ; Inapplicable ; Inapplicable ; Inapplicable ; Inapplicable ; Inapplicable ; Inapplicable ; Inapplicable ; Inapplicable ; Inapplicable ; Inapplicable ; Inapplicable ; Inapplicable ; Inapplicable ; Inapplicable ; Inapplicable ;
; activation_type.SIGMOID    ; Inapplicable ; Inapplicable ; Inapplicable ; Inapplicable ; Inapplicable ; Pass      ; Inapplicable ; Inapplicable ; Pass      ; Pass      ; Inapplicable ; Inapplicable ; Inapplicable ; Inapplicable ; Inapplicable ; Inapplicable ; Inapplicable ; Inapplicable ; Inapplicable ; Inapplicable ; Inapplicable ; Inapplicable ; Inapplicable ; Inapplicable ; Inapplicable ; Inapplicable ; Inapplicable ; Inapplicable ;
; activation_type.LEAKY_RELU ; Inapplicable ; Inapplicable ; Inapplicable ; Inapplicable ; Inapplicable ; Pass      ; Inapplicable ; Inapplicable ; Pass      ; Pass      ; Inapplicable ; Inapplicable ; Inapplicable ; Inapplicable ; Inapplicable ; Inapplicable ; Inapplicable ; Inapplicable ; Inapplicable ; Inapplicable ; Inapplicable ; Inapplicable ; Inapplicable ; Inapplicable ; Inapplicable ; Inapplicable ; Inapplicable ; Inapplicable ;
; activation_type.LINEAR     ; Inapplicable ; Inapplicable ; Inapplicable ; Inapplicable ; Inapplicable ; Pass      ; Inapplicable ; Inapplicable ; Pass      ; Pass      ; Inapplicable ; Inapplicable ; Inapplicable ; Inapplicable ; Inapplicable ; Inapplicable ; Inapplicable ; Inapplicable ; Inapplicable ; Inapplicable ; Inapplicable ; Inapplicable ; Inapplicable ; Inapplicable ; Inapplicable ; Inapplicable ; Inapplicable ; Inapplicable ;
; activation_type.RELU       ; Inapplicable ; Inapplicable ; Inapplicable ; Inapplicable ; Inapplicable ; Pass      ; Inapplicable ; Inapplicable ; Pass      ; Pass      ; Inapplicable ; Inapplicable ; Inapplicable ; Inapplicable ; Inapplicable ; Inapplicable ; Inapplicable ; Inapplicable ; Inapplicable ; Inapplicable ; Inapplicable ; Inapplicable ; Inapplicable ; Inapplicable ; Inapplicable ; Inapplicable ; Inapplicable ; Inapplicable ;
; pool_size[3]               ; Inapplicable ; Inapplicable ; Inapplicable ; Inapplicable ; Inapplicable ; Pass      ; Inapplicable ; Inapplicable ; Pass      ; Pass      ; Inapplicable ; Inapplicable ; Inapplicable ; Inapplicable ; Inapplicable ; Inapplicable ; Inapplicable ; Inapplicable ; Inapplicable ; Inapplicable ; Inapplicable ; Inapplicable ; Inapplicable ; Inapplicable ; Inapplicable ; Inapplicable ; Inapplicable ; Inapplicable ;
; pool_size[2]               ; Inapplicable ; Inapplicable ; Inapplicable ; Inapplicable ; Inapplicable ; Pass      ; Inapplicable ; Inapplicable ; Pass      ; Pass      ; Inapplicable ; Inapplicable ; Inapplicable ; Inapplicable ; Inapplicable ; Inapplicable ; Inapplicable ; Inapplicable ; Inapplicable ; Inapplicable ; Inapplicable ; Inapplicable ; Inapplicable ; Inapplicable ; Inapplicable ; Inapplicable ; Inapplicable ; Inapplicable ;
; pool_size[0]               ; Inapplicable ; Inapplicable ; Inapplicable ; Inapplicable ; Inapplicable ; Pass      ; Inapplicable ; Inapplicable ; Pass      ; Pass      ; Inapplicable ; Inapplicable ; Inapplicable ; Inapplicable ; Inapplicable ; Inapplicable ; Inapplicable ; Inapplicable ; Inapplicable ; Inapplicable ; Inapplicable ; Inapplicable ; Inapplicable ; Inapplicable ; Inapplicable ; Inapplicable ; Inapplicable ; Inapplicable ;
; pool_size[1]               ; Inapplicable ; Inapplicable ; Inapplicable ; Inapplicable ; Inapplicable ; Pass      ; Inapplicable ; Inapplicable ; Pass      ; Pass      ; Inapplicable ; Inapplicable ; Inapplicable ; Inapplicable ; Inapplicable ; Inapplicable ; Inapplicable ; Inapplicable ; Inapplicable ; Inapplicable ; Inapplicable ; Inapplicable ; Inapplicable ; Inapplicable ; Inapplicable ; Inapplicable ; Inapplicable ; Inapplicable ;
; bias_valid                 ; Inapplicable ; Inapplicable ; Inapplicable ; Inapplicable ; Inapplicable ; Pass      ; Inapplicable ; Inapplicable ; Pass      ; Pass      ; Inapplicable ; Inapplicable ; Inapplicable ; Inapplicable ; Inapplicable ; Inapplicable ; Inapplicable ; Inapplicable ; Inapplicable ; Inapplicable ; Inapplicable ; Inapplicable ; Inapplicable ; Inapplicable ; Inapplicable ; Inapplicable ; Inapplicable ; Inapplicable ;
; operation_select[0]        ; Inapplicable ; Inapplicable ; Inapplicable ; Inapplicable ; Inapplicable ; Pass      ; Inapplicable ; Inapplicable ; Pass      ; Pass      ; Inapplicable ; Inapplicable ; Inapplicable ; Inapplicable ; Inapplicable ; Inapplicable ; Inapplicable ; Inapplicable ; Inapplicable ; Inapplicable ; Inapplicable ; Inapplicable ; Inapplicable ; Inapplicable ; Inapplicable ; Inapplicable ; Inapplicable ; Inapplicable ;
; clk                        ; Inapplicable ; Inapplicable ; Inapplicable ; Inapplicable ; Inapplicable ; Pass      ; Inapplicable ; Inapplicable ; Pass      ; Pass      ; Inapplicable ; Inapplicable ; Inapplicable ; Inapplicable ; Inapplicable ; Inapplicable ; Inapplicable ; Inapplicable ; Inapplicable ; Inapplicable ; Inapplicable ; Inapplicable ; Inapplicable ; Inapplicable ; Inapplicable ; Inapplicable ; Inapplicable ; Inapplicable ;
; rst                        ; Inapplicable ; Inapplicable ; Inapplicable ; Inapplicable ; Inapplicable ; Pass      ; Inapplicable ; Inapplicable ; Pass      ; Pass      ; Inapplicable ; Inapplicable ; Inapplicable ; Inapplicable ; Inapplicable ; Inapplicable ; Inapplicable ; Inapplicable ; Inapplicable ; Inapplicable ; Inapplicable ; Inapplicable ; Inapplicable ; Inapplicable ; Inapplicable ; Inapplicable ; Inapplicable ; Inapplicable ;
; enable                     ; Inapplicable ; Inapplicable ; Inapplicable ; Inapplicable ; Inapplicable ; Pass      ; Inapplicable ; Inapplicable ; Pass      ; Pass      ; Inapplicable ; Inapplicable ; Inapplicable ; Inapplicable ; Inapplicable ; Inapplicable ; Inapplicable ; Inapplicable ; Inapplicable ; Inapplicable ; Inapplicable ; Inapplicable ; Inapplicable ; Inapplicable ; Inapplicable ; Inapplicable ; Inapplicable ; Inapplicable ;
; start_operation            ; Inapplicable ; Inapplicable ; Inapplicable ; Inapplicable ; Inapplicable ; Pass      ; Inapplicable ; Inapplicable ; Pass      ; Pass      ; Inapplicable ; Inapplicable ; Inapplicable ; Inapplicable ; Inapplicable ; Inapplicable ; Inapplicable ; Inapplicable ; Inapplicable ; Inapplicable ; Inapplicable ; Inapplicable ; Inapplicable ; Inapplicable ; Inapplicable ; Inapplicable ; Inapplicable ; Inapplicable ;
; operation_select[1]        ; Inapplicable ; Inapplicable ; Inapplicable ; Inapplicable ; Inapplicable ; Pass      ; Inapplicable ; Inapplicable ; Pass      ; Pass      ; Inapplicable ; Inapplicable ; Inapplicable ; Inapplicable ; Inapplicable ; Inapplicable ; Inapplicable ; Inapplicable ; Inapplicable ; Inapplicable ; Inapplicable ; Inapplicable ; Inapplicable ; Inapplicable ; Inapplicable ; Inapplicable ; Inapplicable ; Inapplicable ;
; conv_output_channels[0]    ; Inapplicable ; Inapplicable ; Inapplicable ; Inapplicable ; Inapplicable ; Pass      ; Inapplicable ; Inapplicable ; Pass      ; Pass      ; Inapplicable ; Inapplicable ; Inapplicable ; Inapplicable ; Inapplicable ; Inapplicable ; Inapplicable ; Inapplicable ; Inapplicable ; Inapplicable ; Inapplicable ; Inapplicable ; Inapplicable ; Inapplicable ; Inapplicable ; Inapplicable ; Inapplicable ; Inapplicable ;
; conv_output_channels[1]    ; Inapplicable ; Inapplicable ; Inapplicable ; Inapplicable ; Inapplicable ; Pass      ; Inapplicable ; Inapplicable ; Pass      ; Pass      ; Inapplicable ; Inapplicable ; Inapplicable ; Inapplicable ; Inapplicable ; Inapplicable ; Inapplicable ; Inapplicable ; Inapplicable ; Inapplicable ; Inapplicable ; Inapplicable ; Inapplicable ; Inapplicable ; Inapplicable ; Inapplicable ; Inapplicable ; Inapplicable ;
; conv_output_channels[2]    ; Inapplicable ; Inapplicable ; Inapplicable ; Inapplicable ; Inapplicable ; Pass      ; Inapplicable ; Inapplicable ; Pass      ; Pass      ; Inapplicable ; Inapplicable ; Inapplicable ; Inapplicable ; Inapplicable ; Inapplicable ; Inapplicable ; Inapplicable ; Inapplicable ; Inapplicable ; Inapplicable ; Inapplicable ; Inapplicable ; Inapplicable ; Inapplicable ; Inapplicable ; Inapplicable ; Inapplicable ;
; conv_input_channels[0]     ; Inapplicable ; Inapplicable ; Inapplicable ; Inapplicable ; Inapplicable ; Pass      ; Inapplicable ; Inapplicable ; Pass      ; Pass      ; Inapplicable ; Inapplicable ; Inapplicable ; Inapplicable ; Inapplicable ; Inapplicable ; Inapplicable ; Inapplicable ; Inapplicable ; Inapplicable ; Inapplicable ; Inapplicable ; Inapplicable ; Inapplicable ; Inapplicable ; Inapplicable ; Inapplicable ; Inapplicable ;
; conv_kernel_size[0]        ; Inapplicable ; Inapplicable ; Inapplicable ; Inapplicable ; Inapplicable ; Pass      ; Inapplicable ; Inapplicable ; Pass      ; Pass      ; Inapplicable ; Inapplicable ; Inapplicable ; Inapplicable ; Inapplicable ; Inapplicable ; Inapplicable ; Inapplicable ; Inapplicable ; Inapplicable ; Inapplicable ; Inapplicable ; Inapplicable ; Inapplicable ; Inapplicable ; Inapplicable ; Inapplicable ; Inapplicable ;
; conv_kernel_size[1]        ; Inapplicable ; Inapplicable ; Inapplicable ; Inapplicable ; Inapplicable ; Pass      ; Inapplicable ; Inapplicable ; Pass      ; Pass      ; Inapplicable ; Inapplicable ; Inapplicable ; Inapplicable ; Inapplicable ; Inapplicable ; Inapplicable ; Inapplicable ; Inapplicable ; Inapplicable ; Inapplicable ; Inapplicable ; Inapplicable ; Inapplicable ; Inapplicable ; Inapplicable ; Inapplicable ; Inapplicable ;
; conv_input_channels[1]     ; Inapplicable ; Inapplicable ; Inapplicable ; Inapplicable ; Inapplicable ; Pass      ; Inapplicable ; Inapplicable ; Pass      ; Pass      ; Inapplicable ; Inapplicable ; Inapplicable ; Inapplicable ; Inapplicable ; Inapplicable ; Inapplicable ; Inapplicable ; Inapplicable ; Inapplicable ; Inapplicable ; Inapplicable ; Inapplicable ; Inapplicable ; Inapplicable ; Inapplicable ; Inapplicable ; Inapplicable ;
; conv_input_channels[2]     ; Inapplicable ; Inapplicable ; Inapplicable ; Inapplicable ; Inapplicable ; Pass      ; Inapplicable ; Inapplicable ; Pass      ; Pass      ; Inapplicable ; Inapplicable ; Inapplicable ; Inapplicable ; Inapplicable ; Inapplicable ; Inapplicable ; Inapplicable ; Inapplicable ; Inapplicable ; Inapplicable ; Inapplicable ; Inapplicable ; Inapplicable ; Inapplicable ; Inapplicable ; Inapplicable ; Inapplicable ;
; conv_kernel_size[2]        ; Inapplicable ; Inapplicable ; Inapplicable ; Inapplicable ; Inapplicable ; Pass      ; Inapplicable ; Inapplicable ; Pass      ; Pass      ; Inapplicable ; Inapplicable ; Inapplicable ; Inapplicable ; Inapplicable ; Inapplicable ; Inapplicable ; Inapplicable ; Inapplicable ; Inapplicable ; Inapplicable ; Inapplicable ; Inapplicable ; Inapplicable ; Inapplicable ; Inapplicable ; Inapplicable ; Inapplicable ;
; batch_size[0]              ; Inapplicable ; Inapplicable ; Inapplicable ; Inapplicable ; Inapplicable ; Pass      ; Inapplicable ; Inapplicable ; Pass      ; Pass      ; Inapplicable ; Inapplicable ; Inapplicable ; Inapplicable ; Inapplicable ; Inapplicable ; Inapplicable ; Inapplicable ; Inapplicable ; Inapplicable ; Inapplicable ; Inapplicable ; Inapplicable ; Inapplicable ; Inapplicable ; Inapplicable ; Inapplicable ; Inapplicable ;
; batch_size[1]              ; Inapplicable ; Inapplicable ; Inapplicable ; Inapplicable ; Inapplicable ; Pass      ; Inapplicable ; Inapplicable ; Pass      ; Pass      ; Inapplicable ; Inapplicable ; Inapplicable ; Inapplicable ; Inapplicable ; Inapplicable ; Inapplicable ; Inapplicable ; Inapplicable ; Inapplicable ; Inapplicable ; Inapplicable ; Inapplicable ; Inapplicable ; Inapplicable ; Inapplicable ; Inapplicable ; Inapplicable ;
; batch_size[2]              ; Inapplicable ; Inapplicable ; Inapplicable ; Inapplicable ; Inapplicable ; Pass      ; Inapplicable ; Inapplicable ; Pass      ; Pass      ; Inapplicable ; Inapplicable ; Inapplicable ; Inapplicable ; Inapplicable ; Inapplicable ; Inapplicable ; Inapplicable ; Inapplicable ; Inapplicable ; Inapplicable ; Inapplicable ; Inapplicable ; Inapplicable ; Inapplicable ; Inapplicable ; Inapplicable ; Inapplicable ;
; pool_channels[2]           ; Inapplicable ; Inapplicable ; Inapplicable ; Inapplicable ; Inapplicable ; Pass      ; Inapplicable ; Inapplicable ; Pass      ; Pass      ; Inapplicable ; Inapplicable ; Inapplicable ; Inapplicable ; Inapplicable ; Inapplicable ; Inapplicable ; Inapplicable ; Inapplicable ; Inapplicable ; Inapplicable ; Inapplicable ; Inapplicable ; Inapplicable ; Inapplicable ; Inapplicable ; Inapplicable ; Inapplicable ;
; pool_channels[0]           ; Inapplicable ; Inapplicable ; Inapplicable ; Inapplicable ; Inapplicable ; Pass      ; Inapplicable ; Inapplicable ; Pass      ; Pass      ; Inapplicable ; Inapplicable ; Inapplicable ; Inapplicable ; Inapplicable ; Inapplicable ; Inapplicable ; Inapplicable ; Inapplicable ; Inapplicable ; Inapplicable ; Inapplicable ; Inapplicable ; Inapplicable ; Inapplicable ; Inapplicable ; Inapplicable ; Inapplicable ;
; pool_channels[1]           ; Inapplicable ; Inapplicable ; Inapplicable ; Inapplicable ; Inapplicable ; Pass      ; Inapplicable ; Inapplicable ; Pass      ; Pass      ; Inapplicable ; Inapplicable ; Inapplicable ; Inapplicable ; Inapplicable ; Inapplicable ; Inapplicable ; Inapplicable ; Inapplicable ; Inapplicable ; Inapplicable ; Inapplicable ; Inapplicable ; Inapplicable ; Inapplicable ; Inapplicable ; Inapplicable ; Inapplicable ;
; input_valid                ; Inapplicable ; Inapplicable ; Inapplicable ; Inapplicable ; Inapplicable ; Pass      ; Inapplicable ; Inapplicable ; Pass      ; Pass      ; Inapplicable ; Inapplicable ; Inapplicable ; Inapplicable ; Inapplicable ; Inapplicable ; Inapplicable ; Inapplicable ; Inapplicable ; Inapplicable ; Inapplicable ; Inapplicable ; Inapplicable ; Inapplicable ; Inapplicable ; Inapplicable ; Inapplicable ; Inapplicable ;
; weight_valid               ; Inapplicable ; Inapplicable ; Inapplicable ; Inapplicable ; Inapplicable ; Pass      ; Inapplicable ; Inapplicable ; Pass      ; Pass      ; Inapplicable ; Inapplicable ; Inapplicable ; Inapplicable ; Inapplicable ; Inapplicable ; Inapplicable ; Inapplicable ; Inapplicable ; Inapplicable ; Inapplicable ; Inapplicable ; Inapplicable ; Inapplicable ; Inapplicable ; Inapplicable ; Inapplicable ; Inapplicable ;
; pool_stride[3]             ; Inapplicable ; Inapplicable ; Inapplicable ; Inapplicable ; Inapplicable ; Pass      ; Inapplicable ; Inapplicable ; Pass      ; Pass      ; Inapplicable ; Inapplicable ; Inapplicable ; Inapplicable ; Inapplicable ; Inapplicable ; Inapplicable ; Inapplicable ; Inapplicable ; Inapplicable ; Inapplicable ; Inapplicable ; Inapplicable ; Inapplicable ; Inapplicable ; Inapplicable ; Inapplicable ; Inapplicable ;
; pool_stride[1]             ; Inapplicable ; Inapplicable ; Inapplicable ; Inapplicable ; Inapplicable ; Pass      ; Inapplicable ; Inapplicable ; Pass      ; Pass      ; Inapplicable ; Inapplicable ; Inapplicable ; Inapplicable ; Inapplicable ; Inapplicable ; Inapplicable ; Inapplicable ; Inapplicable ; Inapplicable ; Inapplicable ; Inapplicable ; Inapplicable ; Inapplicable ; Inapplicable ; Inapplicable ; Inapplicable ; Inapplicable ;
; pool_stride[0]             ; Inapplicable ; Inapplicable ; Inapplicable ; Inapplicable ; Inapplicable ; Pass      ; Inapplicable ; Inapplicable ; Pass      ; Pass      ; Inapplicable ; Inapplicable ; Inapplicable ; Inapplicable ; Inapplicable ; Inapplicable ; Inapplicable ; Inapplicable ; Inapplicable ; Inapplicable ; Inapplicable ; Inapplicable ; Inapplicable ; Inapplicable ; Inapplicable ; Inapplicable ; Inapplicable ; Inapplicable ;
; pool_stride[2]             ; Inapplicable ; Inapplicable ; Inapplicable ; Inapplicable ; Inapplicable ; Pass      ; Inapplicable ; Inapplicable ; Pass      ; Pass      ; Inapplicable ; Inapplicable ; Inapplicable ; Inapplicable ; Inapplicable ; Inapplicable ; Inapplicable ; Inapplicable ; Inapplicable ; Inapplicable ; Inapplicable ; Inapplicable ; Inapplicable ; Inapplicable ; Inapplicable ; Inapplicable ; Inapplicable ; Inapplicable ;
; bias_data[0]               ; Inapplicable ; Inapplicable ; Inapplicable ; Inapplicable ; Inapplicable ; Pass      ; Inapplicable ; Inapplicable ; Pass      ; Pass      ; Inapplicable ; Inapplicable ; Inapplicable ; Inapplicable ; Inapplicable ; Inapplicable ; Inapplicable ; Inapplicable ; Inapplicable ; Inapplicable ; Inapplicable ; Inapplicable ; Inapplicable ; Inapplicable ; Inapplicable ; Inapplicable ; Inapplicable ; Inapplicable ;
; input_data[0]              ; Inapplicable ; Inapplicable ; Inapplicable ; Inapplicable ; Inapplicable ; Pass      ; Inapplicable ; Inapplicable ; Pass      ; Pass      ; Inapplicable ; Inapplicable ; Inapplicable ; Inapplicable ; Inapplicable ; Inapplicable ; Inapplicable ; Inapplicable ; Inapplicable ; Inapplicable ; Inapplicable ; Inapplicable ; Inapplicable ; Inapplicable ; Inapplicable ; Inapplicable ; Inapplicable ; Inapplicable ;
; pool_type.AVERAGE_POOL     ; Inapplicable ; Inapplicable ; Inapplicable ; Inapplicable ; Inapplicable ; Pass      ; Inapplicable ; Inapplicable ; Pass      ; Pass      ; Inapplicable ; Inapplicable ; Inapplicable ; Inapplicable ; Inapplicable ; Inapplicable ; Inapplicable ; Inapplicable ; Inapplicable ; Inapplicable ; Inapplicable ; Inapplicable ; Inapplicable ; Inapplicable ; Inapplicable ; Inapplicable ; Inapplicable ; Inapplicable ;
; pool_type.SUM_POOL         ; Inapplicable ; Inapplicable ; Inapplicable ; Inapplicable ; Inapplicable ; Pass      ; Inapplicable ; Inapplicable ; Pass      ; Pass      ; Inapplicable ; Inapplicable ; Inapplicable ; Inapplicable ; Inapplicable ; Inapplicable ; Inapplicable ; Inapplicable ; Inapplicable ; Inapplicable ; Inapplicable ; Inapplicable ; Inapplicable ; Inapplicable ; Inapplicable ; Inapplicable ; Inapplicable ; Inapplicable ;
; pool_type.MIN_POOL         ; Inapplicable ; Inapplicable ; Inapplicable ; Inapplicable ; Inapplicable ; Pass      ; Inapplicable ; Inapplicable ; Pass      ; Pass      ; Inapplicable ; Inapplicable ; Inapplicable ; Inapplicable ; Inapplicable ; Inapplicable ; Inapplicable ; Inapplicable ; Inapplicable ; Inapplicable ; Inapplicable ; Inapplicable ; Inapplicable ; Inapplicable ; Inapplicable ; Inapplicable ; Inapplicable ; Inapplicable ;
; input_data[15]             ; Inapplicable ; Inapplicable ; Inapplicable ; Inapplicable ; Inapplicable ; Pass      ; Inapplicable ; Inapplicable ; Pass      ; Pass      ; Inapplicable ; Inapplicable ; Inapplicable ; Inapplicable ; Inapplicable ; Inapplicable ; Inapplicable ; Inapplicable ; Inapplicable ; Inapplicable ; Inapplicable ; Inapplicable ; Inapplicable ; Inapplicable ; Inapplicable ; Inapplicable ; Inapplicable ; Inapplicable ;
; input_data[14]             ; Inapplicable ; Inapplicable ; Inapplicable ; Inapplicable ; Inapplicable ; Pass      ; Inapplicable ; Inapplicable ; Pass      ; Pass      ; Inapplicable ; Inapplicable ; Inapplicable ; Inapplicable ; Inapplicable ; Inapplicable ; Inapplicable ; Inapplicable ; Inapplicable ; Inapplicable ; Inapplicable ; Inapplicable ; Inapplicable ; Inapplicable ; Inapplicable ; Inapplicable ; Inapplicable ; Inapplicable ;
; input_data[13]             ; Inapplicable ; Inapplicable ; Inapplicable ; Inapplicable ; Inapplicable ; Pass      ; Inapplicable ; Inapplicable ; Pass      ; Pass      ; Inapplicable ; Inapplicable ; Inapplicable ; Inapplicable ; Inapplicable ; Inapplicable ; Inapplicable ; Inapplicable ; Inapplicable ; Inapplicable ; Inapplicable ; Inapplicable ; Inapplicable ; Inapplicable ; Inapplicable ; Inapplicable ; Inapplicable ; Inapplicable ;
; input_data[12]             ; Inapplicable ; Inapplicable ; Inapplicable ; Inapplicable ; Inapplicable ; Pass      ; Inapplicable ; Inapplicable ; Pass      ; Pass      ; Inapplicable ; Inapplicable ; Inapplicable ; Inapplicable ; Inapplicable ; Inapplicable ; Inapplicable ; Inapplicable ; Inapplicable ; Inapplicable ; Inapplicable ; Inapplicable ; Inapplicable ; Inapplicable ; Inapplicable ; Inapplicable ; Inapplicable ; Inapplicable ;
; input_data[11]             ; Inapplicable ; Inapplicable ; Inapplicable ; Inapplicable ; Inapplicable ; Pass      ; Inapplicable ; Inapplicable ; Pass      ; Pass      ; Inapplicable ; Inapplicable ; Inapplicable ; Inapplicable ; Inapplicable ; Inapplicable ; Inapplicable ; Inapplicable ; Inapplicable ; Inapplicable ; Inapplicable ; Inapplicable ; Inapplicable ; Inapplicable ; Inapplicable ; Inapplicable ; Inapplicable ; Inapplicable ;
; input_data[10]             ; Inapplicable ; Inapplicable ; Inapplicable ; Inapplicable ; Inapplicable ; Pass      ; Inapplicable ; Inapplicable ; Pass      ; Pass      ; Inapplicable ; Inapplicable ; Inapplicable ; Inapplicable ; Inapplicable ; Inapplicable ; Inapplicable ; Inapplicable ; Inapplicable ; Inapplicable ; Inapplicable ; Inapplicable ; Inapplicable ; Inapplicable ; Inapplicable ; Inapplicable ; Inapplicable ; Inapplicable ;
; input_data[9]              ; Inapplicable ; Inapplicable ; Inapplicable ; Inapplicable ; Inapplicable ; Pass      ; Inapplicable ; Inapplicable ; Pass      ; Pass      ; Inapplicable ; Inapplicable ; Inapplicable ; Inapplicable ; Inapplicable ; Inapplicable ; Inapplicable ; Inapplicable ; Inapplicable ; Inapplicable ; Inapplicable ; Inapplicable ; Inapplicable ; Inapplicable ; Inapplicable ; Inapplicable ; Inapplicable ; Inapplicable ;
; input_data[8]              ; Inapplicable ; Inapplicable ; Inapplicable ; Inapplicable ; Inapplicable ; Pass      ; Inapplicable ; Inapplicable ; Pass      ; Pass      ; Inapplicable ; Inapplicable ; Inapplicable ; Inapplicable ; Inapplicable ; Inapplicable ; Inapplicable ; Inapplicable ; Inapplicable ; Inapplicable ; Inapplicable ; Inapplicable ; Inapplicable ; Inapplicable ; Inapplicable ; Inapplicable ; Inapplicable ; Inapplicable ;
; input_data[7]              ; Inapplicable ; Inapplicable ; Inapplicable ; Inapplicable ; Inapplicable ; Pass      ; Inapplicable ; Inapplicable ; Pass      ; Pass      ; Inapplicable ; Inapplicable ; Inapplicable ; Inapplicable ; Inapplicable ; Inapplicable ; Inapplicable ; Inapplicable ; Inapplicable ; Inapplicable ; Inapplicable ; Inapplicable ; Inapplicable ; Inapplicable ; Inapplicable ; Inapplicable ; Inapplicable ; Inapplicable ;
; input_data[6]              ; Inapplicable ; Inapplicable ; Inapplicable ; Inapplicable ; Inapplicable ; Pass      ; Inapplicable ; Inapplicable ; Pass      ; Pass      ; Inapplicable ; Inapplicable ; Inapplicable ; Inapplicable ; Inapplicable ; Inapplicable ; Inapplicable ; Inapplicable ; Inapplicable ; Inapplicable ; Inapplicable ; Inapplicable ; Inapplicable ; Inapplicable ; Inapplicable ; Inapplicable ; Inapplicable ; Inapplicable ;
; input_data[5]              ; Inapplicable ; Inapplicable ; Inapplicable ; Inapplicable ; Inapplicable ; Pass      ; Inapplicable ; Inapplicable ; Pass      ; Pass      ; Inapplicable ; Inapplicable ; Inapplicable ; Inapplicable ; Inapplicable ; Inapplicable ; Inapplicable ; Inapplicable ; Inapplicable ; Inapplicable ; Inapplicable ; Inapplicable ; Inapplicable ; Inapplicable ; Inapplicable ; Inapplicable ; Inapplicable ; Inapplicable ;
; input_data[4]              ; Inapplicable ; Inapplicable ; Inapplicable ; Inapplicable ; Inapplicable ; Pass      ; Inapplicable ; Inapplicable ; Pass      ; Pass      ; Inapplicable ; Inapplicable ; Inapplicable ; Inapplicable ; Inapplicable ; Inapplicable ; Inapplicable ; Inapplicable ; Inapplicable ; Inapplicable ; Inapplicable ; Inapplicable ; Inapplicable ; Inapplicable ; Inapplicable ; Inapplicable ; Inapplicable ; Inapplicable ;
; input_data[3]              ; Inapplicable ; Inapplicable ; Inapplicable ; Inapplicable ; Inapplicable ; Pass      ; Inapplicable ; Inapplicable ; Pass      ; Pass      ; Inapplicable ; Inapplicable ; Inapplicable ; Inapplicable ; Inapplicable ; Inapplicable ; Inapplicable ; Inapplicable ; Inapplicable ; Inapplicable ; Inapplicable ; Inapplicable ; Inapplicable ; Inapplicable ; Inapplicable ; Inapplicable ; Inapplicable ; Inapplicable ;
; input_data[2]              ; Inapplicable ; Inapplicable ; Inapplicable ; Inapplicable ; Inapplicable ; Pass      ; Inapplicable ; Inapplicable ; Pass      ; Pass      ; Inapplicable ; Inapplicable ; Inapplicable ; Inapplicable ; Inapplicable ; Inapplicable ; Inapplicable ; Inapplicable ; Inapplicable ; Inapplicable ; Inapplicable ; Inapplicable ; Inapplicable ; Inapplicable ; Inapplicable ; Inapplicable ; Inapplicable ; Inapplicable ;
; input_data[1]              ; Inapplicable ; Inapplicable ; Inapplicable ; Inapplicable ; Inapplicable ; Pass      ; Inapplicable ; Inapplicable ; Pass      ; Pass      ; Inapplicable ; Inapplicable ; Inapplicable ; Inapplicable ; Inapplicable ; Inapplicable ; Inapplicable ; Inapplicable ; Inapplicable ; Inapplicable ; Inapplicable ; Inapplicable ; Inapplicable ; Inapplicable ; Inapplicable ; Inapplicable ; Inapplicable ; Inapplicable ;
; bias_data[1]               ; Inapplicable ; Inapplicable ; Inapplicable ; Inapplicable ; Inapplicable ; Pass      ; Inapplicable ; Inapplicable ; Pass      ; Pass      ; Inapplicable ; Inapplicable ; Inapplicable ; Inapplicable ; Inapplicable ; Inapplicable ; Inapplicable ; Inapplicable ; Inapplicable ; Inapplicable ; Inapplicable ; Inapplicable ; Inapplicable ; Inapplicable ; Inapplicable ; Inapplicable ; Inapplicable ; Inapplicable ;
; bias_data[2]               ; Inapplicable ; Inapplicable ; Inapplicable ; Inapplicable ; Inapplicable ; Pass      ; Inapplicable ; Inapplicable ; Pass      ; Pass      ; Inapplicable ; Inapplicable ; Inapplicable ; Inapplicable ; Inapplicable ; Inapplicable ; Inapplicable ; Inapplicable ; Inapplicable ; Inapplicable ; Inapplicable ; Inapplicable ; Inapplicable ; Inapplicable ; Inapplicable ; Inapplicable ; Inapplicable ; Inapplicable ;
; bias_data[3]               ; Inapplicable ; Inapplicable ; Inapplicable ; Inapplicable ; Inapplicable ; Pass      ; Inapplicable ; Inapplicable ; Pass      ; Pass      ; Inapplicable ; Inapplicable ; Inapplicable ; Inapplicable ; Inapplicable ; Inapplicable ; Inapplicable ; Inapplicable ; Inapplicable ; Inapplicable ; Inapplicable ; Inapplicable ; Inapplicable ; Inapplicable ; Inapplicable ; Inapplicable ; Inapplicable ; Inapplicable ;
; bias_data[4]               ; Inapplicable ; Inapplicable ; Inapplicable ; Inapplicable ; Inapplicable ; Pass      ; Inapplicable ; Inapplicable ; Pass      ; Pass      ; Inapplicable ; Inapplicable ; Inapplicable ; Inapplicable ; Inapplicable ; Inapplicable ; Inapplicable ; Inapplicable ; Inapplicable ; Inapplicable ; Inapplicable ; Inapplicable ; Inapplicable ; Inapplicable ; Inapplicable ; Inapplicable ; Inapplicable ; Inapplicable ;
; bias_data[5]               ; Inapplicable ; Inapplicable ; Inapplicable ; Inapplicable ; Inapplicable ; Pass      ; Inapplicable ; Inapplicable ; Pass      ; Pass      ; Inapplicable ; Inapplicable ; Inapplicable ; Inapplicable ; Inapplicable ; Inapplicable ; Inapplicable ; Inapplicable ; Inapplicable ; Inapplicable ; Inapplicable ; Inapplicable ; Inapplicable ; Inapplicable ; Inapplicable ; Inapplicable ; Inapplicable ; Inapplicable ;
; bias_data[6]               ; Inapplicable ; Inapplicable ; Inapplicable ; Inapplicable ; Inapplicable ; Pass      ; Inapplicable ; Inapplicable ; Pass      ; Pass      ; Inapplicable ; Inapplicable ; Inapplicable ; Inapplicable ; Inapplicable ; Inapplicable ; Inapplicable ; Inapplicable ; Inapplicable ; Inapplicable ; Inapplicable ; Inapplicable ; Inapplicable ; Inapplicable ; Inapplicable ; Inapplicable ; Inapplicable ; Inapplicable ;
; bias_data[7]               ; Inapplicable ; Inapplicable ; Inapplicable ; Inapplicable ; Inapplicable ; Pass      ; Inapplicable ; Inapplicable ; Pass      ; Pass      ; Inapplicable ; Inapplicable ; Inapplicable ; Inapplicable ; Inapplicable ; Inapplicable ; Inapplicable ; Inapplicable ; Inapplicable ; Inapplicable ; Inapplicable ; Inapplicable ; Inapplicable ; Inapplicable ; Inapplicable ; Inapplicable ; Inapplicable ; Inapplicable ;
; bias_data[8]               ; Inapplicable ; Inapplicable ; Inapplicable ; Inapplicable ; Inapplicable ; Pass      ; Inapplicable ; Inapplicable ; Pass      ; Pass      ; Inapplicable ; Inapplicable ; Inapplicable ; Inapplicable ; Inapplicable ; Inapplicable ; Inapplicable ; Inapplicable ; Inapplicable ; Inapplicable ; Inapplicable ; Inapplicable ; Inapplicable ; Inapplicable ; Inapplicable ; Inapplicable ; Inapplicable ; Inapplicable ;
; bias_data[9]               ; Inapplicable ; Inapplicable ; Inapplicable ; Inapplicable ; Inapplicable ; Pass      ; Inapplicable ; Inapplicable ; Pass      ; Pass      ; Inapplicable ; Inapplicable ; Inapplicable ; Inapplicable ; Inapplicable ; Inapplicable ; Inapplicable ; Inapplicable ; Inapplicable ; Inapplicable ; Inapplicable ; Inapplicable ; Inapplicable ; Inapplicable ; Inapplicable ; Inapplicable ; Inapplicable ; Inapplicable ;
; bias_data[10]              ; Inapplicable ; Inapplicable ; Inapplicable ; Inapplicable ; Inapplicable ; Pass      ; Inapplicable ; Inapplicable ; Pass      ; Pass      ; Inapplicable ; Inapplicable ; Inapplicable ; Inapplicable ; Inapplicable ; Inapplicable ; Inapplicable ; Inapplicable ; Inapplicable ; Inapplicable ; Inapplicable ; Inapplicable ; Inapplicable ; Inapplicable ; Inapplicable ; Inapplicable ; Inapplicable ; Inapplicable ;
; bias_data[11]              ; Inapplicable ; Inapplicable ; Inapplicable ; Inapplicable ; Inapplicable ; Pass      ; Inapplicable ; Inapplicable ; Pass      ; Pass      ; Inapplicable ; Inapplicable ; Inapplicable ; Inapplicable ; Inapplicable ; Inapplicable ; Inapplicable ; Inapplicable ; Inapplicable ; Inapplicable ; Inapplicable ; Inapplicable ; Inapplicable ; Inapplicable ; Inapplicable ; Inapplicable ; Inapplicable ; Inapplicable ;
; bias_data[12]              ; Inapplicable ; Inapplicable ; Inapplicable ; Inapplicable ; Inapplicable ; Pass      ; Inapplicable ; Inapplicable ; Pass      ; Pass      ; Inapplicable ; Inapplicable ; Inapplicable ; Inapplicable ; Inapplicable ; Inapplicable ; Inapplicable ; Inapplicable ; Inapplicable ; Inapplicable ; Inapplicable ; Inapplicable ; Inapplicable ; Inapplicable ; Inapplicable ; Inapplicable ; Inapplicable ; Inapplicable ;
; bias_data[13]              ; Inapplicable ; Inapplicable ; Inapplicable ; Inapplicable ; Inapplicable ; Pass      ; Inapplicable ; Inapplicable ; Pass      ; Pass      ; Inapplicable ; Inapplicable ; Inapplicable ; Inapplicable ; Inapplicable ; Inapplicable ; Inapplicable ; Inapplicable ; Inapplicable ; Inapplicable ; Inapplicable ; Inapplicable ; Inapplicable ; Inapplicable ; Inapplicable ; Inapplicable ; Inapplicable ; Inapplicable ;
; bias_data[14]              ; Inapplicable ; Inapplicable ; Inapplicable ; Inapplicable ; Inapplicable ; Pass      ; Inapplicable ; Inapplicable ; Pass      ; Pass      ; Inapplicable ; Inapplicable ; Inapplicable ; Inapplicable ; Inapplicable ; Inapplicable ; Inapplicable ; Inapplicable ; Inapplicable ; Inapplicable ; Inapplicable ; Inapplicable ; Inapplicable ; Inapplicable ; Inapplicable ; Inapplicable ; Inapplicable ; Inapplicable ;
; bias_data[15]              ; Inapplicable ; Inapplicable ; Inapplicable ; Inapplicable ; Inapplicable ; Pass      ; Inapplicable ; Inapplicable ; Pass      ; Pass      ; Inapplicable ; Inapplicable ; Inapplicable ; Inapplicable ; Inapplicable ; Inapplicable ; Inapplicable ; Inapplicable ; Inapplicable ; Inapplicable ; Inapplicable ; Inapplicable ; Inapplicable ; Inapplicable ; Inapplicable ; Inapplicable ; Inapplicable ; Inapplicable ;
; input_data[16]             ; Inapplicable ; Inapplicable ; Inapplicable ; Inapplicable ; Inapplicable ; Pass      ; Inapplicable ; Inapplicable ; Pass      ; Pass      ; Inapplicable ; Inapplicable ; Inapplicable ; Inapplicable ; Inapplicable ; Inapplicable ; Inapplicable ; Inapplicable ; Inapplicable ; Inapplicable ; Inapplicable ; Inapplicable ; Inapplicable ; Inapplicable ; Inapplicable ; Inapplicable ; Inapplicable ; Inapplicable ;
; input_data[31]             ; Inapplicable ; Inapplicable ; Inapplicable ; Inapplicable ; Inapplicable ; Pass      ; Inapplicable ; Inapplicable ; Pass      ; Pass      ; Inapplicable ; Inapplicable ; Inapplicable ; Inapplicable ; Inapplicable ; Inapplicable ; Inapplicable ; Inapplicable ; Inapplicable ; Inapplicable ; Inapplicable ; Inapplicable ; Inapplicable ; Inapplicable ; Inapplicable ; Inapplicable ; Inapplicable ; Inapplicable ;
; input_data[30]             ; Inapplicable ; Inapplicable ; Inapplicable ; Inapplicable ; Inapplicable ; Pass      ; Inapplicable ; Inapplicable ; Pass      ; Pass      ; Inapplicable ; Inapplicable ; Inapplicable ; Inapplicable ; Inapplicable ; Inapplicable ; Inapplicable ; Inapplicable ; Inapplicable ; Inapplicable ; Inapplicable ; Inapplicable ; Inapplicable ; Inapplicable ; Inapplicable ; Inapplicable ; Inapplicable ; Inapplicable ;
; input_data[29]             ; Inapplicable ; Inapplicable ; Inapplicable ; Inapplicable ; Inapplicable ; Pass      ; Inapplicable ; Inapplicable ; Pass      ; Pass      ; Inapplicable ; Inapplicable ; Inapplicable ; Inapplicable ; Inapplicable ; Inapplicable ; Inapplicable ; Inapplicable ; Inapplicable ; Inapplicable ; Inapplicable ; Inapplicable ; Inapplicable ; Inapplicable ; Inapplicable ; Inapplicable ; Inapplicable ; Inapplicable ;
; input_data[28]             ; Inapplicable ; Inapplicable ; Inapplicable ; Inapplicable ; Inapplicable ; Pass      ; Inapplicable ; Inapplicable ; Pass      ; Pass      ; Inapplicable ; Inapplicable ; Inapplicable ; Inapplicable ; Inapplicable ; Inapplicable ; Inapplicable ; Inapplicable ; Inapplicable ; Inapplicable ; Inapplicable ; Inapplicable ; Inapplicable ; Inapplicable ; Inapplicable ; Inapplicable ; Inapplicable ; Inapplicable ;
; input_data[27]             ; Inapplicable ; Inapplicable ; Inapplicable ; Inapplicable ; Inapplicable ; Pass      ; Inapplicable ; Inapplicable ; Pass      ; Pass      ; Inapplicable ; Inapplicable ; Inapplicable ; Inapplicable ; Inapplicable ; Inapplicable ; Inapplicable ; Inapplicable ; Inapplicable ; Inapplicable ; Inapplicable ; Inapplicable ; Inapplicable ; Inapplicable ; Inapplicable ; Inapplicable ; Inapplicable ; Inapplicable ;
; input_data[26]             ; Inapplicable ; Inapplicable ; Inapplicable ; Inapplicable ; Inapplicable ; Pass      ; Inapplicable ; Inapplicable ; Pass      ; Pass      ; Inapplicable ; Inapplicable ; Inapplicable ; Inapplicable ; Inapplicable ; Inapplicable ; Inapplicable ; Inapplicable ; Inapplicable ; Inapplicable ; Inapplicable ; Inapplicable ; Inapplicable ; Inapplicable ; Inapplicable ; Inapplicable ; Inapplicable ; Inapplicable ;
; input_data[25]             ; Inapplicable ; Inapplicable ; Inapplicable ; Inapplicable ; Inapplicable ; Pass      ; Inapplicable ; Inapplicable ; Pass      ; Pass      ; Inapplicable ; Inapplicable ; Inapplicable ; Inapplicable ; Inapplicable ; Inapplicable ; Inapplicable ; Inapplicable ; Inapplicable ; Inapplicable ; Inapplicable ; Inapplicable ; Inapplicable ; Inapplicable ; Inapplicable ; Inapplicable ; Inapplicable ; Inapplicable ;
; input_data[24]             ; Inapplicable ; Inapplicable ; Inapplicable ; Inapplicable ; Inapplicable ; Pass      ; Inapplicable ; Inapplicable ; Pass      ; Pass      ; Inapplicable ; Inapplicable ; Inapplicable ; Inapplicable ; Inapplicable ; Inapplicable ; Inapplicable ; Inapplicable ; Inapplicable ; Inapplicable ; Inapplicable ; Inapplicable ; Inapplicable ; Inapplicable ; Inapplicable ; Inapplicable ; Inapplicable ; Inapplicable ;
; input_data[23]             ; Inapplicable ; Inapplicable ; Inapplicable ; Inapplicable ; Inapplicable ; Pass      ; Inapplicable ; Inapplicable ; Pass      ; Pass      ; Inapplicable ; Inapplicable ; Inapplicable ; Inapplicable ; Inapplicable ; Inapplicable ; Inapplicable ; Inapplicable ; Inapplicable ; Inapplicable ; Inapplicable ; Inapplicable ; Inapplicable ; Inapplicable ; Inapplicable ; Inapplicable ; Inapplicable ; Inapplicable ;
; input_data[22]             ; Inapplicable ; Inapplicable ; Inapplicable ; Inapplicable ; Inapplicable ; Pass      ; Inapplicable ; Inapplicable ; Pass      ; Pass      ; Inapplicable ; Inapplicable ; Inapplicable ; Inapplicable ; Inapplicable ; Inapplicable ; Inapplicable ; Inapplicable ; Inapplicable ; Inapplicable ; Inapplicable ; Inapplicable ; Inapplicable ; Inapplicable ; Inapplicable ; Inapplicable ; Inapplicable ; Inapplicable ;
; input_data[21]             ; Inapplicable ; Inapplicable ; Inapplicable ; Inapplicable ; Inapplicable ; Pass      ; Inapplicable ; Inapplicable ; Pass      ; Pass      ; Inapplicable ; Inapplicable ; Inapplicable ; Inapplicable ; Inapplicable ; Inapplicable ; Inapplicable ; Inapplicable ; Inapplicable ; Inapplicable ; Inapplicable ; Inapplicable ; Inapplicable ; Inapplicable ; Inapplicable ; Inapplicable ; Inapplicable ; Inapplicable ;
; input_data[20]             ; Inapplicable ; Inapplicable ; Inapplicable ; Inapplicable ; Inapplicable ; Pass      ; Inapplicable ; Inapplicable ; Pass      ; Pass      ; Inapplicable ; Inapplicable ; Inapplicable ; Inapplicable ; Inapplicable ; Inapplicable ; Inapplicable ; Inapplicable ; Inapplicable ; Inapplicable ; Inapplicable ; Inapplicable ; Inapplicable ; Inapplicable ; Inapplicable ; Inapplicable ; Inapplicable ; Inapplicable ;
; input_data[19]             ; Inapplicable ; Inapplicable ; Inapplicable ; Inapplicable ; Inapplicable ; Pass      ; Inapplicable ; Inapplicable ; Pass      ; Pass      ; Inapplicable ; Inapplicable ; Inapplicable ; Inapplicable ; Inapplicable ; Inapplicable ; Inapplicable ; Inapplicable ; Inapplicable ; Inapplicable ; Inapplicable ; Inapplicable ; Inapplicable ; Inapplicable ; Inapplicable ; Inapplicable ; Inapplicable ; Inapplicable ;
; input_data[18]             ; Inapplicable ; Inapplicable ; Inapplicable ; Inapplicable ; Inapplicable ; Pass      ; Inapplicable ; Inapplicable ; Pass      ; Pass      ; Inapplicable ; Inapplicable ; Inapplicable ; Inapplicable ; Inapplicable ; Inapplicable ; Inapplicable ; Inapplicable ; Inapplicable ; Inapplicable ; Inapplicable ; Inapplicable ; Inapplicable ; Inapplicable ; Inapplicable ; Inapplicable ; Inapplicable ; Inapplicable ;
; input_data[17]             ; Inapplicable ; Inapplicable ; Inapplicable ; Inapplicable ; Inapplicable ; Pass      ; Inapplicable ; Inapplicable ; Pass      ; Pass      ; Inapplicable ; Inapplicable ; Inapplicable ; Inapplicable ; Inapplicable ; Inapplicable ; Inapplicable ; Inapplicable ; Inapplicable ; Inapplicable ; Inapplicable ; Inapplicable ; Inapplicable ; Inapplicable ; Inapplicable ; Inapplicable ; Inapplicable ; Inapplicable ;
; input_data[32]             ; Inapplicable ; Inapplicable ; Inapplicable ; Inapplicable ; Inapplicable ; Pass      ; Inapplicable ; Inapplicable ; Pass      ; Pass      ; Inapplicable ; Inapplicable ; Inapplicable ; Inapplicable ; Inapplicable ; Inapplicable ; Inapplicable ; Inapplicable ; Inapplicable ; Inapplicable ; Inapplicable ; Inapplicable ; Inapplicable ; Inapplicable ; Inapplicable ; Inapplicable ; Inapplicable ; Inapplicable ;
; input_data[47]             ; Inapplicable ; Inapplicable ; Inapplicable ; Inapplicable ; Inapplicable ; Pass      ; Inapplicable ; Inapplicable ; Pass      ; Pass      ; Inapplicable ; Inapplicable ; Inapplicable ; Inapplicable ; Inapplicable ; Inapplicable ; Inapplicable ; Inapplicable ; Inapplicable ; Inapplicable ; Inapplicable ; Inapplicable ; Inapplicable ; Inapplicable ; Inapplicable ; Inapplicable ; Inapplicable ; Inapplicable ;
; input_data[46]             ; Inapplicable ; Inapplicable ; Inapplicable ; Inapplicable ; Inapplicable ; Pass      ; Inapplicable ; Inapplicable ; Pass      ; Pass      ; Inapplicable ; Inapplicable ; Inapplicable ; Inapplicable ; Inapplicable ; Inapplicable ; Inapplicable ; Inapplicable ; Inapplicable ; Inapplicable ; Inapplicable ; Inapplicable ; Inapplicable ; Inapplicable ; Inapplicable ; Inapplicable ; Inapplicable ; Inapplicable ;
; input_data[45]             ; Inapplicable ; Inapplicable ; Inapplicable ; Inapplicable ; Inapplicable ; Pass      ; Inapplicable ; Inapplicable ; Pass      ; Pass      ; Inapplicable ; Inapplicable ; Inapplicable ; Inapplicable ; Inapplicable ; Inapplicable ; Inapplicable ; Inapplicable ; Inapplicable ; Inapplicable ; Inapplicable ; Inapplicable ; Inapplicable ; Inapplicable ; Inapplicable ; Inapplicable ; Inapplicable ; Inapplicable ;
; input_data[44]             ; Inapplicable ; Inapplicable ; Inapplicable ; Inapplicable ; Inapplicable ; Pass      ; Inapplicable ; Inapplicable ; Pass      ; Pass      ; Inapplicable ; Inapplicable ; Inapplicable ; Inapplicable ; Inapplicable ; Inapplicable ; Inapplicable ; Inapplicable ; Inapplicable ; Inapplicable ; Inapplicable ; Inapplicable ; Inapplicable ; Inapplicable ; Inapplicable ; Inapplicable ; Inapplicable ; Inapplicable ;
; input_data[43]             ; Inapplicable ; Inapplicable ; Inapplicable ; Inapplicable ; Inapplicable ; Pass      ; Inapplicable ; Inapplicable ; Pass      ; Pass      ; Inapplicable ; Inapplicable ; Inapplicable ; Inapplicable ; Inapplicable ; Inapplicable ; Inapplicable ; Inapplicable ; Inapplicable ; Inapplicable ; Inapplicable ; Inapplicable ; Inapplicable ; Inapplicable ; Inapplicable ; Inapplicable ; Inapplicable ; Inapplicable ;
; input_data[42]             ; Inapplicable ; Inapplicable ; Inapplicable ; Inapplicable ; Inapplicable ; Pass      ; Inapplicable ; Inapplicable ; Pass      ; Pass      ; Inapplicable ; Inapplicable ; Inapplicable ; Inapplicable ; Inapplicable ; Inapplicable ; Inapplicable ; Inapplicable ; Inapplicable ; Inapplicable ; Inapplicable ; Inapplicable ; Inapplicable ; Inapplicable ; Inapplicable ; Inapplicable ; Inapplicable ; Inapplicable ;
; input_data[41]             ; Inapplicable ; Inapplicable ; Inapplicable ; Inapplicable ; Inapplicable ; Pass      ; Inapplicable ; Inapplicable ; Pass      ; Pass      ; Inapplicable ; Inapplicable ; Inapplicable ; Inapplicable ; Inapplicable ; Inapplicable ; Inapplicable ; Inapplicable ; Inapplicable ; Inapplicable ; Inapplicable ; Inapplicable ; Inapplicable ; Inapplicable ; Inapplicable ; Inapplicable ; Inapplicable ; Inapplicable ;
; input_data[40]             ; Inapplicable ; Inapplicable ; Inapplicable ; Inapplicable ; Inapplicable ; Pass      ; Inapplicable ; Inapplicable ; Pass      ; Pass      ; Inapplicable ; Inapplicable ; Inapplicable ; Inapplicable ; Inapplicable ; Inapplicable ; Inapplicable ; Inapplicable ; Inapplicable ; Inapplicable ; Inapplicable ; Inapplicable ; Inapplicable ; Inapplicable ; Inapplicable ; Inapplicable ; Inapplicable ; Inapplicable ;
; input_data[39]             ; Inapplicable ; Inapplicable ; Inapplicable ; Inapplicable ; Inapplicable ; Pass      ; Inapplicable ; Inapplicable ; Pass      ; Pass      ; Inapplicable ; Inapplicable ; Inapplicable ; Inapplicable ; Inapplicable ; Inapplicable ; Inapplicable ; Inapplicable ; Inapplicable ; Inapplicable ; Inapplicable ; Inapplicable ; Inapplicable ; Inapplicable ; Inapplicable ; Inapplicable ; Inapplicable ; Inapplicable ;
; input_data[38]             ; Inapplicable ; Inapplicable ; Inapplicable ; Inapplicable ; Inapplicable ; Pass      ; Inapplicable ; Inapplicable ; Pass      ; Pass      ; Inapplicable ; Inapplicable ; Inapplicable ; Inapplicable ; Inapplicable ; Inapplicable ; Inapplicable ; Inapplicable ; Inapplicable ; Inapplicable ; Inapplicable ; Inapplicable ; Inapplicable ; Inapplicable ; Inapplicable ; Inapplicable ; Inapplicable ; Inapplicable ;
; input_data[37]             ; Inapplicable ; Inapplicable ; Inapplicable ; Inapplicable ; Inapplicable ; Pass      ; Inapplicable ; Inapplicable ; Pass      ; Pass      ; Inapplicable ; Inapplicable ; Inapplicable ; Inapplicable ; Inapplicable ; Inapplicable ; Inapplicable ; Inapplicable ; Inapplicable ; Inapplicable ; Inapplicable ; Inapplicable ; Inapplicable ; Inapplicable ; Inapplicable ; Inapplicable ; Inapplicable ; Inapplicable ;
; input_data[36]             ; Inapplicable ; Inapplicable ; Inapplicable ; Inapplicable ; Inapplicable ; Pass      ; Inapplicable ; Inapplicable ; Pass      ; Pass      ; Inapplicable ; Inapplicable ; Inapplicable ; Inapplicable ; Inapplicable ; Inapplicable ; Inapplicable ; Inapplicable ; Inapplicable ; Inapplicable ; Inapplicable ; Inapplicable ; Inapplicable ; Inapplicable ; Inapplicable ; Inapplicable ; Inapplicable ; Inapplicable ;
; input_data[35]             ; Inapplicable ; Inapplicable ; Inapplicable ; Inapplicable ; Inapplicable ; Pass      ; Inapplicable ; Inapplicable ; Pass      ; Pass      ; Inapplicable ; Inapplicable ; Inapplicable ; Inapplicable ; Inapplicable ; Inapplicable ; Inapplicable ; Inapplicable ; Inapplicable ; Inapplicable ; Inapplicable ; Inapplicable ; Inapplicable ; Inapplicable ; Inapplicable ; Inapplicable ; Inapplicable ; Inapplicable ;
; input_data[34]             ; Inapplicable ; Inapplicable ; Inapplicable ; Inapplicable ; Inapplicable ; Pass      ; Inapplicable ; Inapplicable ; Pass      ; Pass      ; Inapplicable ; Inapplicable ; Inapplicable ; Inapplicable ; Inapplicable ; Inapplicable ; Inapplicable ; Inapplicable ; Inapplicable ; Inapplicable ; Inapplicable ; Inapplicable ; Inapplicable ; Inapplicable ; Inapplicable ; Inapplicable ; Inapplicable ; Inapplicable ;
; input_data[33]             ; Inapplicable ; Inapplicable ; Inapplicable ; Inapplicable ; Inapplicable ; Pass      ; Inapplicable ; Inapplicable ; Pass      ; Pass      ; Inapplicable ; Inapplicable ; Inapplicable ; Inapplicable ; Inapplicable ; Inapplicable ; Inapplicable ; Inapplicable ; Inapplicable ; Inapplicable ; Inapplicable ; Inapplicable ; Inapplicable ; Inapplicable ; Inapplicable ; Inapplicable ; Inapplicable ; Inapplicable ;
; input_data[48]             ; Inapplicable ; Inapplicable ; Inapplicable ; Inapplicable ; Inapplicable ; Pass      ; Inapplicable ; Inapplicable ; Pass      ; Pass      ; Inapplicable ; Inapplicable ; Inapplicable ; Inapplicable ; Inapplicable ; Inapplicable ; Inapplicable ; Inapplicable ; Inapplicable ; Inapplicable ; Inapplicable ; Inapplicable ; Inapplicable ; Inapplicable ; Inapplicable ; Inapplicable ; Inapplicable ; Inapplicable ;
; input_data[63]             ; Inapplicable ; Inapplicable ; Inapplicable ; Inapplicable ; Inapplicable ; Pass      ; Inapplicable ; Inapplicable ; Pass      ; Pass      ; Inapplicable ; Inapplicable ; Inapplicable ; Inapplicable ; Inapplicable ; Inapplicable ; Inapplicable ; Inapplicable ; Inapplicable ; Inapplicable ; Inapplicable ; Inapplicable ; Inapplicable ; Inapplicable ; Inapplicable ; Inapplicable ; Inapplicable ; Inapplicable ;
; input_data[62]             ; Inapplicable ; Inapplicable ; Inapplicable ; Inapplicable ; Inapplicable ; Pass      ; Inapplicable ; Inapplicable ; Pass      ; Pass      ; Inapplicable ; Inapplicable ; Inapplicable ; Inapplicable ; Inapplicable ; Inapplicable ; Inapplicable ; Inapplicable ; Inapplicable ; Inapplicable ; Inapplicable ; Inapplicable ; Inapplicable ; Inapplicable ; Inapplicable ; Inapplicable ; Inapplicable ; Inapplicable ;
; input_data[61]             ; Inapplicable ; Inapplicable ; Inapplicable ; Inapplicable ; Inapplicable ; Pass      ; Inapplicable ; Inapplicable ; Pass      ; Pass      ; Inapplicable ; Inapplicable ; Inapplicable ; Inapplicable ; Inapplicable ; Inapplicable ; Inapplicable ; Inapplicable ; Inapplicable ; Inapplicable ; Inapplicable ; Inapplicable ; Inapplicable ; Inapplicable ; Inapplicable ; Inapplicable ; Inapplicable ; Inapplicable ;
; input_data[60]             ; Inapplicable ; Inapplicable ; Inapplicable ; Inapplicable ; Inapplicable ; Pass      ; Inapplicable ; Inapplicable ; Pass      ; Pass      ; Inapplicable ; Inapplicable ; Inapplicable ; Inapplicable ; Inapplicable ; Inapplicable ; Inapplicable ; Inapplicable ; Inapplicable ; Inapplicable ; Inapplicable ; Inapplicable ; Inapplicable ; Inapplicable ; Inapplicable ; Inapplicable ; Inapplicable ; Inapplicable ;
; input_data[59]             ; Inapplicable ; Inapplicable ; Inapplicable ; Inapplicable ; Inapplicable ; Pass      ; Inapplicable ; Inapplicable ; Pass      ; Pass      ; Inapplicable ; Inapplicable ; Inapplicable ; Inapplicable ; Inapplicable ; Inapplicable ; Inapplicable ; Inapplicable ; Inapplicable ; Inapplicable ; Inapplicable ; Inapplicable ; Inapplicable ; Inapplicable ; Inapplicable ; Inapplicable ; Inapplicable ; Inapplicable ;
; input_data[58]             ; Inapplicable ; Inapplicable ; Inapplicable ; Inapplicable ; Inapplicable ; Pass      ; Inapplicable ; Inapplicable ; Pass      ; Pass      ; Inapplicable ; Inapplicable ; Inapplicable ; Inapplicable ; Inapplicable ; Inapplicable ; Inapplicable ; Inapplicable ; Inapplicable ; Inapplicable ; Inapplicable ; Inapplicable ; Inapplicable ; Inapplicable ; Inapplicable ; Inapplicable ; Inapplicable ; Inapplicable ;
; input_data[57]             ; Inapplicable ; Inapplicable ; Inapplicable ; Inapplicable ; Inapplicable ; Pass      ; Inapplicable ; Inapplicable ; Pass      ; Pass      ; Inapplicable ; Inapplicable ; Inapplicable ; Inapplicable ; Inapplicable ; Inapplicable ; Inapplicable ; Inapplicable ; Inapplicable ; Inapplicable ; Inapplicable ; Inapplicable ; Inapplicable ; Inapplicable ; Inapplicable ; Inapplicable ; Inapplicable ; Inapplicable ;
; input_data[56]             ; Inapplicable ; Inapplicable ; Inapplicable ; Inapplicable ; Inapplicable ; Pass      ; Inapplicable ; Inapplicable ; Pass      ; Pass      ; Inapplicable ; Inapplicable ; Inapplicable ; Inapplicable ; Inapplicable ; Inapplicable ; Inapplicable ; Inapplicable ; Inapplicable ; Inapplicable ; Inapplicable ; Inapplicable ; Inapplicable ; Inapplicable ; Inapplicable ; Inapplicable ; Inapplicable ; Inapplicable ;
; input_data[55]             ; Inapplicable ; Inapplicable ; Inapplicable ; Inapplicable ; Inapplicable ; Pass      ; Inapplicable ; Inapplicable ; Pass      ; Pass      ; Inapplicable ; Inapplicable ; Inapplicable ; Inapplicable ; Inapplicable ; Inapplicable ; Inapplicable ; Inapplicable ; Inapplicable ; Inapplicable ; Inapplicable ; Inapplicable ; Inapplicable ; Inapplicable ; Inapplicable ; Inapplicable ; Inapplicable ; Inapplicable ;
; input_data[54]             ; Inapplicable ; Inapplicable ; Inapplicable ; Inapplicable ; Inapplicable ; Pass      ; Inapplicable ; Inapplicable ; Pass      ; Pass      ; Inapplicable ; Inapplicable ; Inapplicable ; Inapplicable ; Inapplicable ; Inapplicable ; Inapplicable ; Inapplicable ; Inapplicable ; Inapplicable ; Inapplicable ; Inapplicable ; Inapplicable ; Inapplicable ; Inapplicable ; Inapplicable ; Inapplicable ; Inapplicable ;
; input_data[53]             ; Inapplicable ; Inapplicable ; Inapplicable ; Inapplicable ; Inapplicable ; Pass      ; Inapplicable ; Inapplicable ; Pass      ; Pass      ; Inapplicable ; Inapplicable ; Inapplicable ; Inapplicable ; Inapplicable ; Inapplicable ; Inapplicable ; Inapplicable ; Inapplicable ; Inapplicable ; Inapplicable ; Inapplicable ; Inapplicable ; Inapplicable ; Inapplicable ; Inapplicable ; Inapplicable ; Inapplicable ;
; input_data[52]             ; Inapplicable ; Inapplicable ; Inapplicable ; Inapplicable ; Inapplicable ; Pass      ; Inapplicable ; Inapplicable ; Pass      ; Pass      ; Inapplicable ; Inapplicable ; Inapplicable ; Inapplicable ; Inapplicable ; Inapplicable ; Inapplicable ; Inapplicable ; Inapplicable ; Inapplicable ; Inapplicable ; Inapplicable ; Inapplicable ; Inapplicable ; Inapplicable ; Inapplicable ; Inapplicable ; Inapplicable ;
; input_data[51]             ; Inapplicable ; Inapplicable ; Inapplicable ; Inapplicable ; Inapplicable ; Pass      ; Inapplicable ; Inapplicable ; Pass      ; Pass      ; Inapplicable ; Inapplicable ; Inapplicable ; Inapplicable ; Inapplicable ; Inapplicable ; Inapplicable ; Inapplicable ; Inapplicable ; Inapplicable ; Inapplicable ; Inapplicable ; Inapplicable ; Inapplicable ; Inapplicable ; Inapplicable ; Inapplicable ; Inapplicable ;
; input_data[50]             ; Inapplicable ; Inapplicable ; Inapplicable ; Inapplicable ; Inapplicable ; Pass      ; Inapplicable ; Inapplicable ; Pass      ; Pass      ; Inapplicable ; Inapplicable ; Inapplicable ; Inapplicable ; Inapplicable ; Inapplicable ; Inapplicable ; Inapplicable ; Inapplicable ; Inapplicable ; Inapplicable ; Inapplicable ; Inapplicable ; Inapplicable ; Inapplicable ; Inapplicable ; Inapplicable ; Inapplicable ;
; input_data[49]             ; Inapplicable ; Inapplicable ; Inapplicable ; Inapplicable ; Inapplicable ; Pass      ; Inapplicable ; Inapplicable ; Pass      ; Pass      ; Inapplicable ; Inapplicable ; Inapplicable ; Inapplicable ; Inapplicable ; Inapplicable ; Inapplicable ; Inapplicable ; Inapplicable ; Inapplicable ; Inapplicable ; Inapplicable ; Inapplicable ; Inapplicable ; Inapplicable ; Inapplicable ; Inapplicable ; Inapplicable ;
; conv_stride[2]             ; Inapplicable ; Inapplicable ; Inapplicable ; Inapplicable ; Inapplicable ; Pass      ; Inapplicable ; Inapplicable ; Pass      ; Pass      ; Inapplicable ; Inapplicable ; Inapplicable ; Inapplicable ; Inapplicable ; Inapplicable ; Inapplicable ; Inapplicable ; Inapplicable ; Inapplicable ; Inapplicable ; Inapplicable ; Inapplicable ; Inapplicable ; Inapplicable ; Inapplicable ; Inapplicable ; Inapplicable ;
; conv_stride[1]             ; Inapplicable ; Inapplicable ; Inapplicable ; Inapplicable ; Inapplicable ; Pass      ; Inapplicable ; Inapplicable ; Pass      ; Pass      ; Inapplicable ; Inapplicable ; Inapplicable ; Inapplicable ; Inapplicable ; Inapplicable ; Inapplicable ; Inapplicable ; Inapplicable ; Inapplicable ; Inapplicable ; Inapplicable ; Inapplicable ; Inapplicable ; Inapplicable ; Inapplicable ; Inapplicable ; Inapplicable ;
; conv_stride[0]             ; Inapplicable ; Inapplicable ; Inapplicable ; Inapplicable ; Inapplicable ; Pass      ; Inapplicable ; Inapplicable ; Pass      ; Pass      ; Inapplicable ; Inapplicable ; Inapplicable ; Inapplicable ; Inapplicable ; Inapplicable ; Inapplicable ; Inapplicable ; Inapplicable ; Inapplicable ; Inapplicable ; Inapplicable ; Inapplicable ; Inapplicable ; Inapplicable ; Inapplicable ; Inapplicable ; Inapplicable ;
; weight_data[0]             ; Inapplicable ; Inapplicable ; Inapplicable ; Inapplicable ; Inapplicable ; Pass      ; Inapplicable ; Inapplicable ; Pass      ; Pass      ; Inapplicable ; Inapplicable ; Inapplicable ; Inapplicable ; Inapplicable ; Inapplicable ; Inapplicable ; Inapplicable ; Inapplicable ; Inapplicable ; Inapplicable ; Inapplicable ; Inapplicable ; Inapplicable ; Inapplicable ; Inapplicable ; Inapplicable ; Inapplicable ;
; weight_data[1]             ; Inapplicable ; Inapplicable ; Inapplicable ; Inapplicable ; Inapplicable ; Pass      ; Inapplicable ; Inapplicable ; Pass      ; Pass      ; Inapplicable ; Inapplicable ; Inapplicable ; Inapplicable ; Inapplicable ; Inapplicable ; Inapplicable ; Inapplicable ; Inapplicable ; Inapplicable ; Inapplicable ; Inapplicable ; Inapplicable ; Inapplicable ; Inapplicable ; Inapplicable ; Inapplicable ; Inapplicable ;
; weight_data[2]             ; Inapplicable ; Inapplicable ; Inapplicable ; Inapplicable ; Inapplicable ; Pass      ; Inapplicable ; Inapplicable ; Pass      ; Pass      ; Inapplicable ; Inapplicable ; Inapplicable ; Inapplicable ; Inapplicable ; Inapplicable ; Inapplicable ; Inapplicable ; Inapplicable ; Inapplicable ; Inapplicable ; Inapplicable ; Inapplicable ; Inapplicable ; Inapplicable ; Inapplicable ; Inapplicable ; Inapplicable ;
; weight_data[3]             ; Inapplicable ; Inapplicable ; Inapplicable ; Inapplicable ; Inapplicable ; Pass      ; Inapplicable ; Inapplicable ; Pass      ; Pass      ; Inapplicable ; Inapplicable ; Inapplicable ; Inapplicable ; Inapplicable ; Inapplicable ; Inapplicable ; Inapplicable ; Inapplicable ; Inapplicable ; Inapplicable ; Inapplicable ; Inapplicable ; Inapplicable ; Inapplicable ; Inapplicable ; Inapplicable ; Inapplicable ;
; weight_data[4]             ; Inapplicable ; Inapplicable ; Inapplicable ; Inapplicable ; Inapplicable ; Pass      ; Inapplicable ; Inapplicable ; Pass      ; Pass      ; Inapplicable ; Inapplicable ; Inapplicable ; Inapplicable ; Inapplicable ; Inapplicable ; Inapplicable ; Inapplicable ; Inapplicable ; Inapplicable ; Inapplicable ; Inapplicable ; Inapplicable ; Inapplicable ; Inapplicable ; Inapplicable ; Inapplicable ; Inapplicable ;
; weight_data[5]             ; Inapplicable ; Inapplicable ; Inapplicable ; Inapplicable ; Inapplicable ; Pass      ; Inapplicable ; Inapplicable ; Pass      ; Pass      ; Inapplicable ; Inapplicable ; Inapplicable ; Inapplicable ; Inapplicable ; Inapplicable ; Inapplicable ; Inapplicable ; Inapplicable ; Inapplicable ; Inapplicable ; Inapplicable ; Inapplicable ; Inapplicable ; Inapplicable ; Inapplicable ; Inapplicable ; Inapplicable ;
; weight_data[6]             ; Inapplicable ; Inapplicable ; Inapplicable ; Inapplicable ; Inapplicable ; Pass      ; Inapplicable ; Inapplicable ; Pass      ; Pass      ; Inapplicable ; Inapplicable ; Inapplicable ; Inapplicable ; Inapplicable ; Inapplicable ; Inapplicable ; Inapplicable ; Inapplicable ; Inapplicable ; Inapplicable ; Inapplicable ; Inapplicable ; Inapplicable ; Inapplicable ; Inapplicable ; Inapplicable ; Inapplicable ;
; weight_data[7]             ; Inapplicable ; Inapplicable ; Inapplicable ; Inapplicable ; Inapplicable ; Pass      ; Inapplicable ; Inapplicable ; Pass      ; Pass      ; Inapplicable ; Inapplicable ; Inapplicable ; Inapplicable ; Inapplicable ; Inapplicable ; Inapplicable ; Inapplicable ; Inapplicable ; Inapplicable ; Inapplicable ; Inapplicable ; Inapplicable ; Inapplicable ; Inapplicable ; Inapplicable ; Inapplicable ; Inapplicable ;
; weight_data[8]             ; Inapplicable ; Inapplicable ; Inapplicable ; Inapplicable ; Inapplicable ; Pass      ; Inapplicable ; Inapplicable ; Pass      ; Pass      ; Inapplicable ; Inapplicable ; Inapplicable ; Inapplicable ; Inapplicable ; Inapplicable ; Inapplicable ; Inapplicable ; Inapplicable ; Inapplicable ; Inapplicable ; Inapplicable ; Inapplicable ; Inapplicable ; Inapplicable ; Inapplicable ; Inapplicable ; Inapplicable ;
; weight_data[9]             ; Inapplicable ; Inapplicable ; Inapplicable ; Inapplicable ; Inapplicable ; Pass      ; Inapplicable ; Inapplicable ; Pass      ; Pass      ; Inapplicable ; Inapplicable ; Inapplicable ; Inapplicable ; Inapplicable ; Inapplicable ; Inapplicable ; Inapplicable ; Inapplicable ; Inapplicable ; Inapplicable ; Inapplicable ; Inapplicable ; Inapplicable ; Inapplicable ; Inapplicable ; Inapplicable ; Inapplicable ;
; weight_data[10]            ; Inapplicable ; Inapplicable ; Inapplicable ; Inapplicable ; Inapplicable ; Pass      ; Inapplicable ; Inapplicable ; Pass      ; Pass      ; Inapplicable ; Inapplicable ; Inapplicable ; Inapplicable ; Inapplicable ; Inapplicable ; Inapplicable ; Inapplicable ; Inapplicable ; Inapplicable ; Inapplicable ; Inapplicable ; Inapplicable ; Inapplicable ; Inapplicable ; Inapplicable ; Inapplicable ; Inapplicable ;
; weight_data[11]            ; Inapplicable ; Inapplicable ; Inapplicable ; Inapplicable ; Inapplicable ; Pass      ; Inapplicable ; Inapplicable ; Pass      ; Pass      ; Inapplicable ; Inapplicable ; Inapplicable ; Inapplicable ; Inapplicable ; Inapplicable ; Inapplicable ; Inapplicable ; Inapplicable ; Inapplicable ; Inapplicable ; Inapplicable ; Inapplicable ; Inapplicable ; Inapplicable ; Inapplicable ; Inapplicable ; Inapplicable ;
; weight_data[12]            ; Inapplicable ; Inapplicable ; Inapplicable ; Inapplicable ; Inapplicable ; Pass      ; Inapplicable ; Inapplicable ; Pass      ; Pass      ; Inapplicable ; Inapplicable ; Inapplicable ; Inapplicable ; Inapplicable ; Inapplicable ; Inapplicable ; Inapplicable ; Inapplicable ; Inapplicable ; Inapplicable ; Inapplicable ; Inapplicable ; Inapplicable ; Inapplicable ; Inapplicable ; Inapplicable ; Inapplicable ;
; weight_data[13]            ; Inapplicable ; Inapplicable ; Inapplicable ; Inapplicable ; Inapplicable ; Pass      ; Inapplicable ; Inapplicable ; Pass      ; Pass      ; Inapplicable ; Inapplicable ; Inapplicable ; Inapplicable ; Inapplicable ; Inapplicable ; Inapplicable ; Inapplicable ; Inapplicable ; Inapplicable ; Inapplicable ; Inapplicable ; Inapplicable ; Inapplicable ; Inapplicable ; Inapplicable ; Inapplicable ; Inapplicable ;
; weight_data[14]            ; Inapplicable ; Inapplicable ; Inapplicable ; Inapplicable ; Inapplicable ; Pass      ; Inapplicable ; Inapplicable ; Pass      ; Pass      ; Inapplicable ; Inapplicable ; Inapplicable ; Inapplicable ; Inapplicable ; Inapplicable ; Inapplicable ; Inapplicable ; Inapplicable ; Inapplicable ; Inapplicable ; Inapplicable ; Inapplicable ; Inapplicable ; Inapplicable ; Inapplicable ; Inapplicable ; Inapplicable ;
; weight_data[15]            ; Inapplicable ; Inapplicable ; Inapplicable ; Inapplicable ; Inapplicable ; Pass      ; Inapplicable ; Inapplicable ; Pass      ; Pass      ; Inapplicable ; Inapplicable ; Inapplicable ; Inapplicable ; Inapplicable ; Inapplicable ; Inapplicable ; Inapplicable ; Inapplicable ; Inapplicable ; Inapplicable ; Inapplicable ; Inapplicable ; Inapplicable ; Inapplicable ; Inapplicable ; Inapplicable ; Inapplicable ;
; conv_padding[1]            ; Inapplicable ; Inapplicable ; Inapplicable ; Inapplicable ; Inapplicable ; Pass      ; Inapplicable ; Inapplicable ; Pass      ; Pass      ; Inapplicable ; Inapplicable ; Inapplicable ; Inapplicable ; Inapplicable ; Inapplicable ; Inapplicable ; Inapplicable ; Inapplicable ; Inapplicable ; Inapplicable ; Inapplicable ; Inapplicable ; Inapplicable ; Inapplicable ; Inapplicable ; Inapplicable ; Inapplicable ;
; conv_padding[0]            ; Inapplicable ; Inapplicable ; Inapplicable ; Inapplicable ; Inapplicable ; Pass      ; Inapplicable ; Inapplicable ; Pass      ; Pass      ; Inapplicable ; Inapplicable ; Inapplicable ; Inapplicable ; Inapplicable ; Inapplicable ; Inapplicable ; Inapplicable ; Inapplicable ; Inapplicable ; Inapplicable ; Inapplicable ; Inapplicable ; Inapplicable ; Inapplicable ; Inapplicable ; Inapplicable ; Inapplicable ;
+----------------------------+--------------+--------------+--------------+--------------+--------------+-----------+--------------+--------------+-----------+-----------+--------------+--------------+--------------+--------------+--------------+--------------+--------------+--------------+--------------+--------------+--------------+--------------+--------------+--------------+--------------+--------------+--------------+--------------+


+------------------------------------------------------------------------------------------------+
; Fitter Device Options                                                                          ;
+------------------------------------------------------------------+-----------------------------+
; Option                                                           ; Setting                     ;
+------------------------------------------------------------------+-----------------------------+
; Enable user-supplied start-up clock (CLKUSR)                     ; Off                         ;
; Enable device-wide reset (DEV_CLRn)                              ; Off                         ;
; Enable device-wide output enable (DEV_OE)                        ; Off                         ;
; Enable INIT_DONE output                                          ; Off                         ;
; Configuration scheme                                             ; Passive Serial              ;
; Enable Error Detection CRC_ERROR pin                             ; Off                         ;
; Enable CvP_CONFDONE pin                                          ; Off                         ;
; Enable open drain on CRC_ERROR pin                               ; On                          ;
; Enable open drain on CvP_CONFDONE pin                            ; On                          ;
; Enable open drain on INIT_DONE pin                               ; On                          ;
; Enable open drain on Partial Reconfiguration pins                ; Off                         ;
; Enable open drain on nCEO pin                                    ; On                          ;
; Enable Partial Reconfiguration pins                              ; Off                         ;
; Enable input tri-state on active configuration pins in user mode ; Off                         ;
; Enable internal scrubbing                                        ; Off                         ;
; Active Serial clock source                                       ; 100 MHz Internal Oscillator ;
; Device initialization clock source                               ; Internal Oscillator         ;
; Configuration via Protocol                                       ; Off                         ;
; Configuration Voltage Level                                      ; Auto                        ;
; Force Configuration Voltage Level                                ; Off                         ;
; Enable nCEO output                                               ; Off                         ;
; Data[15..8]                                                      ; Unreserved                  ;
; Data[7..5]                                                       ; Unreserved                  ;
; Base pin-out file on sameframe device                            ; Off                         ;
+------------------------------------------------------------------+-----------------------------+


+------------------------------------+
; Operating Settings and Conditions  ;
+---------------------------+--------+
; Setting                   ; Value  ;
+---------------------------+--------+
; Nominal Core Voltage      ; 1.10 V ;
; Low Junction Temperature  ; 0 °C   ;
; High Junction Temperature ; 85 °C  ;
+---------------------------+--------+


+------------------------------------------------------------+
; Estimated Delay Added for Hold Timing Summary              ;
+-----------------+----------------------+-------------------+
; Source Clock(s) ; Destination Clock(s) ; Delay Added in ns ;
+-----------------+----------------------+-------------------+
; clk             ; clk                  ; 27.3              ;
; clk,I/O         ; clk                  ; 1.3               ;
+-----------------+----------------------+-------------------+
Note: For more information on problematic transfers, consider running the Fitter again with the Optimize hold timing option (Settings Menu) turned off.
This will disable optimization of problematic paths and expose them for further analysis using the Timing Analyzer.


+-------------------------------------------------------------------------------------------------------------------------------------+
; Estimated Delay Added for Hold Timing Details                                                                                       ;
+--------------------------------------------------------+--------------------------------------------------------+-------------------+
; Source Register                                        ; Destination Register                                   ; Delay Added in ns ;
+--------------------------------------------------------+--------------------------------------------------------+-------------------+
; pooling_block:pool_inst|out_h_cnt[4]                   ; pooling_block:pool_inst|batch_cnt[0]                   ; 0.506             ;
; convolution_block:conv_inst|conv_accumulator[17]       ; convolution_block:conv_inst|conv_accumulator[23]       ; 0.475             ;
; convolution_block:conv_inst|conv_accumulator[9]        ; convolution_block:conv_inst|conv_accumulator[23]       ; 0.474             ;
; cycle_counter[1]                                       ; cycle_counter[31]                                      ; 0.463             ;
; convolution_block:conv_inst|conv_accumulator[8]        ; convolution_block:conv_inst|conv_accumulator[23]       ; 0.463             ;
; convolution_block:conv_inst|conv_accumulator[22]       ; convolution_block:conv_inst|conv_accumulator[23]       ; 0.458             ;
; convolution_block:conv_inst|conv_accumulator[19]       ; convolution_block:conv_inst|conv_accumulator[23]       ; 0.458             ;
; convolution_block:conv_inst|conv_accumulator[11]       ; convolution_block:conv_inst|conv_accumulator[23]       ; 0.458             ;
; convolution_block:conv_inst|conv_accumulator[10]       ; convolution_block:conv_inst|conv_accumulator[23]       ; 0.458             ;
; convolution_block:conv_inst|conv_accumulator[5]        ; convolution_block:conv_inst|conv_accumulator[23]       ; 0.458             ;
; pooling_block:pool_inst|channel_cnt[2]                 ; pooling_block:pool_inst|current_state.WRITE_OUTPUT     ; 0.458             ;
; convolution_block:conv_inst|conv_accumulator[2]        ; convolution_block:conv_inst|conv_accumulator[23]       ; 0.456             ;
; pooling_block:pool_inst|pool_w_cnt[2]                  ; pooling_block:pool_inst|pool_accumulators[1].value[22] ; 0.452             ;
; convolution_block:conv_inst|conv_accumulator[18]       ; convolution_block:conv_inst|conv_accumulator[23]       ; 0.428             ;
; convolution_block:conv_inst|conv_accumulator[15]       ; convolution_block:conv_inst|conv_accumulator[23]       ; 0.425             ;
; convolution_block:conv_inst|conv_accumulator[13]       ; convolution_block:conv_inst|conv_accumulator[23]       ; 0.420             ;
; convolution_block:conv_inst|conv_accumulator[23]       ; convolution_block:conv_inst|conv_accumulator[23]       ; 0.419             ;
; convolution_block:conv_inst|conv_accumulator[3]        ; convolution_block:conv_inst|conv_accumulator[23]       ; 0.418             ;
; convolution_block:conv_inst|conv_accumulator[16]       ; convolution_block:conv_inst|conv_accumulator[23]       ; 0.416             ;
; convolution_block:conv_inst|conv_accumulator[6]        ; convolution_block:conv_inst|conv_accumulator[23]       ; 0.416             ;
; convolution_block:conv_inst|in_ch_cnt[2]               ; convolution_block:conv_inst|in_ch_cnt[3]               ; 0.329             ;
; pooling_block:pool_inst|pool_w_cnt[0]                  ; pooling_block:pool_inst|pool_w_cnt[1]                  ; 0.328             ;
; pooling_block:pool_inst|out_h_cnt[0]                   ; pooling_block:pool_inst|out_h_cnt[1]                   ; 0.327             ;
; pooling_block:pool_inst|batch_cnt[0]                   ; pooling_block:pool_inst|batch_cnt[1]                   ; 0.321             ;
; convolution_block:conv_inst|batch_cnt[0]               ; convolution_block:conv_inst|batch_cnt[1]               ; 0.315             ;
; convolution_block:conv_inst|out_ch_cnt[0]              ; convolution_block:conv_inst|out_ch_cnt[1]              ; 0.315             ;
; convolution_block:conv_inst|in_ch_cnt[0]               ; convolution_block:conv_inst|in_ch_cnt[3]               ; 0.315             ;
; convolution_block:conv_inst|out_ch_cnt[1]              ; convolution_block:conv_inst|out_ch_cnt[2]              ; 0.315             ;
; convolution_block:conv_inst|out_w_cnt[0]               ; convolution_block:conv_inst|out_w_cnt[1]               ; 0.315             ;
; convolution_block:conv_inst|out_h_cnt[1]               ; convolution_block:conv_inst|out_h_cnt[2]               ; 0.314             ;
; pooling_block:pool_inst|pool_w_cnt[1]                  ; pooling_block:pool_inst|pool_w_cnt[2]                  ; 0.314             ;
; pooling_block:pool_inst|pool_h_cnt[0]                  ; pooling_block:pool_inst|pool_h_cnt[1]                  ; 0.312             ;
; convolution_block:conv_inst|kw_cnt[0]                  ; convolution_block:conv_inst|kw_cnt[2]                  ; 0.305             ;
; pooling_block:pool_inst|current_state.IDLE             ; pooling_block:pool_inst|current_state.SETUP_DIMS       ; 0.305             ;
; convolution_block:conv_inst|conv_accumulator[7]        ; convolution_block:conv_inst|conv_accumulator[23]       ; 0.299             ;
; pooling_block:pool_inst|current_state.POOL_COMPUTE     ; pooling_block:pool_inst|current_state.WRITE_OUTPUT     ; 0.296             ;
; convolution_block:conv_inst|current_state.DONE_ST      ; current_state.DONE_ST                                  ; 0.289             ;
; convolution_block:conv_inst|kh_cnt[1]                  ; convolution_block:conv_inst|kh_cnt[2]                  ; 0.288             ;
; current_state.DONE_ST                                  ; current_state.IDLE                                     ; 0.288             ;
; convolution_block:conv_inst|in_ch_cnt[1]               ; convolution_block:conv_inst|in_ch_cnt[3]               ; 0.286             ;
; convolution_block:conv_inst|conv_accumulator[4]        ; convolution_block:conv_inst|conv_accumulator[23]       ; 0.280             ;
; pooling_block:pool_inst|out_w_cnt[4]                   ; pooling_block:pool_inst|out_w_cnt[5]                   ; 0.280             ;
; convolution_block:conv_inst|kw_cnt[1]                  ; convolution_block:conv_inst|kw_cnt[2]                  ; 0.279             ;
; selected_operation[0]                                  ; activation_block:act_inst|current_state.IDLE           ; 0.274             ;
; pooling_block:pool_inst|current_state.DONE_ST          ; pooling_block:pool_inst|current_state.IDLE             ; 0.268             ;
; current_state.POOL_OP                                  ; pooling_block:pool_inst|current_state.SETUP_DIMS       ; 0.265             ;
; pooling_block:pool_inst|pool_accumulators[3].value[31] ; pooling_block:pool_inst|pool_accumulators[3].value[29] ; 0.262             ;
; convolution_block:conv_inst|conv_accumulator[12]       ; convolution_block:conv_inst|conv_accumulator[23]       ; 0.259             ;
; convolution_block:conv_inst|conv_accumulator[20]       ; convolution_block:conv_inst|conv_accumulator[23]       ; 0.254             ;
; convolution_block:conv_inst|conv_accumulator[14]       ; convolution_block:conv_inst|conv_accumulator[23]       ; 0.254             ;
; convolution_block:conv_inst|conv_accumulator[0]        ; convolution_block:conv_inst|conv_accumulator[23]       ; 0.251             ;
; pooling_block:pool_inst|pool_accumulators[1].value[24] ; pooling_block:pool_inst|pool_accumulators[1].value[24] ; 0.249             ;
; current_state.CONV_OP                                  ; current_state.DONE_ST                                  ; 0.248             ;
; pooling_block:pool_inst|out_w_cnt[3]                   ; pooling_block:pool_inst|out_w_cnt[5]                   ; 0.240             ;
; convolution_block:conv_inst|conv_accumulator[21]       ; convolution_block:conv_inst|conv_accumulator[23]       ; 0.238             ;
; convolution_block:conv_inst|conv_accumulator[1]        ; convolution_block:conv_inst|conv_accumulator[23]       ; 0.237             ;
; current_state.ACT_OP                                   ; activation_block:act_inst|current_state.IDLE           ; 0.233             ;
; pooling_block:pool_inst|pool_accumulators[2].value[31] ; pooling_block:pool_inst|pool_accumulators[2].value[29] ; 0.195             ;
; pooling_block:pool_inst|pool_accumulators[1].value[31] ; pooling_block:pool_inst|pool_accumulators[1].value[27] ; 0.193             ;
; convolution_block:conv_inst|kh_cnt[0]                  ; convolution_block:conv_inst|kh_cnt[2]                  ; 0.188             ;
; current_state.IDLE                                     ; selected_operation[0]                                  ; 0.182             ;
; pooling_block:pool_inst|pool_h_cnt[2]                  ; pooling_block:pool_inst|current_state.WRITE_OUTPUT     ; 0.178             ;
; batch_size[0]                                          ; pooling_block:pool_inst|current_state.WRITE_OUTPUT     ; 0.178             ;
; batch_size[1]                                          ; pooling_block:pool_inst|current_state.WRITE_OUTPUT     ; 0.178             ;
; batch_size[2]                                          ; pooling_block:pool_inst|current_state.WRITE_OUTPUT     ; 0.178             ;
; pool_channels[2]                                       ; pooling_block:pool_inst|current_state.WRITE_OUTPUT     ; 0.178             ;
; pooling_block:pool_inst|out_h_cnt[5]                   ; pooling_block:pool_inst|current_state.WRITE_OUTPUT     ; 0.178             ;
; pooling_block:pool_inst|out_w_cnt[0]                   ; pooling_block:pool_inst|current_state.WRITE_OUTPUT     ; 0.178             ;
; pooling_block:pool_inst|out_w_cnt[5]                   ; pooling_block:pool_inst|current_state.WRITE_OUTPUT     ; 0.178             ;
; pool_stride[3]                                         ; pooling_block:pool_inst|current_state.WRITE_OUTPUT     ; 0.178             ;
; pool_stride[2]                                         ; pooling_block:pool_inst|current_state.WRITE_OUTPUT     ; 0.178             ;
; pool_size[3]                                           ; pooling_block:pool_inst|current_state.WRITE_OUTPUT     ; 0.178             ;
; pool_size[2]                                           ; pooling_block:pool_inst|current_state.WRITE_OUTPUT     ; 0.178             ;
; pool_size[1]                                           ; pooling_block:pool_inst|current_state.WRITE_OUTPUT     ; 0.178             ;
; pool_stride[1]                                         ; pooling_block:pool_inst|current_state.WRITE_OUTPUT     ; 0.178             ;
; pool_size[0]                                           ; pooling_block:pool_inst|current_state.WRITE_OUTPUT     ; 0.178             ;
; pool_stride[0]                                         ; pooling_block:pool_inst|current_state.WRITE_OUTPUT     ; 0.178             ;
; pool_channels[0]                                       ; pooling_block:pool_inst|current_state.WRITE_OUTPUT     ; 0.178             ;
; pool_channels[1]                                       ; pooling_block:pool_inst|current_state.WRITE_OUTPUT     ; 0.178             ;
; pooling_block:pool_inst|batch_cnt[1]                   ; pooling_block:pool_inst|current_state.WRITE_OUTPUT     ; 0.178             ;
; pooling_block:pool_inst|pool_h_cnt[1]                  ; pooling_block:pool_inst|current_state.WRITE_OUTPUT     ; 0.178             ;
; convolution_block:conv_inst|out_ch_cnt[2]              ; convolution_block:conv_inst|out_ch_cnt[2]              ; 0.150             ;
; convolution_block:conv_inst|out_h_cnt[2]               ; convolution_block:conv_inst|out_h_cnt[2]               ; 0.149             ;
; pooling_block:pool_inst|pool_accumulators[1].value[23] ; pooling_block:pool_inst|pool_accumulators[1].value[24] ; 0.149             ;
; pooling_block:pool_inst|pool_accumulators[1].value[22] ; pooling_block:pool_inst|pool_accumulators[1].value[24] ; 0.149             ;
; pooling_block:pool_inst|pool_accumulators[1].value[21] ; pooling_block:pool_inst|pool_accumulators[1].value[24] ; 0.149             ;
; pooling_block:pool_inst|pool_accumulators[1].value[20] ; pooling_block:pool_inst|pool_accumulators[1].value[24] ; 0.149             ;
; pooling_block:pool_inst|pool_accumulators[1].value[19] ; pooling_block:pool_inst|pool_accumulators[1].value[24] ; 0.149             ;
; pooling_block:pool_inst|pool_accumulators[1].value[18] ; pooling_block:pool_inst|pool_accumulators[1].value[24] ; 0.149             ;
; pooling_block:pool_inst|pool_accumulators[1].value[17] ; pooling_block:pool_inst|pool_accumulators[1].value[24] ; 0.149             ;
; pooling_block:pool_inst|pool_accumulators[1].value[16] ; pooling_block:pool_inst|pool_accumulators[1].value[24] ; 0.149             ;
; input_data[31]                                         ; pooling_block:pool_inst|pool_accumulators[1].value[24] ; 0.149             ;
; pooling_block:pool_inst|pool_accumulators[1].value[15] ; pooling_block:pool_inst|pool_accumulators[1].value[24] ; 0.149             ;
; input_data[30]                                         ; pooling_block:pool_inst|pool_accumulators[1].value[24] ; 0.149             ;
; pooling_block:pool_inst|pool_accumulators[1].value[14] ; pooling_block:pool_inst|pool_accumulators[1].value[24] ; 0.149             ;
; input_data[29]                                         ; pooling_block:pool_inst|pool_accumulators[1].value[24] ; 0.149             ;
; pooling_block:pool_inst|pool_accumulators[1].value[13] ; pooling_block:pool_inst|pool_accumulators[1].value[24] ; 0.149             ;
; input_data[28]                                         ; pooling_block:pool_inst|pool_accumulators[1].value[24] ; 0.149             ;
; pooling_block:pool_inst|pool_accumulators[1].value[12] ; pooling_block:pool_inst|pool_accumulators[1].value[24] ; 0.149             ;
; input_data[27]                                         ; pooling_block:pool_inst|pool_accumulators[1].value[24] ; 0.149             ;
+--------------------------------------------------------+--------------------------------------------------------+-------------------+
Note: This table only shows the top 100 path(s) that have the largest delay added for hold.


+-----------------+
; Fitter Messages ;
+-----------------+
Warning (18236): Number of processors has not been specified which may cause overloading on shared machines.  Set the global assignment NUM_PARALLEL_PROCESSORS in your QSF to an appropriate value for best performance.
Info (20030): Parallel compilation is enabled and will use 12 of the 12 processors detected
Info (119006): Selected device 5CSEMA5F31C6 for design "FPGA_accelerator"
Info (21077): Low junction temperature is 0 degrees C
Info (21077): High junction temperature is 85 degrees C
Info (171003): Fitter is performing an Auto Fit compilation, which may decrease Fitter effort to reduce compilation time
Warning (292013): Feature LogicLock is only available with a valid subscription license. You can purchase a software subscription to gain full access to this feature.
Warning (15714): Some pins have incomplete I/O assignments. Refer to the I/O Assignment Warnings report for details
Critical Warning (169085): No exact pin location assignment(s) for 285 pins of 285 total pins. For the list of pins please refer to the I/O Assignment Warnings table in the fitter report.
Info (184020): Starting Fitter periphery placement operations
Info (11191): Automatically promoted 2 clocks (2 global)
    Info (11162): clk~inputCLKENA0 with 394 fanout uses global clock CLKCTRL_G14
        Info (12525): This signal is driven by core routing -- it may be moved during placement to reduce routing delays
    Info (11162): rst~inputCLKENA0 with 258 fanout uses global clock CLKCTRL_G9
Warning (16406): 1 global input pin(s) will use non-dedicated clock routing
    Warning (16469): Source REFCLK I/O cannot be routed using dedicated clock routing for global clock driver clk~inputCLKENA0, placed at CLKCTRL_G14
        Info (179012): Refclk input I/O pad clk is placed onto PIN_AA26
Info (184021): Fitter periphery placement operations ending: elapsed time is 00:00:00
Info (176233): Starting register packing
Critical Warning (332012): Synopsys Design Constraints File file not found: 'FPGA_accelerator.sdc'. A Synopsys Design Constraints File is required by the Timing Analyzer to get proper timing constraints. Without it, the Compiler will not properly optimize the design.
Info (332144): No user constrained base clocks found in the design
Info (332143): No user constrained clock uncertainty found in the design. Calling "derive_clock_uncertainty"
Info (332123): Deriving Clock Uncertainty. Please refer to report_sdc in the Timing Analyzer to see clock uncertainties.
Info (332130): Timing requirements not specified -- quality metrics such as performance may be sacrificed to reduce compilation time.
Info (176235): Finished register packing
    Extra Info (176218): Packed 56 registers into blocks of type DSP block
Info (11798): Fitter preparation operations ending: elapsed time is 00:00:11
Info (170189): Fitter placement preparation operations beginning
Info (14951): The Fitter is using Advanced Physical Optimization.
Info (170190): Fitter placement preparation operations ending: elapsed time is 00:01:24
Info (170191): Fitter placement operations beginning
Info (170137): Fitter placement was successful
Info (170192): Fitter placement operations ending: elapsed time is 00:00:14
Info (170193): Fitter routing operations beginning
Info (170195): Router estimated average interconnect usage is 1% of the available device resources
    Info (170196): Router estimated peak interconnect usage is 17% of the available device resources in the region that extends from location X56_Y11 to location X66_Y22
Info (170199): The Fitter performed an Auto Fit compilation.  Optimizations were skipped to reduce compilation time.
    Info (170201): Optimizations that may affect the design's routability were skipped
Info (170194): Fitter routing operations ending: elapsed time is 00:00:12
Info (11888): Total time spent on timing analysis during the Fitter is 3.89 seconds.
Info (334003): Started post-fitting delay annotation
Info (334004): Delay annotation completed successfully
Info (334003): Started post-fitting delay annotation
Info (334004): Delay annotation completed successfully
Info (11801): Fitter post-fit operations ending: elapsed time is 00:00:08
Info (144001): Generated suppressed messages file C:/Users/cenic/OneDrive/Desktop/NEURAX/neurax/FPGA/output_files/FPGA_accelerator.fit.smsg
Info: Quartus Prime Fitter was successful. 0 errors, 7 warnings
    Info: Peak virtual memory: 7323 megabytes
    Info: Processing ended: Wed Sep 24 22:43:51 2025
    Info: Elapsed time: 00:04:09
    Info: Total CPU time (on all processors): 00:19:48


+----------------------------+
; Fitter Suppressed Messages ;
+----------------------------+
The suppressed messages can be found in C:/Users/cenic/OneDrive/Desktop/NEURAX/neurax/FPGA/output_files/FPGA_accelerator.fit.smsg.


