Analysis & Synthesis report for FPGA_accelerator
Wed Sep 24 22:39:41 2025
Quartus Prime Version 24.1std.0 Build 1077 03/04/2025 SC Lite Edition


---------------------
; Table of Contents ;
---------------------
  1. Legal Notice
  2. Analysis & Synthesis Summary
  3. Analysis & Synthesis Settings
  4. Parallel Compilation
  5. Analysis & Synthesis Source Files Read
  6. Analysis & Synthesis Resource Usage Summary
  7. Analysis & Synthesis Resource Utilization by Entity
  8. Analysis & Synthesis DSP Block Usage Summary
  9. State Machine - |FPGA_accelerator|current_state
 10. State Machine - |FPGA_accelerator|activation_block:act_inst|act_sel
 11. State Machine - |FPGA_accelerator|activation_block:act_inst|pipeline[3][2].activation_sel
 12. State Machine - |FPGA_accelerator|activation_block:act_inst|pipeline[3][1].activation_sel
 13. State Machine - |FPGA_accelerator|activation_block:act_inst|pipeline[3][0].activation_sel
 14. State Machine - |FPGA_accelerator|activation_block:act_inst|pipeline[2][2].activation_sel
 15. State Machine - |FPGA_accelerator|activation_block:act_inst|pipeline[2][1].activation_sel
 16. State Machine - |FPGA_accelerator|activation_block:act_inst|pipeline[2][0].activation_sel
 17. State Machine - |FPGA_accelerator|activation_block:act_inst|pipeline[1][2].activation_sel
 18. State Machine - |FPGA_accelerator|activation_block:act_inst|pipeline[1][1].activation_sel
 19. State Machine - |FPGA_accelerator|activation_block:act_inst|pipeline[1][0].activation_sel
 20. State Machine - |FPGA_accelerator|activation_block:act_inst|pipeline[0][2].activation_sel
 21. State Machine - |FPGA_accelerator|activation_block:act_inst|pipeline[0][1].activation_sel
 22. State Machine - |FPGA_accelerator|activation_block:act_inst|pipeline[0][0].activation_sel
 23. State Machine - |FPGA_accelerator|activation_block:act_inst|current_state
 24. State Machine - |FPGA_accelerator|pooling_block:pool_inst|current_state
 25. State Machine - |FPGA_accelerator|convolution_block:conv_inst|current_state
 26. Registers Removed During Synthesis
 27. Removed Registers Triggering Further Register Optimizations
 28. General Register Statistics
 29. Multiplexer Restructuring Statistics (Restructuring Performed)
 30. Parameter Settings for User Entity Instance: Top-level Entity: |FPGA_accelerator
 31. Parameter Settings for User Entity Instance: convolution_block:conv_inst
 32. Parameter Settings for User Entity Instance: pooling_block:pool_inst
 33. Parameter Settings for User Entity Instance: activation_block:act_inst
 34. Parameter Settings for Inferred Entity Instance: pooling_block:pool_inst|lpm_divide:Div0
 35. Parameter Settings for Inferred Entity Instance: pooling_block:pool_inst|lpm_divide:Div1
 36. Parameter Settings for Inferred Entity Instance: pooling_block:pool_inst|lpm_divide:Div2
 37. Parameter Settings for Inferred Entity Instance: pooling_block:pool_inst|lpm_divide:Div3
 38. Parameter Settings for Inferred Entity Instance: pooling_block:pool_inst|lpm_divide:Div4
 39. Parameter Settings for Inferred Entity Instance: convolution_block:conv_inst|lpm_divide:Div0
 40. Port Connectivity Checks: "activation_block:act_inst"
 41. Port Connectivity Checks: "pooling_block:pool_inst"
 42. Port Connectivity Checks: "convolution_block:conv_inst"
 43. Post-Synthesis Netlist Statistics for Top Partition
 44. Elapsed Time Per Partition
 45. Analysis & Synthesis Messages



----------------
; Legal Notice ;
----------------
Copyright (C) 2025  Altera Corporation. All rights reserved.
Your use of Altera Corporation's design tools, logic functions 
and other software and tools, and any partner logic 
functions, and any output files from any of the foregoing 
(including device programming or simulation files), and any 
associated documentation or information are expressly subject 
to the terms and conditions of the Altera Program License 
Subscription Agreement, the Altera Quartus Prime License Agreement,
the Altera IP License Agreement, or other applicable license
agreement, including, without limitation, that your use is for
the sole purpose of programming logic devices manufactured by
Altera and sold by Altera or its authorized distributors.  Please
refer to the Altera Software License Subscription Agreements 
on the Quartus Prime software download page.



+-----------------------------------------------------------------------------------+
; Analysis & Synthesis Summary                                                      ;
+---------------------------------+-------------------------------------------------+
; Analysis & Synthesis Status     ; Successful - Wed Sep 24 22:39:41 2025           ;
; Quartus Prime Version           ; 24.1std.0 Build 1077 03/04/2025 SC Lite Edition ;
; Revision Name                   ; FPGA_accelerator                                ;
; Top-level Entity Name           ; FPGA_accelerator                                ;
; Family                          ; Cyclone V                                       ;
; Logic utilization (in ALMs)     ; N/A                                             ;
; Total registers                 ; 394                                             ;
; Total pins                      ; 285                                             ;
; Total virtual pins              ; 0                                               ;
; Total block memory bits         ; 0                                               ;
; Total DSP Blocks                ; 1                                               ;
; Total HSSI RX PCSs              ; 0                                               ;
; Total HSSI PMA RX Deserializers ; 0                                               ;
; Total HSSI TX PCSs              ; 0                                               ;
; Total HSSI PMA TX Serializers   ; 0                                               ;
; Total PLLs                      ; 0                                               ;
; Total DLLs                      ; 0                                               ;
+---------------------------------+-------------------------------------------------+


+---------------------------------------------------------------------------------------------------------------------------+
; Analysis & Synthesis Settings                                                                                             ;
+---------------------------------------------------------------------------------+--------------------+--------------------+
; Option                                                                          ; Setting            ; Default Value      ;
+---------------------------------------------------------------------------------+--------------------+--------------------+
; Device                                                                          ; 5CSEMA5F31C6       ;                    ;
; Top-level entity name                                                           ; FPGA_accelerator   ; FPGA_accelerator   ;
; Family name                                                                     ; Cyclone V          ; Cyclone V          ;
; Use smart compilation                                                           ; Off                ; Off                ;
; Enable parallel Assembler and Timing Analyzer during compilation                ; On                 ; On                 ;
; Enable compact report table                                                     ; Off                ; Off                ;
; Restructure Multiplexers                                                        ; Auto               ; Auto               ;
; MLAB Add Timing Constraints For Mixed-Port Feed-Through Mode Setting Don't Care ; Off                ; Off                ;
; Create Debugging Nodes for IP Cores                                             ; Off                ; Off                ;
; Preserve fewer node names                                                       ; On                 ; On                 ;
; Intel FPGA IP Evaluation Mode                                                   ; Enable             ; Enable             ;
; Verilog Version                                                                 ; Verilog_2001       ; Verilog_2001       ;
; VHDL Version                                                                    ; VHDL_1993          ; VHDL_1993          ;
; State Machine Processing                                                        ; Auto               ; Auto               ;
; Safe State Machine                                                              ; Off                ; Off                ;
; Extract Verilog State Machines                                                  ; On                 ; On                 ;
; Extract VHDL State Machines                                                     ; On                 ; On                 ;
; Ignore Verilog initial constructs                                               ; Off                ; Off                ;
; Iteration limit for constant Verilog loops                                      ; 5000               ; 5000               ;
; Iteration limit for non-constant Verilog loops                                  ; 250                ; 250                ;
; Add Pass-Through Logic to Inferred RAMs                                         ; On                 ; On                 ;
; Infer RAMs from Raw Logic                                                       ; On                 ; On                 ;
; Parallel Synthesis                                                              ; On                 ; On                 ;
; DSP Block Balancing                                                             ; Auto               ; Auto               ;
; NOT Gate Push-Back                                                              ; On                 ; On                 ;
; Power-Up Don't Care                                                             ; On                 ; On                 ;
; Remove Redundant Logic Cells                                                    ; Off                ; Off                ;
; Remove Duplicate Registers                                                      ; On                 ; On                 ;
; Ignore CARRY Buffers                                                            ; Off                ; Off                ;
; Ignore CASCADE Buffers                                                          ; Off                ; Off                ;
; Ignore GLOBAL Buffers                                                           ; Off                ; Off                ;
; Ignore ROW GLOBAL Buffers                                                       ; Off                ; Off                ;
; Ignore LCELL Buffers                                                            ; Off                ; Off                ;
; Ignore SOFT Buffers                                                             ; On                 ; On                 ;
; Limit AHDL Integers to 32 Bits                                                  ; Off                ; Off                ;
; Optimization Technique                                                          ; Balanced           ; Balanced           ;
; Carry Chain Length                                                              ; 70                 ; 70                 ;
; Auto Carry Chains                                                               ; On                 ; On                 ;
; Auto Open-Drain Pins                                                            ; On                 ; On                 ;
; Perform WYSIWYG Primitive Resynthesis                                           ; Off                ; Off                ;
; Auto ROM Replacement                                                            ; On                 ; On                 ;
; Auto RAM Replacement                                                            ; On                 ; On                 ;
; Auto DSP Block Replacement                                                      ; On                 ; On                 ;
; Auto Shift Register Replacement                                                 ; Auto               ; Auto               ;
; Allow Shift Register Merging across Hierarchies                                 ; Auto               ; Auto               ;
; Auto Clock Enable Replacement                                                   ; On                 ; On                 ;
; Strict RAM Replacement                                                          ; Off                ; Off                ;
; Allow Synchronous Control Signals                                               ; On                 ; On                 ;
; Force Use of Synchronous Clear Signals                                          ; Off                ; Off                ;
; Auto Resource Sharing                                                           ; Off                ; Off                ;
; Allow Any RAM Size For Recognition                                              ; Off                ; Off                ;
; Allow Any ROM Size For Recognition                                              ; Off                ; Off                ;
; Allow Any Shift Register Size For Recognition                                   ; Off                ; Off                ;
; Use LogicLock Constraints during Resource Balancing                             ; On                 ; On                 ;
; Ignore translate_off and synthesis_off directives                               ; Off                ; Off                ;
; Timing-Driven Synthesis                                                         ; On                 ; On                 ;
; Report Parameter Settings                                                       ; On                 ; On                 ;
; Report Source Assignments                                                       ; On                 ; On                 ;
; Report Connectivity Checks                                                      ; On                 ; On                 ;
; Ignore Maximum Fan-Out Assignments                                              ; Off                ; Off                ;
; Synchronization Register Chain Length                                           ; 3                  ; 3                  ;
; Power Optimization During Synthesis                                             ; Normal compilation ; Normal compilation ;
; HDL message level                                                               ; Level2             ; Level2             ;
; Suppress Register Optimization Related Messages                                 ; Off                ; Off                ;
; Number of Removed Registers Reported in Synthesis Report                        ; 5000               ; 5000               ;
; Number of Swept Nodes Reported in Synthesis Report                              ; 5000               ; 5000               ;
; Number of Inverted Registers Reported in Synthesis Report                       ; 100                ; 100                ;
; Clock MUX Protection                                                            ; On                 ; On                 ;
; Auto Gated Clock Conversion                                                     ; Off                ; Off                ;
; Block Design Naming                                                             ; Auto               ; Auto               ;
; SDC constraint protection                                                       ; Off                ; Off                ;
; Synthesis Effort                                                                ; Auto               ; Auto               ;
; Shift Register Replacement - Allow Asynchronous Clear Signal                    ; On                 ; On                 ;
; Pre-Mapping Resynthesis Optimization                                            ; Off                ; Off                ;
; Analysis & Synthesis Message Level                                              ; Medium             ; Medium             ;
; Disable Register Merging Across Hierarchies                                     ; Auto               ; Auto               ;
; Resource Aware Inference For Block RAM                                          ; On                 ; On                 ;
; Automatic Parallel Synthesis                                                    ; On                 ; On                 ;
; Partial Reconfiguration Bitstream ID                                            ; Off                ; Off                ;
+---------------------------------------------------------------------------------+--------------------+--------------------+


+------------------------------------------+
; Parallel Compilation                     ;
+----------------------------+-------------+
; Processors                 ; Number      ;
+----------------------------+-------------+
; Number detected on machine ; 12          ;
; Maximum allowed            ; 12          ;
;                            ;             ;
; Average used               ; 1.00        ;
; Maximum used               ; 12          ;
;                            ;             ;
; Usage by Processor         ; % Time Used ;
;     Processor 1            ; 100.0%      ;
;     Processor 2            ;   0.0%      ;
;     Processor 3            ;   0.0%      ;
;     Processor 4            ;   0.0%      ;
;     Processor 5            ;   0.0%      ;
;     Processor 6            ;   0.0%      ;
;     Processor 7            ;   0.0%      ;
;     Processor 8            ;   0.0%      ;
;     Processors 9-12        ;   0.0%      ;
+----------------------------+-------------+


+-----------------------------------------------------------------------------------------------------------------------------------------------------------------------------+
; Analysis & Synthesis Source Files Read                                                                                                                                      ;
+----------------------------------+-----------------+------------------------------+-------------------------------------------------------------------------------+---------+
; File Name with User-Entered Path ; Used in Netlist ; File Type                    ; File Name with Absolute Path                                                  ; Library ;
+----------------------------------+-----------------+------------------------------+-------------------------------------------------------------------------------+---------+
; FPGA_accelerator.vhd             ; yes             ; User VHDL File               ; C:/Users/cenic/OneDrive/Desktop/NEURAX/neurax/FPGA/FPGA_accelerator.vhd       ;         ;
; pooling_block.vhd                ; yes             ; User VHDL File               ; C:/Users/cenic/OneDrive/Desktop/NEURAX/neurax/FPGA/pooling_block.vhd          ;         ;
; convolution_block.vhd            ; yes             ; Auto-Found VHDL File         ; C:/Users/cenic/OneDrive/Desktop/NEURAX/neurax/FPGA/convolution_block.vhd      ;         ;
; activation_block.vhd             ; yes             ; Auto-Found VHDL File         ; C:/Users/cenic/OneDrive/Desktop/NEURAX/neurax/FPGA/activation_block.vhd       ;         ;
; lpm_divide.tdf                   ; yes             ; Megafunction                 ; c:/intelfpga_lite/24.1std/quartus/libraries/megafunctions/lpm_divide.tdf      ;         ;
; abs_divider.inc                  ; yes             ; Megafunction                 ; c:/intelfpga_lite/24.1std/quartus/libraries/megafunctions/abs_divider.inc     ;         ;
; sign_div_unsign.inc              ; yes             ; Megafunction                 ; c:/intelfpga_lite/24.1std/quartus/libraries/megafunctions/sign_div_unsign.inc ;         ;
; aglobal241.inc                   ; yes             ; Megafunction                 ; c:/intelfpga_lite/24.1std/quartus/libraries/megafunctions/aglobal241.inc      ;         ;
; db/lpm_divide_tno.tdf            ; yes             ; Auto-Generated Megafunction  ; C:/Users/cenic/OneDrive/Desktop/NEURAX/neurax/FPGA/db/lpm_divide_tno.tdf      ;         ;
; db/abs_divider_6ag.tdf           ; yes             ; Auto-Generated Megafunction  ; C:/Users/cenic/OneDrive/Desktop/NEURAX/neurax/FPGA/db/abs_divider_6ag.tdf     ;         ;
; db/alt_u_div_rse.tdf             ; yes             ; Auto-Generated Megafunction  ; C:/Users/cenic/OneDrive/Desktop/NEURAX/neurax/FPGA/db/alt_u_div_rse.tdf       ;         ;
; db/lpm_abs_kn9.tdf               ; yes             ; Auto-Generated Megafunction  ; C:/Users/cenic/OneDrive/Desktop/NEURAX/neurax/FPGA/db/lpm_abs_kn9.tdf         ;         ;
; db/lpm_abs_ln9.tdf               ; yes             ; Auto-Generated Megafunction  ; C:/Users/cenic/OneDrive/Desktop/NEURAX/neurax/FPGA/db/lpm_abs_ln9.tdf         ;         ;
; db/lpm_divide_epo.tdf            ; yes             ; Auto-Generated Megafunction  ; C:/Users/cenic/OneDrive/Desktop/NEURAX/neurax/FPGA/db/lpm_divide_epo.tdf      ;         ;
; db/abs_divider_nbg.tdf           ; yes             ; Auto-Generated Megafunction  ; C:/Users/cenic/OneDrive/Desktop/NEURAX/neurax/FPGA/db/abs_divider_nbg.tdf     ;         ;
; db/alt_u_div_uve.tdf             ; yes             ; Auto-Generated Megafunction  ; C:/Users/cenic/OneDrive/Desktop/NEURAX/neurax/FPGA/db/alt_u_div_uve.tdf       ;         ;
; db/lpm_abs_nn9.tdf               ; yes             ; Auto-Generated Megafunction  ; C:/Users/cenic/OneDrive/Desktop/NEURAX/neurax/FPGA/db/lpm_abs_nn9.tdf         ;         ;
; db/lpm_abs_4p9.tdf               ; yes             ; Auto-Generated Megafunction  ; C:/Users/cenic/OneDrive/Desktop/NEURAX/neurax/FPGA/db/lpm_abs_4p9.tdf         ;         ;
; db/lpm_divide_sno.tdf            ; yes             ; Auto-Generated Megafunction  ; C:/Users/cenic/OneDrive/Desktop/NEURAX/neurax/FPGA/db/lpm_divide_sno.tdf      ;         ;
; db/abs_divider_5ag.tdf           ; yes             ; Auto-Generated Megafunction  ; C:/Users/cenic/OneDrive/Desktop/NEURAX/neurax/FPGA/db/abs_divider_5ag.tdf     ;         ;
; db/alt_u_div_qse.tdf             ; yes             ; Auto-Generated Megafunction  ; C:/Users/cenic/OneDrive/Desktop/NEURAX/neurax/FPGA/db/alt_u_div_qse.tdf       ;         ;
; db/lpm_abs_jn9.tdf               ; yes             ; Auto-Generated Megafunction  ; C:/Users/cenic/OneDrive/Desktop/NEURAX/neurax/FPGA/db/lpm_abs_jn9.tdf         ;         ;
; db/lpm_abs_mn9.tdf               ; yes             ; Auto-Generated Megafunction  ; C:/Users/cenic/OneDrive/Desktop/NEURAX/neurax/FPGA/db/lpm_abs_mn9.tdf         ;         ;
+----------------------------------+-----------------+------------------------------+-------------------------------------------------------------------------------+---------+


+---------------------------------------------------------+
; Analysis & Synthesis Resource Usage Summary             ;
+---------------------------------------------+-----------+
; Resource                                    ; Usage     ;
+---------------------------------------------+-----------+
; Estimate of Logic utilization (ALMs needed) ; 2045      ;
;                                             ;           ;
; Combinational ALUT usage for logic          ; 3838      ;
;     -- 7 input functions                    ; 10        ;
;     -- 6 input functions                    ; 226       ;
;     -- 5 input functions                    ; 492       ;
;     -- 4 input functions                    ; 1197      ;
;     -- <=3 input functions                  ; 1913      ;
;                                             ;           ;
; Dedicated logic registers                   ; 394       ;
;                                             ;           ;
; I/O pins                                    ; 285       ;
;                                             ;           ;
; Total DSP Blocks                            ; 1         ;
;                                             ;           ;
; Maximum fan-out node                        ; clk~input ;
; Maximum fan-out                             ; 394       ;
; Total fan-out                               ; 15403     ;
; Average fan-out                             ; 3.21      ;
+---------------------------------------------+-----------+


+----------------------------------------------------------------------------------------------------------------------------------------------------------------------------------------------------------------------------------------------------------------------------------------------------------------------------------+
; Analysis & Synthesis Resource Utilization by Entity                                                                                                                                                                                                                                                                              ;
+------------------------------------------+---------------------+---------------------------+-------------------+------------+------+--------------+-------------------------------------------------------------------------------------------------------------------------------------------+-------------------+--------------+
; Compilation Hierarchy Node               ; Combinational ALUTs ; Dedicated Logic Registers ; Block Memory Bits ; DSP Blocks ; Pins ; Virtual Pins ; Full Hierarchy Name                                                                                                                       ; Entity Name       ; Library Name ;
+------------------------------------------+---------------------+---------------------------+-------------------+------------+------+--------------+-------------------------------------------------------------------------------------------------------------------------------------------+-------------------+--------------+
; |FPGA_accelerator                        ; 3838 (176)          ; 394 (39)                  ; 0                 ; 1          ; 285  ; 0            ; |FPGA_accelerator                                                                                                                         ; FPGA_accelerator  ; work         ;
;    |activation_block:act_inst|           ; 1 (1)               ; 1 (1)                     ; 0                 ; 0          ; 0    ; 0            ; |FPGA_accelerator|activation_block:act_inst                                                                                               ; activation_block  ; work         ;
;    |convolution_block:conv_inst|         ; 221 (172)           ; 128 (128)                 ; 0                 ; 1          ; 0    ; 0            ; |FPGA_accelerator|convolution_block:conv_inst                                                                                             ; convolution_block ; work         ;
;       |lpm_divide:Div0|                  ; 49 (0)              ; 0 (0)                     ; 0                 ; 0          ; 0    ; 0            ; |FPGA_accelerator|convolution_block:conv_inst|lpm_divide:Div0                                                                             ; lpm_divide        ; work         ;
;          |lpm_divide_sno:auto_generated| ; 49 (0)              ; 0 (0)                     ; 0                 ; 0          ; 0    ; 0            ; |FPGA_accelerator|convolution_block:conv_inst|lpm_divide:Div0|lpm_divide_sno:auto_generated                                               ; lpm_divide_sno    ; work         ;
;             |abs_divider_5ag:divider|    ; 49 (0)              ; 0 (0)                     ; 0                 ; 0          ; 0    ; 0            ; |FPGA_accelerator|convolution_block:conv_inst|lpm_divide:Div0|lpm_divide_sno:auto_generated|abs_divider_5ag:divider                       ; abs_divider_5ag   ; work         ;
;                |alt_u_div_qse:divider|   ; 49 (49)             ; 0 (0)                     ; 0                 ; 0          ; 0    ; 0            ; |FPGA_accelerator|convolution_block:conv_inst|lpm_divide:Div0|lpm_divide_sno:auto_generated|abs_divider_5ag:divider|alt_u_div_qse:divider ; alt_u_div_qse     ; work         ;
;    |pooling_block:pool_inst|             ; 3440 (691)          ; 226 (226)                 ; 0                 ; 0          ; 0    ; 0            ; |FPGA_accelerator|pooling_block:pool_inst                                                                                                 ; pooling_block     ; work         ;
;       |lpm_divide:Div0|                  ; 61 (0)              ; 0 (0)                     ; 0                 ; 0          ; 0    ; 0            ; |FPGA_accelerator|pooling_block:pool_inst|lpm_divide:Div0                                                                                 ; lpm_divide        ; work         ;
;          |lpm_divide_tno:auto_generated| ; 61 (0)              ; 0 (0)                     ; 0                 ; 0          ; 0    ; 0            ; |FPGA_accelerator|pooling_block:pool_inst|lpm_divide:Div0|lpm_divide_tno:auto_generated                                                   ; lpm_divide_tno    ; work         ;
;             |abs_divider_6ag:divider|    ; 61 (12)             ; 0 (0)                     ; 0                 ; 0          ; 0    ; 0            ; |FPGA_accelerator|pooling_block:pool_inst|lpm_divide:Div0|lpm_divide_tno:auto_generated|abs_divider_6ag:divider                           ; abs_divider_6ag   ; work         ;
;                |alt_u_div_rse:divider|   ; 44 (44)             ; 0 (0)                     ; 0                 ; 0          ; 0    ; 0            ; |FPGA_accelerator|pooling_block:pool_inst|lpm_divide:Div0|lpm_divide_tno:auto_generated|abs_divider_6ag:divider|alt_u_div_rse:divider     ; alt_u_div_rse     ; work         ;
;                |lpm_abs_ln9:my_abs_num|  ; 5 (5)               ; 0 (0)                     ; 0                 ; 0          ; 0    ; 0            ; |FPGA_accelerator|pooling_block:pool_inst|lpm_divide:Div0|lpm_divide_tno:auto_generated|abs_divider_6ag:divider|lpm_abs_ln9:my_abs_num    ; lpm_abs_ln9       ; work         ;
;       |lpm_divide:Div1|                  ; 672 (0)             ; 0 (0)                     ; 0                 ; 0          ; 0    ; 0            ; |FPGA_accelerator|pooling_block:pool_inst|lpm_divide:Div1                                                                                 ; lpm_divide        ; work         ;
;          |lpm_divide_epo:auto_generated| ; 672 (0)             ; 0 (0)                     ; 0                 ; 0          ; 0    ; 0            ; |FPGA_accelerator|pooling_block:pool_inst|lpm_divide:Div1|lpm_divide_epo:auto_generated                                                   ; lpm_divide_epo    ; work         ;
;             |abs_divider_nbg:divider|    ; 672 (32)            ; 0 (0)                     ; 0                 ; 0          ; 0    ; 0            ; |FPGA_accelerator|pooling_block:pool_inst|lpm_divide:Div1|lpm_divide_epo:auto_generated|abs_divider_nbg:divider                           ; abs_divider_nbg   ; work         ;
;                |alt_u_div_uve:divider|   ; 608 (608)           ; 0 (0)                     ; 0                 ; 0          ; 0    ; 0            ; |FPGA_accelerator|pooling_block:pool_inst|lpm_divide:Div1|lpm_divide_epo:auto_generated|abs_divider_nbg:divider|alt_u_div_uve:divider     ; alt_u_div_uve     ; work         ;
;                |lpm_abs_4p9:my_abs_num|  ; 32 (32)             ; 0 (0)                     ; 0                 ; 0          ; 0    ; 0            ; |FPGA_accelerator|pooling_block:pool_inst|lpm_divide:Div1|lpm_divide_epo:auto_generated|abs_divider_nbg:divider|lpm_abs_4p9:my_abs_num    ; lpm_abs_4p9       ; work         ;
;       |lpm_divide:Div2|                  ; 672 (0)             ; 0 (0)                     ; 0                 ; 0          ; 0    ; 0            ; |FPGA_accelerator|pooling_block:pool_inst|lpm_divide:Div2                                                                                 ; lpm_divide        ; work         ;
;          |lpm_divide_epo:auto_generated| ; 672 (0)             ; 0 (0)                     ; 0                 ; 0          ; 0    ; 0            ; |FPGA_accelerator|pooling_block:pool_inst|lpm_divide:Div2|lpm_divide_epo:auto_generated                                                   ; lpm_divide_epo    ; work         ;
;             |abs_divider_nbg:divider|    ; 672 (32)            ; 0 (0)                     ; 0                 ; 0          ; 0    ; 0            ; |FPGA_accelerator|pooling_block:pool_inst|lpm_divide:Div2|lpm_divide_epo:auto_generated|abs_divider_nbg:divider                           ; abs_divider_nbg   ; work         ;
;                |alt_u_div_uve:divider|   ; 608 (608)           ; 0 (0)                     ; 0                 ; 0          ; 0    ; 0            ; |FPGA_accelerator|pooling_block:pool_inst|lpm_divide:Div2|lpm_divide_epo:auto_generated|abs_divider_nbg:divider|alt_u_div_uve:divider     ; alt_u_div_uve     ; work         ;
;                |lpm_abs_4p9:my_abs_num|  ; 32 (32)             ; 0 (0)                     ; 0                 ; 0          ; 0    ; 0            ; |FPGA_accelerator|pooling_block:pool_inst|lpm_divide:Div2|lpm_divide_epo:auto_generated|abs_divider_nbg:divider|lpm_abs_4p9:my_abs_num    ; lpm_abs_4p9       ; work         ;
;       |lpm_divide:Div3|                  ; 672 (0)             ; 0 (0)                     ; 0                 ; 0          ; 0    ; 0            ; |FPGA_accelerator|pooling_block:pool_inst|lpm_divide:Div3                                                                                 ; lpm_divide        ; work         ;
;          |lpm_divide_epo:auto_generated| ; 672 (0)             ; 0 (0)                     ; 0                 ; 0          ; 0    ; 0            ; |FPGA_accelerator|pooling_block:pool_inst|lpm_divide:Div3|lpm_divide_epo:auto_generated                                                   ; lpm_divide_epo    ; work         ;
;             |abs_divider_nbg:divider|    ; 672 (32)            ; 0 (0)                     ; 0                 ; 0          ; 0    ; 0            ; |FPGA_accelerator|pooling_block:pool_inst|lpm_divide:Div3|lpm_divide_epo:auto_generated|abs_divider_nbg:divider                           ; abs_divider_nbg   ; work         ;
;                |alt_u_div_uve:divider|   ; 608 (608)           ; 0 (0)                     ; 0                 ; 0          ; 0    ; 0            ; |FPGA_accelerator|pooling_block:pool_inst|lpm_divide:Div3|lpm_divide_epo:auto_generated|abs_divider_nbg:divider|alt_u_div_uve:divider     ; alt_u_div_uve     ; work         ;
;                |lpm_abs_4p9:my_abs_num|  ; 32 (32)             ; 0 (0)                     ; 0                 ; 0          ; 0    ; 0            ; |FPGA_accelerator|pooling_block:pool_inst|lpm_divide:Div3|lpm_divide_epo:auto_generated|abs_divider_nbg:divider|lpm_abs_4p9:my_abs_num    ; lpm_abs_4p9       ; work         ;
;       |lpm_divide:Div4|                  ; 672 (0)             ; 0 (0)                     ; 0                 ; 0          ; 0    ; 0            ; |FPGA_accelerator|pooling_block:pool_inst|lpm_divide:Div4                                                                                 ; lpm_divide        ; work         ;
;          |lpm_divide_epo:auto_generated| ; 672 (0)             ; 0 (0)                     ; 0                 ; 0          ; 0    ; 0            ; |FPGA_accelerator|pooling_block:pool_inst|lpm_divide:Div4|lpm_divide_epo:auto_generated                                                   ; lpm_divide_epo    ; work         ;
;             |abs_divider_nbg:divider|    ; 672 (32)            ; 0 (0)                     ; 0                 ; 0          ; 0    ; 0            ; |FPGA_accelerator|pooling_block:pool_inst|lpm_divide:Div4|lpm_divide_epo:auto_generated|abs_divider_nbg:divider                           ; abs_divider_nbg   ; work         ;
;                |alt_u_div_uve:divider|   ; 608 (608)           ; 0 (0)                     ; 0                 ; 0          ; 0    ; 0            ; |FPGA_accelerator|pooling_block:pool_inst|lpm_divide:Div4|lpm_divide_epo:auto_generated|abs_divider_nbg:divider|alt_u_div_uve:divider     ; alt_u_div_uve     ; work         ;
;                |lpm_abs_4p9:my_abs_num|  ; 32 (32)             ; 0 (0)                     ; 0                 ; 0          ; 0    ; 0            ; |FPGA_accelerator|pooling_block:pool_inst|lpm_divide:Div4|lpm_divide_epo:auto_generated|abs_divider_nbg:divider|lpm_abs_4p9:my_abs_num    ; lpm_abs_4p9       ; work         ;
+------------------------------------------+---------------------+---------------------------+-------------------+------------+------+--------------+-------------------------------------------------------------------------------------------------------------------------------------------+-------------------+--------------+
Note: For table entries with two numbers listed, the numbers in parentheses indicate the number of resources of the given type used by the specific entity alone. The numbers listed outside of parentheses indicate the total resources of the given type used by the specific entity and all of its sub-entities in the hierarchy.


+----------------------------------------------+
; Analysis & Synthesis DSP Block Usage Summary ;
+-------------------------------+--------------+
; Statistic                     ; Number Used  ;
+-------------------------------+--------------+
; Two Independent 18x18         ; 1            ;
; Total number of DSP blocks    ; 1            ;
;                               ;              ;
; Fixed Point Signed Multiplier ; 1            ;
+-------------------------------+--------------+


Encoding Type:  One-Hot
+-------------------------------------------------------------------------------------------------------------------------------------------+
; State Machine - |FPGA_accelerator|current_state                                                                                           ;
+-----------------------+-----------------------+----------------------+-----------------------+-----------------------+--------------------+
; Name                  ; current_state.DONE_ST ; current_state.ACT_OP ; current_state.POOL_OP ; current_state.CONV_OP ; current_state.IDLE ;
+-----------------------+-----------------------+----------------------+-----------------------+-----------------------+--------------------+
; current_state.IDLE    ; 0                     ; 0                    ; 0                     ; 0                     ; 0                  ;
; current_state.CONV_OP ; 0                     ; 0                    ; 0                     ; 1                     ; 1                  ;
; current_state.POOL_OP ; 0                     ; 0                    ; 1                     ; 0                     ; 1                  ;
; current_state.ACT_OP  ; 0                     ; 1                    ; 0                     ; 0                     ; 1                  ;
; current_state.DONE_ST ; 1                     ; 0                    ; 0                     ; 0                     ; 1                  ;
+-----------------------+-----------------------+----------------------+-----------------------+-----------------------+--------------------+


Encoding Type:  One-Hot
+------------------------------------------------------------------------------------------------------------------------+
; State Machine - |FPGA_accelerator|activation_block:act_inst|act_sel                                                    ;
+--------------------+-------------+--------------------+----------------+--------------+-----------------+--------------+
; Name               ; act_sel.ELU ; act_sel.LEAKY_RELU ; act_sel.LINEAR ; act_sel.TANH ; act_sel.SIGMOID ; act_sel.RELU ;
+--------------------+-------------+--------------------+----------------+--------------+-----------------+--------------+
; act_sel.RELU       ; 0           ; 0                  ; 0              ; 0            ; 0               ; 0            ;
; act_sel.SIGMOID    ; 0           ; 0                  ; 0              ; 0            ; 1               ; 1            ;
; act_sel.TANH       ; 0           ; 0                  ; 0              ; 1            ; 0               ; 1            ;
; act_sel.LINEAR     ; 0           ; 0                  ; 1              ; 0            ; 0               ; 1            ;
; act_sel.LEAKY_RELU ; 0           ; 1                  ; 0              ; 0            ; 0               ; 1            ;
; act_sel.ELU        ; 1           ; 0                  ; 0              ; 0            ; 0               ; 1            ;
+--------------------+-------------+--------------------+----------------+--------------+-----------------+--------------+


Encoding Type:  One-Hot
+----------------------------------------------------------------------------------------------------------------------------------------------------------------------------------------------------------------------------------------------------------------------------------+
; State Machine - |FPGA_accelerator|activation_block:act_inst|pipeline[3][2].activation_sel                                                                                                                                                                                        ;
+------------------------------------------+-----------------------------------+------------------------------------------+--------------------------------------+------------------------------------+---------------------------------------+------------------------------------+
; Name                                     ; pipeline[3][2].activation_sel.ELU ; pipeline[3][2].activation_sel.LEAKY_RELU ; pipeline[3][2].activation_sel.LINEAR ; pipeline[3][2].activation_sel.TANH ; pipeline[3][2].activation_sel.SIGMOID ; pipeline[3][2].activation_sel.RELU ;
+------------------------------------------+-----------------------------------+------------------------------------------+--------------------------------------+------------------------------------+---------------------------------------+------------------------------------+
; pipeline[3][2].activation_sel.RELU       ; 0                                 ; 0                                        ; 0                                    ; 0                                  ; 0                                     ; 0                                  ;
; pipeline[3][2].activation_sel.SIGMOID    ; 0                                 ; 0                                        ; 0                                    ; 0                                  ; 1                                     ; 1                                  ;
; pipeline[3][2].activation_sel.TANH       ; 0                                 ; 0                                        ; 0                                    ; 1                                  ; 0                                     ; 1                                  ;
; pipeline[3][2].activation_sel.LINEAR     ; 0                                 ; 0                                        ; 1                                    ; 0                                  ; 0                                     ; 1                                  ;
; pipeline[3][2].activation_sel.LEAKY_RELU ; 0                                 ; 1                                        ; 0                                    ; 0                                  ; 0                                     ; 1                                  ;
; pipeline[3][2].activation_sel.ELU        ; 1                                 ; 0                                        ; 0                                    ; 0                                  ; 0                                     ; 1                                  ;
+------------------------------------------+-----------------------------------+------------------------------------------+--------------------------------------+------------------------------------+---------------------------------------+------------------------------------+


Encoding Type:  One-Hot
+----------------------------------------------------------------------------------------------------------------------------------------------------------------------------------------------------------------------------------------------------------------------------------+
; State Machine - |FPGA_accelerator|activation_block:act_inst|pipeline[3][1].activation_sel                                                                                                                                                                                        ;
+------------------------------------------+-----------------------------------+------------------------------------------+--------------------------------------+------------------------------------+---------------------------------------+------------------------------------+
; Name                                     ; pipeline[3][1].activation_sel.ELU ; pipeline[3][1].activation_sel.LEAKY_RELU ; pipeline[3][1].activation_sel.LINEAR ; pipeline[3][1].activation_sel.TANH ; pipeline[3][1].activation_sel.SIGMOID ; pipeline[3][1].activation_sel.RELU ;
+------------------------------------------+-----------------------------------+------------------------------------------+--------------------------------------+------------------------------------+---------------------------------------+------------------------------------+
; pipeline[3][1].activation_sel.RELU       ; 0                                 ; 0                                        ; 0                                    ; 0                                  ; 0                                     ; 0                                  ;
; pipeline[3][1].activation_sel.SIGMOID    ; 0                                 ; 0                                        ; 0                                    ; 0                                  ; 1                                     ; 1                                  ;
; pipeline[3][1].activation_sel.TANH       ; 0                                 ; 0                                        ; 0                                    ; 1                                  ; 0                                     ; 1                                  ;
; pipeline[3][1].activation_sel.LINEAR     ; 0                                 ; 0                                        ; 1                                    ; 0                                  ; 0                                     ; 1                                  ;
; pipeline[3][1].activation_sel.LEAKY_RELU ; 0                                 ; 1                                        ; 0                                    ; 0                                  ; 0                                     ; 1                                  ;
; pipeline[3][1].activation_sel.ELU        ; 1                                 ; 0                                        ; 0                                    ; 0                                  ; 0                                     ; 1                                  ;
+------------------------------------------+-----------------------------------+------------------------------------------+--------------------------------------+------------------------------------+---------------------------------------+------------------------------------+


Encoding Type:  One-Hot
+----------------------------------------------------------------------------------------------------------------------------------------------------------------------------------------------------------------------------------------------------------------------------------+
; State Machine - |FPGA_accelerator|activation_block:act_inst|pipeline[3][0].activation_sel                                                                                                                                                                                        ;
+------------------------------------------+-----------------------------------+------------------------------------------+--------------------------------------+------------------------------------+---------------------------------------+------------------------------------+
; Name                                     ; pipeline[3][0].activation_sel.ELU ; pipeline[3][0].activation_sel.LEAKY_RELU ; pipeline[3][0].activation_sel.LINEAR ; pipeline[3][0].activation_sel.TANH ; pipeline[3][0].activation_sel.SIGMOID ; pipeline[3][0].activation_sel.RELU ;
+------------------------------------------+-----------------------------------+------------------------------------------+--------------------------------------+------------------------------------+---------------------------------------+------------------------------------+
; pipeline[3][0].activation_sel.RELU       ; 0                                 ; 0                                        ; 0                                    ; 0                                  ; 0                                     ; 0                                  ;
; pipeline[3][0].activation_sel.SIGMOID    ; 0                                 ; 0                                        ; 0                                    ; 0                                  ; 1                                     ; 1                                  ;
; pipeline[3][0].activation_sel.TANH       ; 0                                 ; 0                                        ; 0                                    ; 1                                  ; 0                                     ; 1                                  ;
; pipeline[3][0].activation_sel.LINEAR     ; 0                                 ; 0                                        ; 1                                    ; 0                                  ; 0                                     ; 1                                  ;
; pipeline[3][0].activation_sel.LEAKY_RELU ; 0                                 ; 1                                        ; 0                                    ; 0                                  ; 0                                     ; 1                                  ;
; pipeline[3][0].activation_sel.ELU        ; 1                                 ; 0                                        ; 0                                    ; 0                                  ; 0                                     ; 1                                  ;
+------------------------------------------+-----------------------------------+------------------------------------------+--------------------------------------+------------------------------------+---------------------------------------+------------------------------------+


Encoding Type:  One-Hot
+----------------------------------------------------------------------------------------------------------------------------------------------------------------------------------------------------------------------------------------------------------------------------------+
; State Machine - |FPGA_accelerator|activation_block:act_inst|pipeline[2][2].activation_sel                                                                                                                                                                                        ;
+------------------------------------------+-----------------------------------+------------------------------------------+--------------------------------------+------------------------------------+---------------------------------------+------------------------------------+
; Name                                     ; pipeline[2][2].activation_sel.ELU ; pipeline[2][2].activation_sel.LEAKY_RELU ; pipeline[2][2].activation_sel.LINEAR ; pipeline[2][2].activation_sel.TANH ; pipeline[2][2].activation_sel.SIGMOID ; pipeline[2][2].activation_sel.RELU ;
+------------------------------------------+-----------------------------------+------------------------------------------+--------------------------------------+------------------------------------+---------------------------------------+------------------------------------+
; pipeline[2][2].activation_sel.RELU       ; 0                                 ; 0                                        ; 0                                    ; 0                                  ; 0                                     ; 0                                  ;
; pipeline[2][2].activation_sel.SIGMOID    ; 0                                 ; 0                                        ; 0                                    ; 0                                  ; 1                                     ; 1                                  ;
; pipeline[2][2].activation_sel.TANH       ; 0                                 ; 0                                        ; 0                                    ; 1                                  ; 0                                     ; 1                                  ;
; pipeline[2][2].activation_sel.LINEAR     ; 0                                 ; 0                                        ; 1                                    ; 0                                  ; 0                                     ; 1                                  ;
; pipeline[2][2].activation_sel.LEAKY_RELU ; 0                                 ; 1                                        ; 0                                    ; 0                                  ; 0                                     ; 1                                  ;
; pipeline[2][2].activation_sel.ELU        ; 1                                 ; 0                                        ; 0                                    ; 0                                  ; 0                                     ; 1                                  ;
+------------------------------------------+-----------------------------------+------------------------------------------+--------------------------------------+------------------------------------+---------------------------------------+------------------------------------+


Encoding Type:  One-Hot
+----------------------------------------------------------------------------------------------------------------------------------------------------------------------------------------------------------------------------------------------------------------------------------+
; State Machine - |FPGA_accelerator|activation_block:act_inst|pipeline[2][1].activation_sel                                                                                                                                                                                        ;
+------------------------------------------+-----------------------------------+------------------------------------------+--------------------------------------+------------------------------------+---------------------------------------+------------------------------------+
; Name                                     ; pipeline[2][1].activation_sel.ELU ; pipeline[2][1].activation_sel.LEAKY_RELU ; pipeline[2][1].activation_sel.LINEAR ; pipeline[2][1].activation_sel.TANH ; pipeline[2][1].activation_sel.SIGMOID ; pipeline[2][1].activation_sel.RELU ;
+------------------------------------------+-----------------------------------+------------------------------------------+--------------------------------------+------------------------------------+---------------------------------------+------------------------------------+
; pipeline[2][1].activation_sel.RELU       ; 0                                 ; 0                                        ; 0                                    ; 0                                  ; 0                                     ; 0                                  ;
; pipeline[2][1].activation_sel.SIGMOID    ; 0                                 ; 0                                        ; 0                                    ; 0                                  ; 1                                     ; 1                                  ;
; pipeline[2][1].activation_sel.TANH       ; 0                                 ; 0                                        ; 0                                    ; 1                                  ; 0                                     ; 1                                  ;
; pipeline[2][1].activation_sel.LINEAR     ; 0                                 ; 0                                        ; 1                                    ; 0                                  ; 0                                     ; 1                                  ;
; pipeline[2][1].activation_sel.LEAKY_RELU ; 0                                 ; 1                                        ; 0                                    ; 0                                  ; 0                                     ; 1                                  ;
; pipeline[2][1].activation_sel.ELU        ; 1                                 ; 0                                        ; 0                                    ; 0                                  ; 0                                     ; 1                                  ;
+------------------------------------------+-----------------------------------+------------------------------------------+--------------------------------------+------------------------------------+---------------------------------------+------------------------------------+


Encoding Type:  One-Hot
+----------------------------------------------------------------------------------------------------------------------------------------------------------------------------------------------------------------------------------------------------------------------------------+
; State Machine - |FPGA_accelerator|activation_block:act_inst|pipeline[2][0].activation_sel                                                                                                                                                                                        ;
+------------------------------------------+-----------------------------------+------------------------------------------+--------------------------------------+------------------------------------+---------------------------------------+------------------------------------+
; Name                                     ; pipeline[2][0].activation_sel.ELU ; pipeline[2][0].activation_sel.LEAKY_RELU ; pipeline[2][0].activation_sel.LINEAR ; pipeline[2][0].activation_sel.TANH ; pipeline[2][0].activation_sel.SIGMOID ; pipeline[2][0].activation_sel.RELU ;
+------------------------------------------+-----------------------------------+------------------------------------------+--------------------------------------+------------------------------------+---------------------------------------+------------------------------------+
; pipeline[2][0].activation_sel.RELU       ; 0                                 ; 0                                        ; 0                                    ; 0                                  ; 0                                     ; 0                                  ;
; pipeline[2][0].activation_sel.SIGMOID    ; 0                                 ; 0                                        ; 0                                    ; 0                                  ; 1                                     ; 1                                  ;
; pipeline[2][0].activation_sel.TANH       ; 0                                 ; 0                                        ; 0                                    ; 1                                  ; 0                                     ; 1                                  ;
; pipeline[2][0].activation_sel.LINEAR     ; 0                                 ; 0                                        ; 1                                    ; 0                                  ; 0                                     ; 1                                  ;
; pipeline[2][0].activation_sel.LEAKY_RELU ; 0                                 ; 1                                        ; 0                                    ; 0                                  ; 0                                     ; 1                                  ;
; pipeline[2][0].activation_sel.ELU        ; 1                                 ; 0                                        ; 0                                    ; 0                                  ; 0                                     ; 1                                  ;
+------------------------------------------+-----------------------------------+------------------------------------------+--------------------------------------+------------------------------------+---------------------------------------+------------------------------------+


Encoding Type:  One-Hot
+----------------------------------------------------------------------------------------------------------------------------------------------------------------------------------------------------------------------------------------------------------------------------------+
; State Machine - |FPGA_accelerator|activation_block:act_inst|pipeline[1][2].activation_sel                                                                                                                                                                                        ;
+------------------------------------------+-----------------------------------+------------------------------------------+--------------------------------------+------------------------------------+---------------------------------------+------------------------------------+
; Name                                     ; pipeline[1][2].activation_sel.ELU ; pipeline[1][2].activation_sel.LEAKY_RELU ; pipeline[1][2].activation_sel.LINEAR ; pipeline[1][2].activation_sel.TANH ; pipeline[1][2].activation_sel.SIGMOID ; pipeline[1][2].activation_sel.RELU ;
+------------------------------------------+-----------------------------------+------------------------------------------+--------------------------------------+------------------------------------+---------------------------------------+------------------------------------+
; pipeline[1][2].activation_sel.RELU       ; 0                                 ; 0                                        ; 0                                    ; 0                                  ; 0                                     ; 0                                  ;
; pipeline[1][2].activation_sel.SIGMOID    ; 0                                 ; 0                                        ; 0                                    ; 0                                  ; 1                                     ; 1                                  ;
; pipeline[1][2].activation_sel.TANH       ; 0                                 ; 0                                        ; 0                                    ; 1                                  ; 0                                     ; 1                                  ;
; pipeline[1][2].activation_sel.LINEAR     ; 0                                 ; 0                                        ; 1                                    ; 0                                  ; 0                                     ; 1                                  ;
; pipeline[1][2].activation_sel.LEAKY_RELU ; 0                                 ; 1                                        ; 0                                    ; 0                                  ; 0                                     ; 1                                  ;
; pipeline[1][2].activation_sel.ELU        ; 1                                 ; 0                                        ; 0                                    ; 0                                  ; 0                                     ; 1                                  ;
+------------------------------------------+-----------------------------------+------------------------------------------+--------------------------------------+------------------------------------+---------------------------------------+------------------------------------+


Encoding Type:  One-Hot
+----------------------------------------------------------------------------------------------------------------------------------------------------------------------------------------------------------------------------------------------------------------------------------+
; State Machine - |FPGA_accelerator|activation_block:act_inst|pipeline[1][1].activation_sel                                                                                                                                                                                        ;
+------------------------------------------+-----------------------------------+------------------------------------------+--------------------------------------+------------------------------------+---------------------------------------+------------------------------------+
; Name                                     ; pipeline[1][1].activation_sel.ELU ; pipeline[1][1].activation_sel.LEAKY_RELU ; pipeline[1][1].activation_sel.LINEAR ; pipeline[1][1].activation_sel.TANH ; pipeline[1][1].activation_sel.SIGMOID ; pipeline[1][1].activation_sel.RELU ;
+------------------------------------------+-----------------------------------+------------------------------------------+--------------------------------------+------------------------------------+---------------------------------------+------------------------------------+
; pipeline[1][1].activation_sel.RELU       ; 0                                 ; 0                                        ; 0                                    ; 0                                  ; 0                                     ; 0                                  ;
; pipeline[1][1].activation_sel.SIGMOID    ; 0                                 ; 0                                        ; 0                                    ; 0                                  ; 1                                     ; 1                                  ;
; pipeline[1][1].activation_sel.TANH       ; 0                                 ; 0                                        ; 0                                    ; 1                                  ; 0                                     ; 1                                  ;
; pipeline[1][1].activation_sel.LINEAR     ; 0                                 ; 0                                        ; 1                                    ; 0                                  ; 0                                     ; 1                                  ;
; pipeline[1][1].activation_sel.LEAKY_RELU ; 0                                 ; 1                                        ; 0                                    ; 0                                  ; 0                                     ; 1                                  ;
; pipeline[1][1].activation_sel.ELU        ; 1                                 ; 0                                        ; 0                                    ; 0                                  ; 0                                     ; 1                                  ;
+------------------------------------------+-----------------------------------+------------------------------------------+--------------------------------------+------------------------------------+---------------------------------------+------------------------------------+


Encoding Type:  One-Hot
+----------------------------------------------------------------------------------------------------------------------------------------------------------------------------------------------------------------------------------------------------------------------------------+
; State Machine - |FPGA_accelerator|activation_block:act_inst|pipeline[1][0].activation_sel                                                                                                                                                                                        ;
+------------------------------------------+-----------------------------------+------------------------------------------+--------------------------------------+------------------------------------+---------------------------------------+------------------------------------+
; Name                                     ; pipeline[1][0].activation_sel.ELU ; pipeline[1][0].activation_sel.LEAKY_RELU ; pipeline[1][0].activation_sel.LINEAR ; pipeline[1][0].activation_sel.TANH ; pipeline[1][0].activation_sel.SIGMOID ; pipeline[1][0].activation_sel.RELU ;
+------------------------------------------+-----------------------------------+------------------------------------------+--------------------------------------+------------------------------------+---------------------------------------+------------------------------------+
; pipeline[1][0].activation_sel.RELU       ; 0                                 ; 0                                        ; 0                                    ; 0                                  ; 0                                     ; 0                                  ;
; pipeline[1][0].activation_sel.SIGMOID    ; 0                                 ; 0                                        ; 0                                    ; 0                                  ; 1                                     ; 1                                  ;
; pipeline[1][0].activation_sel.TANH       ; 0                                 ; 0                                        ; 0                                    ; 1                                  ; 0                                     ; 1                                  ;
; pipeline[1][0].activation_sel.LINEAR     ; 0                                 ; 0                                        ; 1                                    ; 0                                  ; 0                                     ; 1                                  ;
; pipeline[1][0].activation_sel.LEAKY_RELU ; 0                                 ; 1                                        ; 0                                    ; 0                                  ; 0                                     ; 1                                  ;
; pipeline[1][0].activation_sel.ELU        ; 1                                 ; 0                                        ; 0                                    ; 0                                  ; 0                                     ; 1                                  ;
+------------------------------------------+-----------------------------------+------------------------------------------+--------------------------------------+------------------------------------+---------------------------------------+------------------------------------+


Encoding Type:  One-Hot
+----------------------------------------------------------------------------------------------------------------------------------------------------------------------------------------------------------------------------------------------------------------------------------+
; State Machine - |FPGA_accelerator|activation_block:act_inst|pipeline[0][2].activation_sel                                                                                                                                                                                        ;
+------------------------------------------+-----------------------------------+------------------------------------------+--------------------------------------+------------------------------------+---------------------------------------+------------------------------------+
; Name                                     ; pipeline[0][2].activation_sel.ELU ; pipeline[0][2].activation_sel.LEAKY_RELU ; pipeline[0][2].activation_sel.LINEAR ; pipeline[0][2].activation_sel.TANH ; pipeline[0][2].activation_sel.SIGMOID ; pipeline[0][2].activation_sel.RELU ;
+------------------------------------------+-----------------------------------+------------------------------------------+--------------------------------------+------------------------------------+---------------------------------------+------------------------------------+
; pipeline[0][2].activation_sel.RELU       ; 0                                 ; 0                                        ; 0                                    ; 0                                  ; 0                                     ; 0                                  ;
; pipeline[0][2].activation_sel.SIGMOID    ; 0                                 ; 0                                        ; 0                                    ; 0                                  ; 1                                     ; 1                                  ;
; pipeline[0][2].activation_sel.TANH       ; 0                                 ; 0                                        ; 0                                    ; 1                                  ; 0                                     ; 1                                  ;
; pipeline[0][2].activation_sel.LINEAR     ; 0                                 ; 0                                        ; 1                                    ; 0                                  ; 0                                     ; 1                                  ;
; pipeline[0][2].activation_sel.LEAKY_RELU ; 0                                 ; 1                                        ; 0                                    ; 0                                  ; 0                                     ; 1                                  ;
; pipeline[0][2].activation_sel.ELU        ; 1                                 ; 0                                        ; 0                                    ; 0                                  ; 0                                     ; 1                                  ;
+------------------------------------------+-----------------------------------+------------------------------------------+--------------------------------------+------------------------------------+---------------------------------------+------------------------------------+


Encoding Type:  One-Hot
+----------------------------------------------------------------------------------------------------------------------------------------------------------------------------------------------------------------------------------------------------------------------------------+
; State Machine - |FPGA_accelerator|activation_block:act_inst|pipeline[0][1].activation_sel                                                                                                                                                                                        ;
+------------------------------------------+-----------------------------------+------------------------------------------+--------------------------------------+------------------------------------+---------------------------------------+------------------------------------+
; Name                                     ; pipeline[0][1].activation_sel.ELU ; pipeline[0][1].activation_sel.LEAKY_RELU ; pipeline[0][1].activation_sel.LINEAR ; pipeline[0][1].activation_sel.TANH ; pipeline[0][1].activation_sel.SIGMOID ; pipeline[0][1].activation_sel.RELU ;
+------------------------------------------+-----------------------------------+------------------------------------------+--------------------------------------+------------------------------------+---------------------------------------+------------------------------------+
; pipeline[0][1].activation_sel.RELU       ; 0                                 ; 0                                        ; 0                                    ; 0                                  ; 0                                     ; 0                                  ;
; pipeline[0][1].activation_sel.SIGMOID    ; 0                                 ; 0                                        ; 0                                    ; 0                                  ; 1                                     ; 1                                  ;
; pipeline[0][1].activation_sel.TANH       ; 0                                 ; 0                                        ; 0                                    ; 1                                  ; 0                                     ; 1                                  ;
; pipeline[0][1].activation_sel.LINEAR     ; 0                                 ; 0                                        ; 1                                    ; 0                                  ; 0                                     ; 1                                  ;
; pipeline[0][1].activation_sel.LEAKY_RELU ; 0                                 ; 1                                        ; 0                                    ; 0                                  ; 0                                     ; 1                                  ;
; pipeline[0][1].activation_sel.ELU        ; 1                                 ; 0                                        ; 0                                    ; 0                                  ; 0                                     ; 1                                  ;
+------------------------------------------+-----------------------------------+------------------------------------------+--------------------------------------+------------------------------------+---------------------------------------+------------------------------------+


Encoding Type:  One-Hot
+----------------------------------------------------------------------------------------------------------------------------------------------------------------------------------------------------------------------------------------------------------------------------------+
; State Machine - |FPGA_accelerator|activation_block:act_inst|pipeline[0][0].activation_sel                                                                                                                                                                                        ;
+------------------------------------------+-----------------------------------+------------------------------------------+--------------------------------------+------------------------------------+---------------------------------------+------------------------------------+
; Name                                     ; pipeline[0][0].activation_sel.ELU ; pipeline[0][0].activation_sel.LEAKY_RELU ; pipeline[0][0].activation_sel.LINEAR ; pipeline[0][0].activation_sel.TANH ; pipeline[0][0].activation_sel.SIGMOID ; pipeline[0][0].activation_sel.RELU ;
+------------------------------------------+-----------------------------------+------------------------------------------+--------------------------------------+------------------------------------+---------------------------------------+------------------------------------+
; pipeline[0][0].activation_sel.RELU       ; 0                                 ; 0                                        ; 0                                    ; 0                                  ; 0                                     ; 0                                  ;
; pipeline[0][0].activation_sel.SIGMOID    ; 0                                 ; 0                                        ; 0                                    ; 0                                  ; 1                                     ; 1                                  ;
; pipeline[0][0].activation_sel.TANH       ; 0                                 ; 0                                        ; 0                                    ; 1                                  ; 0                                     ; 1                                  ;
; pipeline[0][0].activation_sel.LINEAR     ; 0                                 ; 0                                        ; 1                                    ; 0                                  ; 0                                     ; 1                                  ;
; pipeline[0][0].activation_sel.LEAKY_RELU ; 0                                 ; 1                                        ; 0                                    ; 0                                  ; 0                                     ; 1                                  ;
; pipeline[0][0].activation_sel.ELU        ; 1                                 ; 0                                        ; 0                                    ; 0                                  ; 0                                     ; 1                                  ;
+------------------------------------------+-----------------------------------+------------------------------------------+--------------------------------------+------------------------------------+---------------------------------------+------------------------------------+


Encoding Type:  One-Hot
+--------------------------------------------------------------------------------------------------------------------------------------------------------------+
; State Machine - |FPGA_accelerator|activation_block:act_inst|current_state                                                                                    ;
+------------------------------+-----------------------+------------------------------+--------------------------+------------------------+--------------------+
; Name                         ; current_state.DONE_ST ; current_state.PIPELINE_FLUSH ; current_state.PROCESSING ; current_state.INIT_LUT ; current_state.IDLE ;
+------------------------------+-----------------------+------------------------------+--------------------------+------------------------+--------------------+
; current_state.IDLE           ; 0                     ; 0                            ; 0                        ; 0                      ; 0                  ;
; current_state.INIT_LUT       ; 0                     ; 0                            ; 0                        ; 1                      ; 1                  ;
; current_state.PROCESSING     ; 0                     ; 0                            ; 1                        ; 0                      ; 1                  ;
; current_state.PIPELINE_FLUSH ; 0                     ; 1                            ; 0                        ; 0                      ; 1                  ;
; current_state.DONE_ST        ; 1                     ; 0                            ; 0                        ; 0                      ; 1                  ;
+------------------------------+-----------------------+------------------------------+--------------------------+------------------------+--------------------+


Encoding Type:  One-Hot
+--------------------------------------------------------------------------------------------------------------------------------------------------------------+
; State Machine - |FPGA_accelerator|pooling_block:pool_inst|current_state                                                                                      ;
+----------------------------+-----------------------+----------------------------+----------------------------+--------------------------+--------------------+
; Name                       ; current_state.DONE_ST ; current_state.WRITE_OUTPUT ; current_state.POOL_COMPUTE ; current_state.SETUP_DIMS ; current_state.IDLE ;
+----------------------------+-----------------------+----------------------------+----------------------------+--------------------------+--------------------+
; current_state.IDLE         ; 0                     ; 0                          ; 0                          ; 0                        ; 0                  ;
; current_state.SETUP_DIMS   ; 0                     ; 0                          ; 0                          ; 1                        ; 1                  ;
; current_state.POOL_COMPUTE ; 0                     ; 0                          ; 1                          ; 0                        ; 1                  ;
; current_state.WRITE_OUTPUT ; 0                     ; 1                          ; 0                          ; 0                        ; 1                  ;
; current_state.DONE_ST      ; 1                     ; 0                          ; 0                          ; 0                        ; 1                  ;
+----------------------------+-----------------------+----------------------------+----------------------------+--------------------------+--------------------+


Encoding Type:  One-Hot
+----------------------------------------------------------------------------------------------------------------------------------------------------------------+
; State Machine - |FPGA_accelerator|convolution_block:conv_inst|current_state                                                                                    ;
+----------------------------+-----------------------+----------------------------+----------------------------+----------------------------+--------------------+
; Name                       ; current_state.DONE_ST ; current_state.WRITE_OUTPUT ; current_state.CONV_COMPUTE ; current_state.LOAD_WEIGHTS ; current_state.IDLE ;
+----------------------------+-----------------------+----------------------------+----------------------------+----------------------------+--------------------+
; current_state.IDLE         ; 0                     ; 0                          ; 0                          ; 0                          ; 0                  ;
; current_state.LOAD_WEIGHTS ; 0                     ; 0                          ; 0                          ; 1                          ; 1                  ;
; current_state.CONV_COMPUTE ; 0                     ; 0                          ; 1                          ; 0                          ; 1                  ;
; current_state.WRITE_OUTPUT ; 0                     ; 1                          ; 0                          ; 0                          ; 1                  ;
; current_state.DONE_ST      ; 1                     ; 0                          ; 0                          ; 0                          ; 1                  ;
+----------------------------+-----------------------+----------------------------+----------------------------+----------------------------+--------------------+


+-------------------------------------------------------------------------------------------------------+
; Registers Removed During Synthesis                                                                    ;
+-----------------------------------------------+-------------------------------------------------------+
; Register name                                 ; Reason for Removal                                    ;
+-----------------------------------------------+-------------------------------------------------------+
; pooling_block:pool_inst|channel_cnt[1]        ; Merged with pooling_block:pool_inst|channel_cnt[0]    ;
; activation_block:act_inst|exp_lut[0][2]       ; Merged with activation_block:act_inst|exp_lut[0][0]   ;
; activation_block:act_inst|sigmoid_lut[0][0]   ; Merged with activation_block:act_inst|exp_lut[0][0]   ;
; activation_block:act_inst|tanh_lut[0][8]      ; Merged with activation_block:act_inst|exp_lut[0][0]   ;
; activation_block:act_inst|exp_lut[1][2]       ; Merged with activation_block:act_inst|exp_lut[1][0]   ;
; activation_block:act_inst|sigmoid_lut[1][0]   ; Merged with activation_block:act_inst|exp_lut[1][0]   ;
; activation_block:act_inst|sigmoid_lut[1][1]   ; Merged with activation_block:act_inst|exp_lut[1][0]   ;
; activation_block:act_inst|sigmoid_lut[1][3]   ; Merged with activation_block:act_inst|exp_lut[1][0]   ;
; activation_block:act_inst|sigmoid_lut[1][4]   ; Merged with activation_block:act_inst|exp_lut[1][0]   ;
; activation_block:act_inst|sigmoid_lut[1][5]   ; Merged with activation_block:act_inst|exp_lut[1][0]   ;
; activation_block:act_inst|sigmoid_lut[1][6]   ; Merged with activation_block:act_inst|exp_lut[1][0]   ;
; activation_block:act_inst|sigmoid_lut[1][7]   ; Merged with activation_block:act_inst|exp_lut[1][0]   ;
; activation_block:act_inst|tanh_lut[1][8]      ; Merged with activation_block:act_inst|exp_lut[1][0]   ;
; activation_block:act_inst|exp_lut[2][2]       ; Merged with activation_block:act_inst|exp_lut[2][0]   ;
; activation_block:act_inst|sigmoid_lut[2][0]   ; Merged with activation_block:act_inst|exp_lut[2][0]   ;
; activation_block:act_inst|sigmoid_lut[2][1]   ; Merged with activation_block:act_inst|exp_lut[2][0]   ;
; activation_block:act_inst|sigmoid_lut[2][3]   ; Merged with activation_block:act_inst|exp_lut[2][0]   ;
; activation_block:act_inst|sigmoid_lut[2][4]   ; Merged with activation_block:act_inst|exp_lut[2][0]   ;
; activation_block:act_inst|sigmoid_lut[2][5]   ; Merged with activation_block:act_inst|exp_lut[2][0]   ;
; activation_block:act_inst|sigmoid_lut[2][6]   ; Merged with activation_block:act_inst|exp_lut[2][0]   ;
; activation_block:act_inst|sigmoid_lut[2][7]   ; Merged with activation_block:act_inst|exp_lut[2][0]   ;
; activation_block:act_inst|tanh_lut[2][8]      ; Merged with activation_block:act_inst|exp_lut[2][0]   ;
; activation_block:act_inst|exp_lut[3][2]       ; Merged with activation_block:act_inst|exp_lut[3][0]   ;
; activation_block:act_inst|sigmoid_lut[3][0]   ; Merged with activation_block:act_inst|exp_lut[3][0]   ;
; activation_block:act_inst|sigmoid_lut[3][1]   ; Merged with activation_block:act_inst|exp_lut[3][0]   ;
; activation_block:act_inst|sigmoid_lut[3][3]   ; Merged with activation_block:act_inst|exp_lut[3][0]   ;
; activation_block:act_inst|sigmoid_lut[3][4]   ; Merged with activation_block:act_inst|exp_lut[3][0]   ;
; activation_block:act_inst|sigmoid_lut[3][5]   ; Merged with activation_block:act_inst|exp_lut[3][0]   ;
; activation_block:act_inst|sigmoid_lut[3][6]   ; Merged with activation_block:act_inst|exp_lut[3][0]   ;
; activation_block:act_inst|sigmoid_lut[3][7]   ; Merged with activation_block:act_inst|exp_lut[3][0]   ;
; activation_block:act_inst|tanh_lut[3][8]      ; Merged with activation_block:act_inst|exp_lut[3][0]   ;
; activation_block:act_inst|exp_lut[4][2]       ; Merged with activation_block:act_inst|exp_lut[4][0]   ;
; activation_block:act_inst|sigmoid_lut[4][0]   ; Merged with activation_block:act_inst|exp_lut[4][0]   ;
; activation_block:act_inst|sigmoid_lut[4][1]   ; Merged with activation_block:act_inst|exp_lut[4][0]   ;
; activation_block:act_inst|sigmoid_lut[4][3]   ; Merged with activation_block:act_inst|exp_lut[4][0]   ;
; activation_block:act_inst|sigmoid_lut[4][4]   ; Merged with activation_block:act_inst|exp_lut[4][0]   ;
; activation_block:act_inst|sigmoid_lut[4][5]   ; Merged with activation_block:act_inst|exp_lut[4][0]   ;
; activation_block:act_inst|sigmoid_lut[4][6]   ; Merged with activation_block:act_inst|exp_lut[4][0]   ;
; activation_block:act_inst|sigmoid_lut[4][7]   ; Merged with activation_block:act_inst|exp_lut[4][0]   ;
; activation_block:act_inst|tanh_lut[4][8]      ; Merged with activation_block:act_inst|exp_lut[4][0]   ;
; activation_block:act_inst|exp_lut[5][2]       ; Merged with activation_block:act_inst|exp_lut[5][0]   ;
; activation_block:act_inst|sigmoid_lut[5][0]   ; Merged with activation_block:act_inst|exp_lut[5][0]   ;
; activation_block:act_inst|sigmoid_lut[5][1]   ; Merged with activation_block:act_inst|exp_lut[5][0]   ;
; activation_block:act_inst|sigmoid_lut[5][3]   ; Merged with activation_block:act_inst|exp_lut[5][0]   ;
; activation_block:act_inst|sigmoid_lut[5][4]   ; Merged with activation_block:act_inst|exp_lut[5][0]   ;
; activation_block:act_inst|sigmoid_lut[5][5]   ; Merged with activation_block:act_inst|exp_lut[5][0]   ;
; activation_block:act_inst|sigmoid_lut[5][6]   ; Merged with activation_block:act_inst|exp_lut[5][0]   ;
; activation_block:act_inst|sigmoid_lut[5][7]   ; Merged with activation_block:act_inst|exp_lut[5][0]   ;
; activation_block:act_inst|tanh_lut[5][8]      ; Merged with activation_block:act_inst|exp_lut[5][0]   ;
; activation_block:act_inst|exp_lut[6][2]       ; Merged with activation_block:act_inst|exp_lut[6][0]   ;
; activation_block:act_inst|sigmoid_lut[6][0]   ; Merged with activation_block:act_inst|exp_lut[6][0]   ;
; activation_block:act_inst|sigmoid_lut[6][1]   ; Merged with activation_block:act_inst|exp_lut[6][0]   ;
; activation_block:act_inst|sigmoid_lut[6][3]   ; Merged with activation_block:act_inst|exp_lut[6][0]   ;
; activation_block:act_inst|sigmoid_lut[6][4]   ; Merged with activation_block:act_inst|exp_lut[6][0]   ;
; activation_block:act_inst|sigmoid_lut[6][5]   ; Merged with activation_block:act_inst|exp_lut[6][0]   ;
; activation_block:act_inst|sigmoid_lut[6][6]   ; Merged with activation_block:act_inst|exp_lut[6][0]   ;
; activation_block:act_inst|sigmoid_lut[6][7]   ; Merged with activation_block:act_inst|exp_lut[6][0]   ;
; activation_block:act_inst|tanh_lut[6][8]      ; Merged with activation_block:act_inst|exp_lut[6][0]   ;
; activation_block:act_inst|exp_lut[7][2]       ; Merged with activation_block:act_inst|exp_lut[7][0]   ;
; activation_block:act_inst|sigmoid_lut[7][0]   ; Merged with activation_block:act_inst|exp_lut[7][0]   ;
; activation_block:act_inst|sigmoid_lut[7][1]   ; Merged with activation_block:act_inst|exp_lut[7][0]   ;
; activation_block:act_inst|sigmoid_lut[7][3]   ; Merged with activation_block:act_inst|exp_lut[7][0]   ;
; activation_block:act_inst|sigmoid_lut[7][4]   ; Merged with activation_block:act_inst|exp_lut[7][0]   ;
; activation_block:act_inst|sigmoid_lut[7][5]   ; Merged with activation_block:act_inst|exp_lut[7][0]   ;
; activation_block:act_inst|sigmoid_lut[7][6]   ; Merged with activation_block:act_inst|exp_lut[7][0]   ;
; activation_block:act_inst|sigmoid_lut[7][7]   ; Merged with activation_block:act_inst|exp_lut[7][0]   ;
; activation_block:act_inst|tanh_lut[7][8]      ; Merged with activation_block:act_inst|exp_lut[7][0]   ;
; activation_block:act_inst|exp_lut[8][2]       ; Merged with activation_block:act_inst|exp_lut[8][0]   ;
; activation_block:act_inst|sigmoid_lut[8][0]   ; Merged with activation_block:act_inst|exp_lut[8][0]   ;
; activation_block:act_inst|sigmoid_lut[8][1]   ; Merged with activation_block:act_inst|exp_lut[8][0]   ;
; activation_block:act_inst|sigmoid_lut[8][3]   ; Merged with activation_block:act_inst|exp_lut[8][0]   ;
; activation_block:act_inst|sigmoid_lut[8][4]   ; Merged with activation_block:act_inst|exp_lut[8][0]   ;
; activation_block:act_inst|sigmoid_lut[8][5]   ; Merged with activation_block:act_inst|exp_lut[8][0]   ;
; activation_block:act_inst|sigmoid_lut[8][6]   ; Merged with activation_block:act_inst|exp_lut[8][0]   ;
; activation_block:act_inst|sigmoid_lut[8][7]   ; Merged with activation_block:act_inst|exp_lut[8][0]   ;
; activation_block:act_inst|tanh_lut[8][8]      ; Merged with activation_block:act_inst|exp_lut[8][0]   ;
; activation_block:act_inst|exp_lut[9][2]       ; Merged with activation_block:act_inst|exp_lut[9][0]   ;
; activation_block:act_inst|sigmoid_lut[9][0]   ; Merged with activation_block:act_inst|exp_lut[9][0]   ;
; activation_block:act_inst|sigmoid_lut[9][1]   ; Merged with activation_block:act_inst|exp_lut[9][0]   ;
; activation_block:act_inst|sigmoid_lut[9][3]   ; Merged with activation_block:act_inst|exp_lut[9][0]   ;
; activation_block:act_inst|sigmoid_lut[9][4]   ; Merged with activation_block:act_inst|exp_lut[9][0]   ;
; activation_block:act_inst|sigmoid_lut[9][5]   ; Merged with activation_block:act_inst|exp_lut[9][0]   ;
; activation_block:act_inst|sigmoid_lut[9][6]   ; Merged with activation_block:act_inst|exp_lut[9][0]   ;
; activation_block:act_inst|sigmoid_lut[9][7]   ; Merged with activation_block:act_inst|exp_lut[9][0]   ;
; activation_block:act_inst|tanh_lut[9][8]      ; Merged with activation_block:act_inst|exp_lut[9][0]   ;
; activation_block:act_inst|exp_lut[10][2]      ; Merged with activation_block:act_inst|exp_lut[10][0]  ;
; activation_block:act_inst|sigmoid_lut[10][0]  ; Merged with activation_block:act_inst|exp_lut[10][0]  ;
; activation_block:act_inst|sigmoid_lut[10][1]  ; Merged with activation_block:act_inst|exp_lut[10][0]  ;
; activation_block:act_inst|sigmoid_lut[10][3]  ; Merged with activation_block:act_inst|exp_lut[10][0]  ;
; activation_block:act_inst|sigmoid_lut[10][4]  ; Merged with activation_block:act_inst|exp_lut[10][0]  ;
; activation_block:act_inst|sigmoid_lut[10][5]  ; Merged with activation_block:act_inst|exp_lut[10][0]  ;
; activation_block:act_inst|sigmoid_lut[10][6]  ; Merged with activation_block:act_inst|exp_lut[10][0]  ;
; activation_block:act_inst|sigmoid_lut[10][7]  ; Merged with activation_block:act_inst|exp_lut[10][0]  ;
; activation_block:act_inst|tanh_lut[10][8]     ; Merged with activation_block:act_inst|exp_lut[10][0]  ;
; activation_block:act_inst|exp_lut[11][2]      ; Merged with activation_block:act_inst|exp_lut[11][0]  ;
; activation_block:act_inst|sigmoid_lut[11][0]  ; Merged with activation_block:act_inst|exp_lut[11][0]  ;
; activation_block:act_inst|sigmoid_lut[11][1]  ; Merged with activation_block:act_inst|exp_lut[11][0]  ;
; activation_block:act_inst|sigmoid_lut[11][3]  ; Merged with activation_block:act_inst|exp_lut[11][0]  ;
; activation_block:act_inst|sigmoid_lut[11][4]  ; Merged with activation_block:act_inst|exp_lut[11][0]  ;
; activation_block:act_inst|sigmoid_lut[11][5]  ; Merged with activation_block:act_inst|exp_lut[11][0]  ;
; activation_block:act_inst|sigmoid_lut[11][6]  ; Merged with activation_block:act_inst|exp_lut[11][0]  ;
; activation_block:act_inst|sigmoid_lut[11][7]  ; Merged with activation_block:act_inst|exp_lut[11][0]  ;
; activation_block:act_inst|tanh_lut[11][8]     ; Merged with activation_block:act_inst|exp_lut[11][0]  ;
; activation_block:act_inst|exp_lut[12][2]      ; Merged with activation_block:act_inst|exp_lut[12][0]  ;
; activation_block:act_inst|sigmoid_lut[12][0]  ; Merged with activation_block:act_inst|exp_lut[12][0]  ;
; activation_block:act_inst|sigmoid_lut[12][1]  ; Merged with activation_block:act_inst|exp_lut[12][0]  ;
; activation_block:act_inst|sigmoid_lut[12][3]  ; Merged with activation_block:act_inst|exp_lut[12][0]  ;
; activation_block:act_inst|sigmoid_lut[12][4]  ; Merged with activation_block:act_inst|exp_lut[12][0]  ;
; activation_block:act_inst|sigmoid_lut[12][5]  ; Merged with activation_block:act_inst|exp_lut[12][0]  ;
; activation_block:act_inst|sigmoid_lut[12][6]  ; Merged with activation_block:act_inst|exp_lut[12][0]  ;
; activation_block:act_inst|sigmoid_lut[12][7]  ; Merged with activation_block:act_inst|exp_lut[12][0]  ;
; activation_block:act_inst|tanh_lut[12][8]     ; Merged with activation_block:act_inst|exp_lut[12][0]  ;
; activation_block:act_inst|exp_lut[13][2]      ; Merged with activation_block:act_inst|exp_lut[13][0]  ;
; activation_block:act_inst|sigmoid_lut[13][0]  ; Merged with activation_block:act_inst|exp_lut[13][0]  ;
; activation_block:act_inst|sigmoid_lut[13][1]  ; Merged with activation_block:act_inst|exp_lut[13][0]  ;
; activation_block:act_inst|sigmoid_lut[13][3]  ; Merged with activation_block:act_inst|exp_lut[13][0]  ;
; activation_block:act_inst|sigmoid_lut[13][4]  ; Merged with activation_block:act_inst|exp_lut[13][0]  ;
; activation_block:act_inst|sigmoid_lut[13][5]  ; Merged with activation_block:act_inst|exp_lut[13][0]  ;
; activation_block:act_inst|sigmoid_lut[13][6]  ; Merged with activation_block:act_inst|exp_lut[13][0]  ;
; activation_block:act_inst|sigmoid_lut[13][7]  ; Merged with activation_block:act_inst|exp_lut[13][0]  ;
; activation_block:act_inst|tanh_lut[13][8]     ; Merged with activation_block:act_inst|exp_lut[13][0]  ;
; activation_block:act_inst|exp_lut[14][2]      ; Merged with activation_block:act_inst|exp_lut[14][0]  ;
; activation_block:act_inst|sigmoid_lut[14][0]  ; Merged with activation_block:act_inst|exp_lut[14][0]  ;
; activation_block:act_inst|sigmoid_lut[14][1]  ; Merged with activation_block:act_inst|exp_lut[14][0]  ;
; activation_block:act_inst|sigmoid_lut[14][3]  ; Merged with activation_block:act_inst|exp_lut[14][0]  ;
; activation_block:act_inst|sigmoid_lut[14][4]  ; Merged with activation_block:act_inst|exp_lut[14][0]  ;
; activation_block:act_inst|sigmoid_lut[14][5]  ; Merged with activation_block:act_inst|exp_lut[14][0]  ;
; activation_block:act_inst|sigmoid_lut[14][6]  ; Merged with activation_block:act_inst|exp_lut[14][0]  ;
; activation_block:act_inst|sigmoid_lut[14][7]  ; Merged with activation_block:act_inst|exp_lut[14][0]  ;
; activation_block:act_inst|tanh_lut[14][8]     ; Merged with activation_block:act_inst|exp_lut[14][0]  ;
; activation_block:act_inst|exp_lut[15][2]      ; Merged with activation_block:act_inst|exp_lut[15][0]  ;
; activation_block:act_inst|sigmoid_lut[15][0]  ; Merged with activation_block:act_inst|exp_lut[15][0]  ;
; activation_block:act_inst|sigmoid_lut[15][1]  ; Merged with activation_block:act_inst|exp_lut[15][0]  ;
; activation_block:act_inst|sigmoid_lut[15][3]  ; Merged with activation_block:act_inst|exp_lut[15][0]  ;
; activation_block:act_inst|sigmoid_lut[15][4]  ; Merged with activation_block:act_inst|exp_lut[15][0]  ;
; activation_block:act_inst|sigmoid_lut[15][5]  ; Merged with activation_block:act_inst|exp_lut[15][0]  ;
; activation_block:act_inst|sigmoid_lut[15][6]  ; Merged with activation_block:act_inst|exp_lut[15][0]  ;
; activation_block:act_inst|sigmoid_lut[15][7]  ; Merged with activation_block:act_inst|exp_lut[15][0]  ;
; activation_block:act_inst|tanh_lut[15][8]     ; Merged with activation_block:act_inst|exp_lut[15][0]  ;
; activation_block:act_inst|exp_lut[16][2]      ; Merged with activation_block:act_inst|exp_lut[16][0]  ;
; activation_block:act_inst|sigmoid_lut[16][0]  ; Merged with activation_block:act_inst|exp_lut[16][0]  ;
; activation_block:act_inst|sigmoid_lut[16][1]  ; Merged with activation_block:act_inst|exp_lut[16][0]  ;
; activation_block:act_inst|sigmoid_lut[16][3]  ; Merged with activation_block:act_inst|exp_lut[16][0]  ;
; activation_block:act_inst|sigmoid_lut[16][4]  ; Merged with activation_block:act_inst|exp_lut[16][0]  ;
; activation_block:act_inst|sigmoid_lut[16][5]  ; Merged with activation_block:act_inst|exp_lut[16][0]  ;
; activation_block:act_inst|sigmoid_lut[16][6]  ; Merged with activation_block:act_inst|exp_lut[16][0]  ;
; activation_block:act_inst|sigmoid_lut[16][7]  ; Merged with activation_block:act_inst|exp_lut[16][0]  ;
; activation_block:act_inst|tanh_lut[16][8]     ; Merged with activation_block:act_inst|exp_lut[16][0]  ;
; activation_block:act_inst|exp_lut[17][2]      ; Merged with activation_block:act_inst|exp_lut[17][0]  ;
; activation_block:act_inst|sigmoid_lut[17][0]  ; Merged with activation_block:act_inst|exp_lut[17][0]  ;
; activation_block:act_inst|sigmoid_lut[17][1]  ; Merged with activation_block:act_inst|exp_lut[17][0]  ;
; activation_block:act_inst|sigmoid_lut[17][3]  ; Merged with activation_block:act_inst|exp_lut[17][0]  ;
; activation_block:act_inst|sigmoid_lut[17][4]  ; Merged with activation_block:act_inst|exp_lut[17][0]  ;
; activation_block:act_inst|sigmoid_lut[17][5]  ; Merged with activation_block:act_inst|exp_lut[17][0]  ;
; activation_block:act_inst|sigmoid_lut[17][6]  ; Merged with activation_block:act_inst|exp_lut[17][0]  ;
; activation_block:act_inst|sigmoid_lut[17][7]  ; Merged with activation_block:act_inst|exp_lut[17][0]  ;
; activation_block:act_inst|tanh_lut[17][8]     ; Merged with activation_block:act_inst|exp_lut[17][0]  ;
; activation_block:act_inst|exp_lut[18][2]      ; Merged with activation_block:act_inst|exp_lut[18][0]  ;
; activation_block:act_inst|sigmoid_lut[18][0]  ; Merged with activation_block:act_inst|exp_lut[18][0]  ;
; activation_block:act_inst|sigmoid_lut[18][1]  ; Merged with activation_block:act_inst|exp_lut[18][0]  ;
; activation_block:act_inst|sigmoid_lut[18][3]  ; Merged with activation_block:act_inst|exp_lut[18][0]  ;
; activation_block:act_inst|sigmoid_lut[18][4]  ; Merged with activation_block:act_inst|exp_lut[18][0]  ;
; activation_block:act_inst|sigmoid_lut[18][5]  ; Merged with activation_block:act_inst|exp_lut[18][0]  ;
; activation_block:act_inst|sigmoid_lut[18][6]  ; Merged with activation_block:act_inst|exp_lut[18][0]  ;
; activation_block:act_inst|sigmoid_lut[18][7]  ; Merged with activation_block:act_inst|exp_lut[18][0]  ;
; activation_block:act_inst|tanh_lut[18][8]     ; Merged with activation_block:act_inst|exp_lut[18][0]  ;
; activation_block:act_inst|exp_lut[19][2]      ; Merged with activation_block:act_inst|exp_lut[19][0]  ;
; activation_block:act_inst|sigmoid_lut[19][0]  ; Merged with activation_block:act_inst|exp_lut[19][0]  ;
; activation_block:act_inst|sigmoid_lut[19][1]  ; Merged with activation_block:act_inst|exp_lut[19][0]  ;
; activation_block:act_inst|sigmoid_lut[19][3]  ; Merged with activation_block:act_inst|exp_lut[19][0]  ;
; activation_block:act_inst|sigmoid_lut[19][4]  ; Merged with activation_block:act_inst|exp_lut[19][0]  ;
; activation_block:act_inst|sigmoid_lut[19][5]  ; Merged with activation_block:act_inst|exp_lut[19][0]  ;
; activation_block:act_inst|sigmoid_lut[19][6]  ; Merged with activation_block:act_inst|exp_lut[19][0]  ;
; activation_block:act_inst|sigmoid_lut[19][7]  ; Merged with activation_block:act_inst|exp_lut[19][0]  ;
; activation_block:act_inst|tanh_lut[19][8]     ; Merged with activation_block:act_inst|exp_lut[19][0]  ;
; activation_block:act_inst|exp_lut[20][2]      ; Merged with activation_block:act_inst|exp_lut[20][0]  ;
; activation_block:act_inst|sigmoid_lut[20][0]  ; Merged with activation_block:act_inst|exp_lut[20][0]  ;
; activation_block:act_inst|sigmoid_lut[20][1]  ; Merged with activation_block:act_inst|exp_lut[20][0]  ;
; activation_block:act_inst|sigmoid_lut[20][3]  ; Merged with activation_block:act_inst|exp_lut[20][0]  ;
; activation_block:act_inst|sigmoid_lut[20][4]  ; Merged with activation_block:act_inst|exp_lut[20][0]  ;
; activation_block:act_inst|sigmoid_lut[20][5]  ; Merged with activation_block:act_inst|exp_lut[20][0]  ;
; activation_block:act_inst|sigmoid_lut[20][6]  ; Merged with activation_block:act_inst|exp_lut[20][0]  ;
; activation_block:act_inst|sigmoid_lut[20][7]  ; Merged with activation_block:act_inst|exp_lut[20][0]  ;
; activation_block:act_inst|tanh_lut[20][8]     ; Merged with activation_block:act_inst|exp_lut[20][0]  ;
; activation_block:act_inst|exp_lut[21][2]      ; Merged with activation_block:act_inst|exp_lut[21][0]  ;
; activation_block:act_inst|sigmoid_lut[21][0]  ; Merged with activation_block:act_inst|exp_lut[21][0]  ;
; activation_block:act_inst|sigmoid_lut[21][1]  ; Merged with activation_block:act_inst|exp_lut[21][0]  ;
; activation_block:act_inst|sigmoid_lut[21][3]  ; Merged with activation_block:act_inst|exp_lut[21][0]  ;
; activation_block:act_inst|sigmoid_lut[21][4]  ; Merged with activation_block:act_inst|exp_lut[21][0]  ;
; activation_block:act_inst|sigmoid_lut[21][5]  ; Merged with activation_block:act_inst|exp_lut[21][0]  ;
; activation_block:act_inst|sigmoid_lut[21][6]  ; Merged with activation_block:act_inst|exp_lut[21][0]  ;
; activation_block:act_inst|sigmoid_lut[21][7]  ; Merged with activation_block:act_inst|exp_lut[21][0]  ;
; activation_block:act_inst|tanh_lut[21][8]     ; Merged with activation_block:act_inst|exp_lut[21][0]  ;
; activation_block:act_inst|exp_lut[22][2]      ; Merged with activation_block:act_inst|exp_lut[22][0]  ;
; activation_block:act_inst|sigmoid_lut[22][0]  ; Merged with activation_block:act_inst|exp_lut[22][0]  ;
; activation_block:act_inst|sigmoid_lut[22][1]  ; Merged with activation_block:act_inst|exp_lut[22][0]  ;
; activation_block:act_inst|sigmoid_lut[22][3]  ; Merged with activation_block:act_inst|exp_lut[22][0]  ;
; activation_block:act_inst|sigmoid_lut[22][4]  ; Merged with activation_block:act_inst|exp_lut[22][0]  ;
; activation_block:act_inst|sigmoid_lut[22][5]  ; Merged with activation_block:act_inst|exp_lut[22][0]  ;
; activation_block:act_inst|sigmoid_lut[22][6]  ; Merged with activation_block:act_inst|exp_lut[22][0]  ;
; activation_block:act_inst|sigmoid_lut[22][7]  ; Merged with activation_block:act_inst|exp_lut[22][0]  ;
; activation_block:act_inst|tanh_lut[22][8]     ; Merged with activation_block:act_inst|exp_lut[22][0]  ;
; activation_block:act_inst|exp_lut[23][2]      ; Merged with activation_block:act_inst|exp_lut[23][0]  ;
; activation_block:act_inst|sigmoid_lut[23][0]  ; Merged with activation_block:act_inst|exp_lut[23][0]  ;
; activation_block:act_inst|sigmoid_lut[23][1]  ; Merged with activation_block:act_inst|exp_lut[23][0]  ;
; activation_block:act_inst|sigmoid_lut[23][3]  ; Merged with activation_block:act_inst|exp_lut[23][0]  ;
; activation_block:act_inst|sigmoid_lut[23][4]  ; Merged with activation_block:act_inst|exp_lut[23][0]  ;
; activation_block:act_inst|sigmoid_lut[23][5]  ; Merged with activation_block:act_inst|exp_lut[23][0]  ;
; activation_block:act_inst|sigmoid_lut[23][6]  ; Merged with activation_block:act_inst|exp_lut[23][0]  ;
; activation_block:act_inst|sigmoid_lut[23][7]  ; Merged with activation_block:act_inst|exp_lut[23][0]  ;
; activation_block:act_inst|tanh_lut[23][8]     ; Merged with activation_block:act_inst|exp_lut[23][0]  ;
; activation_block:act_inst|exp_lut[24][2]      ; Merged with activation_block:act_inst|exp_lut[24][0]  ;
; activation_block:act_inst|sigmoid_lut[24][0]  ; Merged with activation_block:act_inst|exp_lut[24][0]  ;
; activation_block:act_inst|sigmoid_lut[24][1]  ; Merged with activation_block:act_inst|exp_lut[24][0]  ;
; activation_block:act_inst|sigmoid_lut[24][3]  ; Merged with activation_block:act_inst|exp_lut[24][0]  ;
; activation_block:act_inst|sigmoid_lut[24][4]  ; Merged with activation_block:act_inst|exp_lut[24][0]  ;
; activation_block:act_inst|sigmoid_lut[24][5]  ; Merged with activation_block:act_inst|exp_lut[24][0]  ;
; activation_block:act_inst|sigmoid_lut[24][6]  ; Merged with activation_block:act_inst|exp_lut[24][0]  ;
; activation_block:act_inst|sigmoid_lut[24][7]  ; Merged with activation_block:act_inst|exp_lut[24][0]  ;
; activation_block:act_inst|tanh_lut[24][8]     ; Merged with activation_block:act_inst|exp_lut[24][0]  ;
; activation_block:act_inst|exp_lut[25][2]      ; Merged with activation_block:act_inst|exp_lut[25][0]  ;
; activation_block:act_inst|sigmoid_lut[25][0]  ; Merged with activation_block:act_inst|exp_lut[25][0]  ;
; activation_block:act_inst|sigmoid_lut[25][1]  ; Merged with activation_block:act_inst|exp_lut[25][0]  ;
; activation_block:act_inst|sigmoid_lut[25][3]  ; Merged with activation_block:act_inst|exp_lut[25][0]  ;
; activation_block:act_inst|sigmoid_lut[25][4]  ; Merged with activation_block:act_inst|exp_lut[25][0]  ;
; activation_block:act_inst|sigmoid_lut[25][5]  ; Merged with activation_block:act_inst|exp_lut[25][0]  ;
; activation_block:act_inst|sigmoid_lut[25][6]  ; Merged with activation_block:act_inst|exp_lut[25][0]  ;
; activation_block:act_inst|sigmoid_lut[25][7]  ; Merged with activation_block:act_inst|exp_lut[25][0]  ;
; activation_block:act_inst|tanh_lut[25][8]     ; Merged with activation_block:act_inst|exp_lut[25][0]  ;
; activation_block:act_inst|exp_lut[26][2]      ; Merged with activation_block:act_inst|exp_lut[26][0]  ;
; activation_block:act_inst|sigmoid_lut[26][0]  ; Merged with activation_block:act_inst|exp_lut[26][0]  ;
; activation_block:act_inst|sigmoid_lut[26][1]  ; Merged with activation_block:act_inst|exp_lut[26][0]  ;
; activation_block:act_inst|sigmoid_lut[26][3]  ; Merged with activation_block:act_inst|exp_lut[26][0]  ;
; activation_block:act_inst|sigmoid_lut[26][4]  ; Merged with activation_block:act_inst|exp_lut[26][0]  ;
; activation_block:act_inst|sigmoid_lut[26][5]  ; Merged with activation_block:act_inst|exp_lut[26][0]  ;
; activation_block:act_inst|sigmoid_lut[26][6]  ; Merged with activation_block:act_inst|exp_lut[26][0]  ;
; activation_block:act_inst|sigmoid_lut[26][7]  ; Merged with activation_block:act_inst|exp_lut[26][0]  ;
; activation_block:act_inst|tanh_lut[26][8]     ; Merged with activation_block:act_inst|exp_lut[26][0]  ;
; activation_block:act_inst|exp_lut[27][2]      ; Merged with activation_block:act_inst|exp_lut[27][0]  ;
; activation_block:act_inst|sigmoid_lut[27][0]  ; Merged with activation_block:act_inst|exp_lut[27][0]  ;
; activation_block:act_inst|sigmoid_lut[27][1]  ; Merged with activation_block:act_inst|exp_lut[27][0]  ;
; activation_block:act_inst|sigmoid_lut[27][3]  ; Merged with activation_block:act_inst|exp_lut[27][0]  ;
; activation_block:act_inst|sigmoid_lut[27][4]  ; Merged with activation_block:act_inst|exp_lut[27][0]  ;
; activation_block:act_inst|sigmoid_lut[27][5]  ; Merged with activation_block:act_inst|exp_lut[27][0]  ;
; activation_block:act_inst|sigmoid_lut[27][6]  ; Merged with activation_block:act_inst|exp_lut[27][0]  ;
; activation_block:act_inst|sigmoid_lut[27][7]  ; Merged with activation_block:act_inst|exp_lut[27][0]  ;
; activation_block:act_inst|tanh_lut[27][8]     ; Merged with activation_block:act_inst|exp_lut[27][0]  ;
; activation_block:act_inst|exp_lut[28][2]      ; Merged with activation_block:act_inst|exp_lut[28][0]  ;
; activation_block:act_inst|sigmoid_lut[28][0]  ; Merged with activation_block:act_inst|exp_lut[28][0]  ;
; activation_block:act_inst|sigmoid_lut[28][1]  ; Merged with activation_block:act_inst|exp_lut[28][0]  ;
; activation_block:act_inst|sigmoid_lut[28][3]  ; Merged with activation_block:act_inst|exp_lut[28][0]  ;
; activation_block:act_inst|sigmoid_lut[28][4]  ; Merged with activation_block:act_inst|exp_lut[28][0]  ;
; activation_block:act_inst|sigmoid_lut[28][5]  ; Merged with activation_block:act_inst|exp_lut[28][0]  ;
; activation_block:act_inst|sigmoid_lut[28][6]  ; Merged with activation_block:act_inst|exp_lut[28][0]  ;
; activation_block:act_inst|sigmoid_lut[28][7]  ; Merged with activation_block:act_inst|exp_lut[28][0]  ;
; activation_block:act_inst|tanh_lut[28][8]     ; Merged with activation_block:act_inst|exp_lut[28][0]  ;
; activation_block:act_inst|exp_lut[29][2]      ; Merged with activation_block:act_inst|exp_lut[29][0]  ;
; activation_block:act_inst|sigmoid_lut[29][0]  ; Merged with activation_block:act_inst|exp_lut[29][0]  ;
; activation_block:act_inst|sigmoid_lut[29][1]  ; Merged with activation_block:act_inst|exp_lut[29][0]  ;
; activation_block:act_inst|sigmoid_lut[29][3]  ; Merged with activation_block:act_inst|exp_lut[29][0]  ;
; activation_block:act_inst|sigmoid_lut[29][4]  ; Merged with activation_block:act_inst|exp_lut[29][0]  ;
; activation_block:act_inst|sigmoid_lut[29][5]  ; Merged with activation_block:act_inst|exp_lut[29][0]  ;
; activation_block:act_inst|sigmoid_lut[29][6]  ; Merged with activation_block:act_inst|exp_lut[29][0]  ;
; activation_block:act_inst|sigmoid_lut[29][7]  ; Merged with activation_block:act_inst|exp_lut[29][0]  ;
; activation_block:act_inst|tanh_lut[29][8]     ; Merged with activation_block:act_inst|exp_lut[29][0]  ;
; activation_block:act_inst|exp_lut[30][2]      ; Merged with activation_block:act_inst|exp_lut[30][0]  ;
; activation_block:act_inst|sigmoid_lut[30][0]  ; Merged with activation_block:act_inst|exp_lut[30][0]  ;
; activation_block:act_inst|sigmoid_lut[30][1]  ; Merged with activation_block:act_inst|exp_lut[30][0]  ;
; activation_block:act_inst|sigmoid_lut[30][3]  ; Merged with activation_block:act_inst|exp_lut[30][0]  ;
; activation_block:act_inst|sigmoid_lut[30][4]  ; Merged with activation_block:act_inst|exp_lut[30][0]  ;
; activation_block:act_inst|sigmoid_lut[30][5]  ; Merged with activation_block:act_inst|exp_lut[30][0]  ;
; activation_block:act_inst|sigmoid_lut[30][6]  ; Merged with activation_block:act_inst|exp_lut[30][0]  ;
; activation_block:act_inst|sigmoid_lut[30][7]  ; Merged with activation_block:act_inst|exp_lut[30][0]  ;
; activation_block:act_inst|tanh_lut[30][8]     ; Merged with activation_block:act_inst|exp_lut[30][0]  ;
; activation_block:act_inst|exp_lut[31][2]      ; Merged with activation_block:act_inst|exp_lut[31][0]  ;
; activation_block:act_inst|sigmoid_lut[31][0]  ; Merged with activation_block:act_inst|exp_lut[31][0]  ;
; activation_block:act_inst|sigmoid_lut[31][1]  ; Merged with activation_block:act_inst|exp_lut[31][0]  ;
; activation_block:act_inst|sigmoid_lut[31][3]  ; Merged with activation_block:act_inst|exp_lut[31][0]  ;
; activation_block:act_inst|sigmoid_lut[31][4]  ; Merged with activation_block:act_inst|exp_lut[31][0]  ;
; activation_block:act_inst|sigmoid_lut[31][5]  ; Merged with activation_block:act_inst|exp_lut[31][0]  ;
; activation_block:act_inst|sigmoid_lut[31][6]  ; Merged with activation_block:act_inst|exp_lut[31][0]  ;
; activation_block:act_inst|sigmoid_lut[31][7]  ; Merged with activation_block:act_inst|exp_lut[31][0]  ;
; activation_block:act_inst|tanh_lut[31][8]     ; Merged with activation_block:act_inst|exp_lut[31][0]  ;
; activation_block:act_inst|exp_lut[32][2]      ; Merged with activation_block:act_inst|exp_lut[32][0]  ;
; activation_block:act_inst|sigmoid_lut[32][0]  ; Merged with activation_block:act_inst|exp_lut[32][0]  ;
; activation_block:act_inst|sigmoid_lut[32][1]  ; Merged with activation_block:act_inst|exp_lut[32][0]  ;
; activation_block:act_inst|sigmoid_lut[32][3]  ; Merged with activation_block:act_inst|exp_lut[32][0]  ;
; activation_block:act_inst|sigmoid_lut[32][4]  ; Merged with activation_block:act_inst|exp_lut[32][0]  ;
; activation_block:act_inst|sigmoid_lut[32][5]  ; Merged with activation_block:act_inst|exp_lut[32][0]  ;
; activation_block:act_inst|sigmoid_lut[32][6]  ; Merged with activation_block:act_inst|exp_lut[32][0]  ;
; activation_block:act_inst|sigmoid_lut[32][7]  ; Merged with activation_block:act_inst|exp_lut[32][0]  ;
; activation_block:act_inst|tanh_lut[32][8]     ; Merged with activation_block:act_inst|exp_lut[32][0]  ;
; activation_block:act_inst|exp_lut[33][2]      ; Merged with activation_block:act_inst|exp_lut[33][0]  ;
; activation_block:act_inst|sigmoid_lut[33][0]  ; Merged with activation_block:act_inst|exp_lut[33][0]  ;
; activation_block:act_inst|sigmoid_lut[33][1]  ; Merged with activation_block:act_inst|exp_lut[33][0]  ;
; activation_block:act_inst|sigmoid_lut[33][3]  ; Merged with activation_block:act_inst|exp_lut[33][0]  ;
; activation_block:act_inst|sigmoid_lut[33][4]  ; Merged with activation_block:act_inst|exp_lut[33][0]  ;
; activation_block:act_inst|sigmoid_lut[33][5]  ; Merged with activation_block:act_inst|exp_lut[33][0]  ;
; activation_block:act_inst|sigmoid_lut[33][6]  ; Merged with activation_block:act_inst|exp_lut[33][0]  ;
; activation_block:act_inst|sigmoid_lut[33][7]  ; Merged with activation_block:act_inst|exp_lut[33][0]  ;
; activation_block:act_inst|tanh_lut[33][8]     ; Merged with activation_block:act_inst|exp_lut[33][0]  ;
; activation_block:act_inst|exp_lut[34][2]      ; Merged with activation_block:act_inst|exp_lut[34][0]  ;
; activation_block:act_inst|sigmoid_lut[34][0]  ; Merged with activation_block:act_inst|exp_lut[34][0]  ;
; activation_block:act_inst|sigmoid_lut[34][1]  ; Merged with activation_block:act_inst|exp_lut[34][0]  ;
; activation_block:act_inst|sigmoid_lut[34][3]  ; Merged with activation_block:act_inst|exp_lut[34][0]  ;
; activation_block:act_inst|sigmoid_lut[34][4]  ; Merged with activation_block:act_inst|exp_lut[34][0]  ;
; activation_block:act_inst|sigmoid_lut[34][5]  ; Merged with activation_block:act_inst|exp_lut[34][0]  ;
; activation_block:act_inst|sigmoid_lut[34][6]  ; Merged with activation_block:act_inst|exp_lut[34][0]  ;
; activation_block:act_inst|sigmoid_lut[34][7]  ; Merged with activation_block:act_inst|exp_lut[34][0]  ;
; activation_block:act_inst|tanh_lut[34][8]     ; Merged with activation_block:act_inst|exp_lut[34][0]  ;
; activation_block:act_inst|exp_lut[35][2]      ; Merged with activation_block:act_inst|exp_lut[35][0]  ;
; activation_block:act_inst|sigmoid_lut[35][0]  ; Merged with activation_block:act_inst|exp_lut[35][0]  ;
; activation_block:act_inst|sigmoid_lut[35][1]  ; Merged with activation_block:act_inst|exp_lut[35][0]  ;
; activation_block:act_inst|sigmoid_lut[35][3]  ; Merged with activation_block:act_inst|exp_lut[35][0]  ;
; activation_block:act_inst|sigmoid_lut[35][4]  ; Merged with activation_block:act_inst|exp_lut[35][0]  ;
; activation_block:act_inst|sigmoid_lut[35][5]  ; Merged with activation_block:act_inst|exp_lut[35][0]  ;
; activation_block:act_inst|sigmoid_lut[35][6]  ; Merged with activation_block:act_inst|exp_lut[35][0]  ;
; activation_block:act_inst|sigmoid_lut[35][7]  ; Merged with activation_block:act_inst|exp_lut[35][0]  ;
; activation_block:act_inst|tanh_lut[35][8]     ; Merged with activation_block:act_inst|exp_lut[35][0]  ;
; activation_block:act_inst|exp_lut[36][2]      ; Merged with activation_block:act_inst|exp_lut[36][0]  ;
; activation_block:act_inst|sigmoid_lut[36][0]  ; Merged with activation_block:act_inst|exp_lut[36][0]  ;
; activation_block:act_inst|sigmoid_lut[36][1]  ; Merged with activation_block:act_inst|exp_lut[36][0]  ;
; activation_block:act_inst|sigmoid_lut[36][3]  ; Merged with activation_block:act_inst|exp_lut[36][0]  ;
; activation_block:act_inst|sigmoid_lut[36][4]  ; Merged with activation_block:act_inst|exp_lut[36][0]  ;
; activation_block:act_inst|sigmoid_lut[36][5]  ; Merged with activation_block:act_inst|exp_lut[36][0]  ;
; activation_block:act_inst|sigmoid_lut[36][6]  ; Merged with activation_block:act_inst|exp_lut[36][0]  ;
; activation_block:act_inst|sigmoid_lut[36][7]  ; Merged with activation_block:act_inst|exp_lut[36][0]  ;
; activation_block:act_inst|tanh_lut[36][8]     ; Merged with activation_block:act_inst|exp_lut[36][0]  ;
; activation_block:act_inst|exp_lut[37][2]      ; Merged with activation_block:act_inst|exp_lut[37][0]  ;
; activation_block:act_inst|sigmoid_lut[37][0]  ; Merged with activation_block:act_inst|exp_lut[37][0]  ;
; activation_block:act_inst|sigmoid_lut[37][1]  ; Merged with activation_block:act_inst|exp_lut[37][0]  ;
; activation_block:act_inst|sigmoid_lut[37][3]  ; Merged with activation_block:act_inst|exp_lut[37][0]  ;
; activation_block:act_inst|sigmoid_lut[37][4]  ; Merged with activation_block:act_inst|exp_lut[37][0]  ;
; activation_block:act_inst|sigmoid_lut[37][5]  ; Merged with activation_block:act_inst|exp_lut[37][0]  ;
; activation_block:act_inst|sigmoid_lut[37][6]  ; Merged with activation_block:act_inst|exp_lut[37][0]  ;
; activation_block:act_inst|sigmoid_lut[37][7]  ; Merged with activation_block:act_inst|exp_lut[37][0]  ;
; activation_block:act_inst|tanh_lut[37][8]     ; Merged with activation_block:act_inst|exp_lut[37][0]  ;
; activation_block:act_inst|exp_lut[38][2]      ; Merged with activation_block:act_inst|exp_lut[38][0]  ;
; activation_block:act_inst|sigmoid_lut[38][0]  ; Merged with activation_block:act_inst|exp_lut[38][0]  ;
; activation_block:act_inst|sigmoid_lut[38][1]  ; Merged with activation_block:act_inst|exp_lut[38][0]  ;
; activation_block:act_inst|sigmoid_lut[38][3]  ; Merged with activation_block:act_inst|exp_lut[38][0]  ;
; activation_block:act_inst|sigmoid_lut[38][4]  ; Merged with activation_block:act_inst|exp_lut[38][0]  ;
; activation_block:act_inst|sigmoid_lut[38][5]  ; Merged with activation_block:act_inst|exp_lut[38][0]  ;
; activation_block:act_inst|sigmoid_lut[38][6]  ; Merged with activation_block:act_inst|exp_lut[38][0]  ;
; activation_block:act_inst|sigmoid_lut[38][7]  ; Merged with activation_block:act_inst|exp_lut[38][0]  ;
; activation_block:act_inst|tanh_lut[38][8]     ; Merged with activation_block:act_inst|exp_lut[38][0]  ;
; activation_block:act_inst|exp_lut[39][2]      ; Merged with activation_block:act_inst|exp_lut[39][0]  ;
; activation_block:act_inst|sigmoid_lut[39][0]  ; Merged with activation_block:act_inst|exp_lut[39][0]  ;
; activation_block:act_inst|sigmoid_lut[39][1]  ; Merged with activation_block:act_inst|exp_lut[39][0]  ;
; activation_block:act_inst|sigmoid_lut[39][3]  ; Merged with activation_block:act_inst|exp_lut[39][0]  ;
; activation_block:act_inst|sigmoid_lut[39][4]  ; Merged with activation_block:act_inst|exp_lut[39][0]  ;
; activation_block:act_inst|sigmoid_lut[39][5]  ; Merged with activation_block:act_inst|exp_lut[39][0]  ;
; activation_block:act_inst|sigmoid_lut[39][6]  ; Merged with activation_block:act_inst|exp_lut[39][0]  ;
; activation_block:act_inst|sigmoid_lut[39][7]  ; Merged with activation_block:act_inst|exp_lut[39][0]  ;
; activation_block:act_inst|tanh_lut[39][8]     ; Merged with activation_block:act_inst|exp_lut[39][0]  ;
; activation_block:act_inst|exp_lut[40][2]      ; Merged with activation_block:act_inst|exp_lut[40][0]  ;
; activation_block:act_inst|sigmoid_lut[40][0]  ; Merged with activation_block:act_inst|exp_lut[40][0]  ;
; activation_block:act_inst|sigmoid_lut[40][1]  ; Merged with activation_block:act_inst|exp_lut[40][0]  ;
; activation_block:act_inst|sigmoid_lut[40][3]  ; Merged with activation_block:act_inst|exp_lut[40][0]  ;
; activation_block:act_inst|sigmoid_lut[40][4]  ; Merged with activation_block:act_inst|exp_lut[40][0]  ;
; activation_block:act_inst|sigmoid_lut[40][5]  ; Merged with activation_block:act_inst|exp_lut[40][0]  ;
; activation_block:act_inst|sigmoid_lut[40][6]  ; Merged with activation_block:act_inst|exp_lut[40][0]  ;
; activation_block:act_inst|sigmoid_lut[40][7]  ; Merged with activation_block:act_inst|exp_lut[40][0]  ;
; activation_block:act_inst|tanh_lut[40][8]     ; Merged with activation_block:act_inst|exp_lut[40][0]  ;
; activation_block:act_inst|exp_lut[41][2]      ; Merged with activation_block:act_inst|exp_lut[41][0]  ;
; activation_block:act_inst|sigmoid_lut[41][0]  ; Merged with activation_block:act_inst|exp_lut[41][0]  ;
; activation_block:act_inst|sigmoid_lut[41][1]  ; Merged with activation_block:act_inst|exp_lut[41][0]  ;
; activation_block:act_inst|sigmoid_lut[41][3]  ; Merged with activation_block:act_inst|exp_lut[41][0]  ;
; activation_block:act_inst|sigmoid_lut[41][4]  ; Merged with activation_block:act_inst|exp_lut[41][0]  ;
; activation_block:act_inst|sigmoid_lut[41][5]  ; Merged with activation_block:act_inst|exp_lut[41][0]  ;
; activation_block:act_inst|sigmoid_lut[41][6]  ; Merged with activation_block:act_inst|exp_lut[41][0]  ;
; activation_block:act_inst|sigmoid_lut[41][7]  ; Merged with activation_block:act_inst|exp_lut[41][0]  ;
; activation_block:act_inst|tanh_lut[41][8]     ; Merged with activation_block:act_inst|exp_lut[41][0]  ;
; activation_block:act_inst|exp_lut[42][2]      ; Merged with activation_block:act_inst|exp_lut[42][0]  ;
; activation_block:act_inst|sigmoid_lut[42][0]  ; Merged with activation_block:act_inst|exp_lut[42][0]  ;
; activation_block:act_inst|sigmoid_lut[42][1]  ; Merged with activation_block:act_inst|exp_lut[42][0]  ;
; activation_block:act_inst|sigmoid_lut[42][3]  ; Merged with activation_block:act_inst|exp_lut[42][0]  ;
; activation_block:act_inst|sigmoid_lut[42][4]  ; Merged with activation_block:act_inst|exp_lut[42][0]  ;
; activation_block:act_inst|sigmoid_lut[42][5]  ; Merged with activation_block:act_inst|exp_lut[42][0]  ;
; activation_block:act_inst|sigmoid_lut[42][6]  ; Merged with activation_block:act_inst|exp_lut[42][0]  ;
; activation_block:act_inst|sigmoid_lut[42][7]  ; Merged with activation_block:act_inst|exp_lut[42][0]  ;
; activation_block:act_inst|tanh_lut[42][8]     ; Merged with activation_block:act_inst|exp_lut[42][0]  ;
; activation_block:act_inst|exp_lut[43][2]      ; Merged with activation_block:act_inst|exp_lut[43][0]  ;
; activation_block:act_inst|sigmoid_lut[43][0]  ; Merged with activation_block:act_inst|exp_lut[43][0]  ;
; activation_block:act_inst|sigmoid_lut[43][1]  ; Merged with activation_block:act_inst|exp_lut[43][0]  ;
; activation_block:act_inst|sigmoid_lut[43][3]  ; Merged with activation_block:act_inst|exp_lut[43][0]  ;
; activation_block:act_inst|sigmoid_lut[43][4]  ; Merged with activation_block:act_inst|exp_lut[43][0]  ;
; activation_block:act_inst|sigmoid_lut[43][5]  ; Merged with activation_block:act_inst|exp_lut[43][0]  ;
; activation_block:act_inst|sigmoid_lut[43][6]  ; Merged with activation_block:act_inst|exp_lut[43][0]  ;
; activation_block:act_inst|sigmoid_lut[43][7]  ; Merged with activation_block:act_inst|exp_lut[43][0]  ;
; activation_block:act_inst|tanh_lut[43][8]     ; Merged with activation_block:act_inst|exp_lut[43][0]  ;
; activation_block:act_inst|exp_lut[44][2]      ; Merged with activation_block:act_inst|exp_lut[44][0]  ;
; activation_block:act_inst|sigmoid_lut[44][0]  ; Merged with activation_block:act_inst|exp_lut[44][0]  ;
; activation_block:act_inst|sigmoid_lut[44][1]  ; Merged with activation_block:act_inst|exp_lut[44][0]  ;
; activation_block:act_inst|sigmoid_lut[44][3]  ; Merged with activation_block:act_inst|exp_lut[44][0]  ;
; activation_block:act_inst|sigmoid_lut[44][4]  ; Merged with activation_block:act_inst|exp_lut[44][0]  ;
; activation_block:act_inst|sigmoid_lut[44][5]  ; Merged with activation_block:act_inst|exp_lut[44][0]  ;
; activation_block:act_inst|sigmoid_lut[44][6]  ; Merged with activation_block:act_inst|exp_lut[44][0]  ;
; activation_block:act_inst|sigmoid_lut[44][7]  ; Merged with activation_block:act_inst|exp_lut[44][0]  ;
; activation_block:act_inst|tanh_lut[44][8]     ; Merged with activation_block:act_inst|exp_lut[44][0]  ;
; activation_block:act_inst|exp_lut[45][2]      ; Merged with activation_block:act_inst|exp_lut[45][0]  ;
; activation_block:act_inst|sigmoid_lut[45][0]  ; Merged with activation_block:act_inst|exp_lut[45][0]  ;
; activation_block:act_inst|sigmoid_lut[45][1]  ; Merged with activation_block:act_inst|exp_lut[45][0]  ;
; activation_block:act_inst|sigmoid_lut[45][3]  ; Merged with activation_block:act_inst|exp_lut[45][0]  ;
; activation_block:act_inst|sigmoid_lut[45][4]  ; Merged with activation_block:act_inst|exp_lut[45][0]  ;
; activation_block:act_inst|sigmoid_lut[45][5]  ; Merged with activation_block:act_inst|exp_lut[45][0]  ;
; activation_block:act_inst|sigmoid_lut[45][6]  ; Merged with activation_block:act_inst|exp_lut[45][0]  ;
; activation_block:act_inst|sigmoid_lut[45][7]  ; Merged with activation_block:act_inst|exp_lut[45][0]  ;
; activation_block:act_inst|tanh_lut[45][8]     ; Merged with activation_block:act_inst|exp_lut[45][0]  ;
; activation_block:act_inst|exp_lut[46][2]      ; Merged with activation_block:act_inst|exp_lut[46][0]  ;
; activation_block:act_inst|sigmoid_lut[46][0]  ; Merged with activation_block:act_inst|exp_lut[46][0]  ;
; activation_block:act_inst|sigmoid_lut[46][1]  ; Merged with activation_block:act_inst|exp_lut[46][0]  ;
; activation_block:act_inst|sigmoid_lut[46][3]  ; Merged with activation_block:act_inst|exp_lut[46][0]  ;
; activation_block:act_inst|sigmoid_lut[46][4]  ; Merged with activation_block:act_inst|exp_lut[46][0]  ;
; activation_block:act_inst|sigmoid_lut[46][5]  ; Merged with activation_block:act_inst|exp_lut[46][0]  ;
; activation_block:act_inst|sigmoid_lut[46][6]  ; Merged with activation_block:act_inst|exp_lut[46][0]  ;
; activation_block:act_inst|sigmoid_lut[46][7]  ; Merged with activation_block:act_inst|exp_lut[46][0]  ;
; activation_block:act_inst|tanh_lut[46][8]     ; Merged with activation_block:act_inst|exp_lut[46][0]  ;
; activation_block:act_inst|exp_lut[47][2]      ; Merged with activation_block:act_inst|exp_lut[47][0]  ;
; activation_block:act_inst|sigmoid_lut[47][0]  ; Merged with activation_block:act_inst|exp_lut[47][0]  ;
; activation_block:act_inst|sigmoid_lut[47][1]  ; Merged with activation_block:act_inst|exp_lut[47][0]  ;
; activation_block:act_inst|sigmoid_lut[47][3]  ; Merged with activation_block:act_inst|exp_lut[47][0]  ;
; activation_block:act_inst|sigmoid_lut[47][4]  ; Merged with activation_block:act_inst|exp_lut[47][0]  ;
; activation_block:act_inst|sigmoid_lut[47][5]  ; Merged with activation_block:act_inst|exp_lut[47][0]  ;
; activation_block:act_inst|sigmoid_lut[47][6]  ; Merged with activation_block:act_inst|exp_lut[47][0]  ;
; activation_block:act_inst|sigmoid_lut[47][7]  ; Merged with activation_block:act_inst|exp_lut[47][0]  ;
; activation_block:act_inst|tanh_lut[47][8]     ; Merged with activation_block:act_inst|exp_lut[47][0]  ;
; activation_block:act_inst|exp_lut[48][2]      ; Merged with activation_block:act_inst|exp_lut[48][0]  ;
; activation_block:act_inst|sigmoid_lut[48][0]  ; Merged with activation_block:act_inst|exp_lut[48][0]  ;
; activation_block:act_inst|sigmoid_lut[48][1]  ; Merged with activation_block:act_inst|exp_lut[48][0]  ;
; activation_block:act_inst|sigmoid_lut[48][3]  ; Merged with activation_block:act_inst|exp_lut[48][0]  ;
; activation_block:act_inst|sigmoid_lut[48][4]  ; Merged with activation_block:act_inst|exp_lut[48][0]  ;
; activation_block:act_inst|sigmoid_lut[48][5]  ; Merged with activation_block:act_inst|exp_lut[48][0]  ;
; activation_block:act_inst|sigmoid_lut[48][6]  ; Merged with activation_block:act_inst|exp_lut[48][0]  ;
; activation_block:act_inst|sigmoid_lut[48][7]  ; Merged with activation_block:act_inst|exp_lut[48][0]  ;
; activation_block:act_inst|tanh_lut[48][8]     ; Merged with activation_block:act_inst|exp_lut[48][0]  ;
; activation_block:act_inst|exp_lut[49][2]      ; Merged with activation_block:act_inst|exp_lut[49][0]  ;
; activation_block:act_inst|sigmoid_lut[49][0]  ; Merged with activation_block:act_inst|exp_lut[49][0]  ;
; activation_block:act_inst|sigmoid_lut[49][1]  ; Merged with activation_block:act_inst|exp_lut[49][0]  ;
; activation_block:act_inst|sigmoid_lut[49][3]  ; Merged with activation_block:act_inst|exp_lut[49][0]  ;
; activation_block:act_inst|sigmoid_lut[49][4]  ; Merged with activation_block:act_inst|exp_lut[49][0]  ;
; activation_block:act_inst|sigmoid_lut[49][5]  ; Merged with activation_block:act_inst|exp_lut[49][0]  ;
; activation_block:act_inst|sigmoid_lut[49][6]  ; Merged with activation_block:act_inst|exp_lut[49][0]  ;
; activation_block:act_inst|sigmoid_lut[49][7]  ; Merged with activation_block:act_inst|exp_lut[49][0]  ;
; activation_block:act_inst|tanh_lut[49][8]     ; Merged with activation_block:act_inst|exp_lut[49][0]  ;
; activation_block:act_inst|exp_lut[50][2]      ; Merged with activation_block:act_inst|exp_lut[50][0]  ;
; activation_block:act_inst|sigmoid_lut[50][0]  ; Merged with activation_block:act_inst|exp_lut[50][0]  ;
; activation_block:act_inst|sigmoid_lut[50][1]  ; Merged with activation_block:act_inst|exp_lut[50][0]  ;
; activation_block:act_inst|sigmoid_lut[50][3]  ; Merged with activation_block:act_inst|exp_lut[50][0]  ;
; activation_block:act_inst|sigmoid_lut[50][4]  ; Merged with activation_block:act_inst|exp_lut[50][0]  ;
; activation_block:act_inst|sigmoid_lut[50][5]  ; Merged with activation_block:act_inst|exp_lut[50][0]  ;
; activation_block:act_inst|sigmoid_lut[50][6]  ; Merged with activation_block:act_inst|exp_lut[50][0]  ;
; activation_block:act_inst|sigmoid_lut[50][7]  ; Merged with activation_block:act_inst|exp_lut[50][0]  ;
; activation_block:act_inst|tanh_lut[50][8]     ; Merged with activation_block:act_inst|exp_lut[50][0]  ;
; activation_block:act_inst|exp_lut[51][2]      ; Merged with activation_block:act_inst|exp_lut[51][0]  ;
; activation_block:act_inst|sigmoid_lut[51][0]  ; Merged with activation_block:act_inst|exp_lut[51][0]  ;
; activation_block:act_inst|sigmoid_lut[51][1]  ; Merged with activation_block:act_inst|exp_lut[51][0]  ;
; activation_block:act_inst|sigmoid_lut[51][3]  ; Merged with activation_block:act_inst|exp_lut[51][0]  ;
; activation_block:act_inst|sigmoid_lut[51][4]  ; Merged with activation_block:act_inst|exp_lut[51][0]  ;
; activation_block:act_inst|sigmoid_lut[51][5]  ; Merged with activation_block:act_inst|exp_lut[51][0]  ;
; activation_block:act_inst|sigmoid_lut[51][6]  ; Merged with activation_block:act_inst|exp_lut[51][0]  ;
; activation_block:act_inst|sigmoid_lut[51][7]  ; Merged with activation_block:act_inst|exp_lut[51][0]  ;
; activation_block:act_inst|tanh_lut[51][8]     ; Merged with activation_block:act_inst|exp_lut[51][0]  ;
; activation_block:act_inst|exp_lut[52][2]      ; Merged with activation_block:act_inst|exp_lut[52][0]  ;
; activation_block:act_inst|sigmoid_lut[52][0]  ; Merged with activation_block:act_inst|exp_lut[52][0]  ;
; activation_block:act_inst|sigmoid_lut[52][1]  ; Merged with activation_block:act_inst|exp_lut[52][0]  ;
; activation_block:act_inst|sigmoid_lut[52][3]  ; Merged with activation_block:act_inst|exp_lut[52][0]  ;
; activation_block:act_inst|sigmoid_lut[52][4]  ; Merged with activation_block:act_inst|exp_lut[52][0]  ;
; activation_block:act_inst|sigmoid_lut[52][5]  ; Merged with activation_block:act_inst|exp_lut[52][0]  ;
; activation_block:act_inst|sigmoid_lut[52][6]  ; Merged with activation_block:act_inst|exp_lut[52][0]  ;
; activation_block:act_inst|sigmoid_lut[52][7]  ; Merged with activation_block:act_inst|exp_lut[52][0]  ;
; activation_block:act_inst|tanh_lut[52][8]     ; Merged with activation_block:act_inst|exp_lut[52][0]  ;
; activation_block:act_inst|exp_lut[53][2]      ; Merged with activation_block:act_inst|exp_lut[53][0]  ;
; activation_block:act_inst|sigmoid_lut[53][0]  ; Merged with activation_block:act_inst|exp_lut[53][0]  ;
; activation_block:act_inst|sigmoid_lut[53][1]  ; Merged with activation_block:act_inst|exp_lut[53][0]  ;
; activation_block:act_inst|sigmoid_lut[53][3]  ; Merged with activation_block:act_inst|exp_lut[53][0]  ;
; activation_block:act_inst|sigmoid_lut[53][4]  ; Merged with activation_block:act_inst|exp_lut[53][0]  ;
; activation_block:act_inst|sigmoid_lut[53][5]  ; Merged with activation_block:act_inst|exp_lut[53][0]  ;
; activation_block:act_inst|sigmoid_lut[53][6]  ; Merged with activation_block:act_inst|exp_lut[53][0]  ;
; activation_block:act_inst|sigmoid_lut[53][7]  ; Merged with activation_block:act_inst|exp_lut[53][0]  ;
; activation_block:act_inst|tanh_lut[53][8]     ; Merged with activation_block:act_inst|exp_lut[53][0]  ;
; activation_block:act_inst|exp_lut[54][2]      ; Merged with activation_block:act_inst|exp_lut[54][0]  ;
; activation_block:act_inst|sigmoid_lut[54][0]  ; Merged with activation_block:act_inst|exp_lut[54][0]  ;
; activation_block:act_inst|sigmoid_lut[54][1]  ; Merged with activation_block:act_inst|exp_lut[54][0]  ;
; activation_block:act_inst|sigmoid_lut[54][3]  ; Merged with activation_block:act_inst|exp_lut[54][0]  ;
; activation_block:act_inst|sigmoid_lut[54][4]  ; Merged with activation_block:act_inst|exp_lut[54][0]  ;
; activation_block:act_inst|sigmoid_lut[54][5]  ; Merged with activation_block:act_inst|exp_lut[54][0]  ;
; activation_block:act_inst|sigmoid_lut[54][6]  ; Merged with activation_block:act_inst|exp_lut[54][0]  ;
; activation_block:act_inst|sigmoid_lut[54][7]  ; Merged with activation_block:act_inst|exp_lut[54][0]  ;
; activation_block:act_inst|tanh_lut[54][8]     ; Merged with activation_block:act_inst|exp_lut[54][0]  ;
; activation_block:act_inst|exp_lut[55][2]      ; Merged with activation_block:act_inst|exp_lut[55][0]  ;
; activation_block:act_inst|sigmoid_lut[55][0]  ; Merged with activation_block:act_inst|exp_lut[55][0]  ;
; activation_block:act_inst|sigmoid_lut[55][1]  ; Merged with activation_block:act_inst|exp_lut[55][0]  ;
; activation_block:act_inst|sigmoid_lut[55][3]  ; Merged with activation_block:act_inst|exp_lut[55][0]  ;
; activation_block:act_inst|sigmoid_lut[55][4]  ; Merged with activation_block:act_inst|exp_lut[55][0]  ;
; activation_block:act_inst|sigmoid_lut[55][5]  ; Merged with activation_block:act_inst|exp_lut[55][0]  ;
; activation_block:act_inst|sigmoid_lut[55][6]  ; Merged with activation_block:act_inst|exp_lut[55][0]  ;
; activation_block:act_inst|sigmoid_lut[55][7]  ; Merged with activation_block:act_inst|exp_lut[55][0]  ;
; activation_block:act_inst|tanh_lut[55][8]     ; Merged with activation_block:act_inst|exp_lut[55][0]  ;
; activation_block:act_inst|exp_lut[56][2]      ; Merged with activation_block:act_inst|exp_lut[56][0]  ;
; activation_block:act_inst|sigmoid_lut[56][0]  ; Merged with activation_block:act_inst|exp_lut[56][0]  ;
; activation_block:act_inst|sigmoid_lut[56][1]  ; Merged with activation_block:act_inst|exp_lut[56][0]  ;
; activation_block:act_inst|sigmoid_lut[56][3]  ; Merged with activation_block:act_inst|exp_lut[56][0]  ;
; activation_block:act_inst|sigmoid_lut[56][4]  ; Merged with activation_block:act_inst|exp_lut[56][0]  ;
; activation_block:act_inst|sigmoid_lut[56][5]  ; Merged with activation_block:act_inst|exp_lut[56][0]  ;
; activation_block:act_inst|sigmoid_lut[56][6]  ; Merged with activation_block:act_inst|exp_lut[56][0]  ;
; activation_block:act_inst|sigmoid_lut[56][7]  ; Merged with activation_block:act_inst|exp_lut[56][0]  ;
; activation_block:act_inst|tanh_lut[56][8]     ; Merged with activation_block:act_inst|exp_lut[56][0]  ;
; activation_block:act_inst|exp_lut[57][2]      ; Merged with activation_block:act_inst|exp_lut[57][0]  ;
; activation_block:act_inst|sigmoid_lut[57][0]  ; Merged with activation_block:act_inst|exp_lut[57][0]  ;
; activation_block:act_inst|sigmoid_lut[57][1]  ; Merged with activation_block:act_inst|exp_lut[57][0]  ;
; activation_block:act_inst|sigmoid_lut[57][3]  ; Merged with activation_block:act_inst|exp_lut[57][0]  ;
; activation_block:act_inst|sigmoid_lut[57][4]  ; Merged with activation_block:act_inst|exp_lut[57][0]  ;
; activation_block:act_inst|sigmoid_lut[57][5]  ; Merged with activation_block:act_inst|exp_lut[57][0]  ;
; activation_block:act_inst|sigmoid_lut[57][6]  ; Merged with activation_block:act_inst|exp_lut[57][0]  ;
; activation_block:act_inst|sigmoid_lut[57][7]  ; Merged with activation_block:act_inst|exp_lut[57][0]  ;
; activation_block:act_inst|tanh_lut[57][8]     ; Merged with activation_block:act_inst|exp_lut[57][0]  ;
; activation_block:act_inst|exp_lut[58][2]      ; Merged with activation_block:act_inst|exp_lut[58][0]  ;
; activation_block:act_inst|sigmoid_lut[58][0]  ; Merged with activation_block:act_inst|exp_lut[58][0]  ;
; activation_block:act_inst|sigmoid_lut[58][1]  ; Merged with activation_block:act_inst|exp_lut[58][0]  ;
; activation_block:act_inst|sigmoid_lut[58][3]  ; Merged with activation_block:act_inst|exp_lut[58][0]  ;
; activation_block:act_inst|sigmoid_lut[58][4]  ; Merged with activation_block:act_inst|exp_lut[58][0]  ;
; activation_block:act_inst|sigmoid_lut[58][5]  ; Merged with activation_block:act_inst|exp_lut[58][0]  ;
; activation_block:act_inst|sigmoid_lut[58][6]  ; Merged with activation_block:act_inst|exp_lut[58][0]  ;
; activation_block:act_inst|sigmoid_lut[58][7]  ; Merged with activation_block:act_inst|exp_lut[58][0]  ;
; activation_block:act_inst|tanh_lut[58][8]     ; Merged with activation_block:act_inst|exp_lut[58][0]  ;
; activation_block:act_inst|exp_lut[59][2]      ; Merged with activation_block:act_inst|exp_lut[59][0]  ;
; activation_block:act_inst|sigmoid_lut[59][0]  ; Merged with activation_block:act_inst|exp_lut[59][0]  ;
; activation_block:act_inst|sigmoid_lut[59][1]  ; Merged with activation_block:act_inst|exp_lut[59][0]  ;
; activation_block:act_inst|sigmoid_lut[59][3]  ; Merged with activation_block:act_inst|exp_lut[59][0]  ;
; activation_block:act_inst|sigmoid_lut[59][4]  ; Merged with activation_block:act_inst|exp_lut[59][0]  ;
; activation_block:act_inst|sigmoid_lut[59][5]  ; Merged with activation_block:act_inst|exp_lut[59][0]  ;
; activation_block:act_inst|sigmoid_lut[59][6]  ; Merged with activation_block:act_inst|exp_lut[59][0]  ;
; activation_block:act_inst|sigmoid_lut[59][7]  ; Merged with activation_block:act_inst|exp_lut[59][0]  ;
; activation_block:act_inst|tanh_lut[59][8]     ; Merged with activation_block:act_inst|exp_lut[59][0]  ;
; activation_block:act_inst|exp_lut[60][2]      ; Merged with activation_block:act_inst|exp_lut[60][0]  ;
; activation_block:act_inst|sigmoid_lut[60][0]  ; Merged with activation_block:act_inst|exp_lut[60][0]  ;
; activation_block:act_inst|sigmoid_lut[60][1]  ; Merged with activation_block:act_inst|exp_lut[60][0]  ;
; activation_block:act_inst|sigmoid_lut[60][3]  ; Merged with activation_block:act_inst|exp_lut[60][0]  ;
; activation_block:act_inst|sigmoid_lut[60][4]  ; Merged with activation_block:act_inst|exp_lut[60][0]  ;
; activation_block:act_inst|sigmoid_lut[60][5]  ; Merged with activation_block:act_inst|exp_lut[60][0]  ;
; activation_block:act_inst|sigmoid_lut[60][6]  ; Merged with activation_block:act_inst|exp_lut[60][0]  ;
; activation_block:act_inst|sigmoid_lut[60][7]  ; Merged with activation_block:act_inst|exp_lut[60][0]  ;
; activation_block:act_inst|tanh_lut[60][8]     ; Merged with activation_block:act_inst|exp_lut[60][0]  ;
; activation_block:act_inst|exp_lut[61][2]      ; Merged with activation_block:act_inst|exp_lut[61][0]  ;
; activation_block:act_inst|sigmoid_lut[61][0]  ; Merged with activation_block:act_inst|exp_lut[61][0]  ;
; activation_block:act_inst|sigmoid_lut[61][1]  ; Merged with activation_block:act_inst|exp_lut[61][0]  ;
; activation_block:act_inst|sigmoid_lut[61][3]  ; Merged with activation_block:act_inst|exp_lut[61][0]  ;
; activation_block:act_inst|sigmoid_lut[61][4]  ; Merged with activation_block:act_inst|exp_lut[61][0]  ;
; activation_block:act_inst|sigmoid_lut[61][5]  ; Merged with activation_block:act_inst|exp_lut[61][0]  ;
; activation_block:act_inst|sigmoid_lut[61][6]  ; Merged with activation_block:act_inst|exp_lut[61][0]  ;
; activation_block:act_inst|sigmoid_lut[61][7]  ; Merged with activation_block:act_inst|exp_lut[61][0]  ;
; activation_block:act_inst|tanh_lut[61][8]     ; Merged with activation_block:act_inst|exp_lut[61][0]  ;
; activation_block:act_inst|exp_lut[62][2]      ; Merged with activation_block:act_inst|exp_lut[62][0]  ;
; activation_block:act_inst|sigmoid_lut[62][0]  ; Merged with activation_block:act_inst|exp_lut[62][0]  ;
; activation_block:act_inst|sigmoid_lut[62][1]  ; Merged with activation_block:act_inst|exp_lut[62][0]  ;
; activation_block:act_inst|sigmoid_lut[62][3]  ; Merged with activation_block:act_inst|exp_lut[62][0]  ;
; activation_block:act_inst|sigmoid_lut[62][4]  ; Merged with activation_block:act_inst|exp_lut[62][0]  ;
; activation_block:act_inst|sigmoid_lut[62][5]  ; Merged with activation_block:act_inst|exp_lut[62][0]  ;
; activation_block:act_inst|sigmoid_lut[62][6]  ; Merged with activation_block:act_inst|exp_lut[62][0]  ;
; activation_block:act_inst|sigmoid_lut[62][7]  ; Merged with activation_block:act_inst|exp_lut[62][0]  ;
; activation_block:act_inst|tanh_lut[62][8]     ; Merged with activation_block:act_inst|exp_lut[62][0]  ;
; activation_block:act_inst|exp_lut[63][2]      ; Merged with activation_block:act_inst|exp_lut[63][0]  ;
; activation_block:act_inst|sigmoid_lut[63][0]  ; Merged with activation_block:act_inst|exp_lut[63][0]  ;
; activation_block:act_inst|sigmoid_lut[63][1]  ; Merged with activation_block:act_inst|exp_lut[63][0]  ;
; activation_block:act_inst|sigmoid_lut[63][3]  ; Merged with activation_block:act_inst|exp_lut[63][0]  ;
; activation_block:act_inst|sigmoid_lut[63][4]  ; Merged with activation_block:act_inst|exp_lut[63][0]  ;
; activation_block:act_inst|sigmoid_lut[63][5]  ; Merged with activation_block:act_inst|exp_lut[63][0]  ;
; activation_block:act_inst|sigmoid_lut[63][6]  ; Merged with activation_block:act_inst|exp_lut[63][0]  ;
; activation_block:act_inst|sigmoid_lut[63][7]  ; Merged with activation_block:act_inst|exp_lut[63][0]  ;
; activation_block:act_inst|tanh_lut[63][8]     ; Merged with activation_block:act_inst|exp_lut[63][0]  ;
; activation_block:act_inst|sigmoid_lut[64][0]  ; Merged with activation_block:act_inst|exp_lut[64][0]  ;
; activation_block:act_inst|sigmoid_lut[64][5]  ; Merged with activation_block:act_inst|exp_lut[64][0]  ;
; activation_block:act_inst|sigmoid_lut[64][6]  ; Merged with activation_block:act_inst|exp_lut[64][0]  ;
; activation_block:act_inst|sigmoid_lut[64][7]  ; Merged with activation_block:act_inst|exp_lut[64][0]  ;
; activation_block:act_inst|exp_lut[65][2]      ; Merged with activation_block:act_inst|exp_lut[65][0]  ;
; activation_block:act_inst|sigmoid_lut[65][0]  ; Merged with activation_block:act_inst|exp_lut[65][0]  ;
; activation_block:act_inst|sigmoid_lut[65][1]  ; Merged with activation_block:act_inst|exp_lut[65][0]  ;
; activation_block:act_inst|sigmoid_lut[65][3]  ; Merged with activation_block:act_inst|exp_lut[65][0]  ;
; activation_block:act_inst|sigmoid_lut[65][4]  ; Merged with activation_block:act_inst|exp_lut[65][0]  ;
; activation_block:act_inst|sigmoid_lut[65][5]  ; Merged with activation_block:act_inst|exp_lut[65][0]  ;
; activation_block:act_inst|sigmoid_lut[65][6]  ; Merged with activation_block:act_inst|exp_lut[65][0]  ;
; activation_block:act_inst|sigmoid_lut[65][7]  ; Merged with activation_block:act_inst|exp_lut[65][0]  ;
; activation_block:act_inst|tanh_lut[65][8]     ; Merged with activation_block:act_inst|exp_lut[65][0]  ;
; activation_block:act_inst|exp_lut[66][2]      ; Merged with activation_block:act_inst|exp_lut[66][0]  ;
; activation_block:act_inst|sigmoid_lut[66][0]  ; Merged with activation_block:act_inst|exp_lut[66][0]  ;
; activation_block:act_inst|sigmoid_lut[66][1]  ; Merged with activation_block:act_inst|exp_lut[66][0]  ;
; activation_block:act_inst|sigmoid_lut[66][3]  ; Merged with activation_block:act_inst|exp_lut[66][0]  ;
; activation_block:act_inst|sigmoid_lut[66][4]  ; Merged with activation_block:act_inst|exp_lut[66][0]  ;
; activation_block:act_inst|sigmoid_lut[66][5]  ; Merged with activation_block:act_inst|exp_lut[66][0]  ;
; activation_block:act_inst|sigmoid_lut[66][6]  ; Merged with activation_block:act_inst|exp_lut[66][0]  ;
; activation_block:act_inst|sigmoid_lut[66][7]  ; Merged with activation_block:act_inst|exp_lut[66][0]  ;
; activation_block:act_inst|tanh_lut[66][8]     ; Merged with activation_block:act_inst|exp_lut[66][0]  ;
; activation_block:act_inst|exp_lut[67][2]      ; Merged with activation_block:act_inst|exp_lut[67][0]  ;
; activation_block:act_inst|sigmoid_lut[67][0]  ; Merged with activation_block:act_inst|exp_lut[67][0]  ;
; activation_block:act_inst|sigmoid_lut[67][1]  ; Merged with activation_block:act_inst|exp_lut[67][0]  ;
; activation_block:act_inst|sigmoid_lut[67][3]  ; Merged with activation_block:act_inst|exp_lut[67][0]  ;
; activation_block:act_inst|sigmoid_lut[67][4]  ; Merged with activation_block:act_inst|exp_lut[67][0]  ;
; activation_block:act_inst|sigmoid_lut[67][5]  ; Merged with activation_block:act_inst|exp_lut[67][0]  ;
; activation_block:act_inst|sigmoid_lut[67][6]  ; Merged with activation_block:act_inst|exp_lut[67][0]  ;
; activation_block:act_inst|sigmoid_lut[67][7]  ; Merged with activation_block:act_inst|exp_lut[67][0]  ;
; activation_block:act_inst|tanh_lut[67][8]     ; Merged with activation_block:act_inst|exp_lut[67][0]  ;
; activation_block:act_inst|exp_lut[68][2]      ; Merged with activation_block:act_inst|exp_lut[68][0]  ;
; activation_block:act_inst|sigmoid_lut[68][0]  ; Merged with activation_block:act_inst|exp_lut[68][0]  ;
; activation_block:act_inst|sigmoid_lut[68][1]  ; Merged with activation_block:act_inst|exp_lut[68][0]  ;
; activation_block:act_inst|sigmoid_lut[68][3]  ; Merged with activation_block:act_inst|exp_lut[68][0]  ;
; activation_block:act_inst|sigmoid_lut[68][4]  ; Merged with activation_block:act_inst|exp_lut[68][0]  ;
; activation_block:act_inst|sigmoid_lut[68][5]  ; Merged with activation_block:act_inst|exp_lut[68][0]  ;
; activation_block:act_inst|sigmoid_lut[68][6]  ; Merged with activation_block:act_inst|exp_lut[68][0]  ;
; activation_block:act_inst|sigmoid_lut[68][7]  ; Merged with activation_block:act_inst|exp_lut[68][0]  ;
; activation_block:act_inst|tanh_lut[68][8]     ; Merged with activation_block:act_inst|exp_lut[68][0]  ;
; activation_block:act_inst|exp_lut[69][2]      ; Merged with activation_block:act_inst|exp_lut[69][0]  ;
; activation_block:act_inst|sigmoid_lut[69][0]  ; Merged with activation_block:act_inst|exp_lut[69][0]  ;
; activation_block:act_inst|sigmoid_lut[69][1]  ; Merged with activation_block:act_inst|exp_lut[69][0]  ;
; activation_block:act_inst|sigmoid_lut[69][3]  ; Merged with activation_block:act_inst|exp_lut[69][0]  ;
; activation_block:act_inst|sigmoid_lut[69][4]  ; Merged with activation_block:act_inst|exp_lut[69][0]  ;
; activation_block:act_inst|sigmoid_lut[69][5]  ; Merged with activation_block:act_inst|exp_lut[69][0]  ;
; activation_block:act_inst|sigmoid_lut[69][6]  ; Merged with activation_block:act_inst|exp_lut[69][0]  ;
; activation_block:act_inst|sigmoid_lut[69][7]  ; Merged with activation_block:act_inst|exp_lut[69][0]  ;
; activation_block:act_inst|tanh_lut[69][8]     ; Merged with activation_block:act_inst|exp_lut[69][0]  ;
; activation_block:act_inst|exp_lut[70][2]      ; Merged with activation_block:act_inst|exp_lut[70][0]  ;
; activation_block:act_inst|sigmoid_lut[70][0]  ; Merged with activation_block:act_inst|exp_lut[70][0]  ;
; activation_block:act_inst|sigmoid_lut[70][1]  ; Merged with activation_block:act_inst|exp_lut[70][0]  ;
; activation_block:act_inst|sigmoid_lut[70][3]  ; Merged with activation_block:act_inst|exp_lut[70][0]  ;
; activation_block:act_inst|sigmoid_lut[70][4]  ; Merged with activation_block:act_inst|exp_lut[70][0]  ;
; activation_block:act_inst|sigmoid_lut[70][5]  ; Merged with activation_block:act_inst|exp_lut[70][0]  ;
; activation_block:act_inst|sigmoid_lut[70][6]  ; Merged with activation_block:act_inst|exp_lut[70][0]  ;
; activation_block:act_inst|sigmoid_lut[70][7]  ; Merged with activation_block:act_inst|exp_lut[70][0]  ;
; activation_block:act_inst|tanh_lut[70][8]     ; Merged with activation_block:act_inst|exp_lut[70][0]  ;
; activation_block:act_inst|exp_lut[71][2]      ; Merged with activation_block:act_inst|exp_lut[71][0]  ;
; activation_block:act_inst|sigmoid_lut[71][0]  ; Merged with activation_block:act_inst|exp_lut[71][0]  ;
; activation_block:act_inst|sigmoid_lut[71][1]  ; Merged with activation_block:act_inst|exp_lut[71][0]  ;
; activation_block:act_inst|sigmoid_lut[71][3]  ; Merged with activation_block:act_inst|exp_lut[71][0]  ;
; activation_block:act_inst|sigmoid_lut[71][4]  ; Merged with activation_block:act_inst|exp_lut[71][0]  ;
; activation_block:act_inst|sigmoid_lut[71][5]  ; Merged with activation_block:act_inst|exp_lut[71][0]  ;
; activation_block:act_inst|sigmoid_lut[71][6]  ; Merged with activation_block:act_inst|exp_lut[71][0]  ;
; activation_block:act_inst|sigmoid_lut[71][7]  ; Merged with activation_block:act_inst|exp_lut[71][0]  ;
; activation_block:act_inst|tanh_lut[71][8]     ; Merged with activation_block:act_inst|exp_lut[71][0]  ;
; activation_block:act_inst|exp_lut[72][2]      ; Merged with activation_block:act_inst|exp_lut[72][0]  ;
; activation_block:act_inst|sigmoid_lut[72][0]  ; Merged with activation_block:act_inst|exp_lut[72][0]  ;
; activation_block:act_inst|sigmoid_lut[72][1]  ; Merged with activation_block:act_inst|exp_lut[72][0]  ;
; activation_block:act_inst|sigmoid_lut[72][3]  ; Merged with activation_block:act_inst|exp_lut[72][0]  ;
; activation_block:act_inst|sigmoid_lut[72][4]  ; Merged with activation_block:act_inst|exp_lut[72][0]  ;
; activation_block:act_inst|sigmoid_lut[72][5]  ; Merged with activation_block:act_inst|exp_lut[72][0]  ;
; activation_block:act_inst|sigmoid_lut[72][6]  ; Merged with activation_block:act_inst|exp_lut[72][0]  ;
; activation_block:act_inst|sigmoid_lut[72][7]  ; Merged with activation_block:act_inst|exp_lut[72][0]  ;
; activation_block:act_inst|tanh_lut[72][8]     ; Merged with activation_block:act_inst|exp_lut[72][0]  ;
; activation_block:act_inst|exp_lut[73][2]      ; Merged with activation_block:act_inst|exp_lut[73][0]  ;
; activation_block:act_inst|sigmoid_lut[73][0]  ; Merged with activation_block:act_inst|exp_lut[73][0]  ;
; activation_block:act_inst|sigmoid_lut[73][1]  ; Merged with activation_block:act_inst|exp_lut[73][0]  ;
; activation_block:act_inst|sigmoid_lut[73][3]  ; Merged with activation_block:act_inst|exp_lut[73][0]  ;
; activation_block:act_inst|sigmoid_lut[73][4]  ; Merged with activation_block:act_inst|exp_lut[73][0]  ;
; activation_block:act_inst|sigmoid_lut[73][5]  ; Merged with activation_block:act_inst|exp_lut[73][0]  ;
; activation_block:act_inst|sigmoid_lut[73][6]  ; Merged with activation_block:act_inst|exp_lut[73][0]  ;
; activation_block:act_inst|sigmoid_lut[73][7]  ; Merged with activation_block:act_inst|exp_lut[73][0]  ;
; activation_block:act_inst|tanh_lut[73][8]     ; Merged with activation_block:act_inst|exp_lut[73][0]  ;
; activation_block:act_inst|exp_lut[74][2]      ; Merged with activation_block:act_inst|exp_lut[74][0]  ;
; activation_block:act_inst|sigmoid_lut[74][0]  ; Merged with activation_block:act_inst|exp_lut[74][0]  ;
; activation_block:act_inst|sigmoid_lut[74][1]  ; Merged with activation_block:act_inst|exp_lut[74][0]  ;
; activation_block:act_inst|sigmoid_lut[74][3]  ; Merged with activation_block:act_inst|exp_lut[74][0]  ;
; activation_block:act_inst|sigmoid_lut[74][4]  ; Merged with activation_block:act_inst|exp_lut[74][0]  ;
; activation_block:act_inst|sigmoid_lut[74][5]  ; Merged with activation_block:act_inst|exp_lut[74][0]  ;
; activation_block:act_inst|sigmoid_lut[74][6]  ; Merged with activation_block:act_inst|exp_lut[74][0]  ;
; activation_block:act_inst|sigmoid_lut[74][7]  ; Merged with activation_block:act_inst|exp_lut[74][0]  ;
; activation_block:act_inst|tanh_lut[74][8]     ; Merged with activation_block:act_inst|exp_lut[74][0]  ;
; activation_block:act_inst|exp_lut[75][2]      ; Merged with activation_block:act_inst|exp_lut[75][0]  ;
; activation_block:act_inst|sigmoid_lut[75][0]  ; Merged with activation_block:act_inst|exp_lut[75][0]  ;
; activation_block:act_inst|sigmoid_lut[75][1]  ; Merged with activation_block:act_inst|exp_lut[75][0]  ;
; activation_block:act_inst|sigmoid_lut[75][3]  ; Merged with activation_block:act_inst|exp_lut[75][0]  ;
; activation_block:act_inst|sigmoid_lut[75][4]  ; Merged with activation_block:act_inst|exp_lut[75][0]  ;
; activation_block:act_inst|sigmoid_lut[75][5]  ; Merged with activation_block:act_inst|exp_lut[75][0]  ;
; activation_block:act_inst|sigmoid_lut[75][6]  ; Merged with activation_block:act_inst|exp_lut[75][0]  ;
; activation_block:act_inst|sigmoid_lut[75][7]  ; Merged with activation_block:act_inst|exp_lut[75][0]  ;
; activation_block:act_inst|tanh_lut[75][8]     ; Merged with activation_block:act_inst|exp_lut[75][0]  ;
; activation_block:act_inst|exp_lut[76][2]      ; Merged with activation_block:act_inst|exp_lut[76][0]  ;
; activation_block:act_inst|sigmoid_lut[76][0]  ; Merged with activation_block:act_inst|exp_lut[76][0]  ;
; activation_block:act_inst|sigmoid_lut[76][1]  ; Merged with activation_block:act_inst|exp_lut[76][0]  ;
; activation_block:act_inst|sigmoid_lut[76][3]  ; Merged with activation_block:act_inst|exp_lut[76][0]  ;
; activation_block:act_inst|sigmoid_lut[76][4]  ; Merged with activation_block:act_inst|exp_lut[76][0]  ;
; activation_block:act_inst|sigmoid_lut[76][5]  ; Merged with activation_block:act_inst|exp_lut[76][0]  ;
; activation_block:act_inst|sigmoid_lut[76][6]  ; Merged with activation_block:act_inst|exp_lut[76][0]  ;
; activation_block:act_inst|sigmoid_lut[76][7]  ; Merged with activation_block:act_inst|exp_lut[76][0]  ;
; activation_block:act_inst|tanh_lut[76][8]     ; Merged with activation_block:act_inst|exp_lut[76][0]  ;
; activation_block:act_inst|exp_lut[77][2]      ; Merged with activation_block:act_inst|exp_lut[77][0]  ;
; activation_block:act_inst|sigmoid_lut[77][0]  ; Merged with activation_block:act_inst|exp_lut[77][0]  ;
; activation_block:act_inst|sigmoid_lut[77][1]  ; Merged with activation_block:act_inst|exp_lut[77][0]  ;
; activation_block:act_inst|sigmoid_lut[77][3]  ; Merged with activation_block:act_inst|exp_lut[77][0]  ;
; activation_block:act_inst|sigmoid_lut[77][4]  ; Merged with activation_block:act_inst|exp_lut[77][0]  ;
; activation_block:act_inst|sigmoid_lut[77][5]  ; Merged with activation_block:act_inst|exp_lut[77][0]  ;
; activation_block:act_inst|sigmoid_lut[77][6]  ; Merged with activation_block:act_inst|exp_lut[77][0]  ;
; activation_block:act_inst|sigmoid_lut[77][7]  ; Merged with activation_block:act_inst|exp_lut[77][0]  ;
; activation_block:act_inst|tanh_lut[77][8]     ; Merged with activation_block:act_inst|exp_lut[77][0]  ;
; activation_block:act_inst|exp_lut[78][2]      ; Merged with activation_block:act_inst|exp_lut[78][0]  ;
; activation_block:act_inst|sigmoid_lut[78][0]  ; Merged with activation_block:act_inst|exp_lut[78][0]  ;
; activation_block:act_inst|sigmoid_lut[78][1]  ; Merged with activation_block:act_inst|exp_lut[78][0]  ;
; activation_block:act_inst|sigmoid_lut[78][3]  ; Merged with activation_block:act_inst|exp_lut[78][0]  ;
; activation_block:act_inst|sigmoid_lut[78][4]  ; Merged with activation_block:act_inst|exp_lut[78][0]  ;
; activation_block:act_inst|sigmoid_lut[78][5]  ; Merged with activation_block:act_inst|exp_lut[78][0]  ;
; activation_block:act_inst|sigmoid_lut[78][6]  ; Merged with activation_block:act_inst|exp_lut[78][0]  ;
; activation_block:act_inst|sigmoid_lut[78][7]  ; Merged with activation_block:act_inst|exp_lut[78][0]  ;
; activation_block:act_inst|tanh_lut[78][8]     ; Merged with activation_block:act_inst|exp_lut[78][0]  ;
; activation_block:act_inst|exp_lut[79][2]      ; Merged with activation_block:act_inst|exp_lut[79][0]  ;
; activation_block:act_inst|sigmoid_lut[79][0]  ; Merged with activation_block:act_inst|exp_lut[79][0]  ;
; activation_block:act_inst|sigmoid_lut[79][1]  ; Merged with activation_block:act_inst|exp_lut[79][0]  ;
; activation_block:act_inst|sigmoid_lut[79][3]  ; Merged with activation_block:act_inst|exp_lut[79][0]  ;
; activation_block:act_inst|sigmoid_lut[79][4]  ; Merged with activation_block:act_inst|exp_lut[79][0]  ;
; activation_block:act_inst|sigmoid_lut[79][5]  ; Merged with activation_block:act_inst|exp_lut[79][0]  ;
; activation_block:act_inst|sigmoid_lut[79][6]  ; Merged with activation_block:act_inst|exp_lut[79][0]  ;
; activation_block:act_inst|sigmoid_lut[79][7]  ; Merged with activation_block:act_inst|exp_lut[79][0]  ;
; activation_block:act_inst|tanh_lut[79][8]     ; Merged with activation_block:act_inst|exp_lut[79][0]  ;
; activation_block:act_inst|exp_lut[80][2]      ; Merged with activation_block:act_inst|exp_lut[80][0]  ;
; activation_block:act_inst|sigmoid_lut[80][0]  ; Merged with activation_block:act_inst|exp_lut[80][0]  ;
; activation_block:act_inst|sigmoid_lut[80][1]  ; Merged with activation_block:act_inst|exp_lut[80][0]  ;
; activation_block:act_inst|sigmoid_lut[80][3]  ; Merged with activation_block:act_inst|exp_lut[80][0]  ;
; activation_block:act_inst|sigmoid_lut[80][4]  ; Merged with activation_block:act_inst|exp_lut[80][0]  ;
; activation_block:act_inst|sigmoid_lut[80][5]  ; Merged with activation_block:act_inst|exp_lut[80][0]  ;
; activation_block:act_inst|sigmoid_lut[80][6]  ; Merged with activation_block:act_inst|exp_lut[80][0]  ;
; activation_block:act_inst|sigmoid_lut[80][7]  ; Merged with activation_block:act_inst|exp_lut[80][0]  ;
; activation_block:act_inst|tanh_lut[80][8]     ; Merged with activation_block:act_inst|exp_lut[80][0]  ;
; activation_block:act_inst|exp_lut[81][2]      ; Merged with activation_block:act_inst|exp_lut[81][0]  ;
; activation_block:act_inst|sigmoid_lut[81][0]  ; Merged with activation_block:act_inst|exp_lut[81][0]  ;
; activation_block:act_inst|sigmoid_lut[81][1]  ; Merged with activation_block:act_inst|exp_lut[81][0]  ;
; activation_block:act_inst|sigmoid_lut[81][3]  ; Merged with activation_block:act_inst|exp_lut[81][0]  ;
; activation_block:act_inst|sigmoid_lut[81][4]  ; Merged with activation_block:act_inst|exp_lut[81][0]  ;
; activation_block:act_inst|sigmoid_lut[81][5]  ; Merged with activation_block:act_inst|exp_lut[81][0]  ;
; activation_block:act_inst|sigmoid_lut[81][6]  ; Merged with activation_block:act_inst|exp_lut[81][0]  ;
; activation_block:act_inst|sigmoid_lut[81][7]  ; Merged with activation_block:act_inst|exp_lut[81][0]  ;
; activation_block:act_inst|tanh_lut[81][8]     ; Merged with activation_block:act_inst|exp_lut[81][0]  ;
; activation_block:act_inst|exp_lut[82][2]      ; Merged with activation_block:act_inst|exp_lut[82][0]  ;
; activation_block:act_inst|sigmoid_lut[82][0]  ; Merged with activation_block:act_inst|exp_lut[82][0]  ;
; activation_block:act_inst|sigmoid_lut[82][1]  ; Merged with activation_block:act_inst|exp_lut[82][0]  ;
; activation_block:act_inst|sigmoid_lut[82][3]  ; Merged with activation_block:act_inst|exp_lut[82][0]  ;
; activation_block:act_inst|sigmoid_lut[82][4]  ; Merged with activation_block:act_inst|exp_lut[82][0]  ;
; activation_block:act_inst|sigmoid_lut[82][5]  ; Merged with activation_block:act_inst|exp_lut[82][0]  ;
; activation_block:act_inst|sigmoid_lut[82][6]  ; Merged with activation_block:act_inst|exp_lut[82][0]  ;
; activation_block:act_inst|sigmoid_lut[82][7]  ; Merged with activation_block:act_inst|exp_lut[82][0]  ;
; activation_block:act_inst|tanh_lut[82][8]     ; Merged with activation_block:act_inst|exp_lut[82][0]  ;
; activation_block:act_inst|exp_lut[83][2]      ; Merged with activation_block:act_inst|exp_lut[83][0]  ;
; activation_block:act_inst|sigmoid_lut[83][0]  ; Merged with activation_block:act_inst|exp_lut[83][0]  ;
; activation_block:act_inst|sigmoid_lut[83][1]  ; Merged with activation_block:act_inst|exp_lut[83][0]  ;
; activation_block:act_inst|sigmoid_lut[83][3]  ; Merged with activation_block:act_inst|exp_lut[83][0]  ;
; activation_block:act_inst|sigmoid_lut[83][4]  ; Merged with activation_block:act_inst|exp_lut[83][0]  ;
; activation_block:act_inst|sigmoid_lut[83][5]  ; Merged with activation_block:act_inst|exp_lut[83][0]  ;
; activation_block:act_inst|sigmoid_lut[83][6]  ; Merged with activation_block:act_inst|exp_lut[83][0]  ;
; activation_block:act_inst|sigmoid_lut[83][7]  ; Merged with activation_block:act_inst|exp_lut[83][0]  ;
; activation_block:act_inst|tanh_lut[83][8]     ; Merged with activation_block:act_inst|exp_lut[83][0]  ;
; activation_block:act_inst|exp_lut[84][2]      ; Merged with activation_block:act_inst|exp_lut[84][0]  ;
; activation_block:act_inst|sigmoid_lut[84][0]  ; Merged with activation_block:act_inst|exp_lut[84][0]  ;
; activation_block:act_inst|sigmoid_lut[84][1]  ; Merged with activation_block:act_inst|exp_lut[84][0]  ;
; activation_block:act_inst|sigmoid_lut[84][3]  ; Merged with activation_block:act_inst|exp_lut[84][0]  ;
; activation_block:act_inst|sigmoid_lut[84][4]  ; Merged with activation_block:act_inst|exp_lut[84][0]  ;
; activation_block:act_inst|sigmoid_lut[84][5]  ; Merged with activation_block:act_inst|exp_lut[84][0]  ;
; activation_block:act_inst|sigmoid_lut[84][6]  ; Merged with activation_block:act_inst|exp_lut[84][0]  ;
; activation_block:act_inst|sigmoid_lut[84][7]  ; Merged with activation_block:act_inst|exp_lut[84][0]  ;
; activation_block:act_inst|tanh_lut[84][8]     ; Merged with activation_block:act_inst|exp_lut[84][0]  ;
; activation_block:act_inst|exp_lut[85][2]      ; Merged with activation_block:act_inst|exp_lut[85][0]  ;
; activation_block:act_inst|sigmoid_lut[85][0]  ; Merged with activation_block:act_inst|exp_lut[85][0]  ;
; activation_block:act_inst|sigmoid_lut[85][1]  ; Merged with activation_block:act_inst|exp_lut[85][0]  ;
; activation_block:act_inst|sigmoid_lut[85][3]  ; Merged with activation_block:act_inst|exp_lut[85][0]  ;
; activation_block:act_inst|sigmoid_lut[85][4]  ; Merged with activation_block:act_inst|exp_lut[85][0]  ;
; activation_block:act_inst|sigmoid_lut[85][5]  ; Merged with activation_block:act_inst|exp_lut[85][0]  ;
; activation_block:act_inst|sigmoid_lut[85][6]  ; Merged with activation_block:act_inst|exp_lut[85][0]  ;
; activation_block:act_inst|sigmoid_lut[85][7]  ; Merged with activation_block:act_inst|exp_lut[85][0]  ;
; activation_block:act_inst|tanh_lut[85][8]     ; Merged with activation_block:act_inst|exp_lut[85][0]  ;
; activation_block:act_inst|exp_lut[86][2]      ; Merged with activation_block:act_inst|exp_lut[86][0]  ;
; activation_block:act_inst|sigmoid_lut[86][0]  ; Merged with activation_block:act_inst|exp_lut[86][0]  ;
; activation_block:act_inst|sigmoid_lut[86][1]  ; Merged with activation_block:act_inst|exp_lut[86][0]  ;
; activation_block:act_inst|sigmoid_lut[86][3]  ; Merged with activation_block:act_inst|exp_lut[86][0]  ;
; activation_block:act_inst|sigmoid_lut[86][4]  ; Merged with activation_block:act_inst|exp_lut[86][0]  ;
; activation_block:act_inst|sigmoid_lut[86][5]  ; Merged with activation_block:act_inst|exp_lut[86][0]  ;
; activation_block:act_inst|sigmoid_lut[86][6]  ; Merged with activation_block:act_inst|exp_lut[86][0]  ;
; activation_block:act_inst|sigmoid_lut[86][7]  ; Merged with activation_block:act_inst|exp_lut[86][0]  ;
; activation_block:act_inst|tanh_lut[86][8]     ; Merged with activation_block:act_inst|exp_lut[86][0]  ;
; activation_block:act_inst|exp_lut[87][2]      ; Merged with activation_block:act_inst|exp_lut[87][0]  ;
; activation_block:act_inst|sigmoid_lut[87][0]  ; Merged with activation_block:act_inst|exp_lut[87][0]  ;
; activation_block:act_inst|sigmoid_lut[87][1]  ; Merged with activation_block:act_inst|exp_lut[87][0]  ;
; activation_block:act_inst|sigmoid_lut[87][3]  ; Merged with activation_block:act_inst|exp_lut[87][0]  ;
; activation_block:act_inst|sigmoid_lut[87][4]  ; Merged with activation_block:act_inst|exp_lut[87][0]  ;
; activation_block:act_inst|sigmoid_lut[87][5]  ; Merged with activation_block:act_inst|exp_lut[87][0]  ;
; activation_block:act_inst|sigmoid_lut[87][6]  ; Merged with activation_block:act_inst|exp_lut[87][0]  ;
; activation_block:act_inst|sigmoid_lut[87][7]  ; Merged with activation_block:act_inst|exp_lut[87][0]  ;
; activation_block:act_inst|tanh_lut[87][8]     ; Merged with activation_block:act_inst|exp_lut[87][0]  ;
; activation_block:act_inst|exp_lut[88][2]      ; Merged with activation_block:act_inst|exp_lut[88][0]  ;
; activation_block:act_inst|sigmoid_lut[88][0]  ; Merged with activation_block:act_inst|exp_lut[88][0]  ;
; activation_block:act_inst|sigmoid_lut[88][1]  ; Merged with activation_block:act_inst|exp_lut[88][0]  ;
; activation_block:act_inst|sigmoid_lut[88][3]  ; Merged with activation_block:act_inst|exp_lut[88][0]  ;
; activation_block:act_inst|sigmoid_lut[88][4]  ; Merged with activation_block:act_inst|exp_lut[88][0]  ;
; activation_block:act_inst|sigmoid_lut[88][5]  ; Merged with activation_block:act_inst|exp_lut[88][0]  ;
; activation_block:act_inst|sigmoid_lut[88][6]  ; Merged with activation_block:act_inst|exp_lut[88][0]  ;
; activation_block:act_inst|sigmoid_lut[88][7]  ; Merged with activation_block:act_inst|exp_lut[88][0]  ;
; activation_block:act_inst|tanh_lut[88][8]     ; Merged with activation_block:act_inst|exp_lut[88][0]  ;
; activation_block:act_inst|exp_lut[89][2]      ; Merged with activation_block:act_inst|exp_lut[89][0]  ;
; activation_block:act_inst|sigmoid_lut[89][0]  ; Merged with activation_block:act_inst|exp_lut[89][0]  ;
; activation_block:act_inst|sigmoid_lut[89][1]  ; Merged with activation_block:act_inst|exp_lut[89][0]  ;
; activation_block:act_inst|sigmoid_lut[89][3]  ; Merged with activation_block:act_inst|exp_lut[89][0]  ;
; activation_block:act_inst|sigmoid_lut[89][4]  ; Merged with activation_block:act_inst|exp_lut[89][0]  ;
; activation_block:act_inst|sigmoid_lut[89][5]  ; Merged with activation_block:act_inst|exp_lut[89][0]  ;
; activation_block:act_inst|sigmoid_lut[89][6]  ; Merged with activation_block:act_inst|exp_lut[89][0]  ;
; activation_block:act_inst|sigmoid_lut[89][7]  ; Merged with activation_block:act_inst|exp_lut[89][0]  ;
; activation_block:act_inst|tanh_lut[89][8]     ; Merged with activation_block:act_inst|exp_lut[89][0]  ;
; activation_block:act_inst|exp_lut[90][2]      ; Merged with activation_block:act_inst|exp_lut[90][0]  ;
; activation_block:act_inst|sigmoid_lut[90][0]  ; Merged with activation_block:act_inst|exp_lut[90][0]  ;
; activation_block:act_inst|sigmoid_lut[90][1]  ; Merged with activation_block:act_inst|exp_lut[90][0]  ;
; activation_block:act_inst|sigmoid_lut[90][3]  ; Merged with activation_block:act_inst|exp_lut[90][0]  ;
; activation_block:act_inst|sigmoid_lut[90][4]  ; Merged with activation_block:act_inst|exp_lut[90][0]  ;
; activation_block:act_inst|sigmoid_lut[90][5]  ; Merged with activation_block:act_inst|exp_lut[90][0]  ;
; activation_block:act_inst|sigmoid_lut[90][6]  ; Merged with activation_block:act_inst|exp_lut[90][0]  ;
; activation_block:act_inst|sigmoid_lut[90][7]  ; Merged with activation_block:act_inst|exp_lut[90][0]  ;
; activation_block:act_inst|tanh_lut[90][8]     ; Merged with activation_block:act_inst|exp_lut[90][0]  ;
; activation_block:act_inst|exp_lut[91][2]      ; Merged with activation_block:act_inst|exp_lut[91][0]  ;
; activation_block:act_inst|sigmoid_lut[91][0]  ; Merged with activation_block:act_inst|exp_lut[91][0]  ;
; activation_block:act_inst|sigmoid_lut[91][1]  ; Merged with activation_block:act_inst|exp_lut[91][0]  ;
; activation_block:act_inst|sigmoid_lut[91][3]  ; Merged with activation_block:act_inst|exp_lut[91][0]  ;
; activation_block:act_inst|sigmoid_lut[91][4]  ; Merged with activation_block:act_inst|exp_lut[91][0]  ;
; activation_block:act_inst|sigmoid_lut[91][5]  ; Merged with activation_block:act_inst|exp_lut[91][0]  ;
; activation_block:act_inst|sigmoid_lut[91][6]  ; Merged with activation_block:act_inst|exp_lut[91][0]  ;
; activation_block:act_inst|sigmoid_lut[91][7]  ; Merged with activation_block:act_inst|exp_lut[91][0]  ;
; activation_block:act_inst|tanh_lut[91][8]     ; Merged with activation_block:act_inst|exp_lut[91][0]  ;
; activation_block:act_inst|exp_lut[92][2]      ; Merged with activation_block:act_inst|exp_lut[92][0]  ;
; activation_block:act_inst|sigmoid_lut[92][0]  ; Merged with activation_block:act_inst|exp_lut[92][0]  ;
; activation_block:act_inst|sigmoid_lut[92][1]  ; Merged with activation_block:act_inst|exp_lut[92][0]  ;
; activation_block:act_inst|sigmoid_lut[92][3]  ; Merged with activation_block:act_inst|exp_lut[92][0]  ;
; activation_block:act_inst|sigmoid_lut[92][4]  ; Merged with activation_block:act_inst|exp_lut[92][0]  ;
; activation_block:act_inst|sigmoid_lut[92][5]  ; Merged with activation_block:act_inst|exp_lut[92][0]  ;
; activation_block:act_inst|sigmoid_lut[92][6]  ; Merged with activation_block:act_inst|exp_lut[92][0]  ;
; activation_block:act_inst|sigmoid_lut[92][7]  ; Merged with activation_block:act_inst|exp_lut[92][0]  ;
; activation_block:act_inst|tanh_lut[92][8]     ; Merged with activation_block:act_inst|exp_lut[92][0]  ;
; activation_block:act_inst|exp_lut[93][2]      ; Merged with activation_block:act_inst|exp_lut[93][0]  ;
; activation_block:act_inst|sigmoid_lut[93][0]  ; Merged with activation_block:act_inst|exp_lut[93][0]  ;
; activation_block:act_inst|sigmoid_lut[93][1]  ; Merged with activation_block:act_inst|exp_lut[93][0]  ;
; activation_block:act_inst|sigmoid_lut[93][3]  ; Merged with activation_block:act_inst|exp_lut[93][0]  ;
; activation_block:act_inst|sigmoid_lut[93][4]  ; Merged with activation_block:act_inst|exp_lut[93][0]  ;
; activation_block:act_inst|sigmoid_lut[93][5]  ; Merged with activation_block:act_inst|exp_lut[93][0]  ;
; activation_block:act_inst|sigmoid_lut[93][6]  ; Merged with activation_block:act_inst|exp_lut[93][0]  ;
; activation_block:act_inst|sigmoid_lut[93][7]  ; Merged with activation_block:act_inst|exp_lut[93][0]  ;
; activation_block:act_inst|tanh_lut[93][8]     ; Merged with activation_block:act_inst|exp_lut[93][0]  ;
; activation_block:act_inst|exp_lut[94][2]      ; Merged with activation_block:act_inst|exp_lut[94][0]  ;
; activation_block:act_inst|sigmoid_lut[94][0]  ; Merged with activation_block:act_inst|exp_lut[94][0]  ;
; activation_block:act_inst|sigmoid_lut[94][1]  ; Merged with activation_block:act_inst|exp_lut[94][0]  ;
; activation_block:act_inst|sigmoid_lut[94][3]  ; Merged with activation_block:act_inst|exp_lut[94][0]  ;
; activation_block:act_inst|sigmoid_lut[94][4]  ; Merged with activation_block:act_inst|exp_lut[94][0]  ;
; activation_block:act_inst|sigmoid_lut[94][5]  ; Merged with activation_block:act_inst|exp_lut[94][0]  ;
; activation_block:act_inst|sigmoid_lut[94][6]  ; Merged with activation_block:act_inst|exp_lut[94][0]  ;
; activation_block:act_inst|sigmoid_lut[94][7]  ; Merged with activation_block:act_inst|exp_lut[94][0]  ;
; activation_block:act_inst|tanh_lut[94][8]     ; Merged with activation_block:act_inst|exp_lut[94][0]  ;
; activation_block:act_inst|exp_lut[95][2]      ; Merged with activation_block:act_inst|exp_lut[95][0]  ;
; activation_block:act_inst|sigmoid_lut[95][0]  ; Merged with activation_block:act_inst|exp_lut[95][0]  ;
; activation_block:act_inst|sigmoid_lut[95][1]  ; Merged with activation_block:act_inst|exp_lut[95][0]  ;
; activation_block:act_inst|sigmoid_lut[95][3]  ; Merged with activation_block:act_inst|exp_lut[95][0]  ;
; activation_block:act_inst|sigmoid_lut[95][4]  ; Merged with activation_block:act_inst|exp_lut[95][0]  ;
; activation_block:act_inst|sigmoid_lut[95][5]  ; Merged with activation_block:act_inst|exp_lut[95][0]  ;
; activation_block:act_inst|sigmoid_lut[95][6]  ; Merged with activation_block:act_inst|exp_lut[95][0]  ;
; activation_block:act_inst|sigmoid_lut[95][7]  ; Merged with activation_block:act_inst|exp_lut[95][0]  ;
; activation_block:act_inst|tanh_lut[95][8]     ; Merged with activation_block:act_inst|exp_lut[95][0]  ;
; activation_block:act_inst|exp_lut[96][2]      ; Merged with activation_block:act_inst|exp_lut[96][0]  ;
; activation_block:act_inst|sigmoid_lut[96][0]  ; Merged with activation_block:act_inst|exp_lut[96][0]  ;
; activation_block:act_inst|sigmoid_lut[96][1]  ; Merged with activation_block:act_inst|exp_lut[96][0]  ;
; activation_block:act_inst|sigmoid_lut[96][3]  ; Merged with activation_block:act_inst|exp_lut[96][0]  ;
; activation_block:act_inst|sigmoid_lut[96][4]  ; Merged with activation_block:act_inst|exp_lut[96][0]  ;
; activation_block:act_inst|sigmoid_lut[96][5]  ; Merged with activation_block:act_inst|exp_lut[96][0]  ;
; activation_block:act_inst|sigmoid_lut[96][6]  ; Merged with activation_block:act_inst|exp_lut[96][0]  ;
; activation_block:act_inst|sigmoid_lut[96][7]  ; Merged with activation_block:act_inst|exp_lut[96][0]  ;
; activation_block:act_inst|tanh_lut[96][8]     ; Merged with activation_block:act_inst|exp_lut[96][0]  ;
; activation_block:act_inst|exp_lut[97][2]      ; Merged with activation_block:act_inst|exp_lut[97][0]  ;
; activation_block:act_inst|sigmoid_lut[97][0]  ; Merged with activation_block:act_inst|exp_lut[97][0]  ;
; activation_block:act_inst|sigmoid_lut[97][1]  ; Merged with activation_block:act_inst|exp_lut[97][0]  ;
; activation_block:act_inst|sigmoid_lut[97][3]  ; Merged with activation_block:act_inst|exp_lut[97][0]  ;
; activation_block:act_inst|sigmoid_lut[97][4]  ; Merged with activation_block:act_inst|exp_lut[97][0]  ;
; activation_block:act_inst|sigmoid_lut[97][5]  ; Merged with activation_block:act_inst|exp_lut[97][0]  ;
; activation_block:act_inst|sigmoid_lut[97][6]  ; Merged with activation_block:act_inst|exp_lut[97][0]  ;
; activation_block:act_inst|sigmoid_lut[97][7]  ; Merged with activation_block:act_inst|exp_lut[97][0]  ;
; activation_block:act_inst|tanh_lut[97][8]     ; Merged with activation_block:act_inst|exp_lut[97][0]  ;
; activation_block:act_inst|exp_lut[98][2]      ; Merged with activation_block:act_inst|exp_lut[98][0]  ;
; activation_block:act_inst|sigmoid_lut[98][0]  ; Merged with activation_block:act_inst|exp_lut[98][0]  ;
; activation_block:act_inst|sigmoid_lut[98][1]  ; Merged with activation_block:act_inst|exp_lut[98][0]  ;
; activation_block:act_inst|sigmoid_lut[98][3]  ; Merged with activation_block:act_inst|exp_lut[98][0]  ;
; activation_block:act_inst|sigmoid_lut[98][4]  ; Merged with activation_block:act_inst|exp_lut[98][0]  ;
; activation_block:act_inst|sigmoid_lut[98][5]  ; Merged with activation_block:act_inst|exp_lut[98][0]  ;
; activation_block:act_inst|sigmoid_lut[98][6]  ; Merged with activation_block:act_inst|exp_lut[98][0]  ;
; activation_block:act_inst|sigmoid_lut[98][7]  ; Merged with activation_block:act_inst|exp_lut[98][0]  ;
; activation_block:act_inst|tanh_lut[98][8]     ; Merged with activation_block:act_inst|exp_lut[98][0]  ;
; activation_block:act_inst|exp_lut[99][2]      ; Merged with activation_block:act_inst|exp_lut[99][0]  ;
; activation_block:act_inst|sigmoid_lut[99][0]  ; Merged with activation_block:act_inst|exp_lut[99][0]  ;
; activation_block:act_inst|sigmoid_lut[99][1]  ; Merged with activation_block:act_inst|exp_lut[99][0]  ;
; activation_block:act_inst|sigmoid_lut[99][3]  ; Merged with activation_block:act_inst|exp_lut[99][0]  ;
; activation_block:act_inst|sigmoid_lut[99][4]  ; Merged with activation_block:act_inst|exp_lut[99][0]  ;
; activation_block:act_inst|sigmoid_lut[99][5]  ; Merged with activation_block:act_inst|exp_lut[99][0]  ;
; activation_block:act_inst|sigmoid_lut[99][6]  ; Merged with activation_block:act_inst|exp_lut[99][0]  ;
; activation_block:act_inst|sigmoid_lut[99][7]  ; Merged with activation_block:act_inst|exp_lut[99][0]  ;
; activation_block:act_inst|tanh_lut[99][8]     ; Merged with activation_block:act_inst|exp_lut[99][0]  ;
; activation_block:act_inst|exp_lut[100][2]     ; Merged with activation_block:act_inst|exp_lut[100][0] ;
; activation_block:act_inst|sigmoid_lut[100][0] ; Merged with activation_block:act_inst|exp_lut[100][0] ;
; activation_block:act_inst|sigmoid_lut[100][1] ; Merged with activation_block:act_inst|exp_lut[100][0] ;
; activation_block:act_inst|sigmoid_lut[100][3] ; Merged with activation_block:act_inst|exp_lut[100][0] ;
; activation_block:act_inst|sigmoid_lut[100][4] ; Merged with activation_block:act_inst|exp_lut[100][0] ;
; activation_block:act_inst|sigmoid_lut[100][5] ; Merged with activation_block:act_inst|exp_lut[100][0] ;
; activation_block:act_inst|sigmoid_lut[100][6] ; Merged with activation_block:act_inst|exp_lut[100][0] ;
; activation_block:act_inst|sigmoid_lut[100][7] ; Merged with activation_block:act_inst|exp_lut[100][0] ;
; activation_block:act_inst|tanh_lut[100][8]    ; Merged with activation_block:act_inst|exp_lut[100][0] ;
; activation_block:act_inst|exp_lut[101][2]     ; Merged with activation_block:act_inst|exp_lut[101][0] ;
; activation_block:act_inst|sigmoid_lut[101][0] ; Merged with activation_block:act_inst|exp_lut[101][0] ;
; activation_block:act_inst|sigmoid_lut[101][1] ; Merged with activation_block:act_inst|exp_lut[101][0] ;
; activation_block:act_inst|sigmoid_lut[101][3] ; Merged with activation_block:act_inst|exp_lut[101][0] ;
; activation_block:act_inst|sigmoid_lut[101][4] ; Merged with activation_block:act_inst|exp_lut[101][0] ;
; activation_block:act_inst|sigmoid_lut[101][5] ; Merged with activation_block:act_inst|exp_lut[101][0] ;
; activation_block:act_inst|sigmoid_lut[101][6] ; Merged with activation_block:act_inst|exp_lut[101][0] ;
; activation_block:act_inst|sigmoid_lut[101][7] ; Merged with activation_block:act_inst|exp_lut[101][0] ;
; activation_block:act_inst|tanh_lut[101][8]    ; Merged with activation_block:act_inst|exp_lut[101][0] ;
; activation_block:act_inst|exp_lut[102][2]     ; Merged with activation_block:act_inst|exp_lut[102][0] ;
; activation_block:act_inst|sigmoid_lut[102][0] ; Merged with activation_block:act_inst|exp_lut[102][0] ;
; activation_block:act_inst|sigmoid_lut[102][1] ; Merged with activation_block:act_inst|exp_lut[102][0] ;
; activation_block:act_inst|sigmoid_lut[102][3] ; Merged with activation_block:act_inst|exp_lut[102][0] ;
; activation_block:act_inst|sigmoid_lut[102][4] ; Merged with activation_block:act_inst|exp_lut[102][0] ;
; activation_block:act_inst|sigmoid_lut[102][5] ; Merged with activation_block:act_inst|exp_lut[102][0] ;
; activation_block:act_inst|sigmoid_lut[102][6] ; Merged with activation_block:act_inst|exp_lut[102][0] ;
; activation_block:act_inst|sigmoid_lut[102][7] ; Merged with activation_block:act_inst|exp_lut[102][0] ;
; activation_block:act_inst|tanh_lut[102][8]    ; Merged with activation_block:act_inst|exp_lut[102][0] ;
; activation_block:act_inst|exp_lut[103][2]     ; Merged with activation_block:act_inst|exp_lut[103][0] ;
; activation_block:act_inst|sigmoid_lut[103][0] ; Merged with activation_block:act_inst|exp_lut[103][0] ;
; activation_block:act_inst|sigmoid_lut[103][1] ; Merged with activation_block:act_inst|exp_lut[103][0] ;
; activation_block:act_inst|sigmoid_lut[103][3] ; Merged with activation_block:act_inst|exp_lut[103][0] ;
; activation_block:act_inst|sigmoid_lut[103][4] ; Merged with activation_block:act_inst|exp_lut[103][0] ;
; activation_block:act_inst|sigmoid_lut[103][5] ; Merged with activation_block:act_inst|exp_lut[103][0] ;
; activation_block:act_inst|sigmoid_lut[103][6] ; Merged with activation_block:act_inst|exp_lut[103][0] ;
; activation_block:act_inst|sigmoid_lut[103][7] ; Merged with activation_block:act_inst|exp_lut[103][0] ;
; activation_block:act_inst|tanh_lut[103][8]    ; Merged with activation_block:act_inst|exp_lut[103][0] ;
; activation_block:act_inst|exp_lut[104][2]     ; Merged with activation_block:act_inst|exp_lut[104][0] ;
; activation_block:act_inst|sigmoid_lut[104][0] ; Merged with activation_block:act_inst|exp_lut[104][0] ;
; activation_block:act_inst|sigmoid_lut[104][1] ; Merged with activation_block:act_inst|exp_lut[104][0] ;
; activation_block:act_inst|sigmoid_lut[104][3] ; Merged with activation_block:act_inst|exp_lut[104][0] ;
; activation_block:act_inst|sigmoid_lut[104][4] ; Merged with activation_block:act_inst|exp_lut[104][0] ;
; activation_block:act_inst|sigmoid_lut[104][5] ; Merged with activation_block:act_inst|exp_lut[104][0] ;
; activation_block:act_inst|sigmoid_lut[104][6] ; Merged with activation_block:act_inst|exp_lut[104][0] ;
; activation_block:act_inst|sigmoid_lut[104][7] ; Merged with activation_block:act_inst|exp_lut[104][0] ;
; activation_block:act_inst|tanh_lut[104][8]    ; Merged with activation_block:act_inst|exp_lut[104][0] ;
; activation_block:act_inst|exp_lut[105][2]     ; Merged with activation_block:act_inst|exp_lut[105][0] ;
; activation_block:act_inst|sigmoid_lut[105][0] ; Merged with activation_block:act_inst|exp_lut[105][0] ;
; activation_block:act_inst|sigmoid_lut[105][1] ; Merged with activation_block:act_inst|exp_lut[105][0] ;
; activation_block:act_inst|sigmoid_lut[105][3] ; Merged with activation_block:act_inst|exp_lut[105][0] ;
; activation_block:act_inst|sigmoid_lut[105][4] ; Merged with activation_block:act_inst|exp_lut[105][0] ;
; activation_block:act_inst|sigmoid_lut[105][5] ; Merged with activation_block:act_inst|exp_lut[105][0] ;
; activation_block:act_inst|sigmoid_lut[105][6] ; Merged with activation_block:act_inst|exp_lut[105][0] ;
; activation_block:act_inst|sigmoid_lut[105][7] ; Merged with activation_block:act_inst|exp_lut[105][0] ;
; activation_block:act_inst|tanh_lut[105][8]    ; Merged with activation_block:act_inst|exp_lut[105][0] ;
; activation_block:act_inst|exp_lut[106][2]     ; Merged with activation_block:act_inst|exp_lut[106][0] ;
; activation_block:act_inst|sigmoid_lut[106][0] ; Merged with activation_block:act_inst|exp_lut[106][0] ;
; activation_block:act_inst|sigmoid_lut[106][1] ; Merged with activation_block:act_inst|exp_lut[106][0] ;
; activation_block:act_inst|sigmoid_lut[106][3] ; Merged with activation_block:act_inst|exp_lut[106][0] ;
; activation_block:act_inst|sigmoid_lut[106][4] ; Merged with activation_block:act_inst|exp_lut[106][0] ;
; activation_block:act_inst|sigmoid_lut[106][5] ; Merged with activation_block:act_inst|exp_lut[106][0] ;
; activation_block:act_inst|sigmoid_lut[106][6] ; Merged with activation_block:act_inst|exp_lut[106][0] ;
; activation_block:act_inst|sigmoid_lut[106][7] ; Merged with activation_block:act_inst|exp_lut[106][0] ;
; activation_block:act_inst|tanh_lut[106][8]    ; Merged with activation_block:act_inst|exp_lut[106][0] ;
; activation_block:act_inst|exp_lut[107][2]     ; Merged with activation_block:act_inst|exp_lut[107][0] ;
; activation_block:act_inst|sigmoid_lut[107][0] ; Merged with activation_block:act_inst|exp_lut[107][0] ;
; activation_block:act_inst|sigmoid_lut[107][1] ; Merged with activation_block:act_inst|exp_lut[107][0] ;
; activation_block:act_inst|sigmoid_lut[107][3] ; Merged with activation_block:act_inst|exp_lut[107][0] ;
; activation_block:act_inst|sigmoid_lut[107][4] ; Merged with activation_block:act_inst|exp_lut[107][0] ;
; activation_block:act_inst|sigmoid_lut[107][5] ; Merged with activation_block:act_inst|exp_lut[107][0] ;
; activation_block:act_inst|sigmoid_lut[107][6] ; Merged with activation_block:act_inst|exp_lut[107][0] ;
; activation_block:act_inst|sigmoid_lut[107][7] ; Merged with activation_block:act_inst|exp_lut[107][0] ;
; activation_block:act_inst|tanh_lut[107][8]    ; Merged with activation_block:act_inst|exp_lut[107][0] ;
; activation_block:act_inst|exp_lut[108][2]     ; Merged with activation_block:act_inst|exp_lut[108][0] ;
; activation_block:act_inst|sigmoid_lut[108][0] ; Merged with activation_block:act_inst|exp_lut[108][0] ;
; activation_block:act_inst|sigmoid_lut[108][1] ; Merged with activation_block:act_inst|exp_lut[108][0] ;
; activation_block:act_inst|sigmoid_lut[108][3] ; Merged with activation_block:act_inst|exp_lut[108][0] ;
; activation_block:act_inst|sigmoid_lut[108][4] ; Merged with activation_block:act_inst|exp_lut[108][0] ;
; activation_block:act_inst|sigmoid_lut[108][5] ; Merged with activation_block:act_inst|exp_lut[108][0] ;
; activation_block:act_inst|sigmoid_lut[108][6] ; Merged with activation_block:act_inst|exp_lut[108][0] ;
; activation_block:act_inst|sigmoid_lut[108][7] ; Merged with activation_block:act_inst|exp_lut[108][0] ;
; activation_block:act_inst|tanh_lut[108][8]    ; Merged with activation_block:act_inst|exp_lut[108][0] ;
; activation_block:act_inst|exp_lut[109][2]     ; Merged with activation_block:act_inst|exp_lut[109][0] ;
; activation_block:act_inst|sigmoid_lut[109][0] ; Merged with activation_block:act_inst|exp_lut[109][0] ;
; activation_block:act_inst|sigmoid_lut[109][1] ; Merged with activation_block:act_inst|exp_lut[109][0] ;
; activation_block:act_inst|sigmoid_lut[109][3] ; Merged with activation_block:act_inst|exp_lut[109][0] ;
; activation_block:act_inst|sigmoid_lut[109][4] ; Merged with activation_block:act_inst|exp_lut[109][0] ;
; activation_block:act_inst|sigmoid_lut[109][5] ; Merged with activation_block:act_inst|exp_lut[109][0] ;
; activation_block:act_inst|sigmoid_lut[109][6] ; Merged with activation_block:act_inst|exp_lut[109][0] ;
; activation_block:act_inst|sigmoid_lut[109][7] ; Merged with activation_block:act_inst|exp_lut[109][0] ;
; activation_block:act_inst|tanh_lut[109][8]    ; Merged with activation_block:act_inst|exp_lut[109][0] ;
; activation_block:act_inst|exp_lut[110][2]     ; Merged with activation_block:act_inst|exp_lut[110][0] ;
; activation_block:act_inst|sigmoid_lut[110][0] ; Merged with activation_block:act_inst|exp_lut[110][0] ;
; activation_block:act_inst|sigmoid_lut[110][1] ; Merged with activation_block:act_inst|exp_lut[110][0] ;
; activation_block:act_inst|sigmoid_lut[110][3] ; Merged with activation_block:act_inst|exp_lut[110][0] ;
; activation_block:act_inst|sigmoid_lut[110][4] ; Merged with activation_block:act_inst|exp_lut[110][0] ;
; activation_block:act_inst|sigmoid_lut[110][5] ; Merged with activation_block:act_inst|exp_lut[110][0] ;
; activation_block:act_inst|sigmoid_lut[110][6] ; Merged with activation_block:act_inst|exp_lut[110][0] ;
; activation_block:act_inst|sigmoid_lut[110][7] ; Merged with activation_block:act_inst|exp_lut[110][0] ;
; activation_block:act_inst|tanh_lut[110][8]    ; Merged with activation_block:act_inst|exp_lut[110][0] ;
; activation_block:act_inst|exp_lut[111][2]     ; Merged with activation_block:act_inst|exp_lut[111][0] ;
; activation_block:act_inst|sigmoid_lut[111][0] ; Merged with activation_block:act_inst|exp_lut[111][0] ;
; activation_block:act_inst|sigmoid_lut[111][1] ; Merged with activation_block:act_inst|exp_lut[111][0] ;
; activation_block:act_inst|sigmoid_lut[111][3] ; Merged with activation_block:act_inst|exp_lut[111][0] ;
; activation_block:act_inst|sigmoid_lut[111][4] ; Merged with activation_block:act_inst|exp_lut[111][0] ;
; activation_block:act_inst|sigmoid_lut[111][5] ; Merged with activation_block:act_inst|exp_lut[111][0] ;
; activation_block:act_inst|sigmoid_lut[111][6] ; Merged with activation_block:act_inst|exp_lut[111][0] ;
; activation_block:act_inst|sigmoid_lut[111][7] ; Merged with activation_block:act_inst|exp_lut[111][0] ;
; activation_block:act_inst|tanh_lut[111][8]    ; Merged with activation_block:act_inst|exp_lut[111][0] ;
; activation_block:act_inst|exp_lut[112][2]     ; Merged with activation_block:act_inst|exp_lut[112][0] ;
; activation_block:act_inst|sigmoid_lut[112][0] ; Merged with activation_block:act_inst|exp_lut[112][0] ;
; activation_block:act_inst|sigmoid_lut[112][1] ; Merged with activation_block:act_inst|exp_lut[112][0] ;
; activation_block:act_inst|sigmoid_lut[112][3] ; Merged with activation_block:act_inst|exp_lut[112][0] ;
; activation_block:act_inst|sigmoid_lut[112][4] ; Merged with activation_block:act_inst|exp_lut[112][0] ;
; activation_block:act_inst|sigmoid_lut[112][5] ; Merged with activation_block:act_inst|exp_lut[112][0] ;
; activation_block:act_inst|sigmoid_lut[112][6] ; Merged with activation_block:act_inst|exp_lut[112][0] ;
; activation_block:act_inst|sigmoid_lut[112][7] ; Merged with activation_block:act_inst|exp_lut[112][0] ;
; activation_block:act_inst|tanh_lut[112][8]    ; Merged with activation_block:act_inst|exp_lut[112][0] ;
; activation_block:act_inst|exp_lut[113][2]     ; Merged with activation_block:act_inst|exp_lut[113][0] ;
; activation_block:act_inst|sigmoid_lut[113][0] ; Merged with activation_block:act_inst|exp_lut[113][0] ;
; activation_block:act_inst|sigmoid_lut[113][1] ; Merged with activation_block:act_inst|exp_lut[113][0] ;
; activation_block:act_inst|sigmoid_lut[113][3] ; Merged with activation_block:act_inst|exp_lut[113][0] ;
; activation_block:act_inst|sigmoid_lut[113][4] ; Merged with activation_block:act_inst|exp_lut[113][0] ;
; activation_block:act_inst|sigmoid_lut[113][5] ; Merged with activation_block:act_inst|exp_lut[113][0] ;
; activation_block:act_inst|sigmoid_lut[113][6] ; Merged with activation_block:act_inst|exp_lut[113][0] ;
; activation_block:act_inst|sigmoid_lut[113][7] ; Merged with activation_block:act_inst|exp_lut[113][0] ;
; activation_block:act_inst|tanh_lut[113][8]    ; Merged with activation_block:act_inst|exp_lut[113][0] ;
; activation_block:act_inst|exp_lut[114][2]     ; Merged with activation_block:act_inst|exp_lut[114][0] ;
; activation_block:act_inst|sigmoid_lut[114][0] ; Merged with activation_block:act_inst|exp_lut[114][0] ;
; activation_block:act_inst|sigmoid_lut[114][1] ; Merged with activation_block:act_inst|exp_lut[114][0] ;
; activation_block:act_inst|sigmoid_lut[114][3] ; Merged with activation_block:act_inst|exp_lut[114][0] ;
; activation_block:act_inst|sigmoid_lut[114][4] ; Merged with activation_block:act_inst|exp_lut[114][0] ;
; activation_block:act_inst|sigmoid_lut[114][5] ; Merged with activation_block:act_inst|exp_lut[114][0] ;
; activation_block:act_inst|sigmoid_lut[114][6] ; Merged with activation_block:act_inst|exp_lut[114][0] ;
; activation_block:act_inst|sigmoid_lut[114][7] ; Merged with activation_block:act_inst|exp_lut[114][0] ;
; activation_block:act_inst|tanh_lut[114][8]    ; Merged with activation_block:act_inst|exp_lut[114][0] ;
; activation_block:act_inst|exp_lut[115][2]     ; Merged with activation_block:act_inst|exp_lut[115][0] ;
; activation_block:act_inst|sigmoid_lut[115][0] ; Merged with activation_block:act_inst|exp_lut[115][0] ;
; activation_block:act_inst|sigmoid_lut[115][1] ; Merged with activation_block:act_inst|exp_lut[115][0] ;
; activation_block:act_inst|sigmoid_lut[115][3] ; Merged with activation_block:act_inst|exp_lut[115][0] ;
; activation_block:act_inst|sigmoid_lut[115][4] ; Merged with activation_block:act_inst|exp_lut[115][0] ;
; activation_block:act_inst|sigmoid_lut[115][5] ; Merged with activation_block:act_inst|exp_lut[115][0] ;
; activation_block:act_inst|sigmoid_lut[115][6] ; Merged with activation_block:act_inst|exp_lut[115][0] ;
; activation_block:act_inst|sigmoid_lut[115][7] ; Merged with activation_block:act_inst|exp_lut[115][0] ;
; activation_block:act_inst|tanh_lut[115][8]    ; Merged with activation_block:act_inst|exp_lut[115][0] ;
; activation_block:act_inst|exp_lut[116][2]     ; Merged with activation_block:act_inst|exp_lut[116][0] ;
; activation_block:act_inst|sigmoid_lut[116][0] ; Merged with activation_block:act_inst|exp_lut[116][0] ;
; activation_block:act_inst|sigmoid_lut[116][1] ; Merged with activation_block:act_inst|exp_lut[116][0] ;
; activation_block:act_inst|sigmoid_lut[116][3] ; Merged with activation_block:act_inst|exp_lut[116][0] ;
; activation_block:act_inst|sigmoid_lut[116][4] ; Merged with activation_block:act_inst|exp_lut[116][0] ;
; activation_block:act_inst|sigmoid_lut[116][5] ; Merged with activation_block:act_inst|exp_lut[116][0] ;
; activation_block:act_inst|sigmoid_lut[116][6] ; Merged with activation_block:act_inst|exp_lut[116][0] ;
; activation_block:act_inst|sigmoid_lut[116][7] ; Merged with activation_block:act_inst|exp_lut[116][0] ;
; activation_block:act_inst|tanh_lut[116][8]    ; Merged with activation_block:act_inst|exp_lut[116][0] ;
; activation_block:act_inst|exp_lut[117][2]     ; Merged with activation_block:act_inst|exp_lut[117][0] ;
; activation_block:act_inst|sigmoid_lut[117][0] ; Merged with activation_block:act_inst|exp_lut[117][0] ;
; activation_block:act_inst|sigmoid_lut[117][1] ; Merged with activation_block:act_inst|exp_lut[117][0] ;
; activation_block:act_inst|sigmoid_lut[117][3] ; Merged with activation_block:act_inst|exp_lut[117][0] ;
; activation_block:act_inst|sigmoid_lut[117][4] ; Merged with activation_block:act_inst|exp_lut[117][0] ;
; activation_block:act_inst|sigmoid_lut[117][5] ; Merged with activation_block:act_inst|exp_lut[117][0] ;
; activation_block:act_inst|sigmoid_lut[117][6] ; Merged with activation_block:act_inst|exp_lut[117][0] ;
; activation_block:act_inst|sigmoid_lut[117][7] ; Merged with activation_block:act_inst|exp_lut[117][0] ;
; activation_block:act_inst|tanh_lut[117][8]    ; Merged with activation_block:act_inst|exp_lut[117][0] ;
; activation_block:act_inst|exp_lut[118][2]     ; Merged with activation_block:act_inst|exp_lut[118][0] ;
; activation_block:act_inst|sigmoid_lut[118][0] ; Merged with activation_block:act_inst|exp_lut[118][0] ;
; activation_block:act_inst|sigmoid_lut[118][1] ; Merged with activation_block:act_inst|exp_lut[118][0] ;
; activation_block:act_inst|sigmoid_lut[118][3] ; Merged with activation_block:act_inst|exp_lut[118][0] ;
; activation_block:act_inst|sigmoid_lut[118][4] ; Merged with activation_block:act_inst|exp_lut[118][0] ;
; activation_block:act_inst|sigmoid_lut[118][5] ; Merged with activation_block:act_inst|exp_lut[118][0] ;
; activation_block:act_inst|sigmoid_lut[118][6] ; Merged with activation_block:act_inst|exp_lut[118][0] ;
; activation_block:act_inst|sigmoid_lut[118][7] ; Merged with activation_block:act_inst|exp_lut[118][0] ;
; activation_block:act_inst|tanh_lut[118][8]    ; Merged with activation_block:act_inst|exp_lut[118][0] ;
; activation_block:act_inst|exp_lut[119][2]     ; Merged with activation_block:act_inst|exp_lut[119][0] ;
; activation_block:act_inst|sigmoid_lut[119][0] ; Merged with activation_block:act_inst|exp_lut[119][0] ;
; activation_block:act_inst|sigmoid_lut[119][1] ; Merged with activation_block:act_inst|exp_lut[119][0] ;
; activation_block:act_inst|sigmoid_lut[119][3] ; Merged with activation_block:act_inst|exp_lut[119][0] ;
; activation_block:act_inst|sigmoid_lut[119][4] ; Merged with activation_block:act_inst|exp_lut[119][0] ;
; activation_block:act_inst|sigmoid_lut[119][5] ; Merged with activation_block:act_inst|exp_lut[119][0] ;
; activation_block:act_inst|sigmoid_lut[119][6] ; Merged with activation_block:act_inst|exp_lut[119][0] ;
; activation_block:act_inst|sigmoid_lut[119][7] ; Merged with activation_block:act_inst|exp_lut[119][0] ;
; activation_block:act_inst|tanh_lut[119][8]    ; Merged with activation_block:act_inst|exp_lut[119][0] ;
; activation_block:act_inst|exp_lut[120][2]     ; Merged with activation_block:act_inst|exp_lut[120][0] ;
; activation_block:act_inst|sigmoid_lut[120][0] ; Merged with activation_block:act_inst|exp_lut[120][0] ;
; activation_block:act_inst|sigmoid_lut[120][1] ; Merged with activation_block:act_inst|exp_lut[120][0] ;
; activation_block:act_inst|sigmoid_lut[120][3] ; Merged with activation_block:act_inst|exp_lut[120][0] ;
; activation_block:act_inst|sigmoid_lut[120][4] ; Merged with activation_block:act_inst|exp_lut[120][0] ;
; activation_block:act_inst|sigmoid_lut[120][5] ; Merged with activation_block:act_inst|exp_lut[120][0] ;
; activation_block:act_inst|sigmoid_lut[120][6] ; Merged with activation_block:act_inst|exp_lut[120][0] ;
; activation_block:act_inst|sigmoid_lut[120][7] ; Merged with activation_block:act_inst|exp_lut[120][0] ;
; activation_block:act_inst|tanh_lut[120][8]    ; Merged with activation_block:act_inst|exp_lut[120][0] ;
; activation_block:act_inst|exp_lut[121][2]     ; Merged with activation_block:act_inst|exp_lut[121][0] ;
; activation_block:act_inst|sigmoid_lut[121][0] ; Merged with activation_block:act_inst|exp_lut[121][0] ;
; activation_block:act_inst|sigmoid_lut[121][1] ; Merged with activation_block:act_inst|exp_lut[121][0] ;
; activation_block:act_inst|sigmoid_lut[121][3] ; Merged with activation_block:act_inst|exp_lut[121][0] ;
; activation_block:act_inst|sigmoid_lut[121][4] ; Merged with activation_block:act_inst|exp_lut[121][0] ;
; activation_block:act_inst|sigmoid_lut[121][5] ; Merged with activation_block:act_inst|exp_lut[121][0] ;
; activation_block:act_inst|sigmoid_lut[121][6] ; Merged with activation_block:act_inst|exp_lut[121][0] ;
; activation_block:act_inst|sigmoid_lut[121][7] ; Merged with activation_block:act_inst|exp_lut[121][0] ;
; activation_block:act_inst|tanh_lut[121][8]    ; Merged with activation_block:act_inst|exp_lut[121][0] ;
; activation_block:act_inst|exp_lut[122][2]     ; Merged with activation_block:act_inst|exp_lut[122][0] ;
; activation_block:act_inst|sigmoid_lut[122][0] ; Merged with activation_block:act_inst|exp_lut[122][0] ;
; activation_block:act_inst|sigmoid_lut[122][1] ; Merged with activation_block:act_inst|exp_lut[122][0] ;
; activation_block:act_inst|sigmoid_lut[122][3] ; Merged with activation_block:act_inst|exp_lut[122][0] ;
; activation_block:act_inst|sigmoid_lut[122][4] ; Merged with activation_block:act_inst|exp_lut[122][0] ;
; activation_block:act_inst|sigmoid_lut[122][5] ; Merged with activation_block:act_inst|exp_lut[122][0] ;
; activation_block:act_inst|sigmoid_lut[122][6] ; Merged with activation_block:act_inst|exp_lut[122][0] ;
; activation_block:act_inst|sigmoid_lut[122][7] ; Merged with activation_block:act_inst|exp_lut[122][0] ;
; activation_block:act_inst|tanh_lut[122][8]    ; Merged with activation_block:act_inst|exp_lut[122][0] ;
; activation_block:act_inst|exp_lut[123][2]     ; Merged with activation_block:act_inst|exp_lut[123][0] ;
; activation_block:act_inst|sigmoid_lut[123][0] ; Merged with activation_block:act_inst|exp_lut[123][0] ;
; activation_block:act_inst|sigmoid_lut[123][1] ; Merged with activation_block:act_inst|exp_lut[123][0] ;
; activation_block:act_inst|sigmoid_lut[123][3] ; Merged with activation_block:act_inst|exp_lut[123][0] ;
; activation_block:act_inst|sigmoid_lut[123][4] ; Merged with activation_block:act_inst|exp_lut[123][0] ;
; activation_block:act_inst|sigmoid_lut[123][5] ; Merged with activation_block:act_inst|exp_lut[123][0] ;
; activation_block:act_inst|sigmoid_lut[123][6] ; Merged with activation_block:act_inst|exp_lut[123][0] ;
; activation_block:act_inst|sigmoid_lut[123][7] ; Merged with activation_block:act_inst|exp_lut[123][0] ;
; activation_block:act_inst|tanh_lut[123][8]    ; Merged with activation_block:act_inst|exp_lut[123][0] ;
; activation_block:act_inst|exp_lut[124][2]     ; Merged with activation_block:act_inst|exp_lut[124][0] ;
; activation_block:act_inst|sigmoid_lut[124][0] ; Merged with activation_block:act_inst|exp_lut[124][0] ;
; activation_block:act_inst|sigmoid_lut[124][1] ; Merged with activation_block:act_inst|exp_lut[124][0] ;
; activation_block:act_inst|sigmoid_lut[124][3] ; Merged with activation_block:act_inst|exp_lut[124][0] ;
; activation_block:act_inst|sigmoid_lut[124][4] ; Merged with activation_block:act_inst|exp_lut[124][0] ;
; activation_block:act_inst|sigmoid_lut[124][5] ; Merged with activation_block:act_inst|exp_lut[124][0] ;
; activation_block:act_inst|sigmoid_lut[124][6] ; Merged with activation_block:act_inst|exp_lut[124][0] ;
; activation_block:act_inst|sigmoid_lut[124][7] ; Merged with activation_block:act_inst|exp_lut[124][0] ;
; activation_block:act_inst|tanh_lut[124][8]    ; Merged with activation_block:act_inst|exp_lut[124][0] ;
; activation_block:act_inst|exp_lut[125][2]     ; Merged with activation_block:act_inst|exp_lut[125][0] ;
; activation_block:act_inst|sigmoid_lut[125][0] ; Merged with activation_block:act_inst|exp_lut[125][0] ;
; activation_block:act_inst|sigmoid_lut[125][1] ; Merged with activation_block:act_inst|exp_lut[125][0] ;
; activation_block:act_inst|sigmoid_lut[125][3] ; Merged with activation_block:act_inst|exp_lut[125][0] ;
; activation_block:act_inst|sigmoid_lut[125][4] ; Merged with activation_block:act_inst|exp_lut[125][0] ;
; activation_block:act_inst|sigmoid_lut[125][5] ; Merged with activation_block:act_inst|exp_lut[125][0] ;
; activation_block:act_inst|sigmoid_lut[125][6] ; Merged with activation_block:act_inst|exp_lut[125][0] ;
; activation_block:act_inst|sigmoid_lut[125][7] ; Merged with activation_block:act_inst|exp_lut[125][0] ;
; activation_block:act_inst|tanh_lut[125][8]    ; Merged with activation_block:act_inst|exp_lut[125][0] ;
; activation_block:act_inst|exp_lut[126][2]     ; Merged with activation_block:act_inst|exp_lut[126][0] ;
; activation_block:act_inst|sigmoid_lut[126][0] ; Merged with activation_block:act_inst|exp_lut[126][0] ;
; activation_block:act_inst|sigmoid_lut[126][1] ; Merged with activation_block:act_inst|exp_lut[126][0] ;
; activation_block:act_inst|sigmoid_lut[126][3] ; Merged with activation_block:act_inst|exp_lut[126][0] ;
; activation_block:act_inst|sigmoid_lut[126][4] ; Merged with activation_block:act_inst|exp_lut[126][0] ;
; activation_block:act_inst|sigmoid_lut[126][5] ; Merged with activation_block:act_inst|exp_lut[126][0] ;
; activation_block:act_inst|sigmoid_lut[126][6] ; Merged with activation_block:act_inst|exp_lut[126][0] ;
; activation_block:act_inst|sigmoid_lut[126][7] ; Merged with activation_block:act_inst|exp_lut[126][0] ;
; activation_block:act_inst|tanh_lut[126][8]    ; Merged with activation_block:act_inst|exp_lut[126][0] ;
; activation_block:act_inst|exp_lut[127][2]     ; Merged with activation_block:act_inst|exp_lut[127][0] ;
; activation_block:act_inst|sigmoid_lut[127][0] ; Merged with activation_block:act_inst|exp_lut[127][0] ;
; activation_block:act_inst|sigmoid_lut[127][1] ; Merged with activation_block:act_inst|exp_lut[127][0] ;
; activation_block:act_inst|sigmoid_lut[127][3] ; Merged with activation_block:act_inst|exp_lut[127][0] ;
; activation_block:act_inst|sigmoid_lut[127][4] ; Merged with activation_block:act_inst|exp_lut[127][0] ;
; activation_block:act_inst|sigmoid_lut[127][5] ; Merged with activation_block:act_inst|exp_lut[127][0] ;
; activation_block:act_inst|sigmoid_lut[127][6] ; Merged with activation_block:act_inst|exp_lut[127][0] ;
; activation_block:act_inst|sigmoid_lut[127][7] ; Merged with activation_block:act_inst|exp_lut[127][0] ;
; activation_block:act_inst|tanh_lut[127][8]    ; Merged with activation_block:act_inst|exp_lut[127][0] ;
; activation_block:act_inst|exp_lut[128][2]     ; Merged with activation_block:act_inst|exp_lut[128][0] ;
; activation_block:act_inst|sigmoid_lut[128][0] ; Merged with activation_block:act_inst|exp_lut[128][0] ;
; activation_block:act_inst|sigmoid_lut[128][1] ; Merged with activation_block:act_inst|exp_lut[128][0] ;
; activation_block:act_inst|sigmoid_lut[128][3] ; Merged with activation_block:act_inst|exp_lut[128][0] ;
; activation_block:act_inst|sigmoid_lut[128][4] ; Merged with activation_block:act_inst|exp_lut[128][0] ;
; activation_block:act_inst|sigmoid_lut[128][5] ; Merged with activation_block:act_inst|exp_lut[128][0] ;
; activation_block:act_inst|sigmoid_lut[128][6] ; Merged with activation_block:act_inst|exp_lut[128][0] ;
; activation_block:act_inst|tanh_lut[128][8]    ; Merged with activation_block:act_inst|exp_lut[128][0] ;
; activation_block:act_inst|exp_lut[129][2]     ; Merged with activation_block:act_inst|exp_lut[129][0] ;
; activation_block:act_inst|sigmoid_lut[129][0] ; Merged with activation_block:act_inst|exp_lut[129][0] ;
; activation_block:act_inst|sigmoid_lut[129][1] ; Merged with activation_block:act_inst|exp_lut[129][0] ;
; activation_block:act_inst|sigmoid_lut[129][3] ; Merged with activation_block:act_inst|exp_lut[129][0] ;
; activation_block:act_inst|sigmoid_lut[129][4] ; Merged with activation_block:act_inst|exp_lut[129][0] ;
; activation_block:act_inst|sigmoid_lut[129][5] ; Merged with activation_block:act_inst|exp_lut[129][0] ;
; activation_block:act_inst|sigmoid_lut[129][6] ; Merged with activation_block:act_inst|exp_lut[129][0] ;
; activation_block:act_inst|sigmoid_lut[129][7] ; Merged with activation_block:act_inst|exp_lut[129][0] ;
; activation_block:act_inst|tanh_lut[129][8]    ; Merged with activation_block:act_inst|exp_lut[129][0] ;
; activation_block:act_inst|exp_lut[130][2]     ; Merged with activation_block:act_inst|exp_lut[130][0] ;
; activation_block:act_inst|sigmoid_lut[130][0] ; Merged with activation_block:act_inst|exp_lut[130][0] ;
; activation_block:act_inst|sigmoid_lut[130][1] ; Merged with activation_block:act_inst|exp_lut[130][0] ;
; activation_block:act_inst|sigmoid_lut[130][3] ; Merged with activation_block:act_inst|exp_lut[130][0] ;
; activation_block:act_inst|sigmoid_lut[130][4] ; Merged with activation_block:act_inst|exp_lut[130][0] ;
; activation_block:act_inst|sigmoid_lut[130][5] ; Merged with activation_block:act_inst|exp_lut[130][0] ;
; activation_block:act_inst|sigmoid_lut[130][6] ; Merged with activation_block:act_inst|exp_lut[130][0] ;
; activation_block:act_inst|sigmoid_lut[130][7] ; Merged with activation_block:act_inst|exp_lut[130][0] ;
; activation_block:act_inst|tanh_lut[130][8]    ; Merged with activation_block:act_inst|exp_lut[130][0] ;
; activation_block:act_inst|exp_lut[131][2]     ; Merged with activation_block:act_inst|exp_lut[131][0] ;
; activation_block:act_inst|sigmoid_lut[131][0] ; Merged with activation_block:act_inst|exp_lut[131][0] ;
; activation_block:act_inst|sigmoid_lut[131][1] ; Merged with activation_block:act_inst|exp_lut[131][0] ;
; activation_block:act_inst|sigmoid_lut[131][3] ; Merged with activation_block:act_inst|exp_lut[131][0] ;
; activation_block:act_inst|sigmoid_lut[131][4] ; Merged with activation_block:act_inst|exp_lut[131][0] ;
; activation_block:act_inst|sigmoid_lut[131][5] ; Merged with activation_block:act_inst|exp_lut[131][0] ;
; activation_block:act_inst|sigmoid_lut[131][6] ; Merged with activation_block:act_inst|exp_lut[131][0] ;
; activation_block:act_inst|sigmoid_lut[131][7] ; Merged with activation_block:act_inst|exp_lut[131][0] ;
; activation_block:act_inst|tanh_lut[131][8]    ; Merged with activation_block:act_inst|exp_lut[131][0] ;
; activation_block:act_inst|exp_lut[132][2]     ; Merged with activation_block:act_inst|exp_lut[132][0] ;
; activation_block:act_inst|sigmoid_lut[132][0] ; Merged with activation_block:act_inst|exp_lut[132][0] ;
; activation_block:act_inst|sigmoid_lut[132][1] ; Merged with activation_block:act_inst|exp_lut[132][0] ;
; activation_block:act_inst|sigmoid_lut[132][3] ; Merged with activation_block:act_inst|exp_lut[132][0] ;
; activation_block:act_inst|sigmoid_lut[132][4] ; Merged with activation_block:act_inst|exp_lut[132][0] ;
; activation_block:act_inst|sigmoid_lut[132][5] ; Merged with activation_block:act_inst|exp_lut[132][0] ;
; activation_block:act_inst|sigmoid_lut[132][6] ; Merged with activation_block:act_inst|exp_lut[132][0] ;
; activation_block:act_inst|sigmoid_lut[132][7] ; Merged with activation_block:act_inst|exp_lut[132][0] ;
; activation_block:act_inst|tanh_lut[132][8]    ; Merged with activation_block:act_inst|exp_lut[132][0] ;
; activation_block:act_inst|exp_lut[133][2]     ; Merged with activation_block:act_inst|exp_lut[133][0] ;
; activation_block:act_inst|sigmoid_lut[133][0] ; Merged with activation_block:act_inst|exp_lut[133][0] ;
; activation_block:act_inst|sigmoid_lut[133][1] ; Merged with activation_block:act_inst|exp_lut[133][0] ;
; activation_block:act_inst|sigmoid_lut[133][3] ; Merged with activation_block:act_inst|exp_lut[133][0] ;
; activation_block:act_inst|sigmoid_lut[133][4] ; Merged with activation_block:act_inst|exp_lut[133][0] ;
; activation_block:act_inst|sigmoid_lut[133][5] ; Merged with activation_block:act_inst|exp_lut[133][0] ;
; activation_block:act_inst|sigmoid_lut[133][6] ; Merged with activation_block:act_inst|exp_lut[133][0] ;
; activation_block:act_inst|sigmoid_lut[133][7] ; Merged with activation_block:act_inst|exp_lut[133][0] ;
; activation_block:act_inst|tanh_lut[133][8]    ; Merged with activation_block:act_inst|exp_lut[133][0] ;
; activation_block:act_inst|exp_lut[134][2]     ; Merged with activation_block:act_inst|exp_lut[134][0] ;
; activation_block:act_inst|sigmoid_lut[134][0] ; Merged with activation_block:act_inst|exp_lut[134][0] ;
; activation_block:act_inst|sigmoid_lut[134][1] ; Merged with activation_block:act_inst|exp_lut[134][0] ;
; activation_block:act_inst|sigmoid_lut[134][3] ; Merged with activation_block:act_inst|exp_lut[134][0] ;
; activation_block:act_inst|sigmoid_lut[134][4] ; Merged with activation_block:act_inst|exp_lut[134][0] ;
; activation_block:act_inst|sigmoid_lut[134][5] ; Merged with activation_block:act_inst|exp_lut[134][0] ;
; activation_block:act_inst|sigmoid_lut[134][6] ; Merged with activation_block:act_inst|exp_lut[134][0] ;
; activation_block:act_inst|sigmoid_lut[134][7] ; Merged with activation_block:act_inst|exp_lut[134][0] ;
; activation_block:act_inst|tanh_lut[134][8]    ; Merged with activation_block:act_inst|exp_lut[134][0] ;
; activation_block:act_inst|exp_lut[135][2]     ; Merged with activation_block:act_inst|exp_lut[135][0] ;
; activation_block:act_inst|sigmoid_lut[135][0] ; Merged with activation_block:act_inst|exp_lut[135][0] ;
; activation_block:act_inst|sigmoid_lut[135][1] ; Merged with activation_block:act_inst|exp_lut[135][0] ;
; activation_block:act_inst|sigmoid_lut[135][3] ; Merged with activation_block:act_inst|exp_lut[135][0] ;
; activation_block:act_inst|sigmoid_lut[135][4] ; Merged with activation_block:act_inst|exp_lut[135][0] ;
; activation_block:act_inst|sigmoid_lut[135][5] ; Merged with activation_block:act_inst|exp_lut[135][0] ;
; activation_block:act_inst|sigmoid_lut[135][6] ; Merged with activation_block:act_inst|exp_lut[135][0] ;
; activation_block:act_inst|sigmoid_lut[135][7] ; Merged with activation_block:act_inst|exp_lut[135][0] ;
; activation_block:act_inst|tanh_lut[135][8]    ; Merged with activation_block:act_inst|exp_lut[135][0] ;
; activation_block:act_inst|exp_lut[136][2]     ; Merged with activation_block:act_inst|exp_lut[136][0] ;
; activation_block:act_inst|sigmoid_lut[136][0] ; Merged with activation_block:act_inst|exp_lut[136][0] ;
; activation_block:act_inst|sigmoid_lut[136][1] ; Merged with activation_block:act_inst|exp_lut[136][0] ;
; activation_block:act_inst|sigmoid_lut[136][3] ; Merged with activation_block:act_inst|exp_lut[136][0] ;
; activation_block:act_inst|sigmoid_lut[136][4] ; Merged with activation_block:act_inst|exp_lut[136][0] ;
; activation_block:act_inst|sigmoid_lut[136][5] ; Merged with activation_block:act_inst|exp_lut[136][0] ;
; activation_block:act_inst|sigmoid_lut[136][6] ; Merged with activation_block:act_inst|exp_lut[136][0] ;
; activation_block:act_inst|sigmoid_lut[136][7] ; Merged with activation_block:act_inst|exp_lut[136][0] ;
; activation_block:act_inst|tanh_lut[136][8]    ; Merged with activation_block:act_inst|exp_lut[136][0] ;
; activation_block:act_inst|exp_lut[137][2]     ; Merged with activation_block:act_inst|exp_lut[137][0] ;
; activation_block:act_inst|sigmoid_lut[137][0] ; Merged with activation_block:act_inst|exp_lut[137][0] ;
; activation_block:act_inst|sigmoid_lut[137][1] ; Merged with activation_block:act_inst|exp_lut[137][0] ;
; activation_block:act_inst|sigmoid_lut[137][3] ; Merged with activation_block:act_inst|exp_lut[137][0] ;
; activation_block:act_inst|sigmoid_lut[137][4] ; Merged with activation_block:act_inst|exp_lut[137][0] ;
; activation_block:act_inst|sigmoid_lut[137][5] ; Merged with activation_block:act_inst|exp_lut[137][0] ;
; activation_block:act_inst|sigmoid_lut[137][6] ; Merged with activation_block:act_inst|exp_lut[137][0] ;
; activation_block:act_inst|sigmoid_lut[137][7] ; Merged with activation_block:act_inst|exp_lut[137][0] ;
; activation_block:act_inst|tanh_lut[137][8]    ; Merged with activation_block:act_inst|exp_lut[137][0] ;
; activation_block:act_inst|exp_lut[138][2]     ; Merged with activation_block:act_inst|exp_lut[138][0] ;
; activation_block:act_inst|sigmoid_lut[138][0] ; Merged with activation_block:act_inst|exp_lut[138][0] ;
; activation_block:act_inst|sigmoid_lut[138][1] ; Merged with activation_block:act_inst|exp_lut[138][0] ;
; activation_block:act_inst|sigmoid_lut[138][3] ; Merged with activation_block:act_inst|exp_lut[138][0] ;
; activation_block:act_inst|sigmoid_lut[138][4] ; Merged with activation_block:act_inst|exp_lut[138][0] ;
; activation_block:act_inst|sigmoid_lut[138][5] ; Merged with activation_block:act_inst|exp_lut[138][0] ;
; activation_block:act_inst|sigmoid_lut[138][6] ; Merged with activation_block:act_inst|exp_lut[138][0] ;
; activation_block:act_inst|sigmoid_lut[138][7] ; Merged with activation_block:act_inst|exp_lut[138][0] ;
; activation_block:act_inst|tanh_lut[138][8]    ; Merged with activation_block:act_inst|exp_lut[138][0] ;
; activation_block:act_inst|exp_lut[139][2]     ; Merged with activation_block:act_inst|exp_lut[139][0] ;
; activation_block:act_inst|sigmoid_lut[139][0] ; Merged with activation_block:act_inst|exp_lut[139][0] ;
; activation_block:act_inst|sigmoid_lut[139][1] ; Merged with activation_block:act_inst|exp_lut[139][0] ;
; activation_block:act_inst|sigmoid_lut[139][3] ; Merged with activation_block:act_inst|exp_lut[139][0] ;
; activation_block:act_inst|sigmoid_lut[139][4] ; Merged with activation_block:act_inst|exp_lut[139][0] ;
; activation_block:act_inst|sigmoid_lut[139][5] ; Merged with activation_block:act_inst|exp_lut[139][0] ;
; activation_block:act_inst|sigmoid_lut[139][6] ; Merged with activation_block:act_inst|exp_lut[139][0] ;
; activation_block:act_inst|sigmoid_lut[139][7] ; Merged with activation_block:act_inst|exp_lut[139][0] ;
; activation_block:act_inst|tanh_lut[139][8]    ; Merged with activation_block:act_inst|exp_lut[139][0] ;
; activation_block:act_inst|exp_lut[140][2]     ; Merged with activation_block:act_inst|exp_lut[140][0] ;
; activation_block:act_inst|sigmoid_lut[140][0] ; Merged with activation_block:act_inst|exp_lut[140][0] ;
; activation_block:act_inst|sigmoid_lut[140][1] ; Merged with activation_block:act_inst|exp_lut[140][0] ;
; activation_block:act_inst|sigmoid_lut[140][3] ; Merged with activation_block:act_inst|exp_lut[140][0] ;
; activation_block:act_inst|sigmoid_lut[140][4] ; Merged with activation_block:act_inst|exp_lut[140][0] ;
; activation_block:act_inst|sigmoid_lut[140][5] ; Merged with activation_block:act_inst|exp_lut[140][0] ;
; activation_block:act_inst|sigmoid_lut[140][6] ; Merged with activation_block:act_inst|exp_lut[140][0] ;
; activation_block:act_inst|sigmoid_lut[140][7] ; Merged with activation_block:act_inst|exp_lut[140][0] ;
; activation_block:act_inst|tanh_lut[140][8]    ; Merged with activation_block:act_inst|exp_lut[140][0] ;
; activation_block:act_inst|exp_lut[141][2]     ; Merged with activation_block:act_inst|exp_lut[141][0] ;
; activation_block:act_inst|sigmoid_lut[141][0] ; Merged with activation_block:act_inst|exp_lut[141][0] ;
; activation_block:act_inst|sigmoid_lut[141][1] ; Merged with activation_block:act_inst|exp_lut[141][0] ;
; activation_block:act_inst|sigmoid_lut[141][3] ; Merged with activation_block:act_inst|exp_lut[141][0] ;
; activation_block:act_inst|sigmoid_lut[141][4] ; Merged with activation_block:act_inst|exp_lut[141][0] ;
; activation_block:act_inst|sigmoid_lut[141][5] ; Merged with activation_block:act_inst|exp_lut[141][0] ;
; activation_block:act_inst|sigmoid_lut[141][6] ; Merged with activation_block:act_inst|exp_lut[141][0] ;
; activation_block:act_inst|sigmoid_lut[141][7] ; Merged with activation_block:act_inst|exp_lut[141][0] ;
; activation_block:act_inst|tanh_lut[141][8]    ; Merged with activation_block:act_inst|exp_lut[141][0] ;
; activation_block:act_inst|exp_lut[142][2]     ; Merged with activation_block:act_inst|exp_lut[142][0] ;
; activation_block:act_inst|sigmoid_lut[142][0] ; Merged with activation_block:act_inst|exp_lut[142][0] ;
; activation_block:act_inst|sigmoid_lut[142][1] ; Merged with activation_block:act_inst|exp_lut[142][0] ;
; activation_block:act_inst|sigmoid_lut[142][3] ; Merged with activation_block:act_inst|exp_lut[142][0] ;
; activation_block:act_inst|sigmoid_lut[142][4] ; Merged with activation_block:act_inst|exp_lut[142][0] ;
; activation_block:act_inst|sigmoid_lut[142][5] ; Merged with activation_block:act_inst|exp_lut[142][0] ;
; activation_block:act_inst|sigmoid_lut[142][6] ; Merged with activation_block:act_inst|exp_lut[142][0] ;
; activation_block:act_inst|sigmoid_lut[142][7] ; Merged with activation_block:act_inst|exp_lut[142][0] ;
; activation_block:act_inst|tanh_lut[142][8]    ; Merged with activation_block:act_inst|exp_lut[142][0] ;
; activation_block:act_inst|exp_lut[143][2]     ; Merged with activation_block:act_inst|exp_lut[143][0] ;
; activation_block:act_inst|sigmoid_lut[143][0] ; Merged with activation_block:act_inst|exp_lut[143][0] ;
; activation_block:act_inst|sigmoid_lut[143][1] ; Merged with activation_block:act_inst|exp_lut[143][0] ;
; activation_block:act_inst|sigmoid_lut[143][3] ; Merged with activation_block:act_inst|exp_lut[143][0] ;
; activation_block:act_inst|sigmoid_lut[143][4] ; Merged with activation_block:act_inst|exp_lut[143][0] ;
; activation_block:act_inst|sigmoid_lut[143][5] ; Merged with activation_block:act_inst|exp_lut[143][0] ;
; activation_block:act_inst|sigmoid_lut[143][6] ; Merged with activation_block:act_inst|exp_lut[143][0] ;
; activation_block:act_inst|sigmoid_lut[143][7] ; Merged with activation_block:act_inst|exp_lut[143][0] ;
; activation_block:act_inst|tanh_lut[143][8]    ; Merged with activation_block:act_inst|exp_lut[143][0] ;
; activation_block:act_inst|exp_lut[144][2]     ; Merged with activation_block:act_inst|exp_lut[144][0] ;
; activation_block:act_inst|sigmoid_lut[144][0] ; Merged with activation_block:act_inst|exp_lut[144][0] ;
; activation_block:act_inst|sigmoid_lut[144][1] ; Merged with activation_block:act_inst|exp_lut[144][0] ;
; activation_block:act_inst|sigmoid_lut[144][3] ; Merged with activation_block:act_inst|exp_lut[144][0] ;
; activation_block:act_inst|sigmoid_lut[144][4] ; Merged with activation_block:act_inst|exp_lut[144][0] ;
; activation_block:act_inst|sigmoid_lut[144][5] ; Merged with activation_block:act_inst|exp_lut[144][0] ;
; activation_block:act_inst|sigmoid_lut[144][6] ; Merged with activation_block:act_inst|exp_lut[144][0] ;
; activation_block:act_inst|sigmoid_lut[144][7] ; Merged with activation_block:act_inst|exp_lut[144][0] ;
; activation_block:act_inst|tanh_lut[144][8]    ; Merged with activation_block:act_inst|exp_lut[144][0] ;
; activation_block:act_inst|exp_lut[145][2]     ; Merged with activation_block:act_inst|exp_lut[145][0] ;
; activation_block:act_inst|sigmoid_lut[145][0] ; Merged with activation_block:act_inst|exp_lut[145][0] ;
; activation_block:act_inst|sigmoid_lut[145][1] ; Merged with activation_block:act_inst|exp_lut[145][0] ;
; activation_block:act_inst|sigmoid_lut[145][3] ; Merged with activation_block:act_inst|exp_lut[145][0] ;
; activation_block:act_inst|sigmoid_lut[145][4] ; Merged with activation_block:act_inst|exp_lut[145][0] ;
; activation_block:act_inst|sigmoid_lut[145][5] ; Merged with activation_block:act_inst|exp_lut[145][0] ;
; activation_block:act_inst|sigmoid_lut[145][6] ; Merged with activation_block:act_inst|exp_lut[145][0] ;
; activation_block:act_inst|sigmoid_lut[145][7] ; Merged with activation_block:act_inst|exp_lut[145][0] ;
; activation_block:act_inst|tanh_lut[145][8]    ; Merged with activation_block:act_inst|exp_lut[145][0] ;
; activation_block:act_inst|exp_lut[146][2]     ; Merged with activation_block:act_inst|exp_lut[146][0] ;
; activation_block:act_inst|sigmoid_lut[146][0] ; Merged with activation_block:act_inst|exp_lut[146][0] ;
; activation_block:act_inst|sigmoid_lut[146][1] ; Merged with activation_block:act_inst|exp_lut[146][0] ;
; activation_block:act_inst|sigmoid_lut[146][3] ; Merged with activation_block:act_inst|exp_lut[146][0] ;
; activation_block:act_inst|sigmoid_lut[146][4] ; Merged with activation_block:act_inst|exp_lut[146][0] ;
; activation_block:act_inst|sigmoid_lut[146][5] ; Merged with activation_block:act_inst|exp_lut[146][0] ;
; activation_block:act_inst|sigmoid_lut[146][6] ; Merged with activation_block:act_inst|exp_lut[146][0] ;
; activation_block:act_inst|sigmoid_lut[146][7] ; Merged with activation_block:act_inst|exp_lut[146][0] ;
; activation_block:act_inst|tanh_lut[146][8]    ; Merged with activation_block:act_inst|exp_lut[146][0] ;
; activation_block:act_inst|exp_lut[147][2]     ; Merged with activation_block:act_inst|exp_lut[147][0] ;
; activation_block:act_inst|sigmoid_lut[147][0] ; Merged with activation_block:act_inst|exp_lut[147][0] ;
; activation_block:act_inst|sigmoid_lut[147][1] ; Merged with activation_block:act_inst|exp_lut[147][0] ;
; activation_block:act_inst|sigmoid_lut[147][3] ; Merged with activation_block:act_inst|exp_lut[147][0] ;
; activation_block:act_inst|sigmoid_lut[147][4] ; Merged with activation_block:act_inst|exp_lut[147][0] ;
; activation_block:act_inst|sigmoid_lut[147][5] ; Merged with activation_block:act_inst|exp_lut[147][0] ;
; activation_block:act_inst|sigmoid_lut[147][6] ; Merged with activation_block:act_inst|exp_lut[147][0] ;
; activation_block:act_inst|sigmoid_lut[147][7] ; Merged with activation_block:act_inst|exp_lut[147][0] ;
; activation_block:act_inst|tanh_lut[147][8]    ; Merged with activation_block:act_inst|exp_lut[147][0] ;
; activation_block:act_inst|exp_lut[148][2]     ; Merged with activation_block:act_inst|exp_lut[148][0] ;
; activation_block:act_inst|sigmoid_lut[148][0] ; Merged with activation_block:act_inst|exp_lut[148][0] ;
; activation_block:act_inst|sigmoid_lut[148][1] ; Merged with activation_block:act_inst|exp_lut[148][0] ;
; activation_block:act_inst|sigmoid_lut[148][3] ; Merged with activation_block:act_inst|exp_lut[148][0] ;
; activation_block:act_inst|sigmoid_lut[148][4] ; Merged with activation_block:act_inst|exp_lut[148][0] ;
; activation_block:act_inst|sigmoid_lut[148][5] ; Merged with activation_block:act_inst|exp_lut[148][0] ;
; activation_block:act_inst|sigmoid_lut[148][6] ; Merged with activation_block:act_inst|exp_lut[148][0] ;
; activation_block:act_inst|sigmoid_lut[148][7] ; Merged with activation_block:act_inst|exp_lut[148][0] ;
; activation_block:act_inst|tanh_lut[148][8]    ; Merged with activation_block:act_inst|exp_lut[148][0] ;
; activation_block:act_inst|exp_lut[149][2]     ; Merged with activation_block:act_inst|exp_lut[149][0] ;
; activation_block:act_inst|sigmoid_lut[149][0] ; Merged with activation_block:act_inst|exp_lut[149][0] ;
; activation_block:act_inst|sigmoid_lut[149][1] ; Merged with activation_block:act_inst|exp_lut[149][0] ;
; activation_block:act_inst|sigmoid_lut[149][3] ; Merged with activation_block:act_inst|exp_lut[149][0] ;
; activation_block:act_inst|sigmoid_lut[149][4] ; Merged with activation_block:act_inst|exp_lut[149][0] ;
; activation_block:act_inst|sigmoid_lut[149][5] ; Merged with activation_block:act_inst|exp_lut[149][0] ;
; activation_block:act_inst|sigmoid_lut[149][6] ; Merged with activation_block:act_inst|exp_lut[149][0] ;
; activation_block:act_inst|sigmoid_lut[149][7] ; Merged with activation_block:act_inst|exp_lut[149][0] ;
; activation_block:act_inst|tanh_lut[149][8]    ; Merged with activation_block:act_inst|exp_lut[149][0] ;
; activation_block:act_inst|exp_lut[150][2]     ; Merged with activation_block:act_inst|exp_lut[150][0] ;
; activation_block:act_inst|sigmoid_lut[150][0] ; Merged with activation_block:act_inst|exp_lut[150][0] ;
; activation_block:act_inst|sigmoid_lut[150][1] ; Merged with activation_block:act_inst|exp_lut[150][0] ;
; activation_block:act_inst|sigmoid_lut[150][3] ; Merged with activation_block:act_inst|exp_lut[150][0] ;
; activation_block:act_inst|sigmoid_lut[150][4] ; Merged with activation_block:act_inst|exp_lut[150][0] ;
; activation_block:act_inst|sigmoid_lut[150][5] ; Merged with activation_block:act_inst|exp_lut[150][0] ;
; activation_block:act_inst|sigmoid_lut[150][6] ; Merged with activation_block:act_inst|exp_lut[150][0] ;
; activation_block:act_inst|sigmoid_lut[150][7] ; Merged with activation_block:act_inst|exp_lut[150][0] ;
; activation_block:act_inst|tanh_lut[150][8]    ; Merged with activation_block:act_inst|exp_lut[150][0] ;
; activation_block:act_inst|exp_lut[151][2]     ; Merged with activation_block:act_inst|exp_lut[151][0] ;
; activation_block:act_inst|sigmoid_lut[151][0] ; Merged with activation_block:act_inst|exp_lut[151][0] ;
; activation_block:act_inst|sigmoid_lut[151][1] ; Merged with activation_block:act_inst|exp_lut[151][0] ;
; activation_block:act_inst|sigmoid_lut[151][3] ; Merged with activation_block:act_inst|exp_lut[151][0] ;
; activation_block:act_inst|sigmoid_lut[151][4] ; Merged with activation_block:act_inst|exp_lut[151][0] ;
; activation_block:act_inst|sigmoid_lut[151][5] ; Merged with activation_block:act_inst|exp_lut[151][0] ;
; activation_block:act_inst|sigmoid_lut[151][6] ; Merged with activation_block:act_inst|exp_lut[151][0] ;
; activation_block:act_inst|sigmoid_lut[151][7] ; Merged with activation_block:act_inst|exp_lut[151][0] ;
; activation_block:act_inst|tanh_lut[151][8]    ; Merged with activation_block:act_inst|exp_lut[151][0] ;
; activation_block:act_inst|exp_lut[152][2]     ; Merged with activation_block:act_inst|exp_lut[152][0] ;
; activation_block:act_inst|sigmoid_lut[152][0] ; Merged with activation_block:act_inst|exp_lut[152][0] ;
; activation_block:act_inst|sigmoid_lut[152][1] ; Merged with activation_block:act_inst|exp_lut[152][0] ;
; activation_block:act_inst|sigmoid_lut[152][3] ; Merged with activation_block:act_inst|exp_lut[152][0] ;
; activation_block:act_inst|sigmoid_lut[152][4] ; Merged with activation_block:act_inst|exp_lut[152][0] ;
; activation_block:act_inst|sigmoid_lut[152][5] ; Merged with activation_block:act_inst|exp_lut[152][0] ;
; activation_block:act_inst|sigmoid_lut[152][6] ; Merged with activation_block:act_inst|exp_lut[152][0] ;
; activation_block:act_inst|sigmoid_lut[152][7] ; Merged with activation_block:act_inst|exp_lut[152][0] ;
; activation_block:act_inst|tanh_lut[152][8]    ; Merged with activation_block:act_inst|exp_lut[152][0] ;
; activation_block:act_inst|exp_lut[153][2]     ; Merged with activation_block:act_inst|exp_lut[153][0] ;
; activation_block:act_inst|sigmoid_lut[153][0] ; Merged with activation_block:act_inst|exp_lut[153][0] ;
; activation_block:act_inst|sigmoid_lut[153][1] ; Merged with activation_block:act_inst|exp_lut[153][0] ;
; activation_block:act_inst|sigmoid_lut[153][3] ; Merged with activation_block:act_inst|exp_lut[153][0] ;
; activation_block:act_inst|sigmoid_lut[153][4] ; Merged with activation_block:act_inst|exp_lut[153][0] ;
; activation_block:act_inst|sigmoid_lut[153][5] ; Merged with activation_block:act_inst|exp_lut[153][0] ;
; activation_block:act_inst|sigmoid_lut[153][6] ; Merged with activation_block:act_inst|exp_lut[153][0] ;
; activation_block:act_inst|sigmoid_lut[153][7] ; Merged with activation_block:act_inst|exp_lut[153][0] ;
; activation_block:act_inst|tanh_lut[153][8]    ; Merged with activation_block:act_inst|exp_lut[153][0] ;
; activation_block:act_inst|exp_lut[154][2]     ; Merged with activation_block:act_inst|exp_lut[154][0] ;
; activation_block:act_inst|sigmoid_lut[154][0] ; Merged with activation_block:act_inst|exp_lut[154][0] ;
; activation_block:act_inst|sigmoid_lut[154][1] ; Merged with activation_block:act_inst|exp_lut[154][0] ;
; activation_block:act_inst|sigmoid_lut[154][3] ; Merged with activation_block:act_inst|exp_lut[154][0] ;
; activation_block:act_inst|sigmoid_lut[154][4] ; Merged with activation_block:act_inst|exp_lut[154][0] ;
; activation_block:act_inst|sigmoid_lut[154][5] ; Merged with activation_block:act_inst|exp_lut[154][0] ;
; activation_block:act_inst|sigmoid_lut[154][6] ; Merged with activation_block:act_inst|exp_lut[154][0] ;
; activation_block:act_inst|sigmoid_lut[154][7] ; Merged with activation_block:act_inst|exp_lut[154][0] ;
; activation_block:act_inst|tanh_lut[154][8]    ; Merged with activation_block:act_inst|exp_lut[154][0] ;
; activation_block:act_inst|exp_lut[155][2]     ; Merged with activation_block:act_inst|exp_lut[155][0] ;
; activation_block:act_inst|sigmoid_lut[155][0] ; Merged with activation_block:act_inst|exp_lut[155][0] ;
; activation_block:act_inst|sigmoid_lut[155][1] ; Merged with activation_block:act_inst|exp_lut[155][0] ;
; activation_block:act_inst|sigmoid_lut[155][3] ; Merged with activation_block:act_inst|exp_lut[155][0] ;
; activation_block:act_inst|sigmoid_lut[155][4] ; Merged with activation_block:act_inst|exp_lut[155][0] ;
; activation_block:act_inst|sigmoid_lut[155][5] ; Merged with activation_block:act_inst|exp_lut[155][0] ;
; activation_block:act_inst|sigmoid_lut[155][6] ; Merged with activation_block:act_inst|exp_lut[155][0] ;
; activation_block:act_inst|sigmoid_lut[155][7] ; Merged with activation_block:act_inst|exp_lut[155][0] ;
; activation_block:act_inst|tanh_lut[155][8]    ; Merged with activation_block:act_inst|exp_lut[155][0] ;
; activation_block:act_inst|exp_lut[156][2]     ; Merged with activation_block:act_inst|exp_lut[156][0] ;
; activation_block:act_inst|sigmoid_lut[156][0] ; Merged with activation_block:act_inst|exp_lut[156][0] ;
; activation_block:act_inst|sigmoid_lut[156][1] ; Merged with activation_block:act_inst|exp_lut[156][0] ;
; activation_block:act_inst|sigmoid_lut[156][3] ; Merged with activation_block:act_inst|exp_lut[156][0] ;
; activation_block:act_inst|sigmoid_lut[156][4] ; Merged with activation_block:act_inst|exp_lut[156][0] ;
; activation_block:act_inst|sigmoid_lut[156][5] ; Merged with activation_block:act_inst|exp_lut[156][0] ;
; activation_block:act_inst|sigmoid_lut[156][6] ; Merged with activation_block:act_inst|exp_lut[156][0] ;
; activation_block:act_inst|sigmoid_lut[156][7] ; Merged with activation_block:act_inst|exp_lut[156][0] ;
; activation_block:act_inst|tanh_lut[156][8]    ; Merged with activation_block:act_inst|exp_lut[156][0] ;
; activation_block:act_inst|exp_lut[157][2]     ; Merged with activation_block:act_inst|exp_lut[157][0] ;
; activation_block:act_inst|sigmoid_lut[157][0] ; Merged with activation_block:act_inst|exp_lut[157][0] ;
; activation_block:act_inst|sigmoid_lut[157][1] ; Merged with activation_block:act_inst|exp_lut[157][0] ;
; activation_block:act_inst|sigmoid_lut[157][3] ; Merged with activation_block:act_inst|exp_lut[157][0] ;
; activation_block:act_inst|sigmoid_lut[157][4] ; Merged with activation_block:act_inst|exp_lut[157][0] ;
; activation_block:act_inst|sigmoid_lut[157][5] ; Merged with activation_block:act_inst|exp_lut[157][0] ;
; activation_block:act_inst|sigmoid_lut[157][6] ; Merged with activation_block:act_inst|exp_lut[157][0] ;
; activation_block:act_inst|sigmoid_lut[157][7] ; Merged with activation_block:act_inst|exp_lut[157][0] ;
; activation_block:act_inst|tanh_lut[157][8]    ; Merged with activation_block:act_inst|exp_lut[157][0] ;
; activation_block:act_inst|exp_lut[158][2]     ; Merged with activation_block:act_inst|exp_lut[158][0] ;
; activation_block:act_inst|sigmoid_lut[158][0] ; Merged with activation_block:act_inst|exp_lut[158][0] ;
; activation_block:act_inst|sigmoid_lut[158][1] ; Merged with activation_block:act_inst|exp_lut[158][0] ;
; activation_block:act_inst|sigmoid_lut[158][3] ; Merged with activation_block:act_inst|exp_lut[158][0] ;
; activation_block:act_inst|sigmoid_lut[158][4] ; Merged with activation_block:act_inst|exp_lut[158][0] ;
; activation_block:act_inst|sigmoid_lut[158][5] ; Merged with activation_block:act_inst|exp_lut[158][0] ;
; activation_block:act_inst|sigmoid_lut[158][6] ; Merged with activation_block:act_inst|exp_lut[158][0] ;
; activation_block:act_inst|sigmoid_lut[158][7] ; Merged with activation_block:act_inst|exp_lut[158][0] ;
; activation_block:act_inst|tanh_lut[158][8]    ; Merged with activation_block:act_inst|exp_lut[158][0] ;
; activation_block:act_inst|exp_lut[159][2]     ; Merged with activation_block:act_inst|exp_lut[159][0] ;
; activation_block:act_inst|sigmoid_lut[159][0] ; Merged with activation_block:act_inst|exp_lut[159][0] ;
; activation_block:act_inst|sigmoid_lut[159][1] ; Merged with activation_block:act_inst|exp_lut[159][0] ;
; activation_block:act_inst|sigmoid_lut[159][3] ; Merged with activation_block:act_inst|exp_lut[159][0] ;
; activation_block:act_inst|sigmoid_lut[159][4] ; Merged with activation_block:act_inst|exp_lut[159][0] ;
; activation_block:act_inst|sigmoid_lut[159][5] ; Merged with activation_block:act_inst|exp_lut[159][0] ;
; activation_block:act_inst|sigmoid_lut[159][6] ; Merged with activation_block:act_inst|exp_lut[159][0] ;
; activation_block:act_inst|sigmoid_lut[159][7] ; Merged with activation_block:act_inst|exp_lut[159][0] ;
; activation_block:act_inst|tanh_lut[159][8]    ; Merged with activation_block:act_inst|exp_lut[159][0] ;
; activation_block:act_inst|exp_lut[160][2]     ; Merged with activation_block:act_inst|exp_lut[160][0] ;
; activation_block:act_inst|sigmoid_lut[160][0] ; Merged with activation_block:act_inst|exp_lut[160][0] ;
; activation_block:act_inst|sigmoid_lut[160][1] ; Merged with activation_block:act_inst|exp_lut[160][0] ;
; activation_block:act_inst|sigmoid_lut[160][3] ; Merged with activation_block:act_inst|exp_lut[160][0] ;
; activation_block:act_inst|sigmoid_lut[160][4] ; Merged with activation_block:act_inst|exp_lut[160][0] ;
; activation_block:act_inst|sigmoid_lut[160][5] ; Merged with activation_block:act_inst|exp_lut[160][0] ;
; activation_block:act_inst|sigmoid_lut[160][6] ; Merged with activation_block:act_inst|exp_lut[160][0] ;
; activation_block:act_inst|sigmoid_lut[160][7] ; Merged with activation_block:act_inst|exp_lut[160][0] ;
; activation_block:act_inst|tanh_lut[160][8]    ; Merged with activation_block:act_inst|exp_lut[160][0] ;
; activation_block:act_inst|exp_lut[161][2]     ; Merged with activation_block:act_inst|exp_lut[161][0] ;
; activation_block:act_inst|sigmoid_lut[161][0] ; Merged with activation_block:act_inst|exp_lut[161][0] ;
; activation_block:act_inst|sigmoid_lut[161][1] ; Merged with activation_block:act_inst|exp_lut[161][0] ;
; activation_block:act_inst|sigmoid_lut[161][3] ; Merged with activation_block:act_inst|exp_lut[161][0] ;
; activation_block:act_inst|sigmoid_lut[161][4] ; Merged with activation_block:act_inst|exp_lut[161][0] ;
; activation_block:act_inst|sigmoid_lut[161][5] ; Merged with activation_block:act_inst|exp_lut[161][0] ;
; activation_block:act_inst|sigmoid_lut[161][6] ; Merged with activation_block:act_inst|exp_lut[161][0] ;
; activation_block:act_inst|sigmoid_lut[161][7] ; Merged with activation_block:act_inst|exp_lut[161][0] ;
; activation_block:act_inst|tanh_lut[161][8]    ; Merged with activation_block:act_inst|exp_lut[161][0] ;
; activation_block:act_inst|exp_lut[162][2]     ; Merged with activation_block:act_inst|exp_lut[162][0] ;
; activation_block:act_inst|sigmoid_lut[162][0] ; Merged with activation_block:act_inst|exp_lut[162][0] ;
; activation_block:act_inst|sigmoid_lut[162][1] ; Merged with activation_block:act_inst|exp_lut[162][0] ;
; activation_block:act_inst|sigmoid_lut[162][3] ; Merged with activation_block:act_inst|exp_lut[162][0] ;
; activation_block:act_inst|sigmoid_lut[162][4] ; Merged with activation_block:act_inst|exp_lut[162][0] ;
; activation_block:act_inst|sigmoid_lut[162][5] ; Merged with activation_block:act_inst|exp_lut[162][0] ;
; activation_block:act_inst|sigmoid_lut[162][6] ; Merged with activation_block:act_inst|exp_lut[162][0] ;
; activation_block:act_inst|sigmoid_lut[162][7] ; Merged with activation_block:act_inst|exp_lut[162][0] ;
; activation_block:act_inst|tanh_lut[162][8]    ; Merged with activation_block:act_inst|exp_lut[162][0] ;
; activation_block:act_inst|exp_lut[163][2]     ; Merged with activation_block:act_inst|exp_lut[163][0] ;
; activation_block:act_inst|sigmoid_lut[163][0] ; Merged with activation_block:act_inst|exp_lut[163][0] ;
; activation_block:act_inst|sigmoid_lut[163][1] ; Merged with activation_block:act_inst|exp_lut[163][0] ;
; activation_block:act_inst|sigmoid_lut[163][3] ; Merged with activation_block:act_inst|exp_lut[163][0] ;
; activation_block:act_inst|sigmoid_lut[163][4] ; Merged with activation_block:act_inst|exp_lut[163][0] ;
; activation_block:act_inst|sigmoid_lut[163][5] ; Merged with activation_block:act_inst|exp_lut[163][0] ;
; activation_block:act_inst|sigmoid_lut[163][6] ; Merged with activation_block:act_inst|exp_lut[163][0] ;
; activation_block:act_inst|sigmoid_lut[163][7] ; Merged with activation_block:act_inst|exp_lut[163][0] ;
; activation_block:act_inst|tanh_lut[163][8]    ; Merged with activation_block:act_inst|exp_lut[163][0] ;
; activation_block:act_inst|exp_lut[164][2]     ; Merged with activation_block:act_inst|exp_lut[164][0] ;
; activation_block:act_inst|sigmoid_lut[164][0] ; Merged with activation_block:act_inst|exp_lut[164][0] ;
; activation_block:act_inst|sigmoid_lut[164][1] ; Merged with activation_block:act_inst|exp_lut[164][0] ;
; activation_block:act_inst|sigmoid_lut[164][3] ; Merged with activation_block:act_inst|exp_lut[164][0] ;
; activation_block:act_inst|sigmoid_lut[164][4] ; Merged with activation_block:act_inst|exp_lut[164][0] ;
; activation_block:act_inst|sigmoid_lut[164][5] ; Merged with activation_block:act_inst|exp_lut[164][0] ;
; activation_block:act_inst|sigmoid_lut[164][6] ; Merged with activation_block:act_inst|exp_lut[164][0] ;
; activation_block:act_inst|sigmoid_lut[164][7] ; Merged with activation_block:act_inst|exp_lut[164][0] ;
; activation_block:act_inst|tanh_lut[164][8]    ; Merged with activation_block:act_inst|exp_lut[164][0] ;
; activation_block:act_inst|exp_lut[165][2]     ; Merged with activation_block:act_inst|exp_lut[165][0] ;
; activation_block:act_inst|sigmoid_lut[165][0] ; Merged with activation_block:act_inst|exp_lut[165][0] ;
; activation_block:act_inst|sigmoid_lut[165][1] ; Merged with activation_block:act_inst|exp_lut[165][0] ;
; activation_block:act_inst|sigmoid_lut[165][3] ; Merged with activation_block:act_inst|exp_lut[165][0] ;
; activation_block:act_inst|sigmoid_lut[165][4] ; Merged with activation_block:act_inst|exp_lut[165][0] ;
; activation_block:act_inst|sigmoid_lut[165][5] ; Merged with activation_block:act_inst|exp_lut[165][0] ;
; activation_block:act_inst|sigmoid_lut[165][6] ; Merged with activation_block:act_inst|exp_lut[165][0] ;
; activation_block:act_inst|sigmoid_lut[165][7] ; Merged with activation_block:act_inst|exp_lut[165][0] ;
; activation_block:act_inst|tanh_lut[165][8]    ; Merged with activation_block:act_inst|exp_lut[165][0] ;
; activation_block:act_inst|exp_lut[166][2]     ; Merged with activation_block:act_inst|exp_lut[166][0] ;
; activation_block:act_inst|sigmoid_lut[166][0] ; Merged with activation_block:act_inst|exp_lut[166][0] ;
; activation_block:act_inst|sigmoid_lut[166][1] ; Merged with activation_block:act_inst|exp_lut[166][0] ;
; activation_block:act_inst|sigmoid_lut[166][3] ; Merged with activation_block:act_inst|exp_lut[166][0] ;
; activation_block:act_inst|sigmoid_lut[166][4] ; Merged with activation_block:act_inst|exp_lut[166][0] ;
; activation_block:act_inst|sigmoid_lut[166][5] ; Merged with activation_block:act_inst|exp_lut[166][0] ;
; activation_block:act_inst|sigmoid_lut[166][6] ; Merged with activation_block:act_inst|exp_lut[166][0] ;
; activation_block:act_inst|sigmoid_lut[166][7] ; Merged with activation_block:act_inst|exp_lut[166][0] ;
; activation_block:act_inst|tanh_lut[166][8]    ; Merged with activation_block:act_inst|exp_lut[166][0] ;
; activation_block:act_inst|exp_lut[167][2]     ; Merged with activation_block:act_inst|exp_lut[167][0] ;
; activation_block:act_inst|sigmoid_lut[167][0] ; Merged with activation_block:act_inst|exp_lut[167][0] ;
; activation_block:act_inst|sigmoid_lut[167][1] ; Merged with activation_block:act_inst|exp_lut[167][0] ;
; activation_block:act_inst|sigmoid_lut[167][3] ; Merged with activation_block:act_inst|exp_lut[167][0] ;
; activation_block:act_inst|sigmoid_lut[167][4] ; Merged with activation_block:act_inst|exp_lut[167][0] ;
; activation_block:act_inst|sigmoid_lut[167][5] ; Merged with activation_block:act_inst|exp_lut[167][0] ;
; activation_block:act_inst|sigmoid_lut[167][6] ; Merged with activation_block:act_inst|exp_lut[167][0] ;
; activation_block:act_inst|sigmoid_lut[167][7] ; Merged with activation_block:act_inst|exp_lut[167][0] ;
; activation_block:act_inst|tanh_lut[167][8]    ; Merged with activation_block:act_inst|exp_lut[167][0] ;
; activation_block:act_inst|exp_lut[168][2]     ; Merged with activation_block:act_inst|exp_lut[168][0] ;
; activation_block:act_inst|sigmoid_lut[168][0] ; Merged with activation_block:act_inst|exp_lut[168][0] ;
; activation_block:act_inst|sigmoid_lut[168][1] ; Merged with activation_block:act_inst|exp_lut[168][0] ;
; activation_block:act_inst|sigmoid_lut[168][3] ; Merged with activation_block:act_inst|exp_lut[168][0] ;
; activation_block:act_inst|sigmoid_lut[168][4] ; Merged with activation_block:act_inst|exp_lut[168][0] ;
; activation_block:act_inst|sigmoid_lut[168][5] ; Merged with activation_block:act_inst|exp_lut[168][0] ;
; activation_block:act_inst|sigmoid_lut[168][6] ; Merged with activation_block:act_inst|exp_lut[168][0] ;
; activation_block:act_inst|sigmoid_lut[168][7] ; Merged with activation_block:act_inst|exp_lut[168][0] ;
; activation_block:act_inst|tanh_lut[168][8]    ; Merged with activation_block:act_inst|exp_lut[168][0] ;
; activation_block:act_inst|exp_lut[169][2]     ; Merged with activation_block:act_inst|exp_lut[169][0] ;
; activation_block:act_inst|sigmoid_lut[169][0] ; Merged with activation_block:act_inst|exp_lut[169][0] ;
; activation_block:act_inst|sigmoid_lut[169][1] ; Merged with activation_block:act_inst|exp_lut[169][0] ;
; activation_block:act_inst|sigmoid_lut[169][3] ; Merged with activation_block:act_inst|exp_lut[169][0] ;
; activation_block:act_inst|sigmoid_lut[169][4] ; Merged with activation_block:act_inst|exp_lut[169][0] ;
; activation_block:act_inst|sigmoid_lut[169][5] ; Merged with activation_block:act_inst|exp_lut[169][0] ;
; activation_block:act_inst|sigmoid_lut[169][6] ; Merged with activation_block:act_inst|exp_lut[169][0] ;
; activation_block:act_inst|sigmoid_lut[169][7] ; Merged with activation_block:act_inst|exp_lut[169][0] ;
; activation_block:act_inst|tanh_lut[169][8]    ; Merged with activation_block:act_inst|exp_lut[169][0] ;
; activation_block:act_inst|exp_lut[170][2]     ; Merged with activation_block:act_inst|exp_lut[170][0] ;
; activation_block:act_inst|sigmoid_lut[170][0] ; Merged with activation_block:act_inst|exp_lut[170][0] ;
; activation_block:act_inst|sigmoid_lut[170][1] ; Merged with activation_block:act_inst|exp_lut[170][0] ;
; activation_block:act_inst|sigmoid_lut[170][3] ; Merged with activation_block:act_inst|exp_lut[170][0] ;
; activation_block:act_inst|sigmoid_lut[170][4] ; Merged with activation_block:act_inst|exp_lut[170][0] ;
; activation_block:act_inst|sigmoid_lut[170][5] ; Merged with activation_block:act_inst|exp_lut[170][0] ;
; activation_block:act_inst|sigmoid_lut[170][6] ; Merged with activation_block:act_inst|exp_lut[170][0] ;
; activation_block:act_inst|sigmoid_lut[170][7] ; Merged with activation_block:act_inst|exp_lut[170][0] ;
; activation_block:act_inst|tanh_lut[170][8]    ; Merged with activation_block:act_inst|exp_lut[170][0] ;
; activation_block:act_inst|exp_lut[171][2]     ; Merged with activation_block:act_inst|exp_lut[171][0] ;
; activation_block:act_inst|sigmoid_lut[171][0] ; Merged with activation_block:act_inst|exp_lut[171][0] ;
; activation_block:act_inst|sigmoid_lut[171][1] ; Merged with activation_block:act_inst|exp_lut[171][0] ;
; activation_block:act_inst|sigmoid_lut[171][3] ; Merged with activation_block:act_inst|exp_lut[171][0] ;
; activation_block:act_inst|sigmoid_lut[171][4] ; Merged with activation_block:act_inst|exp_lut[171][0] ;
; activation_block:act_inst|sigmoid_lut[171][5] ; Merged with activation_block:act_inst|exp_lut[171][0] ;
; activation_block:act_inst|sigmoid_lut[171][6] ; Merged with activation_block:act_inst|exp_lut[171][0] ;
; activation_block:act_inst|sigmoid_lut[171][7] ; Merged with activation_block:act_inst|exp_lut[171][0] ;
; activation_block:act_inst|tanh_lut[171][8]    ; Merged with activation_block:act_inst|exp_lut[171][0] ;
; activation_block:act_inst|exp_lut[172][2]     ; Merged with activation_block:act_inst|exp_lut[172][0] ;
; activation_block:act_inst|sigmoid_lut[172][0] ; Merged with activation_block:act_inst|exp_lut[172][0] ;
; activation_block:act_inst|sigmoid_lut[172][1] ; Merged with activation_block:act_inst|exp_lut[172][0] ;
; activation_block:act_inst|sigmoid_lut[172][3] ; Merged with activation_block:act_inst|exp_lut[172][0] ;
; activation_block:act_inst|sigmoid_lut[172][4] ; Merged with activation_block:act_inst|exp_lut[172][0] ;
; activation_block:act_inst|sigmoid_lut[172][5] ; Merged with activation_block:act_inst|exp_lut[172][0] ;
; activation_block:act_inst|sigmoid_lut[172][6] ; Merged with activation_block:act_inst|exp_lut[172][0] ;
; activation_block:act_inst|sigmoid_lut[172][7] ; Merged with activation_block:act_inst|exp_lut[172][0] ;
; activation_block:act_inst|tanh_lut[172][8]    ; Merged with activation_block:act_inst|exp_lut[172][0] ;
; activation_block:act_inst|exp_lut[173][2]     ; Merged with activation_block:act_inst|exp_lut[173][0] ;
; activation_block:act_inst|sigmoid_lut[173][0] ; Merged with activation_block:act_inst|exp_lut[173][0] ;
; activation_block:act_inst|sigmoid_lut[173][1] ; Merged with activation_block:act_inst|exp_lut[173][0] ;
; activation_block:act_inst|sigmoid_lut[173][3] ; Merged with activation_block:act_inst|exp_lut[173][0] ;
; activation_block:act_inst|sigmoid_lut[173][4] ; Merged with activation_block:act_inst|exp_lut[173][0] ;
; activation_block:act_inst|sigmoid_lut[173][5] ; Merged with activation_block:act_inst|exp_lut[173][0] ;
; activation_block:act_inst|sigmoid_lut[173][6] ; Merged with activation_block:act_inst|exp_lut[173][0] ;
; activation_block:act_inst|sigmoid_lut[173][7] ; Merged with activation_block:act_inst|exp_lut[173][0] ;
; activation_block:act_inst|tanh_lut[173][8]    ; Merged with activation_block:act_inst|exp_lut[173][0] ;
; activation_block:act_inst|exp_lut[174][2]     ; Merged with activation_block:act_inst|exp_lut[174][0] ;
; activation_block:act_inst|sigmoid_lut[174][0] ; Merged with activation_block:act_inst|exp_lut[174][0] ;
; activation_block:act_inst|sigmoid_lut[174][1] ; Merged with activation_block:act_inst|exp_lut[174][0] ;
; activation_block:act_inst|sigmoid_lut[174][3] ; Merged with activation_block:act_inst|exp_lut[174][0] ;
; activation_block:act_inst|sigmoid_lut[174][4] ; Merged with activation_block:act_inst|exp_lut[174][0] ;
; activation_block:act_inst|sigmoid_lut[174][5] ; Merged with activation_block:act_inst|exp_lut[174][0] ;
; activation_block:act_inst|sigmoid_lut[174][6] ; Merged with activation_block:act_inst|exp_lut[174][0] ;
; activation_block:act_inst|sigmoid_lut[174][7] ; Merged with activation_block:act_inst|exp_lut[174][0] ;
; activation_block:act_inst|tanh_lut[174][8]    ; Merged with activation_block:act_inst|exp_lut[174][0] ;
; activation_block:act_inst|exp_lut[175][2]     ; Merged with activation_block:act_inst|exp_lut[175][0] ;
; activation_block:act_inst|sigmoid_lut[175][0] ; Merged with activation_block:act_inst|exp_lut[175][0] ;
; activation_block:act_inst|sigmoid_lut[175][1] ; Merged with activation_block:act_inst|exp_lut[175][0] ;
; activation_block:act_inst|sigmoid_lut[175][3] ; Merged with activation_block:act_inst|exp_lut[175][0] ;
; activation_block:act_inst|sigmoid_lut[175][4] ; Merged with activation_block:act_inst|exp_lut[175][0] ;
; activation_block:act_inst|sigmoid_lut[175][5] ; Merged with activation_block:act_inst|exp_lut[175][0] ;
; activation_block:act_inst|sigmoid_lut[175][6] ; Merged with activation_block:act_inst|exp_lut[175][0] ;
; activation_block:act_inst|sigmoid_lut[175][7] ; Merged with activation_block:act_inst|exp_lut[175][0] ;
; activation_block:act_inst|tanh_lut[175][8]    ; Merged with activation_block:act_inst|exp_lut[175][0] ;
; activation_block:act_inst|exp_lut[176][2]     ; Merged with activation_block:act_inst|exp_lut[176][0] ;
; activation_block:act_inst|sigmoid_lut[176][0] ; Merged with activation_block:act_inst|exp_lut[176][0] ;
; activation_block:act_inst|sigmoid_lut[176][1] ; Merged with activation_block:act_inst|exp_lut[176][0] ;
; activation_block:act_inst|sigmoid_lut[176][3] ; Merged with activation_block:act_inst|exp_lut[176][0] ;
; activation_block:act_inst|sigmoid_lut[176][4] ; Merged with activation_block:act_inst|exp_lut[176][0] ;
; activation_block:act_inst|sigmoid_lut[176][5] ; Merged with activation_block:act_inst|exp_lut[176][0] ;
; activation_block:act_inst|sigmoid_lut[176][6] ; Merged with activation_block:act_inst|exp_lut[176][0] ;
; activation_block:act_inst|sigmoid_lut[176][7] ; Merged with activation_block:act_inst|exp_lut[176][0] ;
; activation_block:act_inst|tanh_lut[176][8]    ; Merged with activation_block:act_inst|exp_lut[176][0] ;
; activation_block:act_inst|exp_lut[177][2]     ; Merged with activation_block:act_inst|exp_lut[177][0] ;
; activation_block:act_inst|sigmoid_lut[177][0] ; Merged with activation_block:act_inst|exp_lut[177][0] ;
; activation_block:act_inst|sigmoid_lut[177][1] ; Merged with activation_block:act_inst|exp_lut[177][0] ;
; activation_block:act_inst|sigmoid_lut[177][3] ; Merged with activation_block:act_inst|exp_lut[177][0] ;
; activation_block:act_inst|sigmoid_lut[177][4] ; Merged with activation_block:act_inst|exp_lut[177][0] ;
; activation_block:act_inst|sigmoid_lut[177][5] ; Merged with activation_block:act_inst|exp_lut[177][0] ;
; activation_block:act_inst|sigmoid_lut[177][6] ; Merged with activation_block:act_inst|exp_lut[177][0] ;
; activation_block:act_inst|sigmoid_lut[177][7] ; Merged with activation_block:act_inst|exp_lut[177][0] ;
; activation_block:act_inst|tanh_lut[177][8]    ; Merged with activation_block:act_inst|exp_lut[177][0] ;
; activation_block:act_inst|exp_lut[178][2]     ; Merged with activation_block:act_inst|exp_lut[178][0] ;
; activation_block:act_inst|sigmoid_lut[178][0] ; Merged with activation_block:act_inst|exp_lut[178][0] ;
; activation_block:act_inst|sigmoid_lut[178][1] ; Merged with activation_block:act_inst|exp_lut[178][0] ;
; activation_block:act_inst|sigmoid_lut[178][3] ; Merged with activation_block:act_inst|exp_lut[178][0] ;
; activation_block:act_inst|sigmoid_lut[178][4] ; Merged with activation_block:act_inst|exp_lut[178][0] ;
; activation_block:act_inst|sigmoid_lut[178][5] ; Merged with activation_block:act_inst|exp_lut[178][0] ;
; activation_block:act_inst|sigmoid_lut[178][6] ; Merged with activation_block:act_inst|exp_lut[178][0] ;
; activation_block:act_inst|sigmoid_lut[178][7] ; Merged with activation_block:act_inst|exp_lut[178][0] ;
; activation_block:act_inst|tanh_lut[178][8]    ; Merged with activation_block:act_inst|exp_lut[178][0] ;
; activation_block:act_inst|exp_lut[179][2]     ; Merged with activation_block:act_inst|exp_lut[179][0] ;
; activation_block:act_inst|sigmoid_lut[179][0] ; Merged with activation_block:act_inst|exp_lut[179][0] ;
; activation_block:act_inst|sigmoid_lut[179][1] ; Merged with activation_block:act_inst|exp_lut[179][0] ;
; activation_block:act_inst|sigmoid_lut[179][3] ; Merged with activation_block:act_inst|exp_lut[179][0] ;
; activation_block:act_inst|sigmoid_lut[179][4] ; Merged with activation_block:act_inst|exp_lut[179][0] ;
; activation_block:act_inst|sigmoid_lut[179][5] ; Merged with activation_block:act_inst|exp_lut[179][0] ;
; activation_block:act_inst|sigmoid_lut[179][6] ; Merged with activation_block:act_inst|exp_lut[179][0] ;
; activation_block:act_inst|sigmoid_lut[179][7] ; Merged with activation_block:act_inst|exp_lut[179][0] ;
; activation_block:act_inst|tanh_lut[179][8]    ; Merged with activation_block:act_inst|exp_lut[179][0] ;
; activation_block:act_inst|exp_lut[180][2]     ; Merged with activation_block:act_inst|exp_lut[180][0] ;
; activation_block:act_inst|sigmoid_lut[180][0] ; Merged with activation_block:act_inst|exp_lut[180][0] ;
; activation_block:act_inst|sigmoid_lut[180][1] ; Merged with activation_block:act_inst|exp_lut[180][0] ;
; activation_block:act_inst|sigmoid_lut[180][3] ; Merged with activation_block:act_inst|exp_lut[180][0] ;
; activation_block:act_inst|sigmoid_lut[180][4] ; Merged with activation_block:act_inst|exp_lut[180][0] ;
; activation_block:act_inst|sigmoid_lut[180][5] ; Merged with activation_block:act_inst|exp_lut[180][0] ;
; activation_block:act_inst|sigmoid_lut[180][6] ; Merged with activation_block:act_inst|exp_lut[180][0] ;
; activation_block:act_inst|sigmoid_lut[180][7] ; Merged with activation_block:act_inst|exp_lut[180][0] ;
; activation_block:act_inst|tanh_lut[180][8]    ; Merged with activation_block:act_inst|exp_lut[180][0] ;
; activation_block:act_inst|exp_lut[181][2]     ; Merged with activation_block:act_inst|exp_lut[181][0] ;
; activation_block:act_inst|sigmoid_lut[181][0] ; Merged with activation_block:act_inst|exp_lut[181][0] ;
; activation_block:act_inst|sigmoid_lut[181][1] ; Merged with activation_block:act_inst|exp_lut[181][0] ;
; activation_block:act_inst|sigmoid_lut[181][3] ; Merged with activation_block:act_inst|exp_lut[181][0] ;
; activation_block:act_inst|sigmoid_lut[181][4] ; Merged with activation_block:act_inst|exp_lut[181][0] ;
; activation_block:act_inst|sigmoid_lut[181][5] ; Merged with activation_block:act_inst|exp_lut[181][0] ;
; activation_block:act_inst|sigmoid_lut[181][6] ; Merged with activation_block:act_inst|exp_lut[181][0] ;
; activation_block:act_inst|sigmoid_lut[181][7] ; Merged with activation_block:act_inst|exp_lut[181][0] ;
; activation_block:act_inst|tanh_lut[181][8]    ; Merged with activation_block:act_inst|exp_lut[181][0] ;
; activation_block:act_inst|exp_lut[182][2]     ; Merged with activation_block:act_inst|exp_lut[182][0] ;
; activation_block:act_inst|sigmoid_lut[182][0] ; Merged with activation_block:act_inst|exp_lut[182][0] ;
; activation_block:act_inst|sigmoid_lut[182][1] ; Merged with activation_block:act_inst|exp_lut[182][0] ;
; activation_block:act_inst|sigmoid_lut[182][3] ; Merged with activation_block:act_inst|exp_lut[182][0] ;
; activation_block:act_inst|sigmoid_lut[182][4] ; Merged with activation_block:act_inst|exp_lut[182][0] ;
; activation_block:act_inst|sigmoid_lut[182][5] ; Merged with activation_block:act_inst|exp_lut[182][0] ;
; activation_block:act_inst|sigmoid_lut[182][6] ; Merged with activation_block:act_inst|exp_lut[182][0] ;
; activation_block:act_inst|sigmoid_lut[182][7] ; Merged with activation_block:act_inst|exp_lut[182][0] ;
; activation_block:act_inst|tanh_lut[182][8]    ; Merged with activation_block:act_inst|exp_lut[182][0] ;
; activation_block:act_inst|exp_lut[183][2]     ; Merged with activation_block:act_inst|exp_lut[183][0] ;
; activation_block:act_inst|sigmoid_lut[183][0] ; Merged with activation_block:act_inst|exp_lut[183][0] ;
; activation_block:act_inst|sigmoid_lut[183][1] ; Merged with activation_block:act_inst|exp_lut[183][0] ;
; activation_block:act_inst|sigmoid_lut[183][3] ; Merged with activation_block:act_inst|exp_lut[183][0] ;
; activation_block:act_inst|sigmoid_lut[183][4] ; Merged with activation_block:act_inst|exp_lut[183][0] ;
; activation_block:act_inst|sigmoid_lut[183][5] ; Merged with activation_block:act_inst|exp_lut[183][0] ;
; activation_block:act_inst|sigmoid_lut[183][6] ; Merged with activation_block:act_inst|exp_lut[183][0] ;
; activation_block:act_inst|sigmoid_lut[183][7] ; Merged with activation_block:act_inst|exp_lut[183][0] ;
; activation_block:act_inst|tanh_lut[183][8]    ; Merged with activation_block:act_inst|exp_lut[183][0] ;
; activation_block:act_inst|exp_lut[184][2]     ; Merged with activation_block:act_inst|exp_lut[184][0] ;
; activation_block:act_inst|sigmoid_lut[184][0] ; Merged with activation_block:act_inst|exp_lut[184][0] ;
; activation_block:act_inst|sigmoid_lut[184][1] ; Merged with activation_block:act_inst|exp_lut[184][0] ;
; activation_block:act_inst|sigmoid_lut[184][3] ; Merged with activation_block:act_inst|exp_lut[184][0] ;
; activation_block:act_inst|sigmoid_lut[184][4] ; Merged with activation_block:act_inst|exp_lut[184][0] ;
; activation_block:act_inst|sigmoid_lut[184][5] ; Merged with activation_block:act_inst|exp_lut[184][0] ;
; activation_block:act_inst|sigmoid_lut[184][6] ; Merged with activation_block:act_inst|exp_lut[184][0] ;
; activation_block:act_inst|sigmoid_lut[184][7] ; Merged with activation_block:act_inst|exp_lut[184][0] ;
; activation_block:act_inst|tanh_lut[184][8]    ; Merged with activation_block:act_inst|exp_lut[184][0] ;
; activation_block:act_inst|exp_lut[185][2]     ; Merged with activation_block:act_inst|exp_lut[185][0] ;
; activation_block:act_inst|sigmoid_lut[185][0] ; Merged with activation_block:act_inst|exp_lut[185][0] ;
; activation_block:act_inst|sigmoid_lut[185][1] ; Merged with activation_block:act_inst|exp_lut[185][0] ;
; activation_block:act_inst|sigmoid_lut[185][3] ; Merged with activation_block:act_inst|exp_lut[185][0] ;
; activation_block:act_inst|sigmoid_lut[185][4] ; Merged with activation_block:act_inst|exp_lut[185][0] ;
; activation_block:act_inst|sigmoid_lut[185][5] ; Merged with activation_block:act_inst|exp_lut[185][0] ;
; activation_block:act_inst|sigmoid_lut[185][6] ; Merged with activation_block:act_inst|exp_lut[185][0] ;
; activation_block:act_inst|sigmoid_lut[185][7] ; Merged with activation_block:act_inst|exp_lut[185][0] ;
; activation_block:act_inst|tanh_lut[185][8]    ; Merged with activation_block:act_inst|exp_lut[185][0] ;
; activation_block:act_inst|exp_lut[186][2]     ; Merged with activation_block:act_inst|exp_lut[186][0] ;
; activation_block:act_inst|sigmoid_lut[186][0] ; Merged with activation_block:act_inst|exp_lut[186][0] ;
; activation_block:act_inst|sigmoid_lut[186][1] ; Merged with activation_block:act_inst|exp_lut[186][0] ;
; activation_block:act_inst|sigmoid_lut[186][3] ; Merged with activation_block:act_inst|exp_lut[186][0] ;
; activation_block:act_inst|sigmoid_lut[186][4] ; Merged with activation_block:act_inst|exp_lut[186][0] ;
; activation_block:act_inst|sigmoid_lut[186][5] ; Merged with activation_block:act_inst|exp_lut[186][0] ;
; activation_block:act_inst|sigmoid_lut[186][6] ; Merged with activation_block:act_inst|exp_lut[186][0] ;
; activation_block:act_inst|sigmoid_lut[186][7] ; Merged with activation_block:act_inst|exp_lut[186][0] ;
; activation_block:act_inst|tanh_lut[186][8]    ; Merged with activation_block:act_inst|exp_lut[186][0] ;
; activation_block:act_inst|exp_lut[187][2]     ; Merged with activation_block:act_inst|exp_lut[187][0] ;
; activation_block:act_inst|sigmoid_lut[187][0] ; Merged with activation_block:act_inst|exp_lut[187][0] ;
; activation_block:act_inst|sigmoid_lut[187][1] ; Merged with activation_block:act_inst|exp_lut[187][0] ;
; activation_block:act_inst|sigmoid_lut[187][3] ; Merged with activation_block:act_inst|exp_lut[187][0] ;
; activation_block:act_inst|sigmoid_lut[187][4] ; Merged with activation_block:act_inst|exp_lut[187][0] ;
; activation_block:act_inst|sigmoid_lut[187][5] ; Merged with activation_block:act_inst|exp_lut[187][0] ;
; activation_block:act_inst|sigmoid_lut[187][6] ; Merged with activation_block:act_inst|exp_lut[187][0] ;
; activation_block:act_inst|sigmoid_lut[187][7] ; Merged with activation_block:act_inst|exp_lut[187][0] ;
; activation_block:act_inst|tanh_lut[187][8]    ; Merged with activation_block:act_inst|exp_lut[187][0] ;
; activation_block:act_inst|exp_lut[188][2]     ; Merged with activation_block:act_inst|exp_lut[188][0] ;
; activation_block:act_inst|sigmoid_lut[188][0] ; Merged with activation_block:act_inst|exp_lut[188][0] ;
; activation_block:act_inst|sigmoid_lut[188][1] ; Merged with activation_block:act_inst|exp_lut[188][0] ;
; activation_block:act_inst|sigmoid_lut[188][3] ; Merged with activation_block:act_inst|exp_lut[188][0] ;
; activation_block:act_inst|sigmoid_lut[188][4] ; Merged with activation_block:act_inst|exp_lut[188][0] ;
; activation_block:act_inst|sigmoid_lut[188][5] ; Merged with activation_block:act_inst|exp_lut[188][0] ;
; activation_block:act_inst|sigmoid_lut[188][6] ; Merged with activation_block:act_inst|exp_lut[188][0] ;
; activation_block:act_inst|sigmoid_lut[188][7] ; Merged with activation_block:act_inst|exp_lut[188][0] ;
; activation_block:act_inst|tanh_lut[188][8]    ; Merged with activation_block:act_inst|exp_lut[188][0] ;
; activation_block:act_inst|exp_lut[189][2]     ; Merged with activation_block:act_inst|exp_lut[189][0] ;
; activation_block:act_inst|sigmoid_lut[189][0] ; Merged with activation_block:act_inst|exp_lut[189][0] ;
; activation_block:act_inst|sigmoid_lut[189][1] ; Merged with activation_block:act_inst|exp_lut[189][0] ;
; activation_block:act_inst|sigmoid_lut[189][3] ; Merged with activation_block:act_inst|exp_lut[189][0] ;
; activation_block:act_inst|sigmoid_lut[189][4] ; Merged with activation_block:act_inst|exp_lut[189][0] ;
; activation_block:act_inst|sigmoid_lut[189][5] ; Merged with activation_block:act_inst|exp_lut[189][0] ;
; activation_block:act_inst|sigmoid_lut[189][6] ; Merged with activation_block:act_inst|exp_lut[189][0] ;
; activation_block:act_inst|sigmoid_lut[189][7] ; Merged with activation_block:act_inst|exp_lut[189][0] ;
; activation_block:act_inst|tanh_lut[189][8]    ; Merged with activation_block:act_inst|exp_lut[189][0] ;
; activation_block:act_inst|exp_lut[190][2]     ; Merged with activation_block:act_inst|exp_lut[190][0] ;
; activation_block:act_inst|sigmoid_lut[190][0] ; Merged with activation_block:act_inst|exp_lut[190][0] ;
; activation_block:act_inst|sigmoid_lut[190][1] ; Merged with activation_block:act_inst|exp_lut[190][0] ;
; activation_block:act_inst|sigmoid_lut[190][3] ; Merged with activation_block:act_inst|exp_lut[190][0] ;
; activation_block:act_inst|sigmoid_lut[190][4] ; Merged with activation_block:act_inst|exp_lut[190][0] ;
; activation_block:act_inst|sigmoid_lut[190][5] ; Merged with activation_block:act_inst|exp_lut[190][0] ;
; activation_block:act_inst|sigmoid_lut[190][6] ; Merged with activation_block:act_inst|exp_lut[190][0] ;
; activation_block:act_inst|sigmoid_lut[190][7] ; Merged with activation_block:act_inst|exp_lut[190][0] ;
; activation_block:act_inst|tanh_lut[190][8]    ; Merged with activation_block:act_inst|exp_lut[190][0] ;
; activation_block:act_inst|exp_lut[191][2]     ; Merged with activation_block:act_inst|exp_lut[191][0] ;
; activation_block:act_inst|sigmoid_lut[191][0] ; Merged with activation_block:act_inst|exp_lut[191][0] ;
; activation_block:act_inst|sigmoid_lut[191][1] ; Merged with activation_block:act_inst|exp_lut[191][0] ;
; activation_block:act_inst|sigmoid_lut[191][3] ; Merged with activation_block:act_inst|exp_lut[191][0] ;
; activation_block:act_inst|sigmoid_lut[191][4] ; Merged with activation_block:act_inst|exp_lut[191][0] ;
; activation_block:act_inst|sigmoid_lut[191][5] ; Merged with activation_block:act_inst|exp_lut[191][0] ;
; activation_block:act_inst|sigmoid_lut[191][6] ; Merged with activation_block:act_inst|exp_lut[191][0] ;
; activation_block:act_inst|sigmoid_lut[191][7] ; Merged with activation_block:act_inst|exp_lut[191][0] ;
; activation_block:act_inst|tanh_lut[191][8]    ; Merged with activation_block:act_inst|exp_lut[191][0] ;
; activation_block:act_inst|sigmoid_lut[192][0] ; Merged with activation_block:act_inst|exp_lut[192][0] ;
; activation_block:act_inst|sigmoid_lut[192][3] ; Merged with activation_block:act_inst|exp_lut[192][0] ;
; activation_block:act_inst|sigmoid_lut[192][4] ; Merged with activation_block:act_inst|exp_lut[192][0] ;
; activation_block:act_inst|tanh_lut[192][8]    ; Merged with activation_block:act_inst|exp_lut[192][0] ;
; activation_block:act_inst|exp_lut[193][2]     ; Merged with activation_block:act_inst|exp_lut[193][0] ;
; activation_block:act_inst|sigmoid_lut[193][0] ; Merged with activation_block:act_inst|exp_lut[193][0] ;
; activation_block:act_inst|sigmoid_lut[193][1] ; Merged with activation_block:act_inst|exp_lut[193][0] ;
; activation_block:act_inst|sigmoid_lut[193][3] ; Merged with activation_block:act_inst|exp_lut[193][0] ;
; activation_block:act_inst|sigmoid_lut[193][4] ; Merged with activation_block:act_inst|exp_lut[193][0] ;
; activation_block:act_inst|sigmoid_lut[193][5] ; Merged with activation_block:act_inst|exp_lut[193][0] ;
; activation_block:act_inst|sigmoid_lut[193][6] ; Merged with activation_block:act_inst|exp_lut[193][0] ;
; activation_block:act_inst|sigmoid_lut[193][7] ; Merged with activation_block:act_inst|exp_lut[193][0] ;
; activation_block:act_inst|tanh_lut[193][8]    ; Merged with activation_block:act_inst|exp_lut[193][0] ;
; activation_block:act_inst|exp_lut[194][2]     ; Merged with activation_block:act_inst|exp_lut[194][0] ;
; activation_block:act_inst|sigmoid_lut[194][0] ; Merged with activation_block:act_inst|exp_lut[194][0] ;
; activation_block:act_inst|sigmoid_lut[194][1] ; Merged with activation_block:act_inst|exp_lut[194][0] ;
; activation_block:act_inst|sigmoid_lut[194][3] ; Merged with activation_block:act_inst|exp_lut[194][0] ;
; activation_block:act_inst|sigmoid_lut[194][4] ; Merged with activation_block:act_inst|exp_lut[194][0] ;
; activation_block:act_inst|sigmoid_lut[194][5] ; Merged with activation_block:act_inst|exp_lut[194][0] ;
; activation_block:act_inst|sigmoid_lut[194][6] ; Merged with activation_block:act_inst|exp_lut[194][0] ;
; activation_block:act_inst|sigmoid_lut[194][7] ; Merged with activation_block:act_inst|exp_lut[194][0] ;
; activation_block:act_inst|tanh_lut[194][8]    ; Merged with activation_block:act_inst|exp_lut[194][0] ;
; activation_block:act_inst|exp_lut[195][2]     ; Merged with activation_block:act_inst|exp_lut[195][0] ;
; activation_block:act_inst|sigmoid_lut[195][0] ; Merged with activation_block:act_inst|exp_lut[195][0] ;
; activation_block:act_inst|sigmoid_lut[195][1] ; Merged with activation_block:act_inst|exp_lut[195][0] ;
; activation_block:act_inst|sigmoid_lut[195][3] ; Merged with activation_block:act_inst|exp_lut[195][0] ;
; activation_block:act_inst|sigmoid_lut[195][4] ; Merged with activation_block:act_inst|exp_lut[195][0] ;
; activation_block:act_inst|sigmoid_lut[195][5] ; Merged with activation_block:act_inst|exp_lut[195][0] ;
; activation_block:act_inst|sigmoid_lut[195][6] ; Merged with activation_block:act_inst|exp_lut[195][0] ;
; activation_block:act_inst|sigmoid_lut[195][7] ; Merged with activation_block:act_inst|exp_lut[195][0] ;
; activation_block:act_inst|tanh_lut[195][8]    ; Merged with activation_block:act_inst|exp_lut[195][0] ;
; activation_block:act_inst|exp_lut[196][2]     ; Merged with activation_block:act_inst|exp_lut[196][0] ;
; activation_block:act_inst|sigmoid_lut[196][0] ; Merged with activation_block:act_inst|exp_lut[196][0] ;
; activation_block:act_inst|sigmoid_lut[196][1] ; Merged with activation_block:act_inst|exp_lut[196][0] ;
; activation_block:act_inst|sigmoid_lut[196][3] ; Merged with activation_block:act_inst|exp_lut[196][0] ;
; activation_block:act_inst|sigmoid_lut[196][4] ; Merged with activation_block:act_inst|exp_lut[196][0] ;
; activation_block:act_inst|sigmoid_lut[196][5] ; Merged with activation_block:act_inst|exp_lut[196][0] ;
; activation_block:act_inst|sigmoid_lut[196][6] ; Merged with activation_block:act_inst|exp_lut[196][0] ;
; activation_block:act_inst|sigmoid_lut[196][7] ; Merged with activation_block:act_inst|exp_lut[196][0] ;
; activation_block:act_inst|tanh_lut[196][8]    ; Merged with activation_block:act_inst|exp_lut[196][0] ;
; activation_block:act_inst|exp_lut[197][2]     ; Merged with activation_block:act_inst|exp_lut[197][0] ;
; activation_block:act_inst|sigmoid_lut[197][0] ; Merged with activation_block:act_inst|exp_lut[197][0] ;
; activation_block:act_inst|sigmoid_lut[197][1] ; Merged with activation_block:act_inst|exp_lut[197][0] ;
; activation_block:act_inst|sigmoid_lut[197][3] ; Merged with activation_block:act_inst|exp_lut[197][0] ;
; activation_block:act_inst|sigmoid_lut[197][4] ; Merged with activation_block:act_inst|exp_lut[197][0] ;
; activation_block:act_inst|sigmoid_lut[197][5] ; Merged with activation_block:act_inst|exp_lut[197][0] ;
; activation_block:act_inst|sigmoid_lut[197][6] ; Merged with activation_block:act_inst|exp_lut[197][0] ;
; activation_block:act_inst|sigmoid_lut[197][7] ; Merged with activation_block:act_inst|exp_lut[197][0] ;
; activation_block:act_inst|tanh_lut[197][8]    ; Merged with activation_block:act_inst|exp_lut[197][0] ;
; activation_block:act_inst|exp_lut[198][2]     ; Merged with activation_block:act_inst|exp_lut[198][0] ;
; activation_block:act_inst|sigmoid_lut[198][0] ; Merged with activation_block:act_inst|exp_lut[198][0] ;
; activation_block:act_inst|sigmoid_lut[198][1] ; Merged with activation_block:act_inst|exp_lut[198][0] ;
; activation_block:act_inst|sigmoid_lut[198][3] ; Merged with activation_block:act_inst|exp_lut[198][0] ;
; activation_block:act_inst|sigmoid_lut[198][4] ; Merged with activation_block:act_inst|exp_lut[198][0] ;
; activation_block:act_inst|sigmoid_lut[198][5] ; Merged with activation_block:act_inst|exp_lut[198][0] ;
; activation_block:act_inst|sigmoid_lut[198][6] ; Merged with activation_block:act_inst|exp_lut[198][0] ;
; activation_block:act_inst|sigmoid_lut[198][7] ; Merged with activation_block:act_inst|exp_lut[198][0] ;
; activation_block:act_inst|tanh_lut[198][8]    ; Merged with activation_block:act_inst|exp_lut[198][0] ;
; activation_block:act_inst|exp_lut[199][2]     ; Merged with activation_block:act_inst|exp_lut[199][0] ;
; activation_block:act_inst|sigmoid_lut[199][0] ; Merged with activation_block:act_inst|exp_lut[199][0] ;
; activation_block:act_inst|sigmoid_lut[199][1] ; Merged with activation_block:act_inst|exp_lut[199][0] ;
; activation_block:act_inst|sigmoid_lut[199][3] ; Merged with activation_block:act_inst|exp_lut[199][0] ;
; activation_block:act_inst|sigmoid_lut[199][4] ; Merged with activation_block:act_inst|exp_lut[199][0] ;
; activation_block:act_inst|sigmoid_lut[199][5] ; Merged with activation_block:act_inst|exp_lut[199][0] ;
; activation_block:act_inst|sigmoid_lut[199][6] ; Merged with activation_block:act_inst|exp_lut[199][0] ;
; activation_block:act_inst|sigmoid_lut[199][7] ; Merged with activation_block:act_inst|exp_lut[199][0] ;
; activation_block:act_inst|tanh_lut[199][8]    ; Merged with activation_block:act_inst|exp_lut[199][0] ;
; activation_block:act_inst|exp_lut[200][2]     ; Merged with activation_block:act_inst|exp_lut[200][0] ;
; activation_block:act_inst|sigmoid_lut[200][0] ; Merged with activation_block:act_inst|exp_lut[200][0] ;
; activation_block:act_inst|sigmoid_lut[200][1] ; Merged with activation_block:act_inst|exp_lut[200][0] ;
; activation_block:act_inst|sigmoid_lut[200][3] ; Merged with activation_block:act_inst|exp_lut[200][0] ;
; activation_block:act_inst|sigmoid_lut[200][4] ; Merged with activation_block:act_inst|exp_lut[200][0] ;
; activation_block:act_inst|sigmoid_lut[200][5] ; Merged with activation_block:act_inst|exp_lut[200][0] ;
; activation_block:act_inst|sigmoid_lut[200][6] ; Merged with activation_block:act_inst|exp_lut[200][0] ;
; activation_block:act_inst|sigmoid_lut[200][7] ; Merged with activation_block:act_inst|exp_lut[200][0] ;
; activation_block:act_inst|tanh_lut[200][8]    ; Merged with activation_block:act_inst|exp_lut[200][0] ;
; activation_block:act_inst|exp_lut[201][2]     ; Merged with activation_block:act_inst|exp_lut[201][0] ;
; activation_block:act_inst|sigmoid_lut[201][0] ; Merged with activation_block:act_inst|exp_lut[201][0] ;
; activation_block:act_inst|sigmoid_lut[201][1] ; Merged with activation_block:act_inst|exp_lut[201][0] ;
; activation_block:act_inst|sigmoid_lut[201][3] ; Merged with activation_block:act_inst|exp_lut[201][0] ;
; activation_block:act_inst|sigmoid_lut[201][4] ; Merged with activation_block:act_inst|exp_lut[201][0] ;
; activation_block:act_inst|sigmoid_lut[201][5] ; Merged with activation_block:act_inst|exp_lut[201][0] ;
; activation_block:act_inst|sigmoid_lut[201][6] ; Merged with activation_block:act_inst|exp_lut[201][0] ;
; activation_block:act_inst|sigmoid_lut[201][7] ; Merged with activation_block:act_inst|exp_lut[201][0] ;
; activation_block:act_inst|tanh_lut[201][8]    ; Merged with activation_block:act_inst|exp_lut[201][0] ;
; activation_block:act_inst|exp_lut[202][2]     ; Merged with activation_block:act_inst|exp_lut[202][0] ;
; activation_block:act_inst|sigmoid_lut[202][0] ; Merged with activation_block:act_inst|exp_lut[202][0] ;
; activation_block:act_inst|sigmoid_lut[202][1] ; Merged with activation_block:act_inst|exp_lut[202][0] ;
; activation_block:act_inst|sigmoid_lut[202][3] ; Merged with activation_block:act_inst|exp_lut[202][0] ;
; activation_block:act_inst|sigmoid_lut[202][4] ; Merged with activation_block:act_inst|exp_lut[202][0] ;
; activation_block:act_inst|sigmoid_lut[202][5] ; Merged with activation_block:act_inst|exp_lut[202][0] ;
; activation_block:act_inst|sigmoid_lut[202][6] ; Merged with activation_block:act_inst|exp_lut[202][0] ;
; activation_block:act_inst|sigmoid_lut[202][7] ; Merged with activation_block:act_inst|exp_lut[202][0] ;
; activation_block:act_inst|tanh_lut[202][8]    ; Merged with activation_block:act_inst|exp_lut[202][0] ;
; activation_block:act_inst|exp_lut[203][2]     ; Merged with activation_block:act_inst|exp_lut[203][0] ;
; activation_block:act_inst|sigmoid_lut[203][0] ; Merged with activation_block:act_inst|exp_lut[203][0] ;
; activation_block:act_inst|sigmoid_lut[203][1] ; Merged with activation_block:act_inst|exp_lut[203][0] ;
; activation_block:act_inst|sigmoid_lut[203][3] ; Merged with activation_block:act_inst|exp_lut[203][0] ;
; activation_block:act_inst|sigmoid_lut[203][4] ; Merged with activation_block:act_inst|exp_lut[203][0] ;
; activation_block:act_inst|sigmoid_lut[203][5] ; Merged with activation_block:act_inst|exp_lut[203][0] ;
; activation_block:act_inst|sigmoid_lut[203][6] ; Merged with activation_block:act_inst|exp_lut[203][0] ;
; activation_block:act_inst|sigmoid_lut[203][7] ; Merged with activation_block:act_inst|exp_lut[203][0] ;
; activation_block:act_inst|tanh_lut[203][8]    ; Merged with activation_block:act_inst|exp_lut[203][0] ;
; activation_block:act_inst|exp_lut[204][2]     ; Merged with activation_block:act_inst|exp_lut[204][0] ;
; activation_block:act_inst|sigmoid_lut[204][0] ; Merged with activation_block:act_inst|exp_lut[204][0] ;
; activation_block:act_inst|sigmoid_lut[204][1] ; Merged with activation_block:act_inst|exp_lut[204][0] ;
; activation_block:act_inst|sigmoid_lut[204][3] ; Merged with activation_block:act_inst|exp_lut[204][0] ;
; activation_block:act_inst|sigmoid_lut[204][4] ; Merged with activation_block:act_inst|exp_lut[204][0] ;
; activation_block:act_inst|sigmoid_lut[204][5] ; Merged with activation_block:act_inst|exp_lut[204][0] ;
; activation_block:act_inst|sigmoid_lut[204][6] ; Merged with activation_block:act_inst|exp_lut[204][0] ;
; activation_block:act_inst|sigmoid_lut[204][7] ; Merged with activation_block:act_inst|exp_lut[204][0] ;
; activation_block:act_inst|tanh_lut[204][8]    ; Merged with activation_block:act_inst|exp_lut[204][0] ;
; activation_block:act_inst|exp_lut[205][2]     ; Merged with activation_block:act_inst|exp_lut[205][0] ;
; activation_block:act_inst|sigmoid_lut[205][0] ; Merged with activation_block:act_inst|exp_lut[205][0] ;
; activation_block:act_inst|sigmoid_lut[205][1] ; Merged with activation_block:act_inst|exp_lut[205][0] ;
; activation_block:act_inst|sigmoid_lut[205][3] ; Merged with activation_block:act_inst|exp_lut[205][0] ;
; activation_block:act_inst|sigmoid_lut[205][4] ; Merged with activation_block:act_inst|exp_lut[205][0] ;
; activation_block:act_inst|sigmoid_lut[205][5] ; Merged with activation_block:act_inst|exp_lut[205][0] ;
; activation_block:act_inst|sigmoid_lut[205][6] ; Merged with activation_block:act_inst|exp_lut[205][0] ;
; activation_block:act_inst|sigmoid_lut[205][7] ; Merged with activation_block:act_inst|exp_lut[205][0] ;
; activation_block:act_inst|tanh_lut[205][8]    ; Merged with activation_block:act_inst|exp_lut[205][0] ;
; activation_block:act_inst|exp_lut[206][2]     ; Merged with activation_block:act_inst|exp_lut[206][0] ;
; activation_block:act_inst|sigmoid_lut[206][0] ; Merged with activation_block:act_inst|exp_lut[206][0] ;
; activation_block:act_inst|sigmoid_lut[206][1] ; Merged with activation_block:act_inst|exp_lut[206][0] ;
; activation_block:act_inst|sigmoid_lut[206][3] ; Merged with activation_block:act_inst|exp_lut[206][0] ;
; activation_block:act_inst|sigmoid_lut[206][4] ; Merged with activation_block:act_inst|exp_lut[206][0] ;
; activation_block:act_inst|sigmoid_lut[206][5] ; Merged with activation_block:act_inst|exp_lut[206][0] ;
; activation_block:act_inst|sigmoid_lut[206][6] ; Merged with activation_block:act_inst|exp_lut[206][0] ;
; activation_block:act_inst|sigmoid_lut[206][7] ; Merged with activation_block:act_inst|exp_lut[206][0] ;
; activation_block:act_inst|tanh_lut[206][8]    ; Merged with activation_block:act_inst|exp_lut[206][0] ;
; activation_block:act_inst|exp_lut[207][2]     ; Merged with activation_block:act_inst|exp_lut[207][0] ;
; activation_block:act_inst|sigmoid_lut[207][0] ; Merged with activation_block:act_inst|exp_lut[207][0] ;
; activation_block:act_inst|sigmoid_lut[207][1] ; Merged with activation_block:act_inst|exp_lut[207][0] ;
; activation_block:act_inst|sigmoid_lut[207][3] ; Merged with activation_block:act_inst|exp_lut[207][0] ;
; activation_block:act_inst|sigmoid_lut[207][4] ; Merged with activation_block:act_inst|exp_lut[207][0] ;
; activation_block:act_inst|sigmoid_lut[207][5] ; Merged with activation_block:act_inst|exp_lut[207][0] ;
; activation_block:act_inst|sigmoid_lut[207][6] ; Merged with activation_block:act_inst|exp_lut[207][0] ;
; activation_block:act_inst|sigmoid_lut[207][7] ; Merged with activation_block:act_inst|exp_lut[207][0] ;
; activation_block:act_inst|tanh_lut[207][8]    ; Merged with activation_block:act_inst|exp_lut[207][0] ;
; activation_block:act_inst|exp_lut[208][2]     ; Merged with activation_block:act_inst|exp_lut[208][0] ;
; activation_block:act_inst|sigmoid_lut[208][0] ; Merged with activation_block:act_inst|exp_lut[208][0] ;
; activation_block:act_inst|sigmoid_lut[208][1] ; Merged with activation_block:act_inst|exp_lut[208][0] ;
; activation_block:act_inst|sigmoid_lut[208][3] ; Merged with activation_block:act_inst|exp_lut[208][0] ;
; activation_block:act_inst|sigmoid_lut[208][4] ; Merged with activation_block:act_inst|exp_lut[208][0] ;
; activation_block:act_inst|sigmoid_lut[208][5] ; Merged with activation_block:act_inst|exp_lut[208][0] ;
; activation_block:act_inst|sigmoid_lut[208][6] ; Merged with activation_block:act_inst|exp_lut[208][0] ;
; activation_block:act_inst|sigmoid_lut[208][7] ; Merged with activation_block:act_inst|exp_lut[208][0] ;
; activation_block:act_inst|tanh_lut[208][8]    ; Merged with activation_block:act_inst|exp_lut[208][0] ;
; activation_block:act_inst|exp_lut[209][2]     ; Merged with activation_block:act_inst|exp_lut[209][0] ;
; activation_block:act_inst|sigmoid_lut[209][0] ; Merged with activation_block:act_inst|exp_lut[209][0] ;
; activation_block:act_inst|sigmoid_lut[209][1] ; Merged with activation_block:act_inst|exp_lut[209][0] ;
; activation_block:act_inst|sigmoid_lut[209][3] ; Merged with activation_block:act_inst|exp_lut[209][0] ;
; activation_block:act_inst|sigmoid_lut[209][4] ; Merged with activation_block:act_inst|exp_lut[209][0] ;
; activation_block:act_inst|sigmoid_lut[209][5] ; Merged with activation_block:act_inst|exp_lut[209][0] ;
; activation_block:act_inst|sigmoid_lut[209][6] ; Merged with activation_block:act_inst|exp_lut[209][0] ;
; activation_block:act_inst|sigmoid_lut[209][7] ; Merged with activation_block:act_inst|exp_lut[209][0] ;
; activation_block:act_inst|tanh_lut[209][8]    ; Merged with activation_block:act_inst|exp_lut[209][0] ;
; activation_block:act_inst|exp_lut[210][2]     ; Merged with activation_block:act_inst|exp_lut[210][0] ;
; activation_block:act_inst|sigmoid_lut[210][0] ; Merged with activation_block:act_inst|exp_lut[210][0] ;
; activation_block:act_inst|sigmoid_lut[210][1] ; Merged with activation_block:act_inst|exp_lut[210][0] ;
; activation_block:act_inst|sigmoid_lut[210][3] ; Merged with activation_block:act_inst|exp_lut[210][0] ;
; activation_block:act_inst|sigmoid_lut[210][4] ; Merged with activation_block:act_inst|exp_lut[210][0] ;
; activation_block:act_inst|sigmoid_lut[210][5] ; Merged with activation_block:act_inst|exp_lut[210][0] ;
; activation_block:act_inst|sigmoid_lut[210][6] ; Merged with activation_block:act_inst|exp_lut[210][0] ;
; activation_block:act_inst|sigmoid_lut[210][7] ; Merged with activation_block:act_inst|exp_lut[210][0] ;
; activation_block:act_inst|tanh_lut[210][8]    ; Merged with activation_block:act_inst|exp_lut[210][0] ;
; activation_block:act_inst|exp_lut[211][2]     ; Merged with activation_block:act_inst|exp_lut[211][0] ;
; activation_block:act_inst|sigmoid_lut[211][0] ; Merged with activation_block:act_inst|exp_lut[211][0] ;
; activation_block:act_inst|sigmoid_lut[211][1] ; Merged with activation_block:act_inst|exp_lut[211][0] ;
; activation_block:act_inst|sigmoid_lut[211][3] ; Merged with activation_block:act_inst|exp_lut[211][0] ;
; activation_block:act_inst|sigmoid_lut[211][4] ; Merged with activation_block:act_inst|exp_lut[211][0] ;
; activation_block:act_inst|sigmoid_lut[211][5] ; Merged with activation_block:act_inst|exp_lut[211][0] ;
; activation_block:act_inst|sigmoid_lut[211][6] ; Merged with activation_block:act_inst|exp_lut[211][0] ;
; activation_block:act_inst|sigmoid_lut[211][7] ; Merged with activation_block:act_inst|exp_lut[211][0] ;
; activation_block:act_inst|tanh_lut[211][8]    ; Merged with activation_block:act_inst|exp_lut[211][0] ;
; activation_block:act_inst|exp_lut[212][2]     ; Merged with activation_block:act_inst|exp_lut[212][0] ;
; activation_block:act_inst|sigmoid_lut[212][0] ; Merged with activation_block:act_inst|exp_lut[212][0] ;
; activation_block:act_inst|sigmoid_lut[212][1] ; Merged with activation_block:act_inst|exp_lut[212][0] ;
; activation_block:act_inst|sigmoid_lut[212][3] ; Merged with activation_block:act_inst|exp_lut[212][0] ;
; activation_block:act_inst|sigmoid_lut[212][4] ; Merged with activation_block:act_inst|exp_lut[212][0] ;
; activation_block:act_inst|sigmoid_lut[212][5] ; Merged with activation_block:act_inst|exp_lut[212][0] ;
; activation_block:act_inst|sigmoid_lut[212][6] ; Merged with activation_block:act_inst|exp_lut[212][0] ;
; activation_block:act_inst|sigmoid_lut[212][7] ; Merged with activation_block:act_inst|exp_lut[212][0] ;
; activation_block:act_inst|tanh_lut[212][8]    ; Merged with activation_block:act_inst|exp_lut[212][0] ;
; activation_block:act_inst|exp_lut[213][2]     ; Merged with activation_block:act_inst|exp_lut[213][0] ;
; activation_block:act_inst|sigmoid_lut[213][0] ; Merged with activation_block:act_inst|exp_lut[213][0] ;
; activation_block:act_inst|sigmoid_lut[213][1] ; Merged with activation_block:act_inst|exp_lut[213][0] ;
; activation_block:act_inst|sigmoid_lut[213][3] ; Merged with activation_block:act_inst|exp_lut[213][0] ;
; activation_block:act_inst|sigmoid_lut[213][4] ; Merged with activation_block:act_inst|exp_lut[213][0] ;
; activation_block:act_inst|sigmoid_lut[213][5] ; Merged with activation_block:act_inst|exp_lut[213][0] ;
; activation_block:act_inst|sigmoid_lut[213][6] ; Merged with activation_block:act_inst|exp_lut[213][0] ;
; activation_block:act_inst|sigmoid_lut[213][7] ; Merged with activation_block:act_inst|exp_lut[213][0] ;
; activation_block:act_inst|tanh_lut[213][8]    ; Merged with activation_block:act_inst|exp_lut[213][0] ;
; activation_block:act_inst|exp_lut[214][2]     ; Merged with activation_block:act_inst|exp_lut[214][0] ;
; activation_block:act_inst|sigmoid_lut[214][0] ; Merged with activation_block:act_inst|exp_lut[214][0] ;
; activation_block:act_inst|sigmoid_lut[214][1] ; Merged with activation_block:act_inst|exp_lut[214][0] ;
; activation_block:act_inst|sigmoid_lut[214][3] ; Merged with activation_block:act_inst|exp_lut[214][0] ;
; activation_block:act_inst|sigmoid_lut[214][4] ; Merged with activation_block:act_inst|exp_lut[214][0] ;
; activation_block:act_inst|sigmoid_lut[214][5] ; Merged with activation_block:act_inst|exp_lut[214][0] ;
; activation_block:act_inst|sigmoid_lut[214][6] ; Merged with activation_block:act_inst|exp_lut[214][0] ;
; activation_block:act_inst|sigmoid_lut[214][7] ; Merged with activation_block:act_inst|exp_lut[214][0] ;
; activation_block:act_inst|tanh_lut[214][8]    ; Merged with activation_block:act_inst|exp_lut[214][0] ;
; activation_block:act_inst|exp_lut[215][2]     ; Merged with activation_block:act_inst|exp_lut[215][0] ;
; activation_block:act_inst|sigmoid_lut[215][0] ; Merged with activation_block:act_inst|exp_lut[215][0] ;
; activation_block:act_inst|sigmoid_lut[215][1] ; Merged with activation_block:act_inst|exp_lut[215][0] ;
; activation_block:act_inst|sigmoid_lut[215][3] ; Merged with activation_block:act_inst|exp_lut[215][0] ;
; activation_block:act_inst|sigmoid_lut[215][4] ; Merged with activation_block:act_inst|exp_lut[215][0] ;
; activation_block:act_inst|sigmoid_lut[215][5] ; Merged with activation_block:act_inst|exp_lut[215][0] ;
; activation_block:act_inst|sigmoid_lut[215][6] ; Merged with activation_block:act_inst|exp_lut[215][0] ;
; activation_block:act_inst|sigmoid_lut[215][7] ; Merged with activation_block:act_inst|exp_lut[215][0] ;
; activation_block:act_inst|tanh_lut[215][8]    ; Merged with activation_block:act_inst|exp_lut[215][0] ;
; activation_block:act_inst|exp_lut[216][2]     ; Merged with activation_block:act_inst|exp_lut[216][0] ;
; activation_block:act_inst|sigmoid_lut[216][0] ; Merged with activation_block:act_inst|exp_lut[216][0] ;
; activation_block:act_inst|sigmoid_lut[216][1] ; Merged with activation_block:act_inst|exp_lut[216][0] ;
; activation_block:act_inst|sigmoid_lut[216][3] ; Merged with activation_block:act_inst|exp_lut[216][0] ;
; activation_block:act_inst|sigmoid_lut[216][4] ; Merged with activation_block:act_inst|exp_lut[216][0] ;
; activation_block:act_inst|sigmoid_lut[216][5] ; Merged with activation_block:act_inst|exp_lut[216][0] ;
; activation_block:act_inst|sigmoid_lut[216][6] ; Merged with activation_block:act_inst|exp_lut[216][0] ;
; activation_block:act_inst|sigmoid_lut[216][7] ; Merged with activation_block:act_inst|exp_lut[216][0] ;
; activation_block:act_inst|tanh_lut[216][8]    ; Merged with activation_block:act_inst|exp_lut[216][0] ;
; activation_block:act_inst|exp_lut[217][2]     ; Merged with activation_block:act_inst|exp_lut[217][0] ;
; activation_block:act_inst|sigmoid_lut[217][0] ; Merged with activation_block:act_inst|exp_lut[217][0] ;
; activation_block:act_inst|sigmoid_lut[217][1] ; Merged with activation_block:act_inst|exp_lut[217][0] ;
; activation_block:act_inst|sigmoid_lut[217][3] ; Merged with activation_block:act_inst|exp_lut[217][0] ;
; activation_block:act_inst|sigmoid_lut[217][4] ; Merged with activation_block:act_inst|exp_lut[217][0] ;
; activation_block:act_inst|sigmoid_lut[217][5] ; Merged with activation_block:act_inst|exp_lut[217][0] ;
; activation_block:act_inst|sigmoid_lut[217][6] ; Merged with activation_block:act_inst|exp_lut[217][0] ;
; activation_block:act_inst|sigmoid_lut[217][7] ; Merged with activation_block:act_inst|exp_lut[217][0] ;
; activation_block:act_inst|tanh_lut[217][8]    ; Merged with activation_block:act_inst|exp_lut[217][0] ;
; activation_block:act_inst|exp_lut[218][2]     ; Merged with activation_block:act_inst|exp_lut[218][0] ;
; activation_block:act_inst|sigmoid_lut[218][0] ; Merged with activation_block:act_inst|exp_lut[218][0] ;
; activation_block:act_inst|sigmoid_lut[218][1] ; Merged with activation_block:act_inst|exp_lut[218][0] ;
; activation_block:act_inst|sigmoid_lut[218][3] ; Merged with activation_block:act_inst|exp_lut[218][0] ;
; activation_block:act_inst|sigmoid_lut[218][4] ; Merged with activation_block:act_inst|exp_lut[218][0] ;
; activation_block:act_inst|sigmoid_lut[218][5] ; Merged with activation_block:act_inst|exp_lut[218][0] ;
; activation_block:act_inst|sigmoid_lut[218][6] ; Merged with activation_block:act_inst|exp_lut[218][0] ;
; activation_block:act_inst|sigmoid_lut[218][7] ; Merged with activation_block:act_inst|exp_lut[218][0] ;
; activation_block:act_inst|tanh_lut[218][8]    ; Merged with activation_block:act_inst|exp_lut[218][0] ;
; activation_block:act_inst|exp_lut[219][2]     ; Merged with activation_block:act_inst|exp_lut[219][0] ;
; activation_block:act_inst|sigmoid_lut[219][0] ; Merged with activation_block:act_inst|exp_lut[219][0] ;
; activation_block:act_inst|sigmoid_lut[219][1] ; Merged with activation_block:act_inst|exp_lut[219][0] ;
; activation_block:act_inst|sigmoid_lut[219][3] ; Merged with activation_block:act_inst|exp_lut[219][0] ;
; activation_block:act_inst|sigmoid_lut[219][4] ; Merged with activation_block:act_inst|exp_lut[219][0] ;
; activation_block:act_inst|sigmoid_lut[219][5] ; Merged with activation_block:act_inst|exp_lut[219][0] ;
; activation_block:act_inst|sigmoid_lut[219][6] ; Merged with activation_block:act_inst|exp_lut[219][0] ;
; activation_block:act_inst|sigmoid_lut[219][7] ; Merged with activation_block:act_inst|exp_lut[219][0] ;
; activation_block:act_inst|tanh_lut[219][8]    ; Merged with activation_block:act_inst|exp_lut[219][0] ;
; activation_block:act_inst|exp_lut[220][2]     ; Merged with activation_block:act_inst|exp_lut[220][0] ;
; activation_block:act_inst|sigmoid_lut[220][0] ; Merged with activation_block:act_inst|exp_lut[220][0] ;
; activation_block:act_inst|sigmoid_lut[220][1] ; Merged with activation_block:act_inst|exp_lut[220][0] ;
; activation_block:act_inst|sigmoid_lut[220][3] ; Merged with activation_block:act_inst|exp_lut[220][0] ;
; activation_block:act_inst|sigmoid_lut[220][4] ; Merged with activation_block:act_inst|exp_lut[220][0] ;
; activation_block:act_inst|sigmoid_lut[220][5] ; Merged with activation_block:act_inst|exp_lut[220][0] ;
; activation_block:act_inst|sigmoid_lut[220][6] ; Merged with activation_block:act_inst|exp_lut[220][0] ;
; activation_block:act_inst|sigmoid_lut[220][7] ; Merged with activation_block:act_inst|exp_lut[220][0] ;
; activation_block:act_inst|tanh_lut[220][8]    ; Merged with activation_block:act_inst|exp_lut[220][0] ;
; activation_block:act_inst|exp_lut[221][2]     ; Merged with activation_block:act_inst|exp_lut[221][0] ;
; activation_block:act_inst|sigmoid_lut[221][0] ; Merged with activation_block:act_inst|exp_lut[221][0] ;
; activation_block:act_inst|sigmoid_lut[221][1] ; Merged with activation_block:act_inst|exp_lut[221][0] ;
; activation_block:act_inst|sigmoid_lut[221][3] ; Merged with activation_block:act_inst|exp_lut[221][0] ;
; activation_block:act_inst|sigmoid_lut[221][4] ; Merged with activation_block:act_inst|exp_lut[221][0] ;
; activation_block:act_inst|sigmoid_lut[221][5] ; Merged with activation_block:act_inst|exp_lut[221][0] ;
; activation_block:act_inst|sigmoid_lut[221][6] ; Merged with activation_block:act_inst|exp_lut[221][0] ;
; activation_block:act_inst|sigmoid_lut[221][7] ; Merged with activation_block:act_inst|exp_lut[221][0] ;
; activation_block:act_inst|tanh_lut[221][8]    ; Merged with activation_block:act_inst|exp_lut[221][0] ;
; activation_block:act_inst|exp_lut[222][2]     ; Merged with activation_block:act_inst|exp_lut[222][0] ;
; activation_block:act_inst|sigmoid_lut[222][0] ; Merged with activation_block:act_inst|exp_lut[222][0] ;
; activation_block:act_inst|sigmoid_lut[222][1] ; Merged with activation_block:act_inst|exp_lut[222][0] ;
; activation_block:act_inst|sigmoid_lut[222][3] ; Merged with activation_block:act_inst|exp_lut[222][0] ;
; activation_block:act_inst|sigmoid_lut[222][4] ; Merged with activation_block:act_inst|exp_lut[222][0] ;
; activation_block:act_inst|sigmoid_lut[222][5] ; Merged with activation_block:act_inst|exp_lut[222][0] ;
; activation_block:act_inst|sigmoid_lut[222][6] ; Merged with activation_block:act_inst|exp_lut[222][0] ;
; activation_block:act_inst|sigmoid_lut[222][7] ; Merged with activation_block:act_inst|exp_lut[222][0] ;
; activation_block:act_inst|tanh_lut[222][8]    ; Merged with activation_block:act_inst|exp_lut[222][0] ;
; activation_block:act_inst|exp_lut[223][2]     ; Merged with activation_block:act_inst|exp_lut[223][0] ;
; activation_block:act_inst|sigmoid_lut[223][0] ; Merged with activation_block:act_inst|exp_lut[223][0] ;
; activation_block:act_inst|sigmoid_lut[223][1] ; Merged with activation_block:act_inst|exp_lut[223][0] ;
; activation_block:act_inst|sigmoid_lut[223][3] ; Merged with activation_block:act_inst|exp_lut[223][0] ;
; activation_block:act_inst|sigmoid_lut[223][4] ; Merged with activation_block:act_inst|exp_lut[223][0] ;
; activation_block:act_inst|sigmoid_lut[223][5] ; Merged with activation_block:act_inst|exp_lut[223][0] ;
; activation_block:act_inst|sigmoid_lut[223][6] ; Merged with activation_block:act_inst|exp_lut[223][0] ;
; activation_block:act_inst|sigmoid_lut[223][7] ; Merged with activation_block:act_inst|exp_lut[223][0] ;
; activation_block:act_inst|tanh_lut[223][8]    ; Merged with activation_block:act_inst|exp_lut[223][0] ;
; activation_block:act_inst|exp_lut[224][2]     ; Merged with activation_block:act_inst|exp_lut[224][0] ;
; activation_block:act_inst|sigmoid_lut[224][0] ; Merged with activation_block:act_inst|exp_lut[224][0] ;
; activation_block:act_inst|sigmoid_lut[224][1] ; Merged with activation_block:act_inst|exp_lut[224][0] ;
; activation_block:act_inst|sigmoid_lut[224][3] ; Merged with activation_block:act_inst|exp_lut[224][0] ;
; activation_block:act_inst|sigmoid_lut[224][4] ; Merged with activation_block:act_inst|exp_lut[224][0] ;
; activation_block:act_inst|sigmoid_lut[224][5] ; Merged with activation_block:act_inst|exp_lut[224][0] ;
; activation_block:act_inst|sigmoid_lut[224][6] ; Merged with activation_block:act_inst|exp_lut[224][0] ;
; activation_block:act_inst|sigmoid_lut[224][7] ; Merged with activation_block:act_inst|exp_lut[224][0] ;
; activation_block:act_inst|tanh_lut[224][8]    ; Merged with activation_block:act_inst|exp_lut[224][0] ;
; activation_block:act_inst|exp_lut[225][2]     ; Merged with activation_block:act_inst|exp_lut[225][0] ;
; activation_block:act_inst|sigmoid_lut[225][0] ; Merged with activation_block:act_inst|exp_lut[225][0] ;
; activation_block:act_inst|sigmoid_lut[225][1] ; Merged with activation_block:act_inst|exp_lut[225][0] ;
; activation_block:act_inst|sigmoid_lut[225][3] ; Merged with activation_block:act_inst|exp_lut[225][0] ;
; activation_block:act_inst|sigmoid_lut[225][4] ; Merged with activation_block:act_inst|exp_lut[225][0] ;
; activation_block:act_inst|sigmoid_lut[225][5] ; Merged with activation_block:act_inst|exp_lut[225][0] ;
; activation_block:act_inst|sigmoid_lut[225][6] ; Merged with activation_block:act_inst|exp_lut[225][0] ;
; activation_block:act_inst|sigmoid_lut[225][7] ; Merged with activation_block:act_inst|exp_lut[225][0] ;
; activation_block:act_inst|tanh_lut[225][8]    ; Merged with activation_block:act_inst|exp_lut[225][0] ;
; activation_block:act_inst|exp_lut[226][2]     ; Merged with activation_block:act_inst|exp_lut[226][0] ;
; activation_block:act_inst|sigmoid_lut[226][0] ; Merged with activation_block:act_inst|exp_lut[226][0] ;
; activation_block:act_inst|sigmoid_lut[226][1] ; Merged with activation_block:act_inst|exp_lut[226][0] ;
; activation_block:act_inst|sigmoid_lut[226][3] ; Merged with activation_block:act_inst|exp_lut[226][0] ;
; activation_block:act_inst|sigmoid_lut[226][4] ; Merged with activation_block:act_inst|exp_lut[226][0] ;
; activation_block:act_inst|sigmoid_lut[226][5] ; Merged with activation_block:act_inst|exp_lut[226][0] ;
; activation_block:act_inst|sigmoid_lut[226][6] ; Merged with activation_block:act_inst|exp_lut[226][0] ;
; activation_block:act_inst|sigmoid_lut[226][7] ; Merged with activation_block:act_inst|exp_lut[226][0] ;
; activation_block:act_inst|tanh_lut[226][8]    ; Merged with activation_block:act_inst|exp_lut[226][0] ;
; activation_block:act_inst|exp_lut[227][2]     ; Merged with activation_block:act_inst|exp_lut[227][0] ;
; activation_block:act_inst|sigmoid_lut[227][0] ; Merged with activation_block:act_inst|exp_lut[227][0] ;
; activation_block:act_inst|sigmoid_lut[227][1] ; Merged with activation_block:act_inst|exp_lut[227][0] ;
; activation_block:act_inst|sigmoid_lut[227][3] ; Merged with activation_block:act_inst|exp_lut[227][0] ;
; activation_block:act_inst|sigmoid_lut[227][4] ; Merged with activation_block:act_inst|exp_lut[227][0] ;
; activation_block:act_inst|sigmoid_lut[227][5] ; Merged with activation_block:act_inst|exp_lut[227][0] ;
; activation_block:act_inst|sigmoid_lut[227][6] ; Merged with activation_block:act_inst|exp_lut[227][0] ;
; activation_block:act_inst|sigmoid_lut[227][7] ; Merged with activation_block:act_inst|exp_lut[227][0] ;
; activation_block:act_inst|tanh_lut[227][8]    ; Merged with activation_block:act_inst|exp_lut[227][0] ;
; activation_block:act_inst|exp_lut[228][2]     ; Merged with activation_block:act_inst|exp_lut[228][0] ;
; activation_block:act_inst|sigmoid_lut[228][0] ; Merged with activation_block:act_inst|exp_lut[228][0] ;
; activation_block:act_inst|sigmoid_lut[228][1] ; Merged with activation_block:act_inst|exp_lut[228][0] ;
; activation_block:act_inst|sigmoid_lut[228][3] ; Merged with activation_block:act_inst|exp_lut[228][0] ;
; activation_block:act_inst|sigmoid_lut[228][4] ; Merged with activation_block:act_inst|exp_lut[228][0] ;
; activation_block:act_inst|sigmoid_lut[228][5] ; Merged with activation_block:act_inst|exp_lut[228][0] ;
; activation_block:act_inst|sigmoid_lut[228][6] ; Merged with activation_block:act_inst|exp_lut[228][0] ;
; activation_block:act_inst|sigmoid_lut[228][7] ; Merged with activation_block:act_inst|exp_lut[228][0] ;
; activation_block:act_inst|tanh_lut[228][8]    ; Merged with activation_block:act_inst|exp_lut[228][0] ;
; activation_block:act_inst|exp_lut[229][2]     ; Merged with activation_block:act_inst|exp_lut[229][0] ;
; activation_block:act_inst|sigmoid_lut[229][0] ; Merged with activation_block:act_inst|exp_lut[229][0] ;
; activation_block:act_inst|sigmoid_lut[229][1] ; Merged with activation_block:act_inst|exp_lut[229][0] ;
; activation_block:act_inst|sigmoid_lut[229][3] ; Merged with activation_block:act_inst|exp_lut[229][0] ;
; activation_block:act_inst|sigmoid_lut[229][4] ; Merged with activation_block:act_inst|exp_lut[229][0] ;
; activation_block:act_inst|sigmoid_lut[229][5] ; Merged with activation_block:act_inst|exp_lut[229][0] ;
; activation_block:act_inst|sigmoid_lut[229][6] ; Merged with activation_block:act_inst|exp_lut[229][0] ;
; activation_block:act_inst|sigmoid_lut[229][7] ; Merged with activation_block:act_inst|exp_lut[229][0] ;
; activation_block:act_inst|tanh_lut[229][8]    ; Merged with activation_block:act_inst|exp_lut[229][0] ;
; activation_block:act_inst|exp_lut[230][2]     ; Merged with activation_block:act_inst|exp_lut[230][0] ;
; activation_block:act_inst|sigmoid_lut[230][0] ; Merged with activation_block:act_inst|exp_lut[230][0] ;
; activation_block:act_inst|sigmoid_lut[230][1] ; Merged with activation_block:act_inst|exp_lut[230][0] ;
; activation_block:act_inst|sigmoid_lut[230][3] ; Merged with activation_block:act_inst|exp_lut[230][0] ;
; activation_block:act_inst|sigmoid_lut[230][4] ; Merged with activation_block:act_inst|exp_lut[230][0] ;
; activation_block:act_inst|sigmoid_lut[230][5] ; Merged with activation_block:act_inst|exp_lut[230][0] ;
; activation_block:act_inst|sigmoid_lut[230][6] ; Merged with activation_block:act_inst|exp_lut[230][0] ;
; activation_block:act_inst|sigmoid_lut[230][7] ; Merged with activation_block:act_inst|exp_lut[230][0] ;
; activation_block:act_inst|tanh_lut[230][8]    ; Merged with activation_block:act_inst|exp_lut[230][0] ;
; activation_block:act_inst|exp_lut[231][2]     ; Merged with activation_block:act_inst|exp_lut[231][0] ;
; activation_block:act_inst|sigmoid_lut[231][0] ; Merged with activation_block:act_inst|exp_lut[231][0] ;
; activation_block:act_inst|sigmoid_lut[231][1] ; Merged with activation_block:act_inst|exp_lut[231][0] ;
; activation_block:act_inst|sigmoid_lut[231][3] ; Merged with activation_block:act_inst|exp_lut[231][0] ;
; activation_block:act_inst|sigmoid_lut[231][4] ; Merged with activation_block:act_inst|exp_lut[231][0] ;
; activation_block:act_inst|sigmoid_lut[231][5] ; Merged with activation_block:act_inst|exp_lut[231][0] ;
; activation_block:act_inst|sigmoid_lut[231][6] ; Merged with activation_block:act_inst|exp_lut[231][0] ;
; activation_block:act_inst|sigmoid_lut[231][7] ; Merged with activation_block:act_inst|exp_lut[231][0] ;
; activation_block:act_inst|tanh_lut[231][8]    ; Merged with activation_block:act_inst|exp_lut[231][0] ;
; activation_block:act_inst|exp_lut[232][2]     ; Merged with activation_block:act_inst|exp_lut[232][0] ;
; activation_block:act_inst|sigmoid_lut[232][0] ; Merged with activation_block:act_inst|exp_lut[232][0] ;
; activation_block:act_inst|sigmoid_lut[232][1] ; Merged with activation_block:act_inst|exp_lut[232][0] ;
; activation_block:act_inst|sigmoid_lut[232][3] ; Merged with activation_block:act_inst|exp_lut[232][0] ;
; activation_block:act_inst|sigmoid_lut[232][4] ; Merged with activation_block:act_inst|exp_lut[232][0] ;
; activation_block:act_inst|sigmoid_lut[232][5] ; Merged with activation_block:act_inst|exp_lut[232][0] ;
; activation_block:act_inst|sigmoid_lut[232][6] ; Merged with activation_block:act_inst|exp_lut[232][0] ;
; activation_block:act_inst|sigmoid_lut[232][7] ; Merged with activation_block:act_inst|exp_lut[232][0] ;
; activation_block:act_inst|tanh_lut[232][8]    ; Merged with activation_block:act_inst|exp_lut[232][0] ;
; activation_block:act_inst|exp_lut[233][2]     ; Merged with activation_block:act_inst|exp_lut[233][0] ;
; activation_block:act_inst|sigmoid_lut[233][0] ; Merged with activation_block:act_inst|exp_lut[233][0] ;
; activation_block:act_inst|sigmoid_lut[233][1] ; Merged with activation_block:act_inst|exp_lut[233][0] ;
; activation_block:act_inst|sigmoid_lut[233][3] ; Merged with activation_block:act_inst|exp_lut[233][0] ;
; activation_block:act_inst|sigmoid_lut[233][4] ; Merged with activation_block:act_inst|exp_lut[233][0] ;
; activation_block:act_inst|sigmoid_lut[233][5] ; Merged with activation_block:act_inst|exp_lut[233][0] ;
; activation_block:act_inst|sigmoid_lut[233][6] ; Merged with activation_block:act_inst|exp_lut[233][0] ;
; activation_block:act_inst|sigmoid_lut[233][7] ; Merged with activation_block:act_inst|exp_lut[233][0] ;
; activation_block:act_inst|tanh_lut[233][8]    ; Merged with activation_block:act_inst|exp_lut[233][0] ;
; activation_block:act_inst|exp_lut[234][2]     ; Merged with activation_block:act_inst|exp_lut[234][0] ;
; activation_block:act_inst|sigmoid_lut[234][0] ; Merged with activation_block:act_inst|exp_lut[234][0] ;
; activation_block:act_inst|sigmoid_lut[234][1] ; Merged with activation_block:act_inst|exp_lut[234][0] ;
; activation_block:act_inst|sigmoid_lut[234][3] ; Merged with activation_block:act_inst|exp_lut[234][0] ;
; activation_block:act_inst|sigmoid_lut[234][4] ; Merged with activation_block:act_inst|exp_lut[234][0] ;
; activation_block:act_inst|sigmoid_lut[234][5] ; Merged with activation_block:act_inst|exp_lut[234][0] ;
; activation_block:act_inst|sigmoid_lut[234][6] ; Merged with activation_block:act_inst|exp_lut[234][0] ;
; activation_block:act_inst|sigmoid_lut[234][7] ; Merged with activation_block:act_inst|exp_lut[234][0] ;
; activation_block:act_inst|tanh_lut[234][8]    ; Merged with activation_block:act_inst|exp_lut[234][0] ;
; activation_block:act_inst|exp_lut[235][2]     ; Merged with activation_block:act_inst|exp_lut[235][0] ;
; activation_block:act_inst|sigmoid_lut[235][0] ; Merged with activation_block:act_inst|exp_lut[235][0] ;
; activation_block:act_inst|sigmoid_lut[235][1] ; Merged with activation_block:act_inst|exp_lut[235][0] ;
; activation_block:act_inst|sigmoid_lut[235][3] ; Merged with activation_block:act_inst|exp_lut[235][0] ;
; activation_block:act_inst|sigmoid_lut[235][4] ; Merged with activation_block:act_inst|exp_lut[235][0] ;
; activation_block:act_inst|sigmoid_lut[235][5] ; Merged with activation_block:act_inst|exp_lut[235][0] ;
; activation_block:act_inst|sigmoid_lut[235][6] ; Merged with activation_block:act_inst|exp_lut[235][0] ;
; activation_block:act_inst|sigmoid_lut[235][7] ; Merged with activation_block:act_inst|exp_lut[235][0] ;
; activation_block:act_inst|tanh_lut[235][8]    ; Merged with activation_block:act_inst|exp_lut[235][0] ;
; activation_block:act_inst|exp_lut[236][2]     ; Merged with activation_block:act_inst|exp_lut[236][0] ;
; activation_block:act_inst|sigmoid_lut[236][0] ; Merged with activation_block:act_inst|exp_lut[236][0] ;
; activation_block:act_inst|sigmoid_lut[236][1] ; Merged with activation_block:act_inst|exp_lut[236][0] ;
; activation_block:act_inst|sigmoid_lut[236][3] ; Merged with activation_block:act_inst|exp_lut[236][0] ;
; activation_block:act_inst|sigmoid_lut[236][4] ; Merged with activation_block:act_inst|exp_lut[236][0] ;
; activation_block:act_inst|sigmoid_lut[236][5] ; Merged with activation_block:act_inst|exp_lut[236][0] ;
; activation_block:act_inst|sigmoid_lut[236][6] ; Merged with activation_block:act_inst|exp_lut[236][0] ;
; activation_block:act_inst|sigmoid_lut[236][7] ; Merged with activation_block:act_inst|exp_lut[236][0] ;
; activation_block:act_inst|tanh_lut[236][8]    ; Merged with activation_block:act_inst|exp_lut[236][0] ;
; activation_block:act_inst|exp_lut[237][2]     ; Merged with activation_block:act_inst|exp_lut[237][0] ;
; activation_block:act_inst|sigmoid_lut[237][0] ; Merged with activation_block:act_inst|exp_lut[237][0] ;
; activation_block:act_inst|sigmoid_lut[237][1] ; Merged with activation_block:act_inst|exp_lut[237][0] ;
; activation_block:act_inst|sigmoid_lut[237][3] ; Merged with activation_block:act_inst|exp_lut[237][0] ;
; activation_block:act_inst|sigmoid_lut[237][4] ; Merged with activation_block:act_inst|exp_lut[237][0] ;
; activation_block:act_inst|sigmoid_lut[237][5] ; Merged with activation_block:act_inst|exp_lut[237][0] ;
; activation_block:act_inst|sigmoid_lut[237][6] ; Merged with activation_block:act_inst|exp_lut[237][0] ;
; activation_block:act_inst|sigmoid_lut[237][7] ; Merged with activation_block:act_inst|exp_lut[237][0] ;
; activation_block:act_inst|tanh_lut[237][8]    ; Merged with activation_block:act_inst|exp_lut[237][0] ;
; activation_block:act_inst|exp_lut[238][2]     ; Merged with activation_block:act_inst|exp_lut[238][0] ;
; activation_block:act_inst|sigmoid_lut[238][0] ; Merged with activation_block:act_inst|exp_lut[238][0] ;
; activation_block:act_inst|sigmoid_lut[238][1] ; Merged with activation_block:act_inst|exp_lut[238][0] ;
; activation_block:act_inst|sigmoid_lut[238][3] ; Merged with activation_block:act_inst|exp_lut[238][0] ;
; activation_block:act_inst|sigmoid_lut[238][4] ; Merged with activation_block:act_inst|exp_lut[238][0] ;
; activation_block:act_inst|sigmoid_lut[238][5] ; Merged with activation_block:act_inst|exp_lut[238][0] ;
; activation_block:act_inst|sigmoid_lut[238][6] ; Merged with activation_block:act_inst|exp_lut[238][0] ;
; activation_block:act_inst|sigmoid_lut[238][7] ; Merged with activation_block:act_inst|exp_lut[238][0] ;
; activation_block:act_inst|tanh_lut[238][8]    ; Merged with activation_block:act_inst|exp_lut[238][0] ;
; activation_block:act_inst|exp_lut[239][2]     ; Merged with activation_block:act_inst|exp_lut[239][0] ;
; activation_block:act_inst|sigmoid_lut[239][0] ; Merged with activation_block:act_inst|exp_lut[239][0] ;
; activation_block:act_inst|sigmoid_lut[239][1] ; Merged with activation_block:act_inst|exp_lut[239][0] ;
; activation_block:act_inst|sigmoid_lut[239][3] ; Merged with activation_block:act_inst|exp_lut[239][0] ;
; activation_block:act_inst|sigmoid_lut[239][4] ; Merged with activation_block:act_inst|exp_lut[239][0] ;
; activation_block:act_inst|sigmoid_lut[239][5] ; Merged with activation_block:act_inst|exp_lut[239][0] ;
; activation_block:act_inst|sigmoid_lut[239][6] ; Merged with activation_block:act_inst|exp_lut[239][0] ;
; activation_block:act_inst|sigmoid_lut[239][7] ; Merged with activation_block:act_inst|exp_lut[239][0] ;
; activation_block:act_inst|tanh_lut[239][8]    ; Merged with activation_block:act_inst|exp_lut[239][0] ;
; activation_block:act_inst|exp_lut[240][2]     ; Merged with activation_block:act_inst|exp_lut[240][0] ;
; activation_block:act_inst|sigmoid_lut[240][0] ; Merged with activation_block:act_inst|exp_lut[240][0] ;
; activation_block:act_inst|sigmoid_lut[240][1] ; Merged with activation_block:act_inst|exp_lut[240][0] ;
; activation_block:act_inst|sigmoid_lut[240][3] ; Merged with activation_block:act_inst|exp_lut[240][0] ;
; activation_block:act_inst|sigmoid_lut[240][4] ; Merged with activation_block:act_inst|exp_lut[240][0] ;
; activation_block:act_inst|sigmoid_lut[240][5] ; Merged with activation_block:act_inst|exp_lut[240][0] ;
; activation_block:act_inst|sigmoid_lut[240][6] ; Merged with activation_block:act_inst|exp_lut[240][0] ;
; activation_block:act_inst|sigmoid_lut[240][7] ; Merged with activation_block:act_inst|exp_lut[240][0] ;
; activation_block:act_inst|tanh_lut[240][8]    ; Merged with activation_block:act_inst|exp_lut[240][0] ;
; activation_block:act_inst|exp_lut[241][2]     ; Merged with activation_block:act_inst|exp_lut[241][0] ;
; activation_block:act_inst|sigmoid_lut[241][0] ; Merged with activation_block:act_inst|exp_lut[241][0] ;
; activation_block:act_inst|sigmoid_lut[241][1] ; Merged with activation_block:act_inst|exp_lut[241][0] ;
; activation_block:act_inst|sigmoid_lut[241][3] ; Merged with activation_block:act_inst|exp_lut[241][0] ;
; activation_block:act_inst|sigmoid_lut[241][4] ; Merged with activation_block:act_inst|exp_lut[241][0] ;
; activation_block:act_inst|sigmoid_lut[241][5] ; Merged with activation_block:act_inst|exp_lut[241][0] ;
; activation_block:act_inst|sigmoid_lut[241][6] ; Merged with activation_block:act_inst|exp_lut[241][0] ;
; activation_block:act_inst|sigmoid_lut[241][7] ; Merged with activation_block:act_inst|exp_lut[241][0] ;
; activation_block:act_inst|tanh_lut[241][8]    ; Merged with activation_block:act_inst|exp_lut[241][0] ;
; activation_block:act_inst|exp_lut[242][2]     ; Merged with activation_block:act_inst|exp_lut[242][0] ;
; activation_block:act_inst|sigmoid_lut[242][0] ; Merged with activation_block:act_inst|exp_lut[242][0] ;
; activation_block:act_inst|sigmoid_lut[242][1] ; Merged with activation_block:act_inst|exp_lut[242][0] ;
; activation_block:act_inst|sigmoid_lut[242][3] ; Merged with activation_block:act_inst|exp_lut[242][0] ;
; activation_block:act_inst|sigmoid_lut[242][4] ; Merged with activation_block:act_inst|exp_lut[242][0] ;
; activation_block:act_inst|sigmoid_lut[242][5] ; Merged with activation_block:act_inst|exp_lut[242][0] ;
; activation_block:act_inst|sigmoid_lut[242][6] ; Merged with activation_block:act_inst|exp_lut[242][0] ;
; activation_block:act_inst|sigmoid_lut[242][7] ; Merged with activation_block:act_inst|exp_lut[242][0] ;
; activation_block:act_inst|tanh_lut[242][8]    ; Merged with activation_block:act_inst|exp_lut[242][0] ;
; activation_block:act_inst|exp_lut[243][2]     ; Merged with activation_block:act_inst|exp_lut[243][0] ;
; activation_block:act_inst|sigmoid_lut[243][0] ; Merged with activation_block:act_inst|exp_lut[243][0] ;
; activation_block:act_inst|sigmoid_lut[243][1] ; Merged with activation_block:act_inst|exp_lut[243][0] ;
; activation_block:act_inst|sigmoid_lut[243][3] ; Merged with activation_block:act_inst|exp_lut[243][0] ;
; activation_block:act_inst|sigmoid_lut[243][4] ; Merged with activation_block:act_inst|exp_lut[243][0] ;
; activation_block:act_inst|sigmoid_lut[243][5] ; Merged with activation_block:act_inst|exp_lut[243][0] ;
; activation_block:act_inst|sigmoid_lut[243][6] ; Merged with activation_block:act_inst|exp_lut[243][0] ;
; activation_block:act_inst|sigmoid_lut[243][7] ; Merged with activation_block:act_inst|exp_lut[243][0] ;
; activation_block:act_inst|tanh_lut[243][8]    ; Merged with activation_block:act_inst|exp_lut[243][0] ;
; activation_block:act_inst|exp_lut[244][2]     ; Merged with activation_block:act_inst|exp_lut[244][0] ;
; activation_block:act_inst|sigmoid_lut[244][0] ; Merged with activation_block:act_inst|exp_lut[244][0] ;
; activation_block:act_inst|sigmoid_lut[244][1] ; Merged with activation_block:act_inst|exp_lut[244][0] ;
; activation_block:act_inst|sigmoid_lut[244][3] ; Merged with activation_block:act_inst|exp_lut[244][0] ;
; activation_block:act_inst|sigmoid_lut[244][4] ; Merged with activation_block:act_inst|exp_lut[244][0] ;
; activation_block:act_inst|sigmoid_lut[244][5] ; Merged with activation_block:act_inst|exp_lut[244][0] ;
; activation_block:act_inst|sigmoid_lut[244][6] ; Merged with activation_block:act_inst|exp_lut[244][0] ;
; activation_block:act_inst|sigmoid_lut[244][7] ; Merged with activation_block:act_inst|exp_lut[244][0] ;
; activation_block:act_inst|tanh_lut[244][8]    ; Merged with activation_block:act_inst|exp_lut[244][0] ;
; activation_block:act_inst|exp_lut[245][2]     ; Merged with activation_block:act_inst|exp_lut[245][0] ;
; activation_block:act_inst|sigmoid_lut[245][0] ; Merged with activation_block:act_inst|exp_lut[245][0] ;
; activation_block:act_inst|sigmoid_lut[245][1] ; Merged with activation_block:act_inst|exp_lut[245][0] ;
; activation_block:act_inst|sigmoid_lut[245][3] ; Merged with activation_block:act_inst|exp_lut[245][0] ;
; activation_block:act_inst|sigmoid_lut[245][4] ; Merged with activation_block:act_inst|exp_lut[245][0] ;
; activation_block:act_inst|sigmoid_lut[245][5] ; Merged with activation_block:act_inst|exp_lut[245][0] ;
; activation_block:act_inst|sigmoid_lut[245][6] ; Merged with activation_block:act_inst|exp_lut[245][0] ;
; activation_block:act_inst|sigmoid_lut[245][7] ; Merged with activation_block:act_inst|exp_lut[245][0] ;
; activation_block:act_inst|tanh_lut[245][8]    ; Merged with activation_block:act_inst|exp_lut[245][0] ;
; activation_block:act_inst|exp_lut[246][2]     ; Merged with activation_block:act_inst|exp_lut[246][0] ;
; activation_block:act_inst|sigmoid_lut[246][0] ; Merged with activation_block:act_inst|exp_lut[246][0] ;
; activation_block:act_inst|sigmoid_lut[246][1] ; Merged with activation_block:act_inst|exp_lut[246][0] ;
; activation_block:act_inst|sigmoid_lut[246][3] ; Merged with activation_block:act_inst|exp_lut[246][0] ;
; activation_block:act_inst|sigmoid_lut[246][4] ; Merged with activation_block:act_inst|exp_lut[246][0] ;
; activation_block:act_inst|sigmoid_lut[246][5] ; Merged with activation_block:act_inst|exp_lut[246][0] ;
; activation_block:act_inst|sigmoid_lut[246][6] ; Merged with activation_block:act_inst|exp_lut[246][0] ;
; activation_block:act_inst|sigmoid_lut[246][7] ; Merged with activation_block:act_inst|exp_lut[246][0] ;
; activation_block:act_inst|tanh_lut[246][8]    ; Merged with activation_block:act_inst|exp_lut[246][0] ;
; activation_block:act_inst|exp_lut[247][2]     ; Merged with activation_block:act_inst|exp_lut[247][0] ;
; activation_block:act_inst|sigmoid_lut[247][0] ; Merged with activation_block:act_inst|exp_lut[247][0] ;
; activation_block:act_inst|sigmoid_lut[247][1] ; Merged with activation_block:act_inst|exp_lut[247][0] ;
; activation_block:act_inst|sigmoid_lut[247][3] ; Merged with activation_block:act_inst|exp_lut[247][0] ;
; activation_block:act_inst|sigmoid_lut[247][4] ; Merged with activation_block:act_inst|exp_lut[247][0] ;
; activation_block:act_inst|sigmoid_lut[247][5] ; Merged with activation_block:act_inst|exp_lut[247][0] ;
; activation_block:act_inst|sigmoid_lut[247][6] ; Merged with activation_block:act_inst|exp_lut[247][0] ;
; activation_block:act_inst|sigmoid_lut[247][7] ; Merged with activation_block:act_inst|exp_lut[247][0] ;
; activation_block:act_inst|tanh_lut[247][8]    ; Merged with activation_block:act_inst|exp_lut[247][0] ;
; activation_block:act_inst|exp_lut[248][2]     ; Merged with activation_block:act_inst|exp_lut[248][0] ;
; activation_block:act_inst|sigmoid_lut[248][0] ; Merged with activation_block:act_inst|exp_lut[248][0] ;
; activation_block:act_inst|sigmoid_lut[248][1] ; Merged with activation_block:act_inst|exp_lut[248][0] ;
; activation_block:act_inst|sigmoid_lut[248][3] ; Merged with activation_block:act_inst|exp_lut[248][0] ;
; activation_block:act_inst|sigmoid_lut[248][4] ; Merged with activation_block:act_inst|exp_lut[248][0] ;
; activation_block:act_inst|sigmoid_lut[248][5] ; Merged with activation_block:act_inst|exp_lut[248][0] ;
; activation_block:act_inst|sigmoid_lut[248][6] ; Merged with activation_block:act_inst|exp_lut[248][0] ;
; activation_block:act_inst|sigmoid_lut[248][7] ; Merged with activation_block:act_inst|exp_lut[248][0] ;
; activation_block:act_inst|tanh_lut[248][8]    ; Merged with activation_block:act_inst|exp_lut[248][0] ;
; activation_block:act_inst|exp_lut[249][2]     ; Merged with activation_block:act_inst|exp_lut[249][0] ;
; activation_block:act_inst|sigmoid_lut[249][0] ; Merged with activation_block:act_inst|exp_lut[249][0] ;
; activation_block:act_inst|sigmoid_lut[249][1] ; Merged with activation_block:act_inst|exp_lut[249][0] ;
; activation_block:act_inst|sigmoid_lut[249][3] ; Merged with activation_block:act_inst|exp_lut[249][0] ;
; activation_block:act_inst|sigmoid_lut[249][4] ; Merged with activation_block:act_inst|exp_lut[249][0] ;
; activation_block:act_inst|sigmoid_lut[249][5] ; Merged with activation_block:act_inst|exp_lut[249][0] ;
; activation_block:act_inst|sigmoid_lut[249][6] ; Merged with activation_block:act_inst|exp_lut[249][0] ;
; activation_block:act_inst|sigmoid_lut[249][7] ; Merged with activation_block:act_inst|exp_lut[249][0] ;
; activation_block:act_inst|tanh_lut[249][8]    ; Merged with activation_block:act_inst|exp_lut[249][0] ;
; activation_block:act_inst|exp_lut[250][2]     ; Merged with activation_block:act_inst|exp_lut[250][0] ;
; activation_block:act_inst|sigmoid_lut[250][0] ; Merged with activation_block:act_inst|exp_lut[250][0] ;
; activation_block:act_inst|sigmoid_lut[250][1] ; Merged with activation_block:act_inst|exp_lut[250][0] ;
; activation_block:act_inst|sigmoid_lut[250][3] ; Merged with activation_block:act_inst|exp_lut[250][0] ;
; activation_block:act_inst|sigmoid_lut[250][4] ; Merged with activation_block:act_inst|exp_lut[250][0] ;
; activation_block:act_inst|sigmoid_lut[250][5] ; Merged with activation_block:act_inst|exp_lut[250][0] ;
; activation_block:act_inst|sigmoid_lut[250][6] ; Merged with activation_block:act_inst|exp_lut[250][0] ;
; activation_block:act_inst|sigmoid_lut[250][7] ; Merged with activation_block:act_inst|exp_lut[250][0] ;
; activation_block:act_inst|tanh_lut[250][8]    ; Merged with activation_block:act_inst|exp_lut[250][0] ;
; activation_block:act_inst|exp_lut[251][2]     ; Merged with activation_block:act_inst|exp_lut[251][0] ;
; activation_block:act_inst|sigmoid_lut[251][0] ; Merged with activation_block:act_inst|exp_lut[251][0] ;
; activation_block:act_inst|sigmoid_lut[251][1] ; Merged with activation_block:act_inst|exp_lut[251][0] ;
; activation_block:act_inst|sigmoid_lut[251][3] ; Merged with activation_block:act_inst|exp_lut[251][0] ;
; activation_block:act_inst|sigmoid_lut[251][4] ; Merged with activation_block:act_inst|exp_lut[251][0] ;
; activation_block:act_inst|sigmoid_lut[251][5] ; Merged with activation_block:act_inst|exp_lut[251][0] ;
; activation_block:act_inst|sigmoid_lut[251][6] ; Merged with activation_block:act_inst|exp_lut[251][0] ;
; activation_block:act_inst|sigmoid_lut[251][7] ; Merged with activation_block:act_inst|exp_lut[251][0] ;
; activation_block:act_inst|tanh_lut[251][8]    ; Merged with activation_block:act_inst|exp_lut[251][0] ;
; activation_block:act_inst|exp_lut[252][2]     ; Merged with activation_block:act_inst|exp_lut[252][0] ;
; activation_block:act_inst|sigmoid_lut[252][0] ; Merged with activation_block:act_inst|exp_lut[252][0] ;
; activation_block:act_inst|sigmoid_lut[252][1] ; Merged with activation_block:act_inst|exp_lut[252][0] ;
; activation_block:act_inst|sigmoid_lut[252][3] ; Merged with activation_block:act_inst|exp_lut[252][0] ;
; activation_block:act_inst|sigmoid_lut[252][4] ; Merged with activation_block:act_inst|exp_lut[252][0] ;
; activation_block:act_inst|sigmoid_lut[252][5] ; Merged with activation_block:act_inst|exp_lut[252][0] ;
; activation_block:act_inst|sigmoid_lut[252][6] ; Merged with activation_block:act_inst|exp_lut[252][0] ;
; activation_block:act_inst|sigmoid_lut[252][7] ; Merged with activation_block:act_inst|exp_lut[252][0] ;
; activation_block:act_inst|tanh_lut[252][8]    ; Merged with activation_block:act_inst|exp_lut[252][0] ;
; activation_block:act_inst|exp_lut[253][2]     ; Merged with activation_block:act_inst|exp_lut[253][0] ;
; activation_block:act_inst|sigmoid_lut[253][0] ; Merged with activation_block:act_inst|exp_lut[253][0] ;
; activation_block:act_inst|sigmoid_lut[253][1] ; Merged with activation_block:act_inst|exp_lut[253][0] ;
; activation_block:act_inst|sigmoid_lut[253][3] ; Merged with activation_block:act_inst|exp_lut[253][0] ;
; activation_block:act_inst|sigmoid_lut[253][4] ; Merged with activation_block:act_inst|exp_lut[253][0] ;
; activation_block:act_inst|sigmoid_lut[253][5] ; Merged with activation_block:act_inst|exp_lut[253][0] ;
; activation_block:act_inst|sigmoid_lut[253][6] ; Merged with activation_block:act_inst|exp_lut[253][0] ;
; activation_block:act_inst|sigmoid_lut[253][7] ; Merged with activation_block:act_inst|exp_lut[253][0] ;
; activation_block:act_inst|tanh_lut[253][8]    ; Merged with activation_block:act_inst|exp_lut[253][0] ;
; activation_block:act_inst|exp_lut[254][2]     ; Merged with activation_block:act_inst|exp_lut[254][0] ;
; activation_block:act_inst|sigmoid_lut[254][0] ; Merged with activation_block:act_inst|exp_lut[254][0] ;
; activation_block:act_inst|sigmoid_lut[254][1] ; Merged with activation_block:act_inst|exp_lut[254][0] ;
; activation_block:act_inst|sigmoid_lut[254][3] ; Merged with activation_block:act_inst|exp_lut[254][0] ;
; activation_block:act_inst|sigmoid_lut[254][4] ; Merged with activation_block:act_inst|exp_lut[254][0] ;
; activation_block:act_inst|sigmoid_lut[254][5] ; Merged with activation_block:act_inst|exp_lut[254][0] ;
; activation_block:act_inst|sigmoid_lut[254][6] ; Merged with activation_block:act_inst|exp_lut[254][0] ;
; activation_block:act_inst|sigmoid_lut[254][7] ; Merged with activation_block:act_inst|exp_lut[254][0] ;
; activation_block:act_inst|tanh_lut[254][8]    ; Merged with activation_block:act_inst|exp_lut[254][0] ;
; activation_block:act_inst|exp_lut[255][2]     ; Merged with activation_block:act_inst|exp_lut[255][0] ;
; activation_block:act_inst|sigmoid_lut[255][0] ; Merged with activation_block:act_inst|exp_lut[255][0] ;
; activation_block:act_inst|sigmoid_lut[255][1] ; Merged with activation_block:act_inst|exp_lut[255][0] ;
; activation_block:act_inst|sigmoid_lut[255][3] ; Merged with activation_block:act_inst|exp_lut[255][0] ;
; activation_block:act_inst|sigmoid_lut[255][4] ; Merged with activation_block:act_inst|exp_lut[255][0] ;
; activation_block:act_inst|sigmoid_lut[255][5] ; Merged with activation_block:act_inst|exp_lut[255][0] ;
; activation_block:act_inst|sigmoid_lut[255][6] ; Merged with activation_block:act_inst|exp_lut[255][0] ;
; activation_block:act_inst|sigmoid_lut[255][7] ; Merged with activation_block:act_inst|exp_lut[255][0] ;
; activation_block:act_inst|tanh_lut[255][8]    ; Merged with activation_block:act_inst|exp_lut[255][0] ;
; activation_block:act_inst|exp_lut[0][11]      ; Merged with activation_block:act_inst|exp_lut[0][10]  ;
; activation_block:act_inst|exp_lut[0][12]      ; Merged with activation_block:act_inst|exp_lut[0][10]  ;
; activation_block:act_inst|exp_lut[0][13]      ; Merged with activation_block:act_inst|exp_lut[0][10]  ;
; activation_block:act_inst|exp_lut[0][14]      ; Merged with activation_block:act_inst|exp_lut[0][10]  ;
; activation_block:act_inst|exp_lut[0][15]      ; Merged with activation_block:act_inst|exp_lut[0][10]  ;
; activation_block:act_inst|exp_lut[0][1]       ; Merged with activation_block:act_inst|exp_lut[0][10]  ;
; activation_block:act_inst|exp_lut[0][3]       ; Merged with activation_block:act_inst|exp_lut[0][10]  ;
; activation_block:act_inst|exp_lut[0][4]       ; Merged with activation_block:act_inst|exp_lut[0][10]  ;
; activation_block:act_inst|exp_lut[0][5]       ; Merged with activation_block:act_inst|exp_lut[0][10]  ;
; activation_block:act_inst|exp_lut[0][6]       ; Merged with activation_block:act_inst|exp_lut[0][10]  ;
; activation_block:act_inst|exp_lut[0][7]       ; Merged with activation_block:act_inst|exp_lut[0][10]  ;
; activation_block:act_inst|exp_lut[0][8]       ; Merged with activation_block:act_inst|exp_lut[0][10]  ;
; activation_block:act_inst|exp_lut[0][9]       ; Merged with activation_block:act_inst|exp_lut[0][10]  ;
; activation_block:act_inst|sigmoid_lut[0][10]  ; Merged with activation_block:act_inst|exp_lut[0][10]  ;
; activation_block:act_inst|sigmoid_lut[0][11]  ; Merged with activation_block:act_inst|exp_lut[0][10]  ;
; activation_block:act_inst|sigmoid_lut[0][12]  ; Merged with activation_block:act_inst|exp_lut[0][10]  ;
; activation_block:act_inst|sigmoid_lut[0][13]  ; Merged with activation_block:act_inst|exp_lut[0][10]  ;
; activation_block:act_inst|sigmoid_lut[0][14]  ; Merged with activation_block:act_inst|exp_lut[0][10]  ;
; activation_block:act_inst|sigmoid_lut[0][15]  ; Merged with activation_block:act_inst|exp_lut[0][10]  ;
; activation_block:act_inst|sigmoid_lut[0][8]   ; Merged with activation_block:act_inst|exp_lut[0][10]  ;
; activation_block:act_inst|sigmoid_lut[0][9]   ; Merged with activation_block:act_inst|exp_lut[0][10]  ;
; activation_block:act_inst|tanh_lut[0][0]      ; Merged with activation_block:act_inst|exp_lut[0][10]  ;
; activation_block:act_inst|tanh_lut[0][1]      ; Merged with activation_block:act_inst|exp_lut[0][10]  ;
; activation_block:act_inst|tanh_lut[0][2]      ; Merged with activation_block:act_inst|exp_lut[0][10]  ;
; activation_block:act_inst|tanh_lut[0][3]      ; Merged with activation_block:act_inst|exp_lut[0][10]  ;
; activation_block:act_inst|tanh_lut[0][4]      ; Merged with activation_block:act_inst|exp_lut[0][10]  ;
; activation_block:act_inst|tanh_lut[0][5]      ; Merged with activation_block:act_inst|exp_lut[0][10]  ;
; activation_block:act_inst|tanh_lut[0][6]      ; Merged with activation_block:act_inst|exp_lut[0][10]  ;
; activation_block:act_inst|tanh_lut[0][7]      ; Merged with activation_block:act_inst|exp_lut[0][10]  ;
; activation_block:act_inst|exp_lut[1][11]      ; Merged with activation_block:act_inst|exp_lut[1][10]  ;
; activation_block:act_inst|exp_lut[1][12]      ; Merged with activation_block:act_inst|exp_lut[1][10]  ;
; activation_block:act_inst|exp_lut[1][13]      ; Merged with activation_block:act_inst|exp_lut[1][10]  ;
; activation_block:act_inst|exp_lut[1][14]      ; Merged with activation_block:act_inst|exp_lut[1][10]  ;
; activation_block:act_inst|exp_lut[1][15]      ; Merged with activation_block:act_inst|exp_lut[1][10]  ;
; activation_block:act_inst|exp_lut[1][1]       ; Merged with activation_block:act_inst|exp_lut[1][10]  ;
; activation_block:act_inst|exp_lut[1][3]       ; Merged with activation_block:act_inst|exp_lut[1][10]  ;
; activation_block:act_inst|exp_lut[1][4]       ; Merged with activation_block:act_inst|exp_lut[1][10]  ;
; activation_block:act_inst|exp_lut[1][5]       ; Merged with activation_block:act_inst|exp_lut[1][10]  ;
; activation_block:act_inst|exp_lut[1][6]       ; Merged with activation_block:act_inst|exp_lut[1][10]  ;
; activation_block:act_inst|exp_lut[1][7]       ; Merged with activation_block:act_inst|exp_lut[1][10]  ;
; activation_block:act_inst|exp_lut[1][8]       ; Merged with activation_block:act_inst|exp_lut[1][10]  ;
; activation_block:act_inst|exp_lut[1][9]       ; Merged with activation_block:act_inst|exp_lut[1][10]  ;
; activation_block:act_inst|sigmoid_lut[1][10]  ; Merged with activation_block:act_inst|exp_lut[1][10]  ;
; activation_block:act_inst|sigmoid_lut[1][11]  ; Merged with activation_block:act_inst|exp_lut[1][10]  ;
; activation_block:act_inst|sigmoid_lut[1][12]  ; Merged with activation_block:act_inst|exp_lut[1][10]  ;
; activation_block:act_inst|sigmoid_lut[1][13]  ; Merged with activation_block:act_inst|exp_lut[1][10]  ;
; activation_block:act_inst|sigmoid_lut[1][14]  ; Merged with activation_block:act_inst|exp_lut[1][10]  ;
; activation_block:act_inst|sigmoid_lut[1][15]  ; Merged with activation_block:act_inst|exp_lut[1][10]  ;
; activation_block:act_inst|sigmoid_lut[1][2]   ; Merged with activation_block:act_inst|exp_lut[1][10]  ;
; activation_block:act_inst|sigmoid_lut[1][8]   ; Merged with activation_block:act_inst|exp_lut[1][10]  ;
; activation_block:act_inst|sigmoid_lut[1][9]   ; Merged with activation_block:act_inst|exp_lut[1][10]  ;
; activation_block:act_inst|tanh_lut[1][0]      ; Merged with activation_block:act_inst|exp_lut[1][10]  ;
; activation_block:act_inst|tanh_lut[1][10]     ; Merged with activation_block:act_inst|exp_lut[1][10]  ;
; activation_block:act_inst|tanh_lut[1][11]     ; Merged with activation_block:act_inst|exp_lut[1][10]  ;
; activation_block:act_inst|tanh_lut[1][12]     ; Merged with activation_block:act_inst|exp_lut[1][10]  ;
; activation_block:act_inst|tanh_lut[1][13]     ; Merged with activation_block:act_inst|exp_lut[1][10]  ;
; activation_block:act_inst|tanh_lut[1][14]     ; Merged with activation_block:act_inst|exp_lut[1][10]  ;
; activation_block:act_inst|tanh_lut[1][15]     ; Merged with activation_block:act_inst|exp_lut[1][10]  ;
; activation_block:act_inst|tanh_lut[1][1]      ; Merged with activation_block:act_inst|exp_lut[1][10]  ;
; activation_block:act_inst|tanh_lut[1][2]      ; Merged with activation_block:act_inst|exp_lut[1][10]  ;
; activation_block:act_inst|tanh_lut[1][3]      ; Merged with activation_block:act_inst|exp_lut[1][10]  ;
; activation_block:act_inst|tanh_lut[1][4]      ; Merged with activation_block:act_inst|exp_lut[1][10]  ;
; activation_block:act_inst|tanh_lut[1][5]      ; Merged with activation_block:act_inst|exp_lut[1][10]  ;
; activation_block:act_inst|tanh_lut[1][6]      ; Merged with activation_block:act_inst|exp_lut[1][10]  ;
; activation_block:act_inst|tanh_lut[1][7]      ; Merged with activation_block:act_inst|exp_lut[1][10]  ;
; activation_block:act_inst|tanh_lut[1][9]      ; Merged with activation_block:act_inst|exp_lut[1][10]  ;
; activation_block:act_inst|exp_lut[2][11]      ; Merged with activation_block:act_inst|exp_lut[2][10]  ;
; activation_block:act_inst|exp_lut[2][12]      ; Merged with activation_block:act_inst|exp_lut[2][10]  ;
; activation_block:act_inst|exp_lut[2][13]      ; Merged with activation_block:act_inst|exp_lut[2][10]  ;
; activation_block:act_inst|exp_lut[2][14]      ; Merged with activation_block:act_inst|exp_lut[2][10]  ;
; activation_block:act_inst|exp_lut[2][15]      ; Merged with activation_block:act_inst|exp_lut[2][10]  ;
; activation_block:act_inst|exp_lut[2][1]       ; Merged with activation_block:act_inst|exp_lut[2][10]  ;
; activation_block:act_inst|exp_lut[2][3]       ; Merged with activation_block:act_inst|exp_lut[2][10]  ;
; activation_block:act_inst|exp_lut[2][4]       ; Merged with activation_block:act_inst|exp_lut[2][10]  ;
; activation_block:act_inst|exp_lut[2][5]       ; Merged with activation_block:act_inst|exp_lut[2][10]  ;
; activation_block:act_inst|exp_lut[2][6]       ; Merged with activation_block:act_inst|exp_lut[2][10]  ;
; activation_block:act_inst|exp_lut[2][7]       ; Merged with activation_block:act_inst|exp_lut[2][10]  ;
; activation_block:act_inst|exp_lut[2][8]       ; Merged with activation_block:act_inst|exp_lut[2][10]  ;
; activation_block:act_inst|exp_lut[2][9]       ; Merged with activation_block:act_inst|exp_lut[2][10]  ;
; activation_block:act_inst|sigmoid_lut[2][10]  ; Merged with activation_block:act_inst|exp_lut[2][10]  ;
; activation_block:act_inst|sigmoid_lut[2][11]  ; Merged with activation_block:act_inst|exp_lut[2][10]  ;
; activation_block:act_inst|sigmoid_lut[2][12]  ; Merged with activation_block:act_inst|exp_lut[2][10]  ;
; activation_block:act_inst|sigmoid_lut[2][13]  ; Merged with activation_block:act_inst|exp_lut[2][10]  ;
; activation_block:act_inst|sigmoid_lut[2][14]  ; Merged with activation_block:act_inst|exp_lut[2][10]  ;
; activation_block:act_inst|sigmoid_lut[2][15]  ; Merged with activation_block:act_inst|exp_lut[2][10]  ;
; activation_block:act_inst|sigmoid_lut[2][2]   ; Merged with activation_block:act_inst|exp_lut[2][10]  ;
; activation_block:act_inst|sigmoid_lut[2][8]   ; Merged with activation_block:act_inst|exp_lut[2][10]  ;
; activation_block:act_inst|sigmoid_lut[2][9]   ; Merged with activation_block:act_inst|exp_lut[2][10]  ;
; activation_block:act_inst|tanh_lut[2][0]      ; Merged with activation_block:act_inst|exp_lut[2][10]  ;
; activation_block:act_inst|tanh_lut[2][10]     ; Merged with activation_block:act_inst|exp_lut[2][10]  ;
; activation_block:act_inst|tanh_lut[2][11]     ; Merged with activation_block:act_inst|exp_lut[2][10]  ;
; activation_block:act_inst|tanh_lut[2][12]     ; Merged with activation_block:act_inst|exp_lut[2][10]  ;
; activation_block:act_inst|tanh_lut[2][13]     ; Merged with activation_block:act_inst|exp_lut[2][10]  ;
; activation_block:act_inst|tanh_lut[2][14]     ; Merged with activation_block:act_inst|exp_lut[2][10]  ;
; activation_block:act_inst|tanh_lut[2][15]     ; Merged with activation_block:act_inst|exp_lut[2][10]  ;
; activation_block:act_inst|tanh_lut[2][1]      ; Merged with activation_block:act_inst|exp_lut[2][10]  ;
; activation_block:act_inst|tanh_lut[2][2]      ; Merged with activation_block:act_inst|exp_lut[2][10]  ;
; activation_block:act_inst|tanh_lut[2][3]      ; Merged with activation_block:act_inst|exp_lut[2][10]  ;
; activation_block:act_inst|tanh_lut[2][4]      ; Merged with activation_block:act_inst|exp_lut[2][10]  ;
; activation_block:act_inst|tanh_lut[2][5]      ; Merged with activation_block:act_inst|exp_lut[2][10]  ;
; activation_block:act_inst|tanh_lut[2][6]      ; Merged with activation_block:act_inst|exp_lut[2][10]  ;
; activation_block:act_inst|tanh_lut[2][7]      ; Merged with activation_block:act_inst|exp_lut[2][10]  ;
; activation_block:act_inst|tanh_lut[2][9]      ; Merged with activation_block:act_inst|exp_lut[2][10]  ;
; activation_block:act_inst|exp_lut[3][11]      ; Merged with activation_block:act_inst|exp_lut[3][10]  ;
; activation_block:act_inst|exp_lut[3][12]      ; Merged with activation_block:act_inst|exp_lut[3][10]  ;
; activation_block:act_inst|exp_lut[3][13]      ; Merged with activation_block:act_inst|exp_lut[3][10]  ;
; activation_block:act_inst|exp_lut[3][14]      ; Merged with activation_block:act_inst|exp_lut[3][10]  ;
; activation_block:act_inst|exp_lut[3][15]      ; Merged with activation_block:act_inst|exp_lut[3][10]  ;
; activation_block:act_inst|exp_lut[3][1]       ; Merged with activation_block:act_inst|exp_lut[3][10]  ;
; activation_block:act_inst|exp_lut[3][3]       ; Merged with activation_block:act_inst|exp_lut[3][10]  ;
; activation_block:act_inst|exp_lut[3][4]       ; Merged with activation_block:act_inst|exp_lut[3][10]  ;
; activation_block:act_inst|exp_lut[3][5]       ; Merged with activation_block:act_inst|exp_lut[3][10]  ;
; activation_block:act_inst|exp_lut[3][6]       ; Merged with activation_block:act_inst|exp_lut[3][10]  ;
; activation_block:act_inst|exp_lut[3][7]       ; Merged with activation_block:act_inst|exp_lut[3][10]  ;
; activation_block:act_inst|exp_lut[3][8]       ; Merged with activation_block:act_inst|exp_lut[3][10]  ;
; activation_block:act_inst|exp_lut[3][9]       ; Merged with activation_block:act_inst|exp_lut[3][10]  ;
; activation_block:act_inst|sigmoid_lut[3][10]  ; Merged with activation_block:act_inst|exp_lut[3][10]  ;
; activation_block:act_inst|sigmoid_lut[3][11]  ; Merged with activation_block:act_inst|exp_lut[3][10]  ;
; activation_block:act_inst|sigmoid_lut[3][12]  ; Merged with activation_block:act_inst|exp_lut[3][10]  ;
; activation_block:act_inst|sigmoid_lut[3][13]  ; Merged with activation_block:act_inst|exp_lut[3][10]  ;
; activation_block:act_inst|sigmoid_lut[3][14]  ; Merged with activation_block:act_inst|exp_lut[3][10]  ;
; activation_block:act_inst|sigmoid_lut[3][15]  ; Merged with activation_block:act_inst|exp_lut[3][10]  ;
; activation_block:act_inst|sigmoid_lut[3][2]   ; Merged with activation_block:act_inst|exp_lut[3][10]  ;
; activation_block:act_inst|sigmoid_lut[3][8]   ; Merged with activation_block:act_inst|exp_lut[3][10]  ;
; activation_block:act_inst|sigmoid_lut[3][9]   ; Merged with activation_block:act_inst|exp_lut[3][10]  ;
; activation_block:act_inst|tanh_lut[3][0]      ; Merged with activation_block:act_inst|exp_lut[3][10]  ;
; activation_block:act_inst|tanh_lut[3][10]     ; Merged with activation_block:act_inst|exp_lut[3][10]  ;
; activation_block:act_inst|tanh_lut[3][11]     ; Merged with activation_block:act_inst|exp_lut[3][10]  ;
; activation_block:act_inst|tanh_lut[3][12]     ; Merged with activation_block:act_inst|exp_lut[3][10]  ;
; activation_block:act_inst|tanh_lut[3][13]     ; Merged with activation_block:act_inst|exp_lut[3][10]  ;
; activation_block:act_inst|tanh_lut[3][14]     ; Merged with activation_block:act_inst|exp_lut[3][10]  ;
; activation_block:act_inst|tanh_lut[3][15]     ; Merged with activation_block:act_inst|exp_lut[3][10]  ;
; activation_block:act_inst|tanh_lut[3][1]      ; Merged with activation_block:act_inst|exp_lut[3][10]  ;
; activation_block:act_inst|tanh_lut[3][2]      ; Merged with activation_block:act_inst|exp_lut[3][10]  ;
; activation_block:act_inst|tanh_lut[3][3]      ; Merged with activation_block:act_inst|exp_lut[3][10]  ;
; activation_block:act_inst|tanh_lut[3][4]      ; Merged with activation_block:act_inst|exp_lut[3][10]  ;
; activation_block:act_inst|tanh_lut[3][5]      ; Merged with activation_block:act_inst|exp_lut[3][10]  ;
; activation_block:act_inst|tanh_lut[3][6]      ; Merged with activation_block:act_inst|exp_lut[3][10]  ;
; activation_block:act_inst|tanh_lut[3][7]      ; Merged with activation_block:act_inst|exp_lut[3][10]  ;
; activation_block:act_inst|tanh_lut[3][9]      ; Merged with activation_block:act_inst|exp_lut[3][10]  ;
; activation_block:act_inst|exp_lut[4][11]      ; Merged with activation_block:act_inst|exp_lut[4][10]  ;
; activation_block:act_inst|exp_lut[4][12]      ; Merged with activation_block:act_inst|exp_lut[4][10]  ;
; activation_block:act_inst|exp_lut[4][13]      ; Merged with activation_block:act_inst|exp_lut[4][10]  ;
; activation_block:act_inst|exp_lut[4][14]      ; Merged with activation_block:act_inst|exp_lut[4][10]  ;
; activation_block:act_inst|exp_lut[4][15]      ; Merged with activation_block:act_inst|exp_lut[4][10]  ;
; activation_block:act_inst|exp_lut[4][1]       ; Merged with activation_block:act_inst|exp_lut[4][10]  ;
; activation_block:act_inst|exp_lut[4][3]       ; Merged with activation_block:act_inst|exp_lut[4][10]  ;
; activation_block:act_inst|exp_lut[4][4]       ; Merged with activation_block:act_inst|exp_lut[4][10]  ;
; activation_block:act_inst|exp_lut[4][5]       ; Merged with activation_block:act_inst|exp_lut[4][10]  ;
; activation_block:act_inst|exp_lut[4][6]       ; Merged with activation_block:act_inst|exp_lut[4][10]  ;
; activation_block:act_inst|exp_lut[4][7]       ; Merged with activation_block:act_inst|exp_lut[4][10]  ;
; activation_block:act_inst|exp_lut[4][8]       ; Merged with activation_block:act_inst|exp_lut[4][10]  ;
; activation_block:act_inst|exp_lut[4][9]       ; Merged with activation_block:act_inst|exp_lut[4][10]  ;
; activation_block:act_inst|sigmoid_lut[4][10]  ; Merged with activation_block:act_inst|exp_lut[4][10]  ;
; activation_block:act_inst|sigmoid_lut[4][11]  ; Merged with activation_block:act_inst|exp_lut[4][10]  ;
; activation_block:act_inst|sigmoid_lut[4][12]  ; Merged with activation_block:act_inst|exp_lut[4][10]  ;
; activation_block:act_inst|sigmoid_lut[4][13]  ; Merged with activation_block:act_inst|exp_lut[4][10]  ;
; activation_block:act_inst|sigmoid_lut[4][14]  ; Merged with activation_block:act_inst|exp_lut[4][10]  ;
; activation_block:act_inst|sigmoid_lut[4][15]  ; Merged with activation_block:act_inst|exp_lut[4][10]  ;
; activation_block:act_inst|sigmoid_lut[4][2]   ; Merged with activation_block:act_inst|exp_lut[4][10]  ;
; activation_block:act_inst|sigmoid_lut[4][8]   ; Merged with activation_block:act_inst|exp_lut[4][10]  ;
; activation_block:act_inst|sigmoid_lut[4][9]   ; Merged with activation_block:act_inst|exp_lut[4][10]  ;
; activation_block:act_inst|tanh_lut[4][0]      ; Merged with activation_block:act_inst|exp_lut[4][10]  ;
; activation_block:act_inst|tanh_lut[4][10]     ; Merged with activation_block:act_inst|exp_lut[4][10]  ;
; activation_block:act_inst|tanh_lut[4][11]     ; Merged with activation_block:act_inst|exp_lut[4][10]  ;
; activation_block:act_inst|tanh_lut[4][12]     ; Merged with activation_block:act_inst|exp_lut[4][10]  ;
; activation_block:act_inst|tanh_lut[4][13]     ; Merged with activation_block:act_inst|exp_lut[4][10]  ;
; activation_block:act_inst|tanh_lut[4][14]     ; Merged with activation_block:act_inst|exp_lut[4][10]  ;
; activation_block:act_inst|tanh_lut[4][15]     ; Merged with activation_block:act_inst|exp_lut[4][10]  ;
; activation_block:act_inst|tanh_lut[4][1]      ; Merged with activation_block:act_inst|exp_lut[4][10]  ;
; activation_block:act_inst|tanh_lut[4][2]      ; Merged with activation_block:act_inst|exp_lut[4][10]  ;
; activation_block:act_inst|tanh_lut[4][3]      ; Merged with activation_block:act_inst|exp_lut[4][10]  ;
; activation_block:act_inst|tanh_lut[4][4]      ; Merged with activation_block:act_inst|exp_lut[4][10]  ;
; activation_block:act_inst|tanh_lut[4][5]      ; Merged with activation_block:act_inst|exp_lut[4][10]  ;
; activation_block:act_inst|tanh_lut[4][6]      ; Merged with activation_block:act_inst|exp_lut[4][10]  ;
; activation_block:act_inst|tanh_lut[4][7]      ; Merged with activation_block:act_inst|exp_lut[4][10]  ;
; activation_block:act_inst|tanh_lut[4][9]      ; Merged with activation_block:act_inst|exp_lut[4][10]  ;
; activation_block:act_inst|exp_lut[5][11]      ; Merged with activation_block:act_inst|exp_lut[5][10]  ;
; activation_block:act_inst|exp_lut[5][12]      ; Merged with activation_block:act_inst|exp_lut[5][10]  ;
; activation_block:act_inst|exp_lut[5][13]      ; Merged with activation_block:act_inst|exp_lut[5][10]  ;
; activation_block:act_inst|exp_lut[5][14]      ; Merged with activation_block:act_inst|exp_lut[5][10]  ;
; activation_block:act_inst|exp_lut[5][15]      ; Merged with activation_block:act_inst|exp_lut[5][10]  ;
; activation_block:act_inst|exp_lut[5][1]       ; Merged with activation_block:act_inst|exp_lut[5][10]  ;
; activation_block:act_inst|exp_lut[5][3]       ; Merged with activation_block:act_inst|exp_lut[5][10]  ;
; activation_block:act_inst|exp_lut[5][4]       ; Merged with activation_block:act_inst|exp_lut[5][10]  ;
; activation_block:act_inst|exp_lut[5][5]       ; Merged with activation_block:act_inst|exp_lut[5][10]  ;
; activation_block:act_inst|exp_lut[5][6]       ; Merged with activation_block:act_inst|exp_lut[5][10]  ;
; activation_block:act_inst|exp_lut[5][7]       ; Merged with activation_block:act_inst|exp_lut[5][10]  ;
; activation_block:act_inst|exp_lut[5][8]       ; Merged with activation_block:act_inst|exp_lut[5][10]  ;
; activation_block:act_inst|exp_lut[5][9]       ; Merged with activation_block:act_inst|exp_lut[5][10]  ;
; activation_block:act_inst|sigmoid_lut[5][10]  ; Merged with activation_block:act_inst|exp_lut[5][10]  ;
; activation_block:act_inst|sigmoid_lut[5][11]  ; Merged with activation_block:act_inst|exp_lut[5][10]  ;
; activation_block:act_inst|sigmoid_lut[5][12]  ; Merged with activation_block:act_inst|exp_lut[5][10]  ;
; activation_block:act_inst|sigmoid_lut[5][13]  ; Merged with activation_block:act_inst|exp_lut[5][10]  ;
; activation_block:act_inst|sigmoid_lut[5][14]  ; Merged with activation_block:act_inst|exp_lut[5][10]  ;
; activation_block:act_inst|sigmoid_lut[5][15]  ; Merged with activation_block:act_inst|exp_lut[5][10]  ;
; activation_block:act_inst|sigmoid_lut[5][2]   ; Merged with activation_block:act_inst|exp_lut[5][10]  ;
; activation_block:act_inst|sigmoid_lut[5][8]   ; Merged with activation_block:act_inst|exp_lut[5][10]  ;
; activation_block:act_inst|sigmoid_lut[5][9]   ; Merged with activation_block:act_inst|exp_lut[5][10]  ;
; activation_block:act_inst|tanh_lut[5][0]      ; Merged with activation_block:act_inst|exp_lut[5][10]  ;
; activation_block:act_inst|tanh_lut[5][10]     ; Merged with activation_block:act_inst|exp_lut[5][10]  ;
; activation_block:act_inst|tanh_lut[5][11]     ; Merged with activation_block:act_inst|exp_lut[5][10]  ;
; activation_block:act_inst|tanh_lut[5][12]     ; Merged with activation_block:act_inst|exp_lut[5][10]  ;
; activation_block:act_inst|tanh_lut[5][13]     ; Merged with activation_block:act_inst|exp_lut[5][10]  ;
; activation_block:act_inst|tanh_lut[5][14]     ; Merged with activation_block:act_inst|exp_lut[5][10]  ;
; activation_block:act_inst|tanh_lut[5][15]     ; Merged with activation_block:act_inst|exp_lut[5][10]  ;
; activation_block:act_inst|tanh_lut[5][1]      ; Merged with activation_block:act_inst|exp_lut[5][10]  ;
; activation_block:act_inst|tanh_lut[5][2]      ; Merged with activation_block:act_inst|exp_lut[5][10]  ;
; activation_block:act_inst|tanh_lut[5][3]      ; Merged with activation_block:act_inst|exp_lut[5][10]  ;
; activation_block:act_inst|tanh_lut[5][4]      ; Merged with activation_block:act_inst|exp_lut[5][10]  ;
; activation_block:act_inst|tanh_lut[5][5]      ; Merged with activation_block:act_inst|exp_lut[5][10]  ;
; activation_block:act_inst|tanh_lut[5][6]      ; Merged with activation_block:act_inst|exp_lut[5][10]  ;
; activation_block:act_inst|tanh_lut[5][7]      ; Merged with activation_block:act_inst|exp_lut[5][10]  ;
; activation_block:act_inst|tanh_lut[5][9]      ; Merged with activation_block:act_inst|exp_lut[5][10]  ;
; activation_block:act_inst|exp_lut[6][11]      ; Merged with activation_block:act_inst|exp_lut[6][10]  ;
; activation_block:act_inst|exp_lut[6][12]      ; Merged with activation_block:act_inst|exp_lut[6][10]  ;
; activation_block:act_inst|exp_lut[6][13]      ; Merged with activation_block:act_inst|exp_lut[6][10]  ;
; activation_block:act_inst|exp_lut[6][14]      ; Merged with activation_block:act_inst|exp_lut[6][10]  ;
; activation_block:act_inst|exp_lut[6][15]      ; Merged with activation_block:act_inst|exp_lut[6][10]  ;
; activation_block:act_inst|exp_lut[6][1]       ; Merged with activation_block:act_inst|exp_lut[6][10]  ;
; activation_block:act_inst|exp_lut[6][3]       ; Merged with activation_block:act_inst|exp_lut[6][10]  ;
; activation_block:act_inst|exp_lut[6][4]       ; Merged with activation_block:act_inst|exp_lut[6][10]  ;
; activation_block:act_inst|exp_lut[6][5]       ; Merged with activation_block:act_inst|exp_lut[6][10]  ;
; activation_block:act_inst|exp_lut[6][6]       ; Merged with activation_block:act_inst|exp_lut[6][10]  ;
; activation_block:act_inst|exp_lut[6][7]       ; Merged with activation_block:act_inst|exp_lut[6][10]  ;
; activation_block:act_inst|exp_lut[6][8]       ; Merged with activation_block:act_inst|exp_lut[6][10]  ;
; activation_block:act_inst|exp_lut[6][9]       ; Merged with activation_block:act_inst|exp_lut[6][10]  ;
; activation_block:act_inst|sigmoid_lut[6][10]  ; Merged with activation_block:act_inst|exp_lut[6][10]  ;
; activation_block:act_inst|sigmoid_lut[6][11]  ; Merged with activation_block:act_inst|exp_lut[6][10]  ;
; activation_block:act_inst|sigmoid_lut[6][12]  ; Merged with activation_block:act_inst|exp_lut[6][10]  ;
; activation_block:act_inst|sigmoid_lut[6][13]  ; Merged with activation_block:act_inst|exp_lut[6][10]  ;
; activation_block:act_inst|sigmoid_lut[6][14]  ; Merged with activation_block:act_inst|exp_lut[6][10]  ;
; activation_block:act_inst|sigmoid_lut[6][15]  ; Merged with activation_block:act_inst|exp_lut[6][10]  ;
; activation_block:act_inst|sigmoid_lut[6][2]   ; Merged with activation_block:act_inst|exp_lut[6][10]  ;
; activation_block:act_inst|sigmoid_lut[6][8]   ; Merged with activation_block:act_inst|exp_lut[6][10]  ;
; activation_block:act_inst|sigmoid_lut[6][9]   ; Merged with activation_block:act_inst|exp_lut[6][10]  ;
; activation_block:act_inst|tanh_lut[6][0]      ; Merged with activation_block:act_inst|exp_lut[6][10]  ;
; activation_block:act_inst|tanh_lut[6][10]     ; Merged with activation_block:act_inst|exp_lut[6][10]  ;
; activation_block:act_inst|tanh_lut[6][11]     ; Merged with activation_block:act_inst|exp_lut[6][10]  ;
; activation_block:act_inst|tanh_lut[6][12]     ; Merged with activation_block:act_inst|exp_lut[6][10]  ;
; activation_block:act_inst|tanh_lut[6][13]     ; Merged with activation_block:act_inst|exp_lut[6][10]  ;
; activation_block:act_inst|tanh_lut[6][14]     ; Merged with activation_block:act_inst|exp_lut[6][10]  ;
; activation_block:act_inst|tanh_lut[6][15]     ; Merged with activation_block:act_inst|exp_lut[6][10]  ;
; activation_block:act_inst|tanh_lut[6][1]      ; Merged with activation_block:act_inst|exp_lut[6][10]  ;
; activation_block:act_inst|tanh_lut[6][2]      ; Merged with activation_block:act_inst|exp_lut[6][10]  ;
; activation_block:act_inst|tanh_lut[6][3]      ; Merged with activation_block:act_inst|exp_lut[6][10]  ;
; activation_block:act_inst|tanh_lut[6][4]      ; Merged with activation_block:act_inst|exp_lut[6][10]  ;
; activation_block:act_inst|tanh_lut[6][5]      ; Merged with activation_block:act_inst|exp_lut[6][10]  ;
; activation_block:act_inst|tanh_lut[6][6]      ; Merged with activation_block:act_inst|exp_lut[6][10]  ;
; activation_block:act_inst|tanh_lut[6][7]      ; Merged with activation_block:act_inst|exp_lut[6][10]  ;
; activation_block:act_inst|tanh_lut[6][9]      ; Merged with activation_block:act_inst|exp_lut[6][10]  ;
; activation_block:act_inst|exp_lut[7][11]      ; Merged with activation_block:act_inst|exp_lut[7][10]  ;
; activation_block:act_inst|exp_lut[7][12]      ; Merged with activation_block:act_inst|exp_lut[7][10]  ;
; activation_block:act_inst|exp_lut[7][13]      ; Merged with activation_block:act_inst|exp_lut[7][10]  ;
; activation_block:act_inst|exp_lut[7][14]      ; Merged with activation_block:act_inst|exp_lut[7][10]  ;
; activation_block:act_inst|exp_lut[7][15]      ; Merged with activation_block:act_inst|exp_lut[7][10]  ;
; activation_block:act_inst|exp_lut[7][1]       ; Merged with activation_block:act_inst|exp_lut[7][10]  ;
; activation_block:act_inst|exp_lut[7][3]       ; Merged with activation_block:act_inst|exp_lut[7][10]  ;
; activation_block:act_inst|exp_lut[7][4]       ; Merged with activation_block:act_inst|exp_lut[7][10]  ;
; activation_block:act_inst|exp_lut[7][5]       ; Merged with activation_block:act_inst|exp_lut[7][10]  ;
; activation_block:act_inst|exp_lut[7][6]       ; Merged with activation_block:act_inst|exp_lut[7][10]  ;
; activation_block:act_inst|exp_lut[7][7]       ; Merged with activation_block:act_inst|exp_lut[7][10]  ;
; activation_block:act_inst|exp_lut[7][8]       ; Merged with activation_block:act_inst|exp_lut[7][10]  ;
; activation_block:act_inst|exp_lut[7][9]       ; Merged with activation_block:act_inst|exp_lut[7][10]  ;
; activation_block:act_inst|sigmoid_lut[7][10]  ; Merged with activation_block:act_inst|exp_lut[7][10]  ;
; activation_block:act_inst|sigmoid_lut[7][11]  ; Merged with activation_block:act_inst|exp_lut[7][10]  ;
; activation_block:act_inst|sigmoid_lut[7][12]  ; Merged with activation_block:act_inst|exp_lut[7][10]  ;
; activation_block:act_inst|sigmoid_lut[7][13]  ; Merged with activation_block:act_inst|exp_lut[7][10]  ;
; activation_block:act_inst|sigmoid_lut[7][14]  ; Merged with activation_block:act_inst|exp_lut[7][10]  ;
; activation_block:act_inst|sigmoid_lut[7][15]  ; Merged with activation_block:act_inst|exp_lut[7][10]  ;
; activation_block:act_inst|sigmoid_lut[7][2]   ; Merged with activation_block:act_inst|exp_lut[7][10]  ;
; activation_block:act_inst|sigmoid_lut[7][8]   ; Merged with activation_block:act_inst|exp_lut[7][10]  ;
; activation_block:act_inst|sigmoid_lut[7][9]   ; Merged with activation_block:act_inst|exp_lut[7][10]  ;
; activation_block:act_inst|tanh_lut[7][0]      ; Merged with activation_block:act_inst|exp_lut[7][10]  ;
; activation_block:act_inst|tanh_lut[7][10]     ; Merged with activation_block:act_inst|exp_lut[7][10]  ;
; activation_block:act_inst|tanh_lut[7][11]     ; Merged with activation_block:act_inst|exp_lut[7][10]  ;
; activation_block:act_inst|tanh_lut[7][12]     ; Merged with activation_block:act_inst|exp_lut[7][10]  ;
; activation_block:act_inst|tanh_lut[7][13]     ; Merged with activation_block:act_inst|exp_lut[7][10]  ;
; activation_block:act_inst|tanh_lut[7][14]     ; Merged with activation_block:act_inst|exp_lut[7][10]  ;
; activation_block:act_inst|tanh_lut[7][15]     ; Merged with activation_block:act_inst|exp_lut[7][10]  ;
; activation_block:act_inst|tanh_lut[7][1]      ; Merged with activation_block:act_inst|exp_lut[7][10]  ;
; activation_block:act_inst|tanh_lut[7][2]      ; Merged with activation_block:act_inst|exp_lut[7][10]  ;
; activation_block:act_inst|tanh_lut[7][3]      ; Merged with activation_block:act_inst|exp_lut[7][10]  ;
; activation_block:act_inst|tanh_lut[7][4]      ; Merged with activation_block:act_inst|exp_lut[7][10]  ;
; activation_block:act_inst|tanh_lut[7][5]      ; Merged with activation_block:act_inst|exp_lut[7][10]  ;
; activation_block:act_inst|tanh_lut[7][6]      ; Merged with activation_block:act_inst|exp_lut[7][10]  ;
; activation_block:act_inst|tanh_lut[7][7]      ; Merged with activation_block:act_inst|exp_lut[7][10]  ;
; activation_block:act_inst|tanh_lut[7][9]      ; Merged with activation_block:act_inst|exp_lut[7][10]  ;
; activation_block:act_inst|exp_lut[8][11]      ; Merged with activation_block:act_inst|exp_lut[8][10]  ;
; activation_block:act_inst|exp_lut[8][12]      ; Merged with activation_block:act_inst|exp_lut[8][10]  ;
; activation_block:act_inst|exp_lut[8][13]      ; Merged with activation_block:act_inst|exp_lut[8][10]  ;
; activation_block:act_inst|exp_lut[8][14]      ; Merged with activation_block:act_inst|exp_lut[8][10]  ;
; activation_block:act_inst|exp_lut[8][15]      ; Merged with activation_block:act_inst|exp_lut[8][10]  ;
; activation_block:act_inst|exp_lut[8][1]       ; Merged with activation_block:act_inst|exp_lut[8][10]  ;
; activation_block:act_inst|exp_lut[8][3]       ; Merged with activation_block:act_inst|exp_lut[8][10]  ;
; activation_block:act_inst|exp_lut[8][4]       ; Merged with activation_block:act_inst|exp_lut[8][10]  ;
; activation_block:act_inst|exp_lut[8][5]       ; Merged with activation_block:act_inst|exp_lut[8][10]  ;
; activation_block:act_inst|exp_lut[8][6]       ; Merged with activation_block:act_inst|exp_lut[8][10]  ;
; activation_block:act_inst|exp_lut[8][7]       ; Merged with activation_block:act_inst|exp_lut[8][10]  ;
; activation_block:act_inst|exp_lut[8][8]       ; Merged with activation_block:act_inst|exp_lut[8][10]  ;
; activation_block:act_inst|exp_lut[8][9]       ; Merged with activation_block:act_inst|exp_lut[8][10]  ;
; activation_block:act_inst|sigmoid_lut[8][10]  ; Merged with activation_block:act_inst|exp_lut[8][10]  ;
; activation_block:act_inst|sigmoid_lut[8][11]  ; Merged with activation_block:act_inst|exp_lut[8][10]  ;
; activation_block:act_inst|sigmoid_lut[8][12]  ; Merged with activation_block:act_inst|exp_lut[8][10]  ;
; activation_block:act_inst|sigmoid_lut[8][13]  ; Merged with activation_block:act_inst|exp_lut[8][10]  ;
; activation_block:act_inst|sigmoid_lut[8][14]  ; Merged with activation_block:act_inst|exp_lut[8][10]  ;
; activation_block:act_inst|sigmoid_lut[8][15]  ; Merged with activation_block:act_inst|exp_lut[8][10]  ;
; activation_block:act_inst|sigmoid_lut[8][2]   ; Merged with activation_block:act_inst|exp_lut[8][10]  ;
; activation_block:act_inst|sigmoid_lut[8][8]   ; Merged with activation_block:act_inst|exp_lut[8][10]  ;
; activation_block:act_inst|sigmoid_lut[8][9]   ; Merged with activation_block:act_inst|exp_lut[8][10]  ;
; activation_block:act_inst|tanh_lut[8][0]      ; Merged with activation_block:act_inst|exp_lut[8][10]  ;
; activation_block:act_inst|tanh_lut[8][10]     ; Merged with activation_block:act_inst|exp_lut[8][10]  ;
; activation_block:act_inst|tanh_lut[8][11]     ; Merged with activation_block:act_inst|exp_lut[8][10]  ;
; activation_block:act_inst|tanh_lut[8][12]     ; Merged with activation_block:act_inst|exp_lut[8][10]  ;
; activation_block:act_inst|tanh_lut[8][13]     ; Merged with activation_block:act_inst|exp_lut[8][10]  ;
; activation_block:act_inst|tanh_lut[8][14]     ; Merged with activation_block:act_inst|exp_lut[8][10]  ;
; activation_block:act_inst|tanh_lut[8][15]     ; Merged with activation_block:act_inst|exp_lut[8][10]  ;
; activation_block:act_inst|tanh_lut[8][1]      ; Merged with activation_block:act_inst|exp_lut[8][10]  ;
; activation_block:act_inst|tanh_lut[8][2]      ; Merged with activation_block:act_inst|exp_lut[8][10]  ;
; activation_block:act_inst|tanh_lut[8][3]      ; Merged with activation_block:act_inst|exp_lut[8][10]  ;
; activation_block:act_inst|tanh_lut[8][4]      ; Merged with activation_block:act_inst|exp_lut[8][10]  ;
; activation_block:act_inst|tanh_lut[8][5]      ; Merged with activation_block:act_inst|exp_lut[8][10]  ;
; activation_block:act_inst|tanh_lut[8][6]      ; Merged with activation_block:act_inst|exp_lut[8][10]  ;
; activation_block:act_inst|tanh_lut[8][7]      ; Merged with activation_block:act_inst|exp_lut[8][10]  ;
; activation_block:act_inst|tanh_lut[8][9]      ; Merged with activation_block:act_inst|exp_lut[8][10]  ;
; activation_block:act_inst|exp_lut[9][11]      ; Merged with activation_block:act_inst|exp_lut[9][10]  ;
; activation_block:act_inst|exp_lut[9][12]      ; Merged with activation_block:act_inst|exp_lut[9][10]  ;
; activation_block:act_inst|exp_lut[9][13]      ; Merged with activation_block:act_inst|exp_lut[9][10]  ;
; activation_block:act_inst|exp_lut[9][14]      ; Merged with activation_block:act_inst|exp_lut[9][10]  ;
; activation_block:act_inst|exp_lut[9][15]      ; Merged with activation_block:act_inst|exp_lut[9][10]  ;
; activation_block:act_inst|exp_lut[9][1]       ; Merged with activation_block:act_inst|exp_lut[9][10]  ;
; activation_block:act_inst|exp_lut[9][3]       ; Merged with activation_block:act_inst|exp_lut[9][10]  ;
; activation_block:act_inst|exp_lut[9][4]       ; Merged with activation_block:act_inst|exp_lut[9][10]  ;
; activation_block:act_inst|exp_lut[9][5]       ; Merged with activation_block:act_inst|exp_lut[9][10]  ;
; activation_block:act_inst|exp_lut[9][6]       ; Merged with activation_block:act_inst|exp_lut[9][10]  ;
; activation_block:act_inst|exp_lut[9][7]       ; Merged with activation_block:act_inst|exp_lut[9][10]  ;
; activation_block:act_inst|exp_lut[9][8]       ; Merged with activation_block:act_inst|exp_lut[9][10]  ;
; activation_block:act_inst|exp_lut[9][9]       ; Merged with activation_block:act_inst|exp_lut[9][10]  ;
; activation_block:act_inst|sigmoid_lut[9][10]  ; Merged with activation_block:act_inst|exp_lut[9][10]  ;
; activation_block:act_inst|sigmoid_lut[9][11]  ; Merged with activation_block:act_inst|exp_lut[9][10]  ;
; activation_block:act_inst|sigmoid_lut[9][12]  ; Merged with activation_block:act_inst|exp_lut[9][10]  ;
; activation_block:act_inst|sigmoid_lut[9][13]  ; Merged with activation_block:act_inst|exp_lut[9][10]  ;
; activation_block:act_inst|sigmoid_lut[9][14]  ; Merged with activation_block:act_inst|exp_lut[9][10]  ;
; activation_block:act_inst|sigmoid_lut[9][15]  ; Merged with activation_block:act_inst|exp_lut[9][10]  ;
; activation_block:act_inst|sigmoid_lut[9][2]   ; Merged with activation_block:act_inst|exp_lut[9][10]  ;
; activation_block:act_inst|sigmoid_lut[9][8]   ; Merged with activation_block:act_inst|exp_lut[9][10]  ;
; activation_block:act_inst|sigmoid_lut[9][9]   ; Merged with activation_block:act_inst|exp_lut[9][10]  ;
; activation_block:act_inst|tanh_lut[9][0]      ; Merged with activation_block:act_inst|exp_lut[9][10]  ;
; activation_block:act_inst|tanh_lut[9][10]     ; Merged with activation_block:act_inst|exp_lut[9][10]  ;
; activation_block:act_inst|tanh_lut[9][11]     ; Merged with activation_block:act_inst|exp_lut[9][10]  ;
; activation_block:act_inst|tanh_lut[9][12]     ; Merged with activation_block:act_inst|exp_lut[9][10]  ;
; activation_block:act_inst|tanh_lut[9][13]     ; Merged with activation_block:act_inst|exp_lut[9][10]  ;
; activation_block:act_inst|tanh_lut[9][14]     ; Merged with activation_block:act_inst|exp_lut[9][10]  ;
; activation_block:act_inst|tanh_lut[9][15]     ; Merged with activation_block:act_inst|exp_lut[9][10]  ;
; activation_block:act_inst|tanh_lut[9][1]      ; Merged with activation_block:act_inst|exp_lut[9][10]  ;
; activation_block:act_inst|tanh_lut[9][2]      ; Merged with activation_block:act_inst|exp_lut[9][10]  ;
; activation_block:act_inst|tanh_lut[9][3]      ; Merged with activation_block:act_inst|exp_lut[9][10]  ;
; activation_block:act_inst|tanh_lut[9][4]      ; Merged with activation_block:act_inst|exp_lut[9][10]  ;
; activation_block:act_inst|tanh_lut[9][5]      ; Merged with activation_block:act_inst|exp_lut[9][10]  ;
; activation_block:act_inst|tanh_lut[9][6]      ; Merged with activation_block:act_inst|exp_lut[9][10]  ;
; activation_block:act_inst|tanh_lut[9][7]      ; Merged with activation_block:act_inst|exp_lut[9][10]  ;
; activation_block:act_inst|tanh_lut[9][9]      ; Merged with activation_block:act_inst|exp_lut[9][10]  ;
; activation_block:act_inst|exp_lut[10][11]     ; Merged with activation_block:act_inst|exp_lut[10][10] ;
; activation_block:act_inst|exp_lut[10][12]     ; Merged with activation_block:act_inst|exp_lut[10][10] ;
; activation_block:act_inst|exp_lut[10][13]     ; Merged with activation_block:act_inst|exp_lut[10][10] ;
; activation_block:act_inst|exp_lut[10][14]     ; Merged with activation_block:act_inst|exp_lut[10][10] ;
; activation_block:act_inst|exp_lut[10][15]     ; Merged with activation_block:act_inst|exp_lut[10][10] ;
; activation_block:act_inst|exp_lut[10][1]      ; Merged with activation_block:act_inst|exp_lut[10][10] ;
; activation_block:act_inst|exp_lut[10][3]      ; Merged with activation_block:act_inst|exp_lut[10][10] ;
; activation_block:act_inst|exp_lut[10][4]      ; Merged with activation_block:act_inst|exp_lut[10][10] ;
; activation_block:act_inst|exp_lut[10][5]      ; Merged with activation_block:act_inst|exp_lut[10][10] ;
; activation_block:act_inst|exp_lut[10][6]      ; Merged with activation_block:act_inst|exp_lut[10][10] ;
; activation_block:act_inst|exp_lut[10][7]      ; Merged with activation_block:act_inst|exp_lut[10][10] ;
; activation_block:act_inst|exp_lut[10][8]      ; Merged with activation_block:act_inst|exp_lut[10][10] ;
; activation_block:act_inst|exp_lut[10][9]      ; Merged with activation_block:act_inst|exp_lut[10][10] ;
; activation_block:act_inst|sigmoid_lut[10][10] ; Merged with activation_block:act_inst|exp_lut[10][10] ;
; activation_block:act_inst|sigmoid_lut[10][11] ; Merged with activation_block:act_inst|exp_lut[10][10] ;
; activation_block:act_inst|sigmoid_lut[10][12] ; Merged with activation_block:act_inst|exp_lut[10][10] ;
; activation_block:act_inst|sigmoid_lut[10][13] ; Merged with activation_block:act_inst|exp_lut[10][10] ;
; activation_block:act_inst|sigmoid_lut[10][14] ; Merged with activation_block:act_inst|exp_lut[10][10] ;
; activation_block:act_inst|sigmoid_lut[10][15] ; Merged with activation_block:act_inst|exp_lut[10][10] ;
; activation_block:act_inst|sigmoid_lut[10][2]  ; Merged with activation_block:act_inst|exp_lut[10][10] ;
; activation_block:act_inst|sigmoid_lut[10][8]  ; Merged with activation_block:act_inst|exp_lut[10][10] ;
; activation_block:act_inst|sigmoid_lut[10][9]  ; Merged with activation_block:act_inst|exp_lut[10][10] ;
; activation_block:act_inst|tanh_lut[10][0]     ; Merged with activation_block:act_inst|exp_lut[10][10] ;
; activation_block:act_inst|tanh_lut[10][10]    ; Merged with activation_block:act_inst|exp_lut[10][10] ;
; activation_block:act_inst|tanh_lut[10][11]    ; Merged with activation_block:act_inst|exp_lut[10][10] ;
; activation_block:act_inst|tanh_lut[10][12]    ; Merged with activation_block:act_inst|exp_lut[10][10] ;
; activation_block:act_inst|tanh_lut[10][13]    ; Merged with activation_block:act_inst|exp_lut[10][10] ;
; activation_block:act_inst|tanh_lut[10][14]    ; Merged with activation_block:act_inst|exp_lut[10][10] ;
; activation_block:act_inst|tanh_lut[10][15]    ; Merged with activation_block:act_inst|exp_lut[10][10] ;
; activation_block:act_inst|tanh_lut[10][1]     ; Merged with activation_block:act_inst|exp_lut[10][10] ;
; activation_block:act_inst|tanh_lut[10][2]     ; Merged with activation_block:act_inst|exp_lut[10][10] ;
; activation_block:act_inst|tanh_lut[10][3]     ; Merged with activation_block:act_inst|exp_lut[10][10] ;
; activation_block:act_inst|tanh_lut[10][4]     ; Merged with activation_block:act_inst|exp_lut[10][10] ;
; activation_block:act_inst|tanh_lut[10][5]     ; Merged with activation_block:act_inst|exp_lut[10][10] ;
; activation_block:act_inst|tanh_lut[10][6]     ; Merged with activation_block:act_inst|exp_lut[10][10] ;
; activation_block:act_inst|tanh_lut[10][7]     ; Merged with activation_block:act_inst|exp_lut[10][10] ;
; activation_block:act_inst|tanh_lut[10][9]     ; Merged with activation_block:act_inst|exp_lut[10][10] ;
; activation_block:act_inst|exp_lut[11][11]     ; Merged with activation_block:act_inst|exp_lut[11][10] ;
; activation_block:act_inst|exp_lut[11][12]     ; Merged with activation_block:act_inst|exp_lut[11][10] ;
; activation_block:act_inst|exp_lut[11][13]     ; Merged with activation_block:act_inst|exp_lut[11][10] ;
; activation_block:act_inst|exp_lut[11][14]     ; Merged with activation_block:act_inst|exp_lut[11][10] ;
; activation_block:act_inst|exp_lut[11][15]     ; Merged with activation_block:act_inst|exp_lut[11][10] ;
; activation_block:act_inst|exp_lut[11][1]      ; Merged with activation_block:act_inst|exp_lut[11][10] ;
; activation_block:act_inst|exp_lut[11][3]      ; Merged with activation_block:act_inst|exp_lut[11][10] ;
; activation_block:act_inst|exp_lut[11][4]      ; Merged with activation_block:act_inst|exp_lut[11][10] ;
; activation_block:act_inst|exp_lut[11][5]      ; Merged with activation_block:act_inst|exp_lut[11][10] ;
; activation_block:act_inst|exp_lut[11][6]      ; Merged with activation_block:act_inst|exp_lut[11][10] ;
; activation_block:act_inst|exp_lut[11][7]      ; Merged with activation_block:act_inst|exp_lut[11][10] ;
; activation_block:act_inst|exp_lut[11][8]      ; Merged with activation_block:act_inst|exp_lut[11][10] ;
; activation_block:act_inst|exp_lut[11][9]      ; Merged with activation_block:act_inst|exp_lut[11][10] ;
; activation_block:act_inst|sigmoid_lut[11][10] ; Merged with activation_block:act_inst|exp_lut[11][10] ;
; activation_block:act_inst|sigmoid_lut[11][11] ; Merged with activation_block:act_inst|exp_lut[11][10] ;
; activation_block:act_inst|sigmoid_lut[11][12] ; Merged with activation_block:act_inst|exp_lut[11][10] ;
; activation_block:act_inst|sigmoid_lut[11][13] ; Merged with activation_block:act_inst|exp_lut[11][10] ;
; activation_block:act_inst|sigmoid_lut[11][14] ; Merged with activation_block:act_inst|exp_lut[11][10] ;
; activation_block:act_inst|sigmoid_lut[11][15] ; Merged with activation_block:act_inst|exp_lut[11][10] ;
; activation_block:act_inst|sigmoid_lut[11][2]  ; Merged with activation_block:act_inst|exp_lut[11][10] ;
; activation_block:act_inst|sigmoid_lut[11][8]  ; Merged with activation_block:act_inst|exp_lut[11][10] ;
; activation_block:act_inst|sigmoid_lut[11][9]  ; Merged with activation_block:act_inst|exp_lut[11][10] ;
; activation_block:act_inst|tanh_lut[11][0]     ; Merged with activation_block:act_inst|exp_lut[11][10] ;
; activation_block:act_inst|tanh_lut[11][10]    ; Merged with activation_block:act_inst|exp_lut[11][10] ;
; activation_block:act_inst|tanh_lut[11][11]    ; Merged with activation_block:act_inst|exp_lut[11][10] ;
; activation_block:act_inst|tanh_lut[11][12]    ; Merged with activation_block:act_inst|exp_lut[11][10] ;
; activation_block:act_inst|tanh_lut[11][13]    ; Merged with activation_block:act_inst|exp_lut[11][10] ;
; activation_block:act_inst|tanh_lut[11][14]    ; Merged with activation_block:act_inst|exp_lut[11][10] ;
; activation_block:act_inst|tanh_lut[11][15]    ; Merged with activation_block:act_inst|exp_lut[11][10] ;
; activation_block:act_inst|tanh_lut[11][1]     ; Merged with activation_block:act_inst|exp_lut[11][10] ;
; activation_block:act_inst|tanh_lut[11][2]     ; Merged with activation_block:act_inst|exp_lut[11][10] ;
; activation_block:act_inst|tanh_lut[11][3]     ; Merged with activation_block:act_inst|exp_lut[11][10] ;
; activation_block:act_inst|tanh_lut[11][4]     ; Merged with activation_block:act_inst|exp_lut[11][10] ;
; activation_block:act_inst|tanh_lut[11][5]     ; Merged with activation_block:act_inst|exp_lut[11][10] ;
; activation_block:act_inst|tanh_lut[11][6]     ; Merged with activation_block:act_inst|exp_lut[11][10] ;
; activation_block:act_inst|tanh_lut[11][7]     ; Merged with activation_block:act_inst|exp_lut[11][10] ;
; activation_block:act_inst|tanh_lut[11][9]     ; Merged with activation_block:act_inst|exp_lut[11][10] ;
; activation_block:act_inst|exp_lut[12][11]     ; Merged with activation_block:act_inst|exp_lut[12][10] ;
; activation_block:act_inst|exp_lut[12][12]     ; Merged with activation_block:act_inst|exp_lut[12][10] ;
; activation_block:act_inst|exp_lut[12][13]     ; Merged with activation_block:act_inst|exp_lut[12][10] ;
; activation_block:act_inst|exp_lut[12][14]     ; Merged with activation_block:act_inst|exp_lut[12][10] ;
; activation_block:act_inst|exp_lut[12][15]     ; Merged with activation_block:act_inst|exp_lut[12][10] ;
; activation_block:act_inst|exp_lut[12][1]      ; Merged with activation_block:act_inst|exp_lut[12][10] ;
; activation_block:act_inst|exp_lut[12][3]      ; Merged with activation_block:act_inst|exp_lut[12][10] ;
; activation_block:act_inst|exp_lut[12][4]      ; Merged with activation_block:act_inst|exp_lut[12][10] ;
; activation_block:act_inst|exp_lut[12][5]      ; Merged with activation_block:act_inst|exp_lut[12][10] ;
; activation_block:act_inst|exp_lut[12][6]      ; Merged with activation_block:act_inst|exp_lut[12][10] ;
; activation_block:act_inst|exp_lut[12][7]      ; Merged with activation_block:act_inst|exp_lut[12][10] ;
; activation_block:act_inst|exp_lut[12][8]      ; Merged with activation_block:act_inst|exp_lut[12][10] ;
; activation_block:act_inst|exp_lut[12][9]      ; Merged with activation_block:act_inst|exp_lut[12][10] ;
; activation_block:act_inst|sigmoid_lut[12][10] ; Merged with activation_block:act_inst|exp_lut[12][10] ;
; activation_block:act_inst|sigmoid_lut[12][11] ; Merged with activation_block:act_inst|exp_lut[12][10] ;
; activation_block:act_inst|sigmoid_lut[12][12] ; Merged with activation_block:act_inst|exp_lut[12][10] ;
; activation_block:act_inst|sigmoid_lut[12][13] ; Merged with activation_block:act_inst|exp_lut[12][10] ;
; activation_block:act_inst|sigmoid_lut[12][14] ; Merged with activation_block:act_inst|exp_lut[12][10] ;
; activation_block:act_inst|sigmoid_lut[12][15] ; Merged with activation_block:act_inst|exp_lut[12][10] ;
; activation_block:act_inst|sigmoid_lut[12][2]  ; Merged with activation_block:act_inst|exp_lut[12][10] ;
; activation_block:act_inst|sigmoid_lut[12][8]  ; Merged with activation_block:act_inst|exp_lut[12][10] ;
; activation_block:act_inst|sigmoid_lut[12][9]  ; Merged with activation_block:act_inst|exp_lut[12][10] ;
; activation_block:act_inst|tanh_lut[12][0]     ; Merged with activation_block:act_inst|exp_lut[12][10] ;
; activation_block:act_inst|tanh_lut[12][10]    ; Merged with activation_block:act_inst|exp_lut[12][10] ;
; activation_block:act_inst|tanh_lut[12][11]    ; Merged with activation_block:act_inst|exp_lut[12][10] ;
; activation_block:act_inst|tanh_lut[12][12]    ; Merged with activation_block:act_inst|exp_lut[12][10] ;
; activation_block:act_inst|tanh_lut[12][13]    ; Merged with activation_block:act_inst|exp_lut[12][10] ;
; activation_block:act_inst|tanh_lut[12][14]    ; Merged with activation_block:act_inst|exp_lut[12][10] ;
; activation_block:act_inst|tanh_lut[12][15]    ; Merged with activation_block:act_inst|exp_lut[12][10] ;
; activation_block:act_inst|tanh_lut[12][1]     ; Merged with activation_block:act_inst|exp_lut[12][10] ;
; activation_block:act_inst|tanh_lut[12][2]     ; Merged with activation_block:act_inst|exp_lut[12][10] ;
; activation_block:act_inst|tanh_lut[12][3]     ; Merged with activation_block:act_inst|exp_lut[12][10] ;
; activation_block:act_inst|tanh_lut[12][4]     ; Merged with activation_block:act_inst|exp_lut[12][10] ;
; activation_block:act_inst|tanh_lut[12][5]     ; Merged with activation_block:act_inst|exp_lut[12][10] ;
; activation_block:act_inst|tanh_lut[12][6]     ; Merged with activation_block:act_inst|exp_lut[12][10] ;
; activation_block:act_inst|tanh_lut[12][7]     ; Merged with activation_block:act_inst|exp_lut[12][10] ;
; activation_block:act_inst|tanh_lut[12][9]     ; Merged with activation_block:act_inst|exp_lut[12][10] ;
; activation_block:act_inst|exp_lut[13][11]     ; Merged with activation_block:act_inst|exp_lut[13][10] ;
; activation_block:act_inst|exp_lut[13][12]     ; Merged with activation_block:act_inst|exp_lut[13][10] ;
; activation_block:act_inst|exp_lut[13][13]     ; Merged with activation_block:act_inst|exp_lut[13][10] ;
; activation_block:act_inst|exp_lut[13][14]     ; Merged with activation_block:act_inst|exp_lut[13][10] ;
; activation_block:act_inst|exp_lut[13][15]     ; Merged with activation_block:act_inst|exp_lut[13][10] ;
; activation_block:act_inst|exp_lut[13][1]      ; Merged with activation_block:act_inst|exp_lut[13][10] ;
; activation_block:act_inst|exp_lut[13][3]      ; Merged with activation_block:act_inst|exp_lut[13][10] ;
; activation_block:act_inst|exp_lut[13][4]      ; Merged with activation_block:act_inst|exp_lut[13][10] ;
; activation_block:act_inst|exp_lut[13][5]      ; Merged with activation_block:act_inst|exp_lut[13][10] ;
; activation_block:act_inst|exp_lut[13][6]      ; Merged with activation_block:act_inst|exp_lut[13][10] ;
; activation_block:act_inst|exp_lut[13][7]      ; Merged with activation_block:act_inst|exp_lut[13][10] ;
; activation_block:act_inst|exp_lut[13][8]      ; Merged with activation_block:act_inst|exp_lut[13][10] ;
; activation_block:act_inst|exp_lut[13][9]      ; Merged with activation_block:act_inst|exp_lut[13][10] ;
; activation_block:act_inst|sigmoid_lut[13][10] ; Merged with activation_block:act_inst|exp_lut[13][10] ;
; activation_block:act_inst|sigmoid_lut[13][11] ; Merged with activation_block:act_inst|exp_lut[13][10] ;
; activation_block:act_inst|sigmoid_lut[13][12] ; Merged with activation_block:act_inst|exp_lut[13][10] ;
; activation_block:act_inst|sigmoid_lut[13][13] ; Merged with activation_block:act_inst|exp_lut[13][10] ;
; activation_block:act_inst|sigmoid_lut[13][14] ; Merged with activation_block:act_inst|exp_lut[13][10] ;
; activation_block:act_inst|sigmoid_lut[13][15] ; Merged with activation_block:act_inst|exp_lut[13][10] ;
; activation_block:act_inst|sigmoid_lut[13][2]  ; Merged with activation_block:act_inst|exp_lut[13][10] ;
; activation_block:act_inst|sigmoid_lut[13][8]  ; Merged with activation_block:act_inst|exp_lut[13][10] ;
; activation_block:act_inst|sigmoid_lut[13][9]  ; Merged with activation_block:act_inst|exp_lut[13][10] ;
; activation_block:act_inst|tanh_lut[13][0]     ; Merged with activation_block:act_inst|exp_lut[13][10] ;
; activation_block:act_inst|tanh_lut[13][10]    ; Merged with activation_block:act_inst|exp_lut[13][10] ;
; activation_block:act_inst|tanh_lut[13][11]    ; Merged with activation_block:act_inst|exp_lut[13][10] ;
; activation_block:act_inst|tanh_lut[13][12]    ; Merged with activation_block:act_inst|exp_lut[13][10] ;
; activation_block:act_inst|tanh_lut[13][13]    ; Merged with activation_block:act_inst|exp_lut[13][10] ;
; activation_block:act_inst|tanh_lut[13][14]    ; Merged with activation_block:act_inst|exp_lut[13][10] ;
; activation_block:act_inst|tanh_lut[13][15]    ; Merged with activation_block:act_inst|exp_lut[13][10] ;
; activation_block:act_inst|tanh_lut[13][1]     ; Merged with activation_block:act_inst|exp_lut[13][10] ;
; activation_block:act_inst|tanh_lut[13][2]     ; Merged with activation_block:act_inst|exp_lut[13][10] ;
; activation_block:act_inst|tanh_lut[13][3]     ; Merged with activation_block:act_inst|exp_lut[13][10] ;
; activation_block:act_inst|tanh_lut[13][4]     ; Merged with activation_block:act_inst|exp_lut[13][10] ;
; activation_block:act_inst|tanh_lut[13][5]     ; Merged with activation_block:act_inst|exp_lut[13][10] ;
; activation_block:act_inst|tanh_lut[13][6]     ; Merged with activation_block:act_inst|exp_lut[13][10] ;
; activation_block:act_inst|tanh_lut[13][7]     ; Merged with activation_block:act_inst|exp_lut[13][10] ;
; activation_block:act_inst|tanh_lut[13][9]     ; Merged with activation_block:act_inst|exp_lut[13][10] ;
; activation_block:act_inst|exp_lut[14][11]     ; Merged with activation_block:act_inst|exp_lut[14][10] ;
; activation_block:act_inst|exp_lut[14][12]     ; Merged with activation_block:act_inst|exp_lut[14][10] ;
; activation_block:act_inst|exp_lut[14][13]     ; Merged with activation_block:act_inst|exp_lut[14][10] ;
; activation_block:act_inst|exp_lut[14][14]     ; Merged with activation_block:act_inst|exp_lut[14][10] ;
; activation_block:act_inst|exp_lut[14][15]     ; Merged with activation_block:act_inst|exp_lut[14][10] ;
; activation_block:act_inst|exp_lut[14][1]      ; Merged with activation_block:act_inst|exp_lut[14][10] ;
; activation_block:act_inst|exp_lut[14][3]      ; Merged with activation_block:act_inst|exp_lut[14][10] ;
; activation_block:act_inst|exp_lut[14][4]      ; Merged with activation_block:act_inst|exp_lut[14][10] ;
; activation_block:act_inst|exp_lut[14][5]      ; Merged with activation_block:act_inst|exp_lut[14][10] ;
; activation_block:act_inst|exp_lut[14][6]      ; Merged with activation_block:act_inst|exp_lut[14][10] ;
; activation_block:act_inst|exp_lut[14][7]      ; Merged with activation_block:act_inst|exp_lut[14][10] ;
; activation_block:act_inst|exp_lut[14][8]      ; Merged with activation_block:act_inst|exp_lut[14][10] ;
; activation_block:act_inst|exp_lut[14][9]      ; Merged with activation_block:act_inst|exp_lut[14][10] ;
; activation_block:act_inst|sigmoid_lut[14][10] ; Merged with activation_block:act_inst|exp_lut[14][10] ;
; activation_block:act_inst|sigmoid_lut[14][11] ; Merged with activation_block:act_inst|exp_lut[14][10] ;
; activation_block:act_inst|sigmoid_lut[14][12] ; Merged with activation_block:act_inst|exp_lut[14][10] ;
; activation_block:act_inst|sigmoid_lut[14][13] ; Merged with activation_block:act_inst|exp_lut[14][10] ;
; activation_block:act_inst|sigmoid_lut[14][14] ; Merged with activation_block:act_inst|exp_lut[14][10] ;
; activation_block:act_inst|sigmoid_lut[14][15] ; Merged with activation_block:act_inst|exp_lut[14][10] ;
; activation_block:act_inst|sigmoid_lut[14][2]  ; Merged with activation_block:act_inst|exp_lut[14][10] ;
; activation_block:act_inst|sigmoid_lut[14][8]  ; Merged with activation_block:act_inst|exp_lut[14][10] ;
; activation_block:act_inst|sigmoid_lut[14][9]  ; Merged with activation_block:act_inst|exp_lut[14][10] ;
; activation_block:act_inst|tanh_lut[14][0]     ; Merged with activation_block:act_inst|exp_lut[14][10] ;
; activation_block:act_inst|tanh_lut[14][10]    ; Merged with activation_block:act_inst|exp_lut[14][10] ;
; activation_block:act_inst|tanh_lut[14][11]    ; Merged with activation_block:act_inst|exp_lut[14][10] ;
; activation_block:act_inst|tanh_lut[14][12]    ; Merged with activation_block:act_inst|exp_lut[14][10] ;
; activation_block:act_inst|tanh_lut[14][13]    ; Merged with activation_block:act_inst|exp_lut[14][10] ;
; activation_block:act_inst|tanh_lut[14][14]    ; Merged with activation_block:act_inst|exp_lut[14][10] ;
; activation_block:act_inst|tanh_lut[14][15]    ; Merged with activation_block:act_inst|exp_lut[14][10] ;
; activation_block:act_inst|tanh_lut[14][1]     ; Merged with activation_block:act_inst|exp_lut[14][10] ;
; activation_block:act_inst|tanh_lut[14][2]     ; Merged with activation_block:act_inst|exp_lut[14][10] ;
; activation_block:act_inst|tanh_lut[14][3]     ; Merged with activation_block:act_inst|exp_lut[14][10] ;
; activation_block:act_inst|tanh_lut[14][4]     ; Merged with activation_block:act_inst|exp_lut[14][10] ;
; activation_block:act_inst|tanh_lut[14][5]     ; Merged with activation_block:act_inst|exp_lut[14][10] ;
; activation_block:act_inst|tanh_lut[14][6]     ; Merged with activation_block:act_inst|exp_lut[14][10] ;
; activation_block:act_inst|tanh_lut[14][7]     ; Merged with activation_block:act_inst|exp_lut[14][10] ;
; activation_block:act_inst|tanh_lut[14][9]     ; Merged with activation_block:act_inst|exp_lut[14][10] ;
; activation_block:act_inst|exp_lut[15][11]     ; Merged with activation_block:act_inst|exp_lut[15][10] ;
; activation_block:act_inst|exp_lut[15][12]     ; Merged with activation_block:act_inst|exp_lut[15][10] ;
; activation_block:act_inst|exp_lut[15][13]     ; Merged with activation_block:act_inst|exp_lut[15][10] ;
; activation_block:act_inst|exp_lut[15][14]     ; Merged with activation_block:act_inst|exp_lut[15][10] ;
; activation_block:act_inst|exp_lut[15][15]     ; Merged with activation_block:act_inst|exp_lut[15][10] ;
; activation_block:act_inst|exp_lut[15][1]      ; Merged with activation_block:act_inst|exp_lut[15][10] ;
; activation_block:act_inst|exp_lut[15][3]      ; Merged with activation_block:act_inst|exp_lut[15][10] ;
; activation_block:act_inst|exp_lut[15][4]      ; Merged with activation_block:act_inst|exp_lut[15][10] ;
; activation_block:act_inst|exp_lut[15][5]      ; Merged with activation_block:act_inst|exp_lut[15][10] ;
; activation_block:act_inst|exp_lut[15][6]      ; Merged with activation_block:act_inst|exp_lut[15][10] ;
; activation_block:act_inst|exp_lut[15][7]      ; Merged with activation_block:act_inst|exp_lut[15][10] ;
; activation_block:act_inst|exp_lut[15][8]      ; Merged with activation_block:act_inst|exp_lut[15][10] ;
; activation_block:act_inst|exp_lut[15][9]      ; Merged with activation_block:act_inst|exp_lut[15][10] ;
; activation_block:act_inst|sigmoid_lut[15][10] ; Merged with activation_block:act_inst|exp_lut[15][10] ;
; activation_block:act_inst|sigmoid_lut[15][11] ; Merged with activation_block:act_inst|exp_lut[15][10] ;
; activation_block:act_inst|sigmoid_lut[15][12] ; Merged with activation_block:act_inst|exp_lut[15][10] ;
; activation_block:act_inst|sigmoid_lut[15][13] ; Merged with activation_block:act_inst|exp_lut[15][10] ;
; activation_block:act_inst|sigmoid_lut[15][14] ; Merged with activation_block:act_inst|exp_lut[15][10] ;
; activation_block:act_inst|sigmoid_lut[15][15] ; Merged with activation_block:act_inst|exp_lut[15][10] ;
; activation_block:act_inst|sigmoid_lut[15][2]  ; Merged with activation_block:act_inst|exp_lut[15][10] ;
; activation_block:act_inst|sigmoid_lut[15][8]  ; Merged with activation_block:act_inst|exp_lut[15][10] ;
; activation_block:act_inst|sigmoid_lut[15][9]  ; Merged with activation_block:act_inst|exp_lut[15][10] ;
; activation_block:act_inst|tanh_lut[15][0]     ; Merged with activation_block:act_inst|exp_lut[15][10] ;
; activation_block:act_inst|tanh_lut[15][10]    ; Merged with activation_block:act_inst|exp_lut[15][10] ;
; activation_block:act_inst|tanh_lut[15][11]    ; Merged with activation_block:act_inst|exp_lut[15][10] ;
; activation_block:act_inst|tanh_lut[15][12]    ; Merged with activation_block:act_inst|exp_lut[15][10] ;
; activation_block:act_inst|tanh_lut[15][13]    ; Merged with activation_block:act_inst|exp_lut[15][10] ;
; activation_block:act_inst|tanh_lut[15][14]    ; Merged with activation_block:act_inst|exp_lut[15][10] ;
; activation_block:act_inst|tanh_lut[15][15]    ; Merged with activation_block:act_inst|exp_lut[15][10] ;
; activation_block:act_inst|tanh_lut[15][1]     ; Merged with activation_block:act_inst|exp_lut[15][10] ;
; activation_block:act_inst|tanh_lut[15][2]     ; Merged with activation_block:act_inst|exp_lut[15][10] ;
; activation_block:act_inst|tanh_lut[15][3]     ; Merged with activation_block:act_inst|exp_lut[15][10] ;
; activation_block:act_inst|tanh_lut[15][4]     ; Merged with activation_block:act_inst|exp_lut[15][10] ;
; activation_block:act_inst|tanh_lut[15][5]     ; Merged with activation_block:act_inst|exp_lut[15][10] ;
; activation_block:act_inst|tanh_lut[15][6]     ; Merged with activation_block:act_inst|exp_lut[15][10] ;
; activation_block:act_inst|tanh_lut[15][7]     ; Merged with activation_block:act_inst|exp_lut[15][10] ;
; activation_block:act_inst|tanh_lut[15][9]     ; Merged with activation_block:act_inst|exp_lut[15][10] ;
; activation_block:act_inst|exp_lut[16][11]     ; Merged with activation_block:act_inst|exp_lut[16][10] ;
; activation_block:act_inst|exp_lut[16][12]     ; Merged with activation_block:act_inst|exp_lut[16][10] ;
; activation_block:act_inst|exp_lut[16][13]     ; Merged with activation_block:act_inst|exp_lut[16][10] ;
; activation_block:act_inst|exp_lut[16][14]     ; Merged with activation_block:act_inst|exp_lut[16][10] ;
; activation_block:act_inst|exp_lut[16][15]     ; Merged with activation_block:act_inst|exp_lut[16][10] ;
; activation_block:act_inst|exp_lut[16][1]      ; Merged with activation_block:act_inst|exp_lut[16][10] ;
; activation_block:act_inst|exp_lut[16][3]      ; Merged with activation_block:act_inst|exp_lut[16][10] ;
; activation_block:act_inst|exp_lut[16][4]      ; Merged with activation_block:act_inst|exp_lut[16][10] ;
; activation_block:act_inst|exp_lut[16][5]      ; Merged with activation_block:act_inst|exp_lut[16][10] ;
; activation_block:act_inst|exp_lut[16][6]      ; Merged with activation_block:act_inst|exp_lut[16][10] ;
; activation_block:act_inst|exp_lut[16][7]      ; Merged with activation_block:act_inst|exp_lut[16][10] ;
; activation_block:act_inst|exp_lut[16][8]      ; Merged with activation_block:act_inst|exp_lut[16][10] ;
; activation_block:act_inst|exp_lut[16][9]      ; Merged with activation_block:act_inst|exp_lut[16][10] ;
; activation_block:act_inst|sigmoid_lut[16][10] ; Merged with activation_block:act_inst|exp_lut[16][10] ;
; activation_block:act_inst|sigmoid_lut[16][11] ; Merged with activation_block:act_inst|exp_lut[16][10] ;
; activation_block:act_inst|sigmoid_lut[16][12] ; Merged with activation_block:act_inst|exp_lut[16][10] ;
; activation_block:act_inst|sigmoid_lut[16][13] ; Merged with activation_block:act_inst|exp_lut[16][10] ;
; activation_block:act_inst|sigmoid_lut[16][14] ; Merged with activation_block:act_inst|exp_lut[16][10] ;
; activation_block:act_inst|sigmoid_lut[16][15] ; Merged with activation_block:act_inst|exp_lut[16][10] ;
; activation_block:act_inst|sigmoid_lut[16][2]  ; Merged with activation_block:act_inst|exp_lut[16][10] ;
; activation_block:act_inst|sigmoid_lut[16][8]  ; Merged with activation_block:act_inst|exp_lut[16][10] ;
; activation_block:act_inst|sigmoid_lut[16][9]  ; Merged with activation_block:act_inst|exp_lut[16][10] ;
; activation_block:act_inst|tanh_lut[16][0]     ; Merged with activation_block:act_inst|exp_lut[16][10] ;
; activation_block:act_inst|tanh_lut[16][10]    ; Merged with activation_block:act_inst|exp_lut[16][10] ;
; activation_block:act_inst|tanh_lut[16][11]    ; Merged with activation_block:act_inst|exp_lut[16][10] ;
; activation_block:act_inst|tanh_lut[16][12]    ; Merged with activation_block:act_inst|exp_lut[16][10] ;
; activation_block:act_inst|tanh_lut[16][13]    ; Merged with activation_block:act_inst|exp_lut[16][10] ;
; activation_block:act_inst|tanh_lut[16][14]    ; Merged with activation_block:act_inst|exp_lut[16][10] ;
; activation_block:act_inst|tanh_lut[16][15]    ; Merged with activation_block:act_inst|exp_lut[16][10] ;
; activation_block:act_inst|tanh_lut[16][1]     ; Merged with activation_block:act_inst|exp_lut[16][10] ;
; activation_block:act_inst|tanh_lut[16][2]     ; Merged with activation_block:act_inst|exp_lut[16][10] ;
; activation_block:act_inst|tanh_lut[16][3]     ; Merged with activation_block:act_inst|exp_lut[16][10] ;
; activation_block:act_inst|tanh_lut[16][4]     ; Merged with activation_block:act_inst|exp_lut[16][10] ;
; activation_block:act_inst|tanh_lut[16][5]     ; Merged with activation_block:act_inst|exp_lut[16][10] ;
; activation_block:act_inst|tanh_lut[16][6]     ; Merged with activation_block:act_inst|exp_lut[16][10] ;
; activation_block:act_inst|tanh_lut[16][7]     ; Merged with activation_block:act_inst|exp_lut[16][10] ;
; activation_block:act_inst|tanh_lut[16][9]     ; Merged with activation_block:act_inst|exp_lut[16][10] ;
; activation_block:act_inst|exp_lut[17][11]     ; Merged with activation_block:act_inst|exp_lut[17][10] ;
; activation_block:act_inst|exp_lut[17][12]     ; Merged with activation_block:act_inst|exp_lut[17][10] ;
; activation_block:act_inst|exp_lut[17][13]     ; Merged with activation_block:act_inst|exp_lut[17][10] ;
; activation_block:act_inst|exp_lut[17][14]     ; Merged with activation_block:act_inst|exp_lut[17][10] ;
; activation_block:act_inst|exp_lut[17][15]     ; Merged with activation_block:act_inst|exp_lut[17][10] ;
; activation_block:act_inst|exp_lut[17][1]      ; Merged with activation_block:act_inst|exp_lut[17][10] ;
; activation_block:act_inst|exp_lut[17][3]      ; Merged with activation_block:act_inst|exp_lut[17][10] ;
; activation_block:act_inst|exp_lut[17][4]      ; Merged with activation_block:act_inst|exp_lut[17][10] ;
; activation_block:act_inst|exp_lut[17][5]      ; Merged with activation_block:act_inst|exp_lut[17][10] ;
; activation_block:act_inst|exp_lut[17][6]      ; Merged with activation_block:act_inst|exp_lut[17][10] ;
; activation_block:act_inst|exp_lut[17][7]      ; Merged with activation_block:act_inst|exp_lut[17][10] ;
; activation_block:act_inst|exp_lut[17][8]      ; Merged with activation_block:act_inst|exp_lut[17][10] ;
; activation_block:act_inst|exp_lut[17][9]      ; Merged with activation_block:act_inst|exp_lut[17][10] ;
; activation_block:act_inst|sigmoid_lut[17][10] ; Merged with activation_block:act_inst|exp_lut[17][10] ;
; activation_block:act_inst|sigmoid_lut[17][11] ; Merged with activation_block:act_inst|exp_lut[17][10] ;
; activation_block:act_inst|sigmoid_lut[17][12] ; Merged with activation_block:act_inst|exp_lut[17][10] ;
; activation_block:act_inst|sigmoid_lut[17][13] ; Merged with activation_block:act_inst|exp_lut[17][10] ;
; activation_block:act_inst|sigmoid_lut[17][14] ; Merged with activation_block:act_inst|exp_lut[17][10] ;
; activation_block:act_inst|sigmoid_lut[17][15] ; Merged with activation_block:act_inst|exp_lut[17][10] ;
; activation_block:act_inst|sigmoid_lut[17][2]  ; Merged with activation_block:act_inst|exp_lut[17][10] ;
; activation_block:act_inst|sigmoid_lut[17][8]  ; Merged with activation_block:act_inst|exp_lut[17][10] ;
; activation_block:act_inst|sigmoid_lut[17][9]  ; Merged with activation_block:act_inst|exp_lut[17][10] ;
; activation_block:act_inst|tanh_lut[17][0]     ; Merged with activation_block:act_inst|exp_lut[17][10] ;
; activation_block:act_inst|tanh_lut[17][10]    ; Merged with activation_block:act_inst|exp_lut[17][10] ;
; activation_block:act_inst|tanh_lut[17][11]    ; Merged with activation_block:act_inst|exp_lut[17][10] ;
; activation_block:act_inst|tanh_lut[17][12]    ; Merged with activation_block:act_inst|exp_lut[17][10] ;
; activation_block:act_inst|tanh_lut[17][13]    ; Merged with activation_block:act_inst|exp_lut[17][10] ;
; activation_block:act_inst|tanh_lut[17][14]    ; Merged with activation_block:act_inst|exp_lut[17][10] ;
; activation_block:act_inst|tanh_lut[17][15]    ; Merged with activation_block:act_inst|exp_lut[17][10] ;
; activation_block:act_inst|tanh_lut[17][1]     ; Merged with activation_block:act_inst|exp_lut[17][10] ;
; activation_block:act_inst|tanh_lut[17][2]     ; Merged with activation_block:act_inst|exp_lut[17][10] ;
; activation_block:act_inst|tanh_lut[17][3]     ; Merged with activation_block:act_inst|exp_lut[17][10] ;
; activation_block:act_inst|tanh_lut[17][4]     ; Merged with activation_block:act_inst|exp_lut[17][10] ;
; activation_block:act_inst|tanh_lut[17][5]     ; Merged with activation_block:act_inst|exp_lut[17][10] ;
; activation_block:act_inst|tanh_lut[17][6]     ; Merged with activation_block:act_inst|exp_lut[17][10] ;
; activation_block:act_inst|tanh_lut[17][7]     ; Merged with activation_block:act_inst|exp_lut[17][10] ;
; activation_block:act_inst|tanh_lut[17][9]     ; Merged with activation_block:act_inst|exp_lut[17][10] ;
; activation_block:act_inst|exp_lut[18][11]     ; Merged with activation_block:act_inst|exp_lut[18][10] ;
; activation_block:act_inst|exp_lut[18][12]     ; Merged with activation_block:act_inst|exp_lut[18][10] ;
; activation_block:act_inst|exp_lut[18][13]     ; Merged with activation_block:act_inst|exp_lut[18][10] ;
; activation_block:act_inst|exp_lut[18][14]     ; Merged with activation_block:act_inst|exp_lut[18][10] ;
; activation_block:act_inst|exp_lut[18][15]     ; Merged with activation_block:act_inst|exp_lut[18][10] ;
; activation_block:act_inst|exp_lut[18][1]      ; Merged with activation_block:act_inst|exp_lut[18][10] ;
; activation_block:act_inst|exp_lut[18][3]      ; Merged with activation_block:act_inst|exp_lut[18][10] ;
; activation_block:act_inst|exp_lut[18][4]      ; Merged with activation_block:act_inst|exp_lut[18][10] ;
; activation_block:act_inst|exp_lut[18][5]      ; Merged with activation_block:act_inst|exp_lut[18][10] ;
; activation_block:act_inst|exp_lut[18][6]      ; Merged with activation_block:act_inst|exp_lut[18][10] ;
; activation_block:act_inst|exp_lut[18][7]      ; Merged with activation_block:act_inst|exp_lut[18][10] ;
; activation_block:act_inst|exp_lut[18][8]      ; Merged with activation_block:act_inst|exp_lut[18][10] ;
; activation_block:act_inst|exp_lut[18][9]      ; Merged with activation_block:act_inst|exp_lut[18][10] ;
; activation_block:act_inst|sigmoid_lut[18][10] ; Merged with activation_block:act_inst|exp_lut[18][10] ;
; activation_block:act_inst|sigmoid_lut[18][11] ; Merged with activation_block:act_inst|exp_lut[18][10] ;
; activation_block:act_inst|sigmoid_lut[18][12] ; Merged with activation_block:act_inst|exp_lut[18][10] ;
; activation_block:act_inst|sigmoid_lut[18][13] ; Merged with activation_block:act_inst|exp_lut[18][10] ;
; activation_block:act_inst|sigmoid_lut[18][14] ; Merged with activation_block:act_inst|exp_lut[18][10] ;
; activation_block:act_inst|sigmoid_lut[18][15] ; Merged with activation_block:act_inst|exp_lut[18][10] ;
; activation_block:act_inst|sigmoid_lut[18][2]  ; Merged with activation_block:act_inst|exp_lut[18][10] ;
; activation_block:act_inst|sigmoid_lut[18][8]  ; Merged with activation_block:act_inst|exp_lut[18][10] ;
; activation_block:act_inst|sigmoid_lut[18][9]  ; Merged with activation_block:act_inst|exp_lut[18][10] ;
; activation_block:act_inst|tanh_lut[18][0]     ; Merged with activation_block:act_inst|exp_lut[18][10] ;
; activation_block:act_inst|tanh_lut[18][10]    ; Merged with activation_block:act_inst|exp_lut[18][10] ;
; activation_block:act_inst|tanh_lut[18][11]    ; Merged with activation_block:act_inst|exp_lut[18][10] ;
; activation_block:act_inst|tanh_lut[18][12]    ; Merged with activation_block:act_inst|exp_lut[18][10] ;
; activation_block:act_inst|tanh_lut[18][13]    ; Merged with activation_block:act_inst|exp_lut[18][10] ;
; activation_block:act_inst|tanh_lut[18][14]    ; Merged with activation_block:act_inst|exp_lut[18][10] ;
; activation_block:act_inst|tanh_lut[18][15]    ; Merged with activation_block:act_inst|exp_lut[18][10] ;
; activation_block:act_inst|tanh_lut[18][1]     ; Merged with activation_block:act_inst|exp_lut[18][10] ;
; activation_block:act_inst|tanh_lut[18][2]     ; Merged with activation_block:act_inst|exp_lut[18][10] ;
; activation_block:act_inst|tanh_lut[18][3]     ; Merged with activation_block:act_inst|exp_lut[18][10] ;
; activation_block:act_inst|tanh_lut[18][4]     ; Merged with activation_block:act_inst|exp_lut[18][10] ;
; activation_block:act_inst|tanh_lut[18][5]     ; Merged with activation_block:act_inst|exp_lut[18][10] ;
; activation_block:act_inst|tanh_lut[18][6]     ; Merged with activation_block:act_inst|exp_lut[18][10] ;
; activation_block:act_inst|tanh_lut[18][7]     ; Merged with activation_block:act_inst|exp_lut[18][10] ;
; activation_block:act_inst|tanh_lut[18][9]     ; Merged with activation_block:act_inst|exp_lut[18][10] ;
; activation_block:act_inst|exp_lut[19][11]     ; Merged with activation_block:act_inst|exp_lut[19][10] ;
; activation_block:act_inst|exp_lut[19][12]     ; Merged with activation_block:act_inst|exp_lut[19][10] ;
; activation_block:act_inst|exp_lut[19][13]     ; Merged with activation_block:act_inst|exp_lut[19][10] ;
; activation_block:act_inst|exp_lut[19][14]     ; Merged with activation_block:act_inst|exp_lut[19][10] ;
; activation_block:act_inst|exp_lut[19][15]     ; Merged with activation_block:act_inst|exp_lut[19][10] ;
; activation_block:act_inst|exp_lut[19][1]      ; Merged with activation_block:act_inst|exp_lut[19][10] ;
; activation_block:act_inst|exp_lut[19][3]      ; Merged with activation_block:act_inst|exp_lut[19][10] ;
; activation_block:act_inst|exp_lut[19][4]      ; Merged with activation_block:act_inst|exp_lut[19][10] ;
; activation_block:act_inst|exp_lut[19][5]      ; Merged with activation_block:act_inst|exp_lut[19][10] ;
; activation_block:act_inst|exp_lut[19][6]      ; Merged with activation_block:act_inst|exp_lut[19][10] ;
; activation_block:act_inst|exp_lut[19][7]      ; Merged with activation_block:act_inst|exp_lut[19][10] ;
; activation_block:act_inst|exp_lut[19][8]      ; Merged with activation_block:act_inst|exp_lut[19][10] ;
; activation_block:act_inst|exp_lut[19][9]      ; Merged with activation_block:act_inst|exp_lut[19][10] ;
; activation_block:act_inst|sigmoid_lut[19][10] ; Merged with activation_block:act_inst|exp_lut[19][10] ;
; activation_block:act_inst|sigmoid_lut[19][11] ; Merged with activation_block:act_inst|exp_lut[19][10] ;
; activation_block:act_inst|sigmoid_lut[19][12] ; Merged with activation_block:act_inst|exp_lut[19][10] ;
; activation_block:act_inst|sigmoid_lut[19][13] ; Merged with activation_block:act_inst|exp_lut[19][10] ;
; activation_block:act_inst|sigmoid_lut[19][14] ; Merged with activation_block:act_inst|exp_lut[19][10] ;
; activation_block:act_inst|sigmoid_lut[19][15] ; Merged with activation_block:act_inst|exp_lut[19][10] ;
; activation_block:act_inst|sigmoid_lut[19][2]  ; Merged with activation_block:act_inst|exp_lut[19][10] ;
; activation_block:act_inst|sigmoid_lut[19][8]  ; Merged with activation_block:act_inst|exp_lut[19][10] ;
; activation_block:act_inst|sigmoid_lut[19][9]  ; Merged with activation_block:act_inst|exp_lut[19][10] ;
; activation_block:act_inst|tanh_lut[19][0]     ; Merged with activation_block:act_inst|exp_lut[19][10] ;
; activation_block:act_inst|tanh_lut[19][10]    ; Merged with activation_block:act_inst|exp_lut[19][10] ;
; activation_block:act_inst|tanh_lut[19][11]    ; Merged with activation_block:act_inst|exp_lut[19][10] ;
; activation_block:act_inst|tanh_lut[19][12]    ; Merged with activation_block:act_inst|exp_lut[19][10] ;
; activation_block:act_inst|tanh_lut[19][13]    ; Merged with activation_block:act_inst|exp_lut[19][10] ;
; activation_block:act_inst|tanh_lut[19][14]    ; Merged with activation_block:act_inst|exp_lut[19][10] ;
; activation_block:act_inst|tanh_lut[19][15]    ; Merged with activation_block:act_inst|exp_lut[19][10] ;
; activation_block:act_inst|tanh_lut[19][1]     ; Merged with activation_block:act_inst|exp_lut[19][10] ;
; activation_block:act_inst|tanh_lut[19][2]     ; Merged with activation_block:act_inst|exp_lut[19][10] ;
; activation_block:act_inst|tanh_lut[19][3]     ; Merged with activation_block:act_inst|exp_lut[19][10] ;
; activation_block:act_inst|tanh_lut[19][4]     ; Merged with activation_block:act_inst|exp_lut[19][10] ;
; activation_block:act_inst|tanh_lut[19][5]     ; Merged with activation_block:act_inst|exp_lut[19][10] ;
; activation_block:act_inst|tanh_lut[19][6]     ; Merged with activation_block:act_inst|exp_lut[19][10] ;
; activation_block:act_inst|tanh_lut[19][7]     ; Merged with activation_block:act_inst|exp_lut[19][10] ;
; activation_block:act_inst|tanh_lut[19][9]     ; Merged with activation_block:act_inst|exp_lut[19][10] ;
; activation_block:act_inst|exp_lut[20][11]     ; Merged with activation_block:act_inst|exp_lut[20][10] ;
; activation_block:act_inst|exp_lut[20][12]     ; Merged with activation_block:act_inst|exp_lut[20][10] ;
; activation_block:act_inst|exp_lut[20][13]     ; Merged with activation_block:act_inst|exp_lut[20][10] ;
; activation_block:act_inst|exp_lut[20][14]     ; Merged with activation_block:act_inst|exp_lut[20][10] ;
; activation_block:act_inst|exp_lut[20][15]     ; Merged with activation_block:act_inst|exp_lut[20][10] ;
; activation_block:act_inst|exp_lut[20][1]      ; Merged with activation_block:act_inst|exp_lut[20][10] ;
; activation_block:act_inst|exp_lut[20][3]      ; Merged with activation_block:act_inst|exp_lut[20][10] ;
; activation_block:act_inst|exp_lut[20][4]      ; Merged with activation_block:act_inst|exp_lut[20][10] ;
; activation_block:act_inst|exp_lut[20][5]      ; Merged with activation_block:act_inst|exp_lut[20][10] ;
; activation_block:act_inst|exp_lut[20][6]      ; Merged with activation_block:act_inst|exp_lut[20][10] ;
; activation_block:act_inst|exp_lut[20][7]      ; Merged with activation_block:act_inst|exp_lut[20][10] ;
; activation_block:act_inst|exp_lut[20][8]      ; Merged with activation_block:act_inst|exp_lut[20][10] ;
; activation_block:act_inst|exp_lut[20][9]      ; Merged with activation_block:act_inst|exp_lut[20][10] ;
; activation_block:act_inst|sigmoid_lut[20][10] ; Merged with activation_block:act_inst|exp_lut[20][10] ;
; activation_block:act_inst|sigmoid_lut[20][11] ; Merged with activation_block:act_inst|exp_lut[20][10] ;
; activation_block:act_inst|sigmoid_lut[20][12] ; Merged with activation_block:act_inst|exp_lut[20][10] ;
; activation_block:act_inst|sigmoid_lut[20][13] ; Merged with activation_block:act_inst|exp_lut[20][10] ;
; activation_block:act_inst|sigmoid_lut[20][14] ; Merged with activation_block:act_inst|exp_lut[20][10] ;
; activation_block:act_inst|sigmoid_lut[20][15] ; Merged with activation_block:act_inst|exp_lut[20][10] ;
; activation_block:act_inst|sigmoid_lut[20][2]  ; Merged with activation_block:act_inst|exp_lut[20][10] ;
; activation_block:act_inst|sigmoid_lut[20][8]  ; Merged with activation_block:act_inst|exp_lut[20][10] ;
; activation_block:act_inst|sigmoid_lut[20][9]  ; Merged with activation_block:act_inst|exp_lut[20][10] ;
; activation_block:act_inst|tanh_lut[20][0]     ; Merged with activation_block:act_inst|exp_lut[20][10] ;
; activation_block:act_inst|tanh_lut[20][10]    ; Merged with activation_block:act_inst|exp_lut[20][10] ;
; activation_block:act_inst|tanh_lut[20][11]    ; Merged with activation_block:act_inst|exp_lut[20][10] ;
; activation_block:act_inst|tanh_lut[20][12]    ; Merged with activation_block:act_inst|exp_lut[20][10] ;
; activation_block:act_inst|tanh_lut[20][13]    ; Merged with activation_block:act_inst|exp_lut[20][10] ;
; activation_block:act_inst|tanh_lut[20][14]    ; Merged with activation_block:act_inst|exp_lut[20][10] ;
; activation_block:act_inst|tanh_lut[20][15]    ; Merged with activation_block:act_inst|exp_lut[20][10] ;
; activation_block:act_inst|tanh_lut[20][1]     ; Merged with activation_block:act_inst|exp_lut[20][10] ;
; activation_block:act_inst|tanh_lut[20][2]     ; Merged with activation_block:act_inst|exp_lut[20][10] ;
; activation_block:act_inst|tanh_lut[20][3]     ; Merged with activation_block:act_inst|exp_lut[20][10] ;
; activation_block:act_inst|tanh_lut[20][4]     ; Merged with activation_block:act_inst|exp_lut[20][10] ;
; activation_block:act_inst|tanh_lut[20][5]     ; Merged with activation_block:act_inst|exp_lut[20][10] ;
; activation_block:act_inst|tanh_lut[20][6]     ; Merged with activation_block:act_inst|exp_lut[20][10] ;
; activation_block:act_inst|tanh_lut[20][7]     ; Merged with activation_block:act_inst|exp_lut[20][10] ;
; activation_block:act_inst|tanh_lut[20][9]     ; Merged with activation_block:act_inst|exp_lut[20][10] ;
; activation_block:act_inst|exp_lut[21][11]     ; Merged with activation_block:act_inst|exp_lut[21][10] ;
; activation_block:act_inst|exp_lut[21][12]     ; Merged with activation_block:act_inst|exp_lut[21][10] ;
; activation_block:act_inst|exp_lut[21][13]     ; Merged with activation_block:act_inst|exp_lut[21][10] ;
; activation_block:act_inst|exp_lut[21][14]     ; Merged with activation_block:act_inst|exp_lut[21][10] ;
; activation_block:act_inst|exp_lut[21][15]     ; Merged with activation_block:act_inst|exp_lut[21][10] ;
; activation_block:act_inst|exp_lut[21][1]      ; Merged with activation_block:act_inst|exp_lut[21][10] ;
; activation_block:act_inst|exp_lut[21][3]      ; Merged with activation_block:act_inst|exp_lut[21][10] ;
; activation_block:act_inst|exp_lut[21][4]      ; Merged with activation_block:act_inst|exp_lut[21][10] ;
; activation_block:act_inst|exp_lut[21][5]      ; Merged with activation_block:act_inst|exp_lut[21][10] ;
; activation_block:act_inst|exp_lut[21][6]      ; Merged with activation_block:act_inst|exp_lut[21][10] ;
; activation_block:act_inst|exp_lut[21][7]      ; Merged with activation_block:act_inst|exp_lut[21][10] ;
; activation_block:act_inst|exp_lut[21][8]      ; Merged with activation_block:act_inst|exp_lut[21][10] ;
; activation_block:act_inst|exp_lut[21][9]      ; Merged with activation_block:act_inst|exp_lut[21][10] ;
; activation_block:act_inst|sigmoid_lut[21][10] ; Merged with activation_block:act_inst|exp_lut[21][10] ;
; activation_block:act_inst|sigmoid_lut[21][11] ; Merged with activation_block:act_inst|exp_lut[21][10] ;
; activation_block:act_inst|sigmoid_lut[21][12] ; Merged with activation_block:act_inst|exp_lut[21][10] ;
; activation_block:act_inst|sigmoid_lut[21][13] ; Merged with activation_block:act_inst|exp_lut[21][10] ;
; activation_block:act_inst|sigmoid_lut[21][14] ; Merged with activation_block:act_inst|exp_lut[21][10] ;
; activation_block:act_inst|sigmoid_lut[21][15] ; Merged with activation_block:act_inst|exp_lut[21][10] ;
; activation_block:act_inst|sigmoid_lut[21][2]  ; Merged with activation_block:act_inst|exp_lut[21][10] ;
; activation_block:act_inst|sigmoid_lut[21][8]  ; Merged with activation_block:act_inst|exp_lut[21][10] ;
; activation_block:act_inst|sigmoid_lut[21][9]  ; Merged with activation_block:act_inst|exp_lut[21][10] ;
; activation_block:act_inst|tanh_lut[21][0]     ; Merged with activation_block:act_inst|exp_lut[21][10] ;
; activation_block:act_inst|tanh_lut[21][10]    ; Merged with activation_block:act_inst|exp_lut[21][10] ;
; activation_block:act_inst|tanh_lut[21][11]    ; Merged with activation_block:act_inst|exp_lut[21][10] ;
; activation_block:act_inst|tanh_lut[21][12]    ; Merged with activation_block:act_inst|exp_lut[21][10] ;
; activation_block:act_inst|tanh_lut[21][13]    ; Merged with activation_block:act_inst|exp_lut[21][10] ;
; activation_block:act_inst|tanh_lut[21][14]    ; Merged with activation_block:act_inst|exp_lut[21][10] ;
; activation_block:act_inst|tanh_lut[21][15]    ; Merged with activation_block:act_inst|exp_lut[21][10] ;
; activation_block:act_inst|tanh_lut[21][1]     ; Merged with activation_block:act_inst|exp_lut[21][10] ;
; activation_block:act_inst|tanh_lut[21][2]     ; Merged with activation_block:act_inst|exp_lut[21][10] ;
; activation_block:act_inst|tanh_lut[21][3]     ; Merged with activation_block:act_inst|exp_lut[21][10] ;
; activation_block:act_inst|tanh_lut[21][4]     ; Merged with activation_block:act_inst|exp_lut[21][10] ;
; activation_block:act_inst|tanh_lut[21][5]     ; Merged with activation_block:act_inst|exp_lut[21][10] ;
; activation_block:act_inst|tanh_lut[21][6]     ; Merged with activation_block:act_inst|exp_lut[21][10] ;
; activation_block:act_inst|tanh_lut[21][7]     ; Merged with activation_block:act_inst|exp_lut[21][10] ;
; activation_block:act_inst|tanh_lut[21][9]     ; Merged with activation_block:act_inst|exp_lut[21][10] ;
; activation_block:act_inst|exp_lut[22][11]     ; Merged with activation_block:act_inst|exp_lut[22][10] ;
; activation_block:act_inst|exp_lut[22][12]     ; Merged with activation_block:act_inst|exp_lut[22][10] ;
; activation_block:act_inst|exp_lut[22][13]     ; Merged with activation_block:act_inst|exp_lut[22][10] ;
; activation_block:act_inst|exp_lut[22][14]     ; Merged with activation_block:act_inst|exp_lut[22][10] ;
; activation_block:act_inst|exp_lut[22][15]     ; Merged with activation_block:act_inst|exp_lut[22][10] ;
; activation_block:act_inst|exp_lut[22][1]      ; Merged with activation_block:act_inst|exp_lut[22][10] ;
; activation_block:act_inst|exp_lut[22][3]      ; Merged with activation_block:act_inst|exp_lut[22][10] ;
; activation_block:act_inst|exp_lut[22][4]      ; Merged with activation_block:act_inst|exp_lut[22][10] ;
; activation_block:act_inst|exp_lut[22][5]      ; Merged with activation_block:act_inst|exp_lut[22][10] ;
; activation_block:act_inst|exp_lut[22][6]      ; Merged with activation_block:act_inst|exp_lut[22][10] ;
; activation_block:act_inst|exp_lut[22][7]      ; Merged with activation_block:act_inst|exp_lut[22][10] ;
; activation_block:act_inst|exp_lut[22][8]      ; Merged with activation_block:act_inst|exp_lut[22][10] ;
; activation_block:act_inst|exp_lut[22][9]      ; Merged with activation_block:act_inst|exp_lut[22][10] ;
; activation_block:act_inst|sigmoid_lut[22][10] ; Merged with activation_block:act_inst|exp_lut[22][10] ;
; activation_block:act_inst|sigmoid_lut[22][11] ; Merged with activation_block:act_inst|exp_lut[22][10] ;
; activation_block:act_inst|sigmoid_lut[22][12] ; Merged with activation_block:act_inst|exp_lut[22][10] ;
; activation_block:act_inst|sigmoid_lut[22][13] ; Merged with activation_block:act_inst|exp_lut[22][10] ;
; activation_block:act_inst|sigmoid_lut[22][14] ; Merged with activation_block:act_inst|exp_lut[22][10] ;
; activation_block:act_inst|sigmoid_lut[22][15] ; Merged with activation_block:act_inst|exp_lut[22][10] ;
; activation_block:act_inst|sigmoid_lut[22][2]  ; Merged with activation_block:act_inst|exp_lut[22][10] ;
; activation_block:act_inst|sigmoid_lut[22][8]  ; Merged with activation_block:act_inst|exp_lut[22][10] ;
; activation_block:act_inst|sigmoid_lut[22][9]  ; Merged with activation_block:act_inst|exp_lut[22][10] ;
; activation_block:act_inst|tanh_lut[22][0]     ; Merged with activation_block:act_inst|exp_lut[22][10] ;
; activation_block:act_inst|tanh_lut[22][10]    ; Merged with activation_block:act_inst|exp_lut[22][10] ;
; activation_block:act_inst|tanh_lut[22][11]    ; Merged with activation_block:act_inst|exp_lut[22][10] ;
; activation_block:act_inst|tanh_lut[22][12]    ; Merged with activation_block:act_inst|exp_lut[22][10] ;
; activation_block:act_inst|tanh_lut[22][13]    ; Merged with activation_block:act_inst|exp_lut[22][10] ;
; activation_block:act_inst|tanh_lut[22][14]    ; Merged with activation_block:act_inst|exp_lut[22][10] ;
; activation_block:act_inst|tanh_lut[22][15]    ; Merged with activation_block:act_inst|exp_lut[22][10] ;
; activation_block:act_inst|tanh_lut[22][1]     ; Merged with activation_block:act_inst|exp_lut[22][10] ;
; activation_block:act_inst|tanh_lut[22][2]     ; Merged with activation_block:act_inst|exp_lut[22][10] ;
; activation_block:act_inst|tanh_lut[22][3]     ; Merged with activation_block:act_inst|exp_lut[22][10] ;
; activation_block:act_inst|tanh_lut[22][4]     ; Merged with activation_block:act_inst|exp_lut[22][10] ;
; activation_block:act_inst|tanh_lut[22][5]     ; Merged with activation_block:act_inst|exp_lut[22][10] ;
; activation_block:act_inst|tanh_lut[22][6]     ; Merged with activation_block:act_inst|exp_lut[22][10] ;
; activation_block:act_inst|tanh_lut[22][7]     ; Merged with activation_block:act_inst|exp_lut[22][10] ;
; activation_block:act_inst|tanh_lut[22][9]     ; Merged with activation_block:act_inst|exp_lut[22][10] ;
; activation_block:act_inst|exp_lut[23][11]     ; Merged with activation_block:act_inst|exp_lut[23][10] ;
; activation_block:act_inst|exp_lut[23][12]     ; Merged with activation_block:act_inst|exp_lut[23][10] ;
; activation_block:act_inst|exp_lut[23][13]     ; Merged with activation_block:act_inst|exp_lut[23][10] ;
; activation_block:act_inst|exp_lut[23][14]     ; Merged with activation_block:act_inst|exp_lut[23][10] ;
; activation_block:act_inst|exp_lut[23][15]     ; Merged with activation_block:act_inst|exp_lut[23][10] ;
; activation_block:act_inst|exp_lut[23][1]      ; Merged with activation_block:act_inst|exp_lut[23][10] ;
; activation_block:act_inst|exp_lut[23][3]      ; Merged with activation_block:act_inst|exp_lut[23][10] ;
; activation_block:act_inst|exp_lut[23][4]      ; Merged with activation_block:act_inst|exp_lut[23][10] ;
; activation_block:act_inst|exp_lut[23][5]      ; Merged with activation_block:act_inst|exp_lut[23][10] ;
; activation_block:act_inst|exp_lut[23][6]      ; Merged with activation_block:act_inst|exp_lut[23][10] ;
; activation_block:act_inst|exp_lut[23][7]      ; Merged with activation_block:act_inst|exp_lut[23][10] ;
; activation_block:act_inst|exp_lut[23][8]      ; Merged with activation_block:act_inst|exp_lut[23][10] ;
; activation_block:act_inst|exp_lut[23][9]      ; Merged with activation_block:act_inst|exp_lut[23][10] ;
; activation_block:act_inst|sigmoid_lut[23][10] ; Merged with activation_block:act_inst|exp_lut[23][10] ;
; activation_block:act_inst|sigmoid_lut[23][11] ; Merged with activation_block:act_inst|exp_lut[23][10] ;
; activation_block:act_inst|sigmoid_lut[23][12] ; Merged with activation_block:act_inst|exp_lut[23][10] ;
; activation_block:act_inst|sigmoid_lut[23][13] ; Merged with activation_block:act_inst|exp_lut[23][10] ;
; activation_block:act_inst|sigmoid_lut[23][14] ; Merged with activation_block:act_inst|exp_lut[23][10] ;
; activation_block:act_inst|sigmoid_lut[23][15] ; Merged with activation_block:act_inst|exp_lut[23][10] ;
; activation_block:act_inst|sigmoid_lut[23][2]  ; Merged with activation_block:act_inst|exp_lut[23][10] ;
; activation_block:act_inst|sigmoid_lut[23][8]  ; Merged with activation_block:act_inst|exp_lut[23][10] ;
; activation_block:act_inst|sigmoid_lut[23][9]  ; Merged with activation_block:act_inst|exp_lut[23][10] ;
; activation_block:act_inst|tanh_lut[23][0]     ; Merged with activation_block:act_inst|exp_lut[23][10] ;
; activation_block:act_inst|tanh_lut[23][10]    ; Merged with activation_block:act_inst|exp_lut[23][10] ;
; activation_block:act_inst|tanh_lut[23][11]    ; Merged with activation_block:act_inst|exp_lut[23][10] ;
; activation_block:act_inst|tanh_lut[23][12]    ; Merged with activation_block:act_inst|exp_lut[23][10] ;
; activation_block:act_inst|tanh_lut[23][13]    ; Merged with activation_block:act_inst|exp_lut[23][10] ;
; activation_block:act_inst|tanh_lut[23][14]    ; Merged with activation_block:act_inst|exp_lut[23][10] ;
; activation_block:act_inst|tanh_lut[23][15]    ; Merged with activation_block:act_inst|exp_lut[23][10] ;
; activation_block:act_inst|tanh_lut[23][1]     ; Merged with activation_block:act_inst|exp_lut[23][10] ;
; activation_block:act_inst|tanh_lut[23][2]     ; Merged with activation_block:act_inst|exp_lut[23][10] ;
; activation_block:act_inst|tanh_lut[23][3]     ; Merged with activation_block:act_inst|exp_lut[23][10] ;
; activation_block:act_inst|tanh_lut[23][4]     ; Merged with activation_block:act_inst|exp_lut[23][10] ;
; activation_block:act_inst|tanh_lut[23][5]     ; Merged with activation_block:act_inst|exp_lut[23][10] ;
; activation_block:act_inst|tanh_lut[23][6]     ; Merged with activation_block:act_inst|exp_lut[23][10] ;
; activation_block:act_inst|tanh_lut[23][7]     ; Merged with activation_block:act_inst|exp_lut[23][10] ;
; activation_block:act_inst|tanh_lut[23][9]     ; Merged with activation_block:act_inst|exp_lut[23][10] ;
; activation_block:act_inst|exp_lut[24][11]     ; Merged with activation_block:act_inst|exp_lut[24][10] ;
; activation_block:act_inst|exp_lut[24][12]     ; Merged with activation_block:act_inst|exp_lut[24][10] ;
; activation_block:act_inst|exp_lut[24][13]     ; Merged with activation_block:act_inst|exp_lut[24][10] ;
; activation_block:act_inst|exp_lut[24][14]     ; Merged with activation_block:act_inst|exp_lut[24][10] ;
; activation_block:act_inst|exp_lut[24][15]     ; Merged with activation_block:act_inst|exp_lut[24][10] ;
; activation_block:act_inst|exp_lut[24][1]      ; Merged with activation_block:act_inst|exp_lut[24][10] ;
; activation_block:act_inst|exp_lut[24][3]      ; Merged with activation_block:act_inst|exp_lut[24][10] ;
; activation_block:act_inst|exp_lut[24][4]      ; Merged with activation_block:act_inst|exp_lut[24][10] ;
; activation_block:act_inst|exp_lut[24][5]      ; Merged with activation_block:act_inst|exp_lut[24][10] ;
; activation_block:act_inst|exp_lut[24][6]      ; Merged with activation_block:act_inst|exp_lut[24][10] ;
; activation_block:act_inst|exp_lut[24][7]      ; Merged with activation_block:act_inst|exp_lut[24][10] ;
; activation_block:act_inst|exp_lut[24][8]      ; Merged with activation_block:act_inst|exp_lut[24][10] ;
; activation_block:act_inst|exp_lut[24][9]      ; Merged with activation_block:act_inst|exp_lut[24][10] ;
; activation_block:act_inst|sigmoid_lut[24][10] ; Merged with activation_block:act_inst|exp_lut[24][10] ;
; activation_block:act_inst|sigmoid_lut[24][11] ; Merged with activation_block:act_inst|exp_lut[24][10] ;
; activation_block:act_inst|sigmoid_lut[24][12] ; Merged with activation_block:act_inst|exp_lut[24][10] ;
; activation_block:act_inst|sigmoid_lut[24][13] ; Merged with activation_block:act_inst|exp_lut[24][10] ;
; activation_block:act_inst|sigmoid_lut[24][14] ; Merged with activation_block:act_inst|exp_lut[24][10] ;
; activation_block:act_inst|sigmoid_lut[24][15] ; Merged with activation_block:act_inst|exp_lut[24][10] ;
; activation_block:act_inst|sigmoid_lut[24][2]  ; Merged with activation_block:act_inst|exp_lut[24][10] ;
; activation_block:act_inst|sigmoid_lut[24][8]  ; Merged with activation_block:act_inst|exp_lut[24][10] ;
; activation_block:act_inst|sigmoid_lut[24][9]  ; Merged with activation_block:act_inst|exp_lut[24][10] ;
; activation_block:act_inst|tanh_lut[24][0]     ; Merged with activation_block:act_inst|exp_lut[24][10] ;
; activation_block:act_inst|tanh_lut[24][10]    ; Merged with activation_block:act_inst|exp_lut[24][10] ;
; activation_block:act_inst|tanh_lut[24][11]    ; Merged with activation_block:act_inst|exp_lut[24][10] ;
; activation_block:act_inst|tanh_lut[24][12]    ; Merged with activation_block:act_inst|exp_lut[24][10] ;
; activation_block:act_inst|tanh_lut[24][13]    ; Merged with activation_block:act_inst|exp_lut[24][10] ;
; activation_block:act_inst|tanh_lut[24][14]    ; Merged with activation_block:act_inst|exp_lut[24][10] ;
; activation_block:act_inst|tanh_lut[24][15]    ; Merged with activation_block:act_inst|exp_lut[24][10] ;
; activation_block:act_inst|tanh_lut[24][1]     ; Merged with activation_block:act_inst|exp_lut[24][10] ;
; activation_block:act_inst|tanh_lut[24][2]     ; Merged with activation_block:act_inst|exp_lut[24][10] ;
; activation_block:act_inst|tanh_lut[24][3]     ; Merged with activation_block:act_inst|exp_lut[24][10] ;
; activation_block:act_inst|tanh_lut[24][4]     ; Merged with activation_block:act_inst|exp_lut[24][10] ;
; activation_block:act_inst|tanh_lut[24][5]     ; Merged with activation_block:act_inst|exp_lut[24][10] ;
; activation_block:act_inst|tanh_lut[24][6]     ; Merged with activation_block:act_inst|exp_lut[24][10] ;
; activation_block:act_inst|tanh_lut[24][7]     ; Merged with activation_block:act_inst|exp_lut[24][10] ;
; activation_block:act_inst|tanh_lut[24][9]     ; Merged with activation_block:act_inst|exp_lut[24][10] ;
; activation_block:act_inst|exp_lut[25][11]     ; Merged with activation_block:act_inst|exp_lut[25][10] ;
; activation_block:act_inst|exp_lut[25][12]     ; Merged with activation_block:act_inst|exp_lut[25][10] ;
; activation_block:act_inst|exp_lut[25][13]     ; Merged with activation_block:act_inst|exp_lut[25][10] ;
; activation_block:act_inst|exp_lut[25][14]     ; Merged with activation_block:act_inst|exp_lut[25][10] ;
; activation_block:act_inst|exp_lut[25][15]     ; Merged with activation_block:act_inst|exp_lut[25][10] ;
; activation_block:act_inst|exp_lut[25][1]      ; Merged with activation_block:act_inst|exp_lut[25][10] ;
; activation_block:act_inst|exp_lut[25][3]      ; Merged with activation_block:act_inst|exp_lut[25][10] ;
; activation_block:act_inst|exp_lut[25][4]      ; Merged with activation_block:act_inst|exp_lut[25][10] ;
; activation_block:act_inst|exp_lut[25][5]      ; Merged with activation_block:act_inst|exp_lut[25][10] ;
; activation_block:act_inst|exp_lut[25][6]      ; Merged with activation_block:act_inst|exp_lut[25][10] ;
; activation_block:act_inst|exp_lut[25][7]      ; Merged with activation_block:act_inst|exp_lut[25][10] ;
; activation_block:act_inst|exp_lut[25][8]      ; Merged with activation_block:act_inst|exp_lut[25][10] ;
; activation_block:act_inst|exp_lut[25][9]      ; Merged with activation_block:act_inst|exp_lut[25][10] ;
; activation_block:act_inst|sigmoid_lut[25][10] ; Merged with activation_block:act_inst|exp_lut[25][10] ;
; activation_block:act_inst|sigmoid_lut[25][11] ; Merged with activation_block:act_inst|exp_lut[25][10] ;
; activation_block:act_inst|sigmoid_lut[25][12] ; Merged with activation_block:act_inst|exp_lut[25][10] ;
; activation_block:act_inst|sigmoid_lut[25][13] ; Merged with activation_block:act_inst|exp_lut[25][10] ;
; activation_block:act_inst|sigmoid_lut[25][14] ; Merged with activation_block:act_inst|exp_lut[25][10] ;
; activation_block:act_inst|sigmoid_lut[25][15] ; Merged with activation_block:act_inst|exp_lut[25][10] ;
; activation_block:act_inst|sigmoid_lut[25][2]  ; Merged with activation_block:act_inst|exp_lut[25][10] ;
; activation_block:act_inst|sigmoid_lut[25][8]  ; Merged with activation_block:act_inst|exp_lut[25][10] ;
; activation_block:act_inst|sigmoid_lut[25][9]  ; Merged with activation_block:act_inst|exp_lut[25][10] ;
; activation_block:act_inst|tanh_lut[25][0]     ; Merged with activation_block:act_inst|exp_lut[25][10] ;
; activation_block:act_inst|tanh_lut[25][10]    ; Merged with activation_block:act_inst|exp_lut[25][10] ;
; activation_block:act_inst|tanh_lut[25][11]    ; Merged with activation_block:act_inst|exp_lut[25][10] ;
; activation_block:act_inst|tanh_lut[25][12]    ; Merged with activation_block:act_inst|exp_lut[25][10] ;
; activation_block:act_inst|tanh_lut[25][13]    ; Merged with activation_block:act_inst|exp_lut[25][10] ;
; activation_block:act_inst|tanh_lut[25][14]    ; Merged with activation_block:act_inst|exp_lut[25][10] ;
; activation_block:act_inst|tanh_lut[25][15]    ; Merged with activation_block:act_inst|exp_lut[25][10] ;
; activation_block:act_inst|tanh_lut[25][1]     ; Merged with activation_block:act_inst|exp_lut[25][10] ;
; activation_block:act_inst|tanh_lut[25][2]     ; Merged with activation_block:act_inst|exp_lut[25][10] ;
; activation_block:act_inst|tanh_lut[25][3]     ; Merged with activation_block:act_inst|exp_lut[25][10] ;
; activation_block:act_inst|tanh_lut[25][4]     ; Merged with activation_block:act_inst|exp_lut[25][10] ;
; activation_block:act_inst|tanh_lut[25][5]     ; Merged with activation_block:act_inst|exp_lut[25][10] ;
; activation_block:act_inst|tanh_lut[25][6]     ; Merged with activation_block:act_inst|exp_lut[25][10] ;
; activation_block:act_inst|tanh_lut[25][7]     ; Merged with activation_block:act_inst|exp_lut[25][10] ;
; activation_block:act_inst|tanh_lut[25][9]     ; Merged with activation_block:act_inst|exp_lut[25][10] ;
; activation_block:act_inst|exp_lut[26][11]     ; Merged with activation_block:act_inst|exp_lut[26][10] ;
; activation_block:act_inst|exp_lut[26][12]     ; Merged with activation_block:act_inst|exp_lut[26][10] ;
; activation_block:act_inst|exp_lut[26][13]     ; Merged with activation_block:act_inst|exp_lut[26][10] ;
; activation_block:act_inst|exp_lut[26][14]     ; Merged with activation_block:act_inst|exp_lut[26][10] ;
; activation_block:act_inst|exp_lut[26][15]     ; Merged with activation_block:act_inst|exp_lut[26][10] ;
; activation_block:act_inst|exp_lut[26][1]      ; Merged with activation_block:act_inst|exp_lut[26][10] ;
; activation_block:act_inst|exp_lut[26][3]      ; Merged with activation_block:act_inst|exp_lut[26][10] ;
; activation_block:act_inst|exp_lut[26][4]      ; Merged with activation_block:act_inst|exp_lut[26][10] ;
; activation_block:act_inst|exp_lut[26][5]      ; Merged with activation_block:act_inst|exp_lut[26][10] ;
; activation_block:act_inst|exp_lut[26][6]      ; Merged with activation_block:act_inst|exp_lut[26][10] ;
; activation_block:act_inst|exp_lut[26][7]      ; Merged with activation_block:act_inst|exp_lut[26][10] ;
; activation_block:act_inst|exp_lut[26][8]      ; Merged with activation_block:act_inst|exp_lut[26][10] ;
; activation_block:act_inst|exp_lut[26][9]      ; Merged with activation_block:act_inst|exp_lut[26][10] ;
; activation_block:act_inst|sigmoid_lut[26][10] ; Merged with activation_block:act_inst|exp_lut[26][10] ;
; activation_block:act_inst|sigmoid_lut[26][11] ; Merged with activation_block:act_inst|exp_lut[26][10] ;
; activation_block:act_inst|sigmoid_lut[26][12] ; Merged with activation_block:act_inst|exp_lut[26][10] ;
; activation_block:act_inst|sigmoid_lut[26][13] ; Merged with activation_block:act_inst|exp_lut[26][10] ;
; activation_block:act_inst|sigmoid_lut[26][14] ; Merged with activation_block:act_inst|exp_lut[26][10] ;
; activation_block:act_inst|sigmoid_lut[26][15] ; Merged with activation_block:act_inst|exp_lut[26][10] ;
; activation_block:act_inst|sigmoid_lut[26][2]  ; Merged with activation_block:act_inst|exp_lut[26][10] ;
; activation_block:act_inst|sigmoid_lut[26][8]  ; Merged with activation_block:act_inst|exp_lut[26][10] ;
; activation_block:act_inst|sigmoid_lut[26][9]  ; Merged with activation_block:act_inst|exp_lut[26][10] ;
; activation_block:act_inst|tanh_lut[26][0]     ; Merged with activation_block:act_inst|exp_lut[26][10] ;
; activation_block:act_inst|tanh_lut[26][10]    ; Merged with activation_block:act_inst|exp_lut[26][10] ;
; activation_block:act_inst|tanh_lut[26][11]    ; Merged with activation_block:act_inst|exp_lut[26][10] ;
; activation_block:act_inst|tanh_lut[26][12]    ; Merged with activation_block:act_inst|exp_lut[26][10] ;
; activation_block:act_inst|tanh_lut[26][13]    ; Merged with activation_block:act_inst|exp_lut[26][10] ;
; activation_block:act_inst|tanh_lut[26][14]    ; Merged with activation_block:act_inst|exp_lut[26][10] ;
; activation_block:act_inst|tanh_lut[26][15]    ; Merged with activation_block:act_inst|exp_lut[26][10] ;
; activation_block:act_inst|tanh_lut[26][1]     ; Merged with activation_block:act_inst|exp_lut[26][10] ;
; activation_block:act_inst|tanh_lut[26][2]     ; Merged with activation_block:act_inst|exp_lut[26][10] ;
; activation_block:act_inst|tanh_lut[26][3]     ; Merged with activation_block:act_inst|exp_lut[26][10] ;
; activation_block:act_inst|tanh_lut[26][4]     ; Merged with activation_block:act_inst|exp_lut[26][10] ;
; activation_block:act_inst|tanh_lut[26][5]     ; Merged with activation_block:act_inst|exp_lut[26][10] ;
; activation_block:act_inst|tanh_lut[26][6]     ; Merged with activation_block:act_inst|exp_lut[26][10] ;
; activation_block:act_inst|tanh_lut[26][7]     ; Merged with activation_block:act_inst|exp_lut[26][10] ;
; activation_block:act_inst|tanh_lut[26][9]     ; Merged with activation_block:act_inst|exp_lut[26][10] ;
; activation_block:act_inst|exp_lut[27][11]     ; Merged with activation_block:act_inst|exp_lut[27][10] ;
; activation_block:act_inst|exp_lut[27][12]     ; Merged with activation_block:act_inst|exp_lut[27][10] ;
; activation_block:act_inst|exp_lut[27][13]     ; Merged with activation_block:act_inst|exp_lut[27][10] ;
; activation_block:act_inst|exp_lut[27][14]     ; Merged with activation_block:act_inst|exp_lut[27][10] ;
; activation_block:act_inst|exp_lut[27][15]     ; Merged with activation_block:act_inst|exp_lut[27][10] ;
; activation_block:act_inst|exp_lut[27][1]      ; Merged with activation_block:act_inst|exp_lut[27][10] ;
; activation_block:act_inst|exp_lut[27][3]      ; Merged with activation_block:act_inst|exp_lut[27][10] ;
; activation_block:act_inst|exp_lut[27][4]      ; Merged with activation_block:act_inst|exp_lut[27][10] ;
; activation_block:act_inst|exp_lut[27][5]      ; Merged with activation_block:act_inst|exp_lut[27][10] ;
; activation_block:act_inst|exp_lut[27][6]      ; Merged with activation_block:act_inst|exp_lut[27][10] ;
; activation_block:act_inst|exp_lut[27][7]      ; Merged with activation_block:act_inst|exp_lut[27][10] ;
; activation_block:act_inst|exp_lut[27][8]      ; Merged with activation_block:act_inst|exp_lut[27][10] ;
; activation_block:act_inst|exp_lut[27][9]      ; Merged with activation_block:act_inst|exp_lut[27][10] ;
; activation_block:act_inst|sigmoid_lut[27][10] ; Merged with activation_block:act_inst|exp_lut[27][10] ;
; activation_block:act_inst|sigmoid_lut[27][11] ; Merged with activation_block:act_inst|exp_lut[27][10] ;
; activation_block:act_inst|sigmoid_lut[27][12] ; Merged with activation_block:act_inst|exp_lut[27][10] ;
; activation_block:act_inst|sigmoid_lut[27][13] ; Merged with activation_block:act_inst|exp_lut[27][10] ;
; activation_block:act_inst|sigmoid_lut[27][14] ; Merged with activation_block:act_inst|exp_lut[27][10] ;
; activation_block:act_inst|sigmoid_lut[27][15] ; Merged with activation_block:act_inst|exp_lut[27][10] ;
; activation_block:act_inst|sigmoid_lut[27][2]  ; Merged with activation_block:act_inst|exp_lut[27][10] ;
; activation_block:act_inst|sigmoid_lut[27][8]  ; Merged with activation_block:act_inst|exp_lut[27][10] ;
; activation_block:act_inst|sigmoid_lut[27][9]  ; Merged with activation_block:act_inst|exp_lut[27][10] ;
; activation_block:act_inst|tanh_lut[27][0]     ; Merged with activation_block:act_inst|exp_lut[27][10] ;
; activation_block:act_inst|tanh_lut[27][10]    ; Merged with activation_block:act_inst|exp_lut[27][10] ;
; activation_block:act_inst|tanh_lut[27][11]    ; Merged with activation_block:act_inst|exp_lut[27][10] ;
; activation_block:act_inst|tanh_lut[27][12]    ; Merged with activation_block:act_inst|exp_lut[27][10] ;
; activation_block:act_inst|tanh_lut[27][13]    ; Merged with activation_block:act_inst|exp_lut[27][10] ;
; activation_block:act_inst|tanh_lut[27][14]    ; Merged with activation_block:act_inst|exp_lut[27][10] ;
; activation_block:act_inst|tanh_lut[27][15]    ; Merged with activation_block:act_inst|exp_lut[27][10] ;
; activation_block:act_inst|tanh_lut[27][1]     ; Merged with activation_block:act_inst|exp_lut[27][10] ;
; activation_block:act_inst|tanh_lut[27][2]     ; Merged with activation_block:act_inst|exp_lut[27][10] ;
; activation_block:act_inst|tanh_lut[27][3]     ; Merged with activation_block:act_inst|exp_lut[27][10] ;
; activation_block:act_inst|tanh_lut[27][4]     ; Merged with activation_block:act_inst|exp_lut[27][10] ;
; activation_block:act_inst|tanh_lut[27][5]     ; Merged with activation_block:act_inst|exp_lut[27][10] ;
; activation_block:act_inst|tanh_lut[27][6]     ; Merged with activation_block:act_inst|exp_lut[27][10] ;
; activation_block:act_inst|tanh_lut[27][7]     ; Merged with activation_block:act_inst|exp_lut[27][10] ;
; activation_block:act_inst|tanh_lut[27][9]     ; Merged with activation_block:act_inst|exp_lut[27][10] ;
; activation_block:act_inst|exp_lut[28][11]     ; Merged with activation_block:act_inst|exp_lut[28][10] ;
; activation_block:act_inst|exp_lut[28][12]     ; Merged with activation_block:act_inst|exp_lut[28][10] ;
; activation_block:act_inst|exp_lut[28][13]     ; Merged with activation_block:act_inst|exp_lut[28][10] ;
; activation_block:act_inst|exp_lut[28][14]     ; Merged with activation_block:act_inst|exp_lut[28][10] ;
; activation_block:act_inst|exp_lut[28][15]     ; Merged with activation_block:act_inst|exp_lut[28][10] ;
; activation_block:act_inst|exp_lut[28][1]      ; Merged with activation_block:act_inst|exp_lut[28][10] ;
; activation_block:act_inst|exp_lut[28][3]      ; Merged with activation_block:act_inst|exp_lut[28][10] ;
; activation_block:act_inst|exp_lut[28][4]      ; Merged with activation_block:act_inst|exp_lut[28][10] ;
; activation_block:act_inst|exp_lut[28][5]      ; Merged with activation_block:act_inst|exp_lut[28][10] ;
; activation_block:act_inst|exp_lut[28][6]      ; Merged with activation_block:act_inst|exp_lut[28][10] ;
; activation_block:act_inst|exp_lut[28][7]      ; Merged with activation_block:act_inst|exp_lut[28][10] ;
; activation_block:act_inst|exp_lut[28][8]      ; Merged with activation_block:act_inst|exp_lut[28][10] ;
; activation_block:act_inst|exp_lut[28][9]      ; Merged with activation_block:act_inst|exp_lut[28][10] ;
; activation_block:act_inst|sigmoid_lut[28][10] ; Merged with activation_block:act_inst|exp_lut[28][10] ;
; activation_block:act_inst|sigmoid_lut[28][11] ; Merged with activation_block:act_inst|exp_lut[28][10] ;
; activation_block:act_inst|sigmoid_lut[28][12] ; Merged with activation_block:act_inst|exp_lut[28][10] ;
; activation_block:act_inst|sigmoid_lut[28][13] ; Merged with activation_block:act_inst|exp_lut[28][10] ;
; activation_block:act_inst|sigmoid_lut[28][14] ; Merged with activation_block:act_inst|exp_lut[28][10] ;
; activation_block:act_inst|sigmoid_lut[28][15] ; Merged with activation_block:act_inst|exp_lut[28][10] ;
; activation_block:act_inst|sigmoid_lut[28][2]  ; Merged with activation_block:act_inst|exp_lut[28][10] ;
; activation_block:act_inst|sigmoid_lut[28][8]  ; Merged with activation_block:act_inst|exp_lut[28][10] ;
; activation_block:act_inst|sigmoid_lut[28][9]  ; Merged with activation_block:act_inst|exp_lut[28][10] ;
; activation_block:act_inst|tanh_lut[28][0]     ; Merged with activation_block:act_inst|exp_lut[28][10] ;
; activation_block:act_inst|tanh_lut[28][10]    ; Merged with activation_block:act_inst|exp_lut[28][10] ;
; activation_block:act_inst|tanh_lut[28][11]    ; Merged with activation_block:act_inst|exp_lut[28][10] ;
; activation_block:act_inst|tanh_lut[28][12]    ; Merged with activation_block:act_inst|exp_lut[28][10] ;
; activation_block:act_inst|tanh_lut[28][13]    ; Merged with activation_block:act_inst|exp_lut[28][10] ;
; activation_block:act_inst|tanh_lut[28][14]    ; Merged with activation_block:act_inst|exp_lut[28][10] ;
; activation_block:act_inst|tanh_lut[28][15]    ; Merged with activation_block:act_inst|exp_lut[28][10] ;
; activation_block:act_inst|tanh_lut[28][1]     ; Merged with activation_block:act_inst|exp_lut[28][10] ;
; activation_block:act_inst|tanh_lut[28][2]     ; Merged with activation_block:act_inst|exp_lut[28][10] ;
; activation_block:act_inst|tanh_lut[28][3]     ; Merged with activation_block:act_inst|exp_lut[28][10] ;
; activation_block:act_inst|tanh_lut[28][4]     ; Merged with activation_block:act_inst|exp_lut[28][10] ;
; activation_block:act_inst|tanh_lut[28][5]     ; Merged with activation_block:act_inst|exp_lut[28][10] ;
; activation_block:act_inst|tanh_lut[28][6]     ; Merged with activation_block:act_inst|exp_lut[28][10] ;
; activation_block:act_inst|tanh_lut[28][7]     ; Merged with activation_block:act_inst|exp_lut[28][10] ;
; activation_block:act_inst|tanh_lut[28][9]     ; Merged with activation_block:act_inst|exp_lut[28][10] ;
; activation_block:act_inst|exp_lut[29][11]     ; Merged with activation_block:act_inst|exp_lut[29][10] ;
; activation_block:act_inst|exp_lut[29][12]     ; Merged with activation_block:act_inst|exp_lut[29][10] ;
; activation_block:act_inst|exp_lut[29][13]     ; Merged with activation_block:act_inst|exp_lut[29][10] ;
; activation_block:act_inst|exp_lut[29][14]     ; Merged with activation_block:act_inst|exp_lut[29][10] ;
; activation_block:act_inst|exp_lut[29][15]     ; Merged with activation_block:act_inst|exp_lut[29][10] ;
; activation_block:act_inst|exp_lut[29][1]      ; Merged with activation_block:act_inst|exp_lut[29][10] ;
; activation_block:act_inst|exp_lut[29][3]      ; Merged with activation_block:act_inst|exp_lut[29][10] ;
; activation_block:act_inst|exp_lut[29][4]      ; Merged with activation_block:act_inst|exp_lut[29][10] ;
; activation_block:act_inst|exp_lut[29][5]      ; Merged with activation_block:act_inst|exp_lut[29][10] ;
; activation_block:act_inst|exp_lut[29][6]      ; Merged with activation_block:act_inst|exp_lut[29][10] ;
; activation_block:act_inst|exp_lut[29][7]      ; Merged with activation_block:act_inst|exp_lut[29][10] ;
; activation_block:act_inst|exp_lut[29][8]      ; Merged with activation_block:act_inst|exp_lut[29][10] ;
; activation_block:act_inst|exp_lut[29][9]      ; Merged with activation_block:act_inst|exp_lut[29][10] ;
; activation_block:act_inst|sigmoid_lut[29][10] ; Merged with activation_block:act_inst|exp_lut[29][10] ;
; activation_block:act_inst|sigmoid_lut[29][11] ; Merged with activation_block:act_inst|exp_lut[29][10] ;
; activation_block:act_inst|sigmoid_lut[29][12] ; Merged with activation_block:act_inst|exp_lut[29][10] ;
; activation_block:act_inst|sigmoid_lut[29][13] ; Merged with activation_block:act_inst|exp_lut[29][10] ;
; activation_block:act_inst|sigmoid_lut[29][14] ; Merged with activation_block:act_inst|exp_lut[29][10] ;
; activation_block:act_inst|sigmoid_lut[29][15] ; Merged with activation_block:act_inst|exp_lut[29][10] ;
; activation_block:act_inst|sigmoid_lut[29][2]  ; Merged with activation_block:act_inst|exp_lut[29][10] ;
; activation_block:act_inst|sigmoid_lut[29][8]  ; Merged with activation_block:act_inst|exp_lut[29][10] ;
; activation_block:act_inst|sigmoid_lut[29][9]  ; Merged with activation_block:act_inst|exp_lut[29][10] ;
; activation_block:act_inst|tanh_lut[29][0]     ; Merged with activation_block:act_inst|exp_lut[29][10] ;
; activation_block:act_inst|tanh_lut[29][10]    ; Merged with activation_block:act_inst|exp_lut[29][10] ;
; activation_block:act_inst|tanh_lut[29][11]    ; Merged with activation_block:act_inst|exp_lut[29][10] ;
; activation_block:act_inst|tanh_lut[29][12]    ; Merged with activation_block:act_inst|exp_lut[29][10] ;
; activation_block:act_inst|tanh_lut[29][13]    ; Merged with activation_block:act_inst|exp_lut[29][10] ;
; activation_block:act_inst|tanh_lut[29][14]    ; Merged with activation_block:act_inst|exp_lut[29][10] ;
; activation_block:act_inst|tanh_lut[29][15]    ; Merged with activation_block:act_inst|exp_lut[29][10] ;
; activation_block:act_inst|tanh_lut[29][1]     ; Merged with activation_block:act_inst|exp_lut[29][10] ;
; activation_block:act_inst|tanh_lut[29][2]     ; Merged with activation_block:act_inst|exp_lut[29][10] ;
; activation_block:act_inst|tanh_lut[29][3]     ; Merged with activation_block:act_inst|exp_lut[29][10] ;
; activation_block:act_inst|tanh_lut[29][4]     ; Merged with activation_block:act_inst|exp_lut[29][10] ;
; activation_block:act_inst|tanh_lut[29][5]     ; Merged with activation_block:act_inst|exp_lut[29][10] ;
; activation_block:act_inst|tanh_lut[29][6]     ; Merged with activation_block:act_inst|exp_lut[29][10] ;
; activation_block:act_inst|tanh_lut[29][7]     ; Merged with activation_block:act_inst|exp_lut[29][10] ;
; activation_block:act_inst|tanh_lut[29][9]     ; Merged with activation_block:act_inst|exp_lut[29][10] ;
; activation_block:act_inst|exp_lut[30][11]     ; Merged with activation_block:act_inst|exp_lut[30][10] ;
; activation_block:act_inst|exp_lut[30][12]     ; Merged with activation_block:act_inst|exp_lut[30][10] ;
; activation_block:act_inst|exp_lut[30][13]     ; Merged with activation_block:act_inst|exp_lut[30][10] ;
; activation_block:act_inst|exp_lut[30][14]     ; Merged with activation_block:act_inst|exp_lut[30][10] ;
; activation_block:act_inst|exp_lut[30][15]     ; Merged with activation_block:act_inst|exp_lut[30][10] ;
; activation_block:act_inst|exp_lut[30][1]      ; Merged with activation_block:act_inst|exp_lut[30][10] ;
; activation_block:act_inst|exp_lut[30][3]      ; Merged with activation_block:act_inst|exp_lut[30][10] ;
; activation_block:act_inst|exp_lut[30][4]      ; Merged with activation_block:act_inst|exp_lut[30][10] ;
; activation_block:act_inst|exp_lut[30][5]      ; Merged with activation_block:act_inst|exp_lut[30][10] ;
; activation_block:act_inst|exp_lut[30][6]      ; Merged with activation_block:act_inst|exp_lut[30][10] ;
; activation_block:act_inst|exp_lut[30][7]      ; Merged with activation_block:act_inst|exp_lut[30][10] ;
; activation_block:act_inst|exp_lut[30][8]      ; Merged with activation_block:act_inst|exp_lut[30][10] ;
; activation_block:act_inst|exp_lut[30][9]      ; Merged with activation_block:act_inst|exp_lut[30][10] ;
; activation_block:act_inst|sigmoid_lut[30][10] ; Merged with activation_block:act_inst|exp_lut[30][10] ;
; activation_block:act_inst|sigmoid_lut[30][11] ; Merged with activation_block:act_inst|exp_lut[30][10] ;
; activation_block:act_inst|sigmoid_lut[30][12] ; Merged with activation_block:act_inst|exp_lut[30][10] ;
; activation_block:act_inst|sigmoid_lut[30][13] ; Merged with activation_block:act_inst|exp_lut[30][10] ;
; activation_block:act_inst|sigmoid_lut[30][14] ; Merged with activation_block:act_inst|exp_lut[30][10] ;
; activation_block:act_inst|sigmoid_lut[30][15] ; Merged with activation_block:act_inst|exp_lut[30][10] ;
; activation_block:act_inst|sigmoid_lut[30][2]  ; Merged with activation_block:act_inst|exp_lut[30][10] ;
; activation_block:act_inst|sigmoid_lut[30][8]  ; Merged with activation_block:act_inst|exp_lut[30][10] ;
; activation_block:act_inst|sigmoid_lut[30][9]  ; Merged with activation_block:act_inst|exp_lut[30][10] ;
; activation_block:act_inst|tanh_lut[30][0]     ; Merged with activation_block:act_inst|exp_lut[30][10] ;
; activation_block:act_inst|tanh_lut[30][10]    ; Merged with activation_block:act_inst|exp_lut[30][10] ;
; activation_block:act_inst|tanh_lut[30][11]    ; Merged with activation_block:act_inst|exp_lut[30][10] ;
; activation_block:act_inst|tanh_lut[30][12]    ; Merged with activation_block:act_inst|exp_lut[30][10] ;
; activation_block:act_inst|tanh_lut[30][13]    ; Merged with activation_block:act_inst|exp_lut[30][10] ;
; activation_block:act_inst|tanh_lut[30][14]    ; Merged with activation_block:act_inst|exp_lut[30][10] ;
; activation_block:act_inst|tanh_lut[30][15]    ; Merged with activation_block:act_inst|exp_lut[30][10] ;
; activation_block:act_inst|tanh_lut[30][1]     ; Merged with activation_block:act_inst|exp_lut[30][10] ;
; activation_block:act_inst|tanh_lut[30][2]     ; Merged with activation_block:act_inst|exp_lut[30][10] ;
; activation_block:act_inst|tanh_lut[30][3]     ; Merged with activation_block:act_inst|exp_lut[30][10] ;
; activation_block:act_inst|tanh_lut[30][4]     ; Merged with activation_block:act_inst|exp_lut[30][10] ;
; activation_block:act_inst|tanh_lut[30][5]     ; Merged with activation_block:act_inst|exp_lut[30][10] ;
; activation_block:act_inst|tanh_lut[30][6]     ; Merged with activation_block:act_inst|exp_lut[30][10] ;
; activation_block:act_inst|tanh_lut[30][7]     ; Merged with activation_block:act_inst|exp_lut[30][10] ;
; activation_block:act_inst|tanh_lut[30][9]     ; Merged with activation_block:act_inst|exp_lut[30][10] ;
; activation_block:act_inst|exp_lut[31][11]     ; Merged with activation_block:act_inst|exp_lut[31][10] ;
; activation_block:act_inst|exp_lut[31][12]     ; Merged with activation_block:act_inst|exp_lut[31][10] ;
; activation_block:act_inst|exp_lut[31][13]     ; Merged with activation_block:act_inst|exp_lut[31][10] ;
; activation_block:act_inst|exp_lut[31][14]     ; Merged with activation_block:act_inst|exp_lut[31][10] ;
; activation_block:act_inst|exp_lut[31][15]     ; Merged with activation_block:act_inst|exp_lut[31][10] ;
; activation_block:act_inst|exp_lut[31][1]      ; Merged with activation_block:act_inst|exp_lut[31][10] ;
; activation_block:act_inst|exp_lut[31][3]      ; Merged with activation_block:act_inst|exp_lut[31][10] ;
; activation_block:act_inst|exp_lut[31][4]      ; Merged with activation_block:act_inst|exp_lut[31][10] ;
; activation_block:act_inst|exp_lut[31][5]      ; Merged with activation_block:act_inst|exp_lut[31][10] ;
; activation_block:act_inst|exp_lut[31][6]      ; Merged with activation_block:act_inst|exp_lut[31][10] ;
; activation_block:act_inst|exp_lut[31][7]      ; Merged with activation_block:act_inst|exp_lut[31][10] ;
; activation_block:act_inst|exp_lut[31][8]      ; Merged with activation_block:act_inst|exp_lut[31][10] ;
; activation_block:act_inst|exp_lut[31][9]      ; Merged with activation_block:act_inst|exp_lut[31][10] ;
; activation_block:act_inst|sigmoid_lut[31][10] ; Merged with activation_block:act_inst|exp_lut[31][10] ;
; activation_block:act_inst|sigmoid_lut[31][11] ; Merged with activation_block:act_inst|exp_lut[31][10] ;
; activation_block:act_inst|sigmoid_lut[31][12] ; Merged with activation_block:act_inst|exp_lut[31][10] ;
; activation_block:act_inst|sigmoid_lut[31][13] ; Merged with activation_block:act_inst|exp_lut[31][10] ;
; activation_block:act_inst|sigmoid_lut[31][14] ; Merged with activation_block:act_inst|exp_lut[31][10] ;
; activation_block:act_inst|sigmoid_lut[31][15] ; Merged with activation_block:act_inst|exp_lut[31][10] ;
; activation_block:act_inst|sigmoid_lut[31][2]  ; Merged with activation_block:act_inst|exp_lut[31][10] ;
; activation_block:act_inst|sigmoid_lut[31][8]  ; Merged with activation_block:act_inst|exp_lut[31][10] ;
; activation_block:act_inst|sigmoid_lut[31][9]  ; Merged with activation_block:act_inst|exp_lut[31][10] ;
; activation_block:act_inst|tanh_lut[31][0]     ; Merged with activation_block:act_inst|exp_lut[31][10] ;
; activation_block:act_inst|tanh_lut[31][10]    ; Merged with activation_block:act_inst|exp_lut[31][10] ;
; activation_block:act_inst|tanh_lut[31][11]    ; Merged with activation_block:act_inst|exp_lut[31][10] ;
; activation_block:act_inst|tanh_lut[31][12]    ; Merged with activation_block:act_inst|exp_lut[31][10] ;
; activation_block:act_inst|tanh_lut[31][13]    ; Merged with activation_block:act_inst|exp_lut[31][10] ;
; activation_block:act_inst|tanh_lut[31][14]    ; Merged with activation_block:act_inst|exp_lut[31][10] ;
; activation_block:act_inst|tanh_lut[31][15]    ; Merged with activation_block:act_inst|exp_lut[31][10] ;
; activation_block:act_inst|tanh_lut[31][1]     ; Merged with activation_block:act_inst|exp_lut[31][10] ;
; activation_block:act_inst|tanh_lut[31][2]     ; Merged with activation_block:act_inst|exp_lut[31][10] ;
; activation_block:act_inst|tanh_lut[31][3]     ; Merged with activation_block:act_inst|exp_lut[31][10] ;
; activation_block:act_inst|tanh_lut[31][4]     ; Merged with activation_block:act_inst|exp_lut[31][10] ;
; activation_block:act_inst|tanh_lut[31][5]     ; Merged with activation_block:act_inst|exp_lut[31][10] ;
; activation_block:act_inst|tanh_lut[31][6]     ; Merged with activation_block:act_inst|exp_lut[31][10] ;
; activation_block:act_inst|tanh_lut[31][7]     ; Merged with activation_block:act_inst|exp_lut[31][10] ;
; activation_block:act_inst|tanh_lut[31][9]     ; Merged with activation_block:act_inst|exp_lut[31][10] ;
; activation_block:act_inst|exp_lut[32][11]     ; Merged with activation_block:act_inst|exp_lut[32][10] ;
; activation_block:act_inst|exp_lut[32][12]     ; Merged with activation_block:act_inst|exp_lut[32][10] ;
; activation_block:act_inst|exp_lut[32][13]     ; Merged with activation_block:act_inst|exp_lut[32][10] ;
; activation_block:act_inst|exp_lut[32][14]     ; Merged with activation_block:act_inst|exp_lut[32][10] ;
; activation_block:act_inst|exp_lut[32][15]     ; Merged with activation_block:act_inst|exp_lut[32][10] ;
; activation_block:act_inst|exp_lut[32][1]      ; Merged with activation_block:act_inst|exp_lut[32][10] ;
; activation_block:act_inst|exp_lut[32][3]      ; Merged with activation_block:act_inst|exp_lut[32][10] ;
; activation_block:act_inst|exp_lut[32][4]      ; Merged with activation_block:act_inst|exp_lut[32][10] ;
; activation_block:act_inst|exp_lut[32][5]      ; Merged with activation_block:act_inst|exp_lut[32][10] ;
; activation_block:act_inst|exp_lut[32][6]      ; Merged with activation_block:act_inst|exp_lut[32][10] ;
; activation_block:act_inst|exp_lut[32][7]      ; Merged with activation_block:act_inst|exp_lut[32][10] ;
; activation_block:act_inst|exp_lut[32][8]      ; Merged with activation_block:act_inst|exp_lut[32][10] ;
; activation_block:act_inst|exp_lut[32][9]      ; Merged with activation_block:act_inst|exp_lut[32][10] ;
; activation_block:act_inst|sigmoid_lut[32][10] ; Merged with activation_block:act_inst|exp_lut[32][10] ;
; activation_block:act_inst|sigmoid_lut[32][11] ; Merged with activation_block:act_inst|exp_lut[32][10] ;
; activation_block:act_inst|sigmoid_lut[32][12] ; Merged with activation_block:act_inst|exp_lut[32][10] ;
; activation_block:act_inst|sigmoid_lut[32][13] ; Merged with activation_block:act_inst|exp_lut[32][10] ;
; activation_block:act_inst|sigmoid_lut[32][14] ; Merged with activation_block:act_inst|exp_lut[32][10] ;
; activation_block:act_inst|sigmoid_lut[32][15] ; Merged with activation_block:act_inst|exp_lut[32][10] ;
; activation_block:act_inst|sigmoid_lut[32][2]  ; Merged with activation_block:act_inst|exp_lut[32][10] ;
; activation_block:act_inst|sigmoid_lut[32][8]  ; Merged with activation_block:act_inst|exp_lut[32][10] ;
; activation_block:act_inst|sigmoid_lut[32][9]  ; Merged with activation_block:act_inst|exp_lut[32][10] ;
; activation_block:act_inst|tanh_lut[32][0]     ; Merged with activation_block:act_inst|exp_lut[32][10] ;
; activation_block:act_inst|tanh_lut[32][10]    ; Merged with activation_block:act_inst|exp_lut[32][10] ;
; activation_block:act_inst|tanh_lut[32][11]    ; Merged with activation_block:act_inst|exp_lut[32][10] ;
; activation_block:act_inst|tanh_lut[32][12]    ; Merged with activation_block:act_inst|exp_lut[32][10] ;
; activation_block:act_inst|tanh_lut[32][13]    ; Merged with activation_block:act_inst|exp_lut[32][10] ;
; activation_block:act_inst|tanh_lut[32][14]    ; Merged with activation_block:act_inst|exp_lut[32][10] ;
; activation_block:act_inst|tanh_lut[32][15]    ; Merged with activation_block:act_inst|exp_lut[32][10] ;
; activation_block:act_inst|tanh_lut[32][1]     ; Merged with activation_block:act_inst|exp_lut[32][10] ;
; activation_block:act_inst|tanh_lut[32][2]     ; Merged with activation_block:act_inst|exp_lut[32][10] ;
; activation_block:act_inst|tanh_lut[32][3]     ; Merged with activation_block:act_inst|exp_lut[32][10] ;
; activation_block:act_inst|tanh_lut[32][4]     ; Merged with activation_block:act_inst|exp_lut[32][10] ;
; activation_block:act_inst|tanh_lut[32][5]     ; Merged with activation_block:act_inst|exp_lut[32][10] ;
; activation_block:act_inst|tanh_lut[32][6]     ; Merged with activation_block:act_inst|exp_lut[32][10] ;
; activation_block:act_inst|tanh_lut[32][7]     ; Merged with activation_block:act_inst|exp_lut[32][10] ;
; activation_block:act_inst|tanh_lut[32][9]     ; Merged with activation_block:act_inst|exp_lut[32][10] ;
; activation_block:act_inst|exp_lut[33][11]     ; Merged with activation_block:act_inst|exp_lut[33][10] ;
; activation_block:act_inst|exp_lut[33][12]     ; Merged with activation_block:act_inst|exp_lut[33][10] ;
; activation_block:act_inst|exp_lut[33][13]     ; Merged with activation_block:act_inst|exp_lut[33][10] ;
; activation_block:act_inst|exp_lut[33][14]     ; Merged with activation_block:act_inst|exp_lut[33][10] ;
; activation_block:act_inst|exp_lut[33][15]     ; Merged with activation_block:act_inst|exp_lut[33][10] ;
; activation_block:act_inst|exp_lut[33][1]      ; Merged with activation_block:act_inst|exp_lut[33][10] ;
; activation_block:act_inst|exp_lut[33][3]      ; Merged with activation_block:act_inst|exp_lut[33][10] ;
; activation_block:act_inst|exp_lut[33][4]      ; Merged with activation_block:act_inst|exp_lut[33][10] ;
; activation_block:act_inst|exp_lut[33][5]      ; Merged with activation_block:act_inst|exp_lut[33][10] ;
; activation_block:act_inst|exp_lut[33][6]      ; Merged with activation_block:act_inst|exp_lut[33][10] ;
; activation_block:act_inst|exp_lut[33][7]      ; Merged with activation_block:act_inst|exp_lut[33][10] ;
; activation_block:act_inst|exp_lut[33][8]      ; Merged with activation_block:act_inst|exp_lut[33][10] ;
; activation_block:act_inst|exp_lut[33][9]      ; Merged with activation_block:act_inst|exp_lut[33][10] ;
; activation_block:act_inst|sigmoid_lut[33][10] ; Merged with activation_block:act_inst|exp_lut[33][10] ;
; activation_block:act_inst|sigmoid_lut[33][11] ; Merged with activation_block:act_inst|exp_lut[33][10] ;
; activation_block:act_inst|sigmoid_lut[33][12] ; Merged with activation_block:act_inst|exp_lut[33][10] ;
; activation_block:act_inst|sigmoid_lut[33][13] ; Merged with activation_block:act_inst|exp_lut[33][10] ;
; activation_block:act_inst|sigmoid_lut[33][14] ; Merged with activation_block:act_inst|exp_lut[33][10] ;
; activation_block:act_inst|sigmoid_lut[33][15] ; Merged with activation_block:act_inst|exp_lut[33][10] ;
; activation_block:act_inst|sigmoid_lut[33][2]  ; Merged with activation_block:act_inst|exp_lut[33][10] ;
; activation_block:act_inst|sigmoid_lut[33][8]  ; Merged with activation_block:act_inst|exp_lut[33][10] ;
; activation_block:act_inst|sigmoid_lut[33][9]  ; Merged with activation_block:act_inst|exp_lut[33][10] ;
; activation_block:act_inst|tanh_lut[33][0]     ; Merged with activation_block:act_inst|exp_lut[33][10] ;
; activation_block:act_inst|tanh_lut[33][10]    ; Merged with activation_block:act_inst|exp_lut[33][10] ;
; activation_block:act_inst|tanh_lut[33][11]    ; Merged with activation_block:act_inst|exp_lut[33][10] ;
; activation_block:act_inst|tanh_lut[33][12]    ; Merged with activation_block:act_inst|exp_lut[33][10] ;
; activation_block:act_inst|tanh_lut[33][13]    ; Merged with activation_block:act_inst|exp_lut[33][10] ;
; activation_block:act_inst|tanh_lut[33][14]    ; Merged with activation_block:act_inst|exp_lut[33][10] ;
; activation_block:act_inst|tanh_lut[33][15]    ; Merged with activation_block:act_inst|exp_lut[33][10] ;
; activation_block:act_inst|tanh_lut[33][1]     ; Merged with activation_block:act_inst|exp_lut[33][10] ;
; activation_block:act_inst|tanh_lut[33][2]     ; Merged with activation_block:act_inst|exp_lut[33][10] ;
; activation_block:act_inst|tanh_lut[33][3]     ; Merged with activation_block:act_inst|exp_lut[33][10] ;
; activation_block:act_inst|tanh_lut[33][4]     ; Merged with activation_block:act_inst|exp_lut[33][10] ;
; activation_block:act_inst|tanh_lut[33][5]     ; Merged with activation_block:act_inst|exp_lut[33][10] ;
; activation_block:act_inst|tanh_lut[33][6]     ; Merged with activation_block:act_inst|exp_lut[33][10] ;
; activation_block:act_inst|tanh_lut[33][7]     ; Merged with activation_block:act_inst|exp_lut[33][10] ;
; activation_block:act_inst|tanh_lut[33][9]     ; Merged with activation_block:act_inst|exp_lut[33][10] ;
; activation_block:act_inst|exp_lut[34][11]     ; Merged with activation_block:act_inst|exp_lut[34][10] ;
; activation_block:act_inst|exp_lut[34][12]     ; Merged with activation_block:act_inst|exp_lut[34][10] ;
; activation_block:act_inst|exp_lut[34][13]     ; Merged with activation_block:act_inst|exp_lut[34][10] ;
; activation_block:act_inst|exp_lut[34][14]     ; Merged with activation_block:act_inst|exp_lut[34][10] ;
; activation_block:act_inst|exp_lut[34][15]     ; Merged with activation_block:act_inst|exp_lut[34][10] ;
; activation_block:act_inst|exp_lut[34][1]      ; Merged with activation_block:act_inst|exp_lut[34][10] ;
; activation_block:act_inst|exp_lut[34][3]      ; Merged with activation_block:act_inst|exp_lut[34][10] ;
; activation_block:act_inst|exp_lut[34][4]      ; Merged with activation_block:act_inst|exp_lut[34][10] ;
; activation_block:act_inst|exp_lut[34][5]      ; Merged with activation_block:act_inst|exp_lut[34][10] ;
; activation_block:act_inst|exp_lut[34][6]      ; Merged with activation_block:act_inst|exp_lut[34][10] ;
; activation_block:act_inst|exp_lut[34][7]      ; Merged with activation_block:act_inst|exp_lut[34][10] ;
; activation_block:act_inst|exp_lut[34][8]      ; Merged with activation_block:act_inst|exp_lut[34][10] ;
; activation_block:act_inst|exp_lut[34][9]      ; Merged with activation_block:act_inst|exp_lut[34][10] ;
; activation_block:act_inst|sigmoid_lut[34][10] ; Merged with activation_block:act_inst|exp_lut[34][10] ;
; activation_block:act_inst|sigmoid_lut[34][11] ; Merged with activation_block:act_inst|exp_lut[34][10] ;
; activation_block:act_inst|sigmoid_lut[34][12] ; Merged with activation_block:act_inst|exp_lut[34][10] ;
; activation_block:act_inst|sigmoid_lut[34][13] ; Merged with activation_block:act_inst|exp_lut[34][10] ;
; activation_block:act_inst|sigmoid_lut[34][14] ; Merged with activation_block:act_inst|exp_lut[34][10] ;
; activation_block:act_inst|sigmoid_lut[34][15] ; Merged with activation_block:act_inst|exp_lut[34][10] ;
; activation_block:act_inst|sigmoid_lut[34][2]  ; Merged with activation_block:act_inst|exp_lut[34][10] ;
; activation_block:act_inst|sigmoid_lut[34][8]  ; Merged with activation_block:act_inst|exp_lut[34][10] ;
; activation_block:act_inst|sigmoid_lut[34][9]  ; Merged with activation_block:act_inst|exp_lut[34][10] ;
; activation_block:act_inst|tanh_lut[34][0]     ; Merged with activation_block:act_inst|exp_lut[34][10] ;
; activation_block:act_inst|tanh_lut[34][10]    ; Merged with activation_block:act_inst|exp_lut[34][10] ;
; activation_block:act_inst|tanh_lut[34][11]    ; Merged with activation_block:act_inst|exp_lut[34][10] ;
; activation_block:act_inst|tanh_lut[34][12]    ; Merged with activation_block:act_inst|exp_lut[34][10] ;
; activation_block:act_inst|tanh_lut[34][13]    ; Merged with activation_block:act_inst|exp_lut[34][10] ;
; activation_block:act_inst|tanh_lut[34][14]    ; Merged with activation_block:act_inst|exp_lut[34][10] ;
; activation_block:act_inst|tanh_lut[34][15]    ; Merged with activation_block:act_inst|exp_lut[34][10] ;
; activation_block:act_inst|tanh_lut[34][1]     ; Merged with activation_block:act_inst|exp_lut[34][10] ;
; activation_block:act_inst|tanh_lut[34][2]     ; Merged with activation_block:act_inst|exp_lut[34][10] ;
; activation_block:act_inst|tanh_lut[34][3]     ; Merged with activation_block:act_inst|exp_lut[34][10] ;
; activation_block:act_inst|tanh_lut[34][4]     ; Merged with activation_block:act_inst|exp_lut[34][10] ;
; activation_block:act_inst|tanh_lut[34][5]     ; Merged with activation_block:act_inst|exp_lut[34][10] ;
; activation_block:act_inst|tanh_lut[34][6]     ; Merged with activation_block:act_inst|exp_lut[34][10] ;
; activation_block:act_inst|tanh_lut[34][7]     ; Merged with activation_block:act_inst|exp_lut[34][10] ;
; activation_block:act_inst|tanh_lut[34][9]     ; Merged with activation_block:act_inst|exp_lut[34][10] ;
; activation_block:act_inst|exp_lut[35][11]     ; Merged with activation_block:act_inst|exp_lut[35][10] ;
; activation_block:act_inst|exp_lut[35][12]     ; Merged with activation_block:act_inst|exp_lut[35][10] ;
; activation_block:act_inst|exp_lut[35][13]     ; Merged with activation_block:act_inst|exp_lut[35][10] ;
; activation_block:act_inst|exp_lut[35][14]     ; Merged with activation_block:act_inst|exp_lut[35][10] ;
; activation_block:act_inst|exp_lut[35][15]     ; Merged with activation_block:act_inst|exp_lut[35][10] ;
; activation_block:act_inst|exp_lut[35][1]      ; Merged with activation_block:act_inst|exp_lut[35][10] ;
; activation_block:act_inst|exp_lut[35][3]      ; Merged with activation_block:act_inst|exp_lut[35][10] ;
; activation_block:act_inst|exp_lut[35][4]      ; Merged with activation_block:act_inst|exp_lut[35][10] ;
; activation_block:act_inst|exp_lut[35][5]      ; Merged with activation_block:act_inst|exp_lut[35][10] ;
; activation_block:act_inst|exp_lut[35][6]      ; Merged with activation_block:act_inst|exp_lut[35][10] ;
; activation_block:act_inst|exp_lut[35][7]      ; Merged with activation_block:act_inst|exp_lut[35][10] ;
; activation_block:act_inst|exp_lut[35][8]      ; Merged with activation_block:act_inst|exp_lut[35][10] ;
; activation_block:act_inst|exp_lut[35][9]      ; Merged with activation_block:act_inst|exp_lut[35][10] ;
; activation_block:act_inst|sigmoid_lut[35][10] ; Merged with activation_block:act_inst|exp_lut[35][10] ;
; activation_block:act_inst|sigmoid_lut[35][11] ; Merged with activation_block:act_inst|exp_lut[35][10] ;
; activation_block:act_inst|sigmoid_lut[35][12] ; Merged with activation_block:act_inst|exp_lut[35][10] ;
; activation_block:act_inst|sigmoid_lut[35][13] ; Merged with activation_block:act_inst|exp_lut[35][10] ;
; activation_block:act_inst|sigmoid_lut[35][14] ; Merged with activation_block:act_inst|exp_lut[35][10] ;
; activation_block:act_inst|sigmoid_lut[35][15] ; Merged with activation_block:act_inst|exp_lut[35][10] ;
; activation_block:act_inst|sigmoid_lut[35][2]  ; Merged with activation_block:act_inst|exp_lut[35][10] ;
; activation_block:act_inst|sigmoid_lut[35][8]  ; Merged with activation_block:act_inst|exp_lut[35][10] ;
; activation_block:act_inst|sigmoid_lut[35][9]  ; Merged with activation_block:act_inst|exp_lut[35][10] ;
; activation_block:act_inst|tanh_lut[35][0]     ; Merged with activation_block:act_inst|exp_lut[35][10] ;
; activation_block:act_inst|tanh_lut[35][10]    ; Merged with activation_block:act_inst|exp_lut[35][10] ;
; activation_block:act_inst|tanh_lut[35][11]    ; Merged with activation_block:act_inst|exp_lut[35][10] ;
; activation_block:act_inst|tanh_lut[35][12]    ; Merged with activation_block:act_inst|exp_lut[35][10] ;
; activation_block:act_inst|tanh_lut[35][13]    ; Merged with activation_block:act_inst|exp_lut[35][10] ;
; activation_block:act_inst|tanh_lut[35][14]    ; Merged with activation_block:act_inst|exp_lut[35][10] ;
; activation_block:act_inst|tanh_lut[35][15]    ; Merged with activation_block:act_inst|exp_lut[35][10] ;
; activation_block:act_inst|tanh_lut[35][1]     ; Merged with activation_block:act_inst|exp_lut[35][10] ;
; activation_block:act_inst|tanh_lut[35][2]     ; Merged with activation_block:act_inst|exp_lut[35][10] ;
; activation_block:act_inst|tanh_lut[35][3]     ; Merged with activation_block:act_inst|exp_lut[35][10] ;
; activation_block:act_inst|tanh_lut[35][4]     ; Merged with activation_block:act_inst|exp_lut[35][10] ;
; activation_block:act_inst|tanh_lut[35][5]     ; Merged with activation_block:act_inst|exp_lut[35][10] ;
; activation_block:act_inst|tanh_lut[35][6]     ; Merged with activation_block:act_inst|exp_lut[35][10] ;
; activation_block:act_inst|tanh_lut[35][7]     ; Merged with activation_block:act_inst|exp_lut[35][10] ;
; activation_block:act_inst|tanh_lut[35][9]     ; Merged with activation_block:act_inst|exp_lut[35][10] ;
; activation_block:act_inst|exp_lut[36][11]     ; Merged with activation_block:act_inst|exp_lut[36][10] ;
; activation_block:act_inst|exp_lut[36][12]     ; Merged with activation_block:act_inst|exp_lut[36][10] ;
; activation_block:act_inst|exp_lut[36][13]     ; Merged with activation_block:act_inst|exp_lut[36][10] ;
; activation_block:act_inst|exp_lut[36][14]     ; Merged with activation_block:act_inst|exp_lut[36][10] ;
; activation_block:act_inst|exp_lut[36][15]     ; Merged with activation_block:act_inst|exp_lut[36][10] ;
; activation_block:act_inst|exp_lut[36][1]      ; Merged with activation_block:act_inst|exp_lut[36][10] ;
; activation_block:act_inst|exp_lut[36][3]      ; Merged with activation_block:act_inst|exp_lut[36][10] ;
; activation_block:act_inst|exp_lut[36][4]      ; Merged with activation_block:act_inst|exp_lut[36][10] ;
; activation_block:act_inst|exp_lut[36][5]      ; Merged with activation_block:act_inst|exp_lut[36][10] ;
; activation_block:act_inst|exp_lut[36][6]      ; Merged with activation_block:act_inst|exp_lut[36][10] ;
; activation_block:act_inst|exp_lut[36][7]      ; Merged with activation_block:act_inst|exp_lut[36][10] ;
; activation_block:act_inst|exp_lut[36][8]      ; Merged with activation_block:act_inst|exp_lut[36][10] ;
; activation_block:act_inst|exp_lut[36][9]      ; Merged with activation_block:act_inst|exp_lut[36][10] ;
; activation_block:act_inst|sigmoid_lut[36][10] ; Merged with activation_block:act_inst|exp_lut[36][10] ;
; activation_block:act_inst|sigmoid_lut[36][11] ; Merged with activation_block:act_inst|exp_lut[36][10] ;
; activation_block:act_inst|sigmoid_lut[36][12] ; Merged with activation_block:act_inst|exp_lut[36][10] ;
; activation_block:act_inst|sigmoid_lut[36][13] ; Merged with activation_block:act_inst|exp_lut[36][10] ;
; activation_block:act_inst|sigmoid_lut[36][14] ; Merged with activation_block:act_inst|exp_lut[36][10] ;
; activation_block:act_inst|sigmoid_lut[36][15] ; Merged with activation_block:act_inst|exp_lut[36][10] ;
; activation_block:act_inst|sigmoid_lut[36][2]  ; Merged with activation_block:act_inst|exp_lut[36][10] ;
; activation_block:act_inst|sigmoid_lut[36][8]  ; Merged with activation_block:act_inst|exp_lut[36][10] ;
; activation_block:act_inst|sigmoid_lut[36][9]  ; Merged with activation_block:act_inst|exp_lut[36][10] ;
; activation_block:act_inst|tanh_lut[36][0]     ; Merged with activation_block:act_inst|exp_lut[36][10] ;
; activation_block:act_inst|tanh_lut[36][10]    ; Merged with activation_block:act_inst|exp_lut[36][10] ;
; activation_block:act_inst|tanh_lut[36][11]    ; Merged with activation_block:act_inst|exp_lut[36][10] ;
; activation_block:act_inst|tanh_lut[36][12]    ; Merged with activation_block:act_inst|exp_lut[36][10] ;
; activation_block:act_inst|tanh_lut[36][13]    ; Merged with activation_block:act_inst|exp_lut[36][10] ;
; activation_block:act_inst|tanh_lut[36][14]    ; Merged with activation_block:act_inst|exp_lut[36][10] ;
; activation_block:act_inst|tanh_lut[36][15]    ; Merged with activation_block:act_inst|exp_lut[36][10] ;
; activation_block:act_inst|tanh_lut[36][1]     ; Merged with activation_block:act_inst|exp_lut[36][10] ;
; activation_block:act_inst|tanh_lut[36][2]     ; Merged with activation_block:act_inst|exp_lut[36][10] ;
; activation_block:act_inst|tanh_lut[36][3]     ; Merged with activation_block:act_inst|exp_lut[36][10] ;
; activation_block:act_inst|tanh_lut[36][4]     ; Merged with activation_block:act_inst|exp_lut[36][10] ;
; activation_block:act_inst|tanh_lut[36][5]     ; Merged with activation_block:act_inst|exp_lut[36][10] ;
; activation_block:act_inst|tanh_lut[36][6]     ; Merged with activation_block:act_inst|exp_lut[36][10] ;
; activation_block:act_inst|tanh_lut[36][7]     ; Merged with activation_block:act_inst|exp_lut[36][10] ;
; activation_block:act_inst|tanh_lut[36][9]     ; Merged with activation_block:act_inst|exp_lut[36][10] ;
; activation_block:act_inst|exp_lut[37][11]     ; Merged with activation_block:act_inst|exp_lut[37][10] ;
; activation_block:act_inst|exp_lut[37][12]     ; Merged with activation_block:act_inst|exp_lut[37][10] ;
; activation_block:act_inst|exp_lut[37][13]     ; Merged with activation_block:act_inst|exp_lut[37][10] ;
; activation_block:act_inst|exp_lut[37][14]     ; Merged with activation_block:act_inst|exp_lut[37][10] ;
; activation_block:act_inst|exp_lut[37][15]     ; Merged with activation_block:act_inst|exp_lut[37][10] ;
; activation_block:act_inst|exp_lut[37][1]      ; Merged with activation_block:act_inst|exp_lut[37][10] ;
; activation_block:act_inst|exp_lut[37][3]      ; Merged with activation_block:act_inst|exp_lut[37][10] ;
; activation_block:act_inst|exp_lut[37][4]      ; Merged with activation_block:act_inst|exp_lut[37][10] ;
; activation_block:act_inst|exp_lut[37][5]      ; Merged with activation_block:act_inst|exp_lut[37][10] ;
; activation_block:act_inst|exp_lut[37][6]      ; Merged with activation_block:act_inst|exp_lut[37][10] ;
; activation_block:act_inst|exp_lut[37][7]      ; Merged with activation_block:act_inst|exp_lut[37][10] ;
; activation_block:act_inst|exp_lut[37][8]      ; Merged with activation_block:act_inst|exp_lut[37][10] ;
; activation_block:act_inst|exp_lut[37][9]      ; Merged with activation_block:act_inst|exp_lut[37][10] ;
; activation_block:act_inst|sigmoid_lut[37][10] ; Merged with activation_block:act_inst|exp_lut[37][10] ;
; activation_block:act_inst|sigmoid_lut[37][11] ; Merged with activation_block:act_inst|exp_lut[37][10] ;
; activation_block:act_inst|sigmoid_lut[37][12] ; Merged with activation_block:act_inst|exp_lut[37][10] ;
; activation_block:act_inst|sigmoid_lut[37][13] ; Merged with activation_block:act_inst|exp_lut[37][10] ;
; activation_block:act_inst|sigmoid_lut[37][14] ; Merged with activation_block:act_inst|exp_lut[37][10] ;
; activation_block:act_inst|sigmoid_lut[37][15] ; Merged with activation_block:act_inst|exp_lut[37][10] ;
; activation_block:act_inst|sigmoid_lut[37][2]  ; Merged with activation_block:act_inst|exp_lut[37][10] ;
; activation_block:act_inst|sigmoid_lut[37][8]  ; Merged with activation_block:act_inst|exp_lut[37][10] ;
; activation_block:act_inst|sigmoid_lut[37][9]  ; Merged with activation_block:act_inst|exp_lut[37][10] ;
; activation_block:act_inst|tanh_lut[37][0]     ; Merged with activation_block:act_inst|exp_lut[37][10] ;
; activation_block:act_inst|tanh_lut[37][10]    ; Merged with activation_block:act_inst|exp_lut[37][10] ;
; activation_block:act_inst|tanh_lut[37][11]    ; Merged with activation_block:act_inst|exp_lut[37][10] ;
; activation_block:act_inst|tanh_lut[37][12]    ; Merged with activation_block:act_inst|exp_lut[37][10] ;
; activation_block:act_inst|tanh_lut[37][13]    ; Merged with activation_block:act_inst|exp_lut[37][10] ;
; activation_block:act_inst|tanh_lut[37][14]    ; Merged with activation_block:act_inst|exp_lut[37][10] ;
; activation_block:act_inst|tanh_lut[37][15]    ; Merged with activation_block:act_inst|exp_lut[37][10] ;
; activation_block:act_inst|tanh_lut[37][1]     ; Merged with activation_block:act_inst|exp_lut[37][10] ;
; activation_block:act_inst|tanh_lut[37][2]     ; Merged with activation_block:act_inst|exp_lut[37][10] ;
; activation_block:act_inst|tanh_lut[37][3]     ; Merged with activation_block:act_inst|exp_lut[37][10] ;
; activation_block:act_inst|tanh_lut[37][4]     ; Merged with activation_block:act_inst|exp_lut[37][10] ;
; activation_block:act_inst|tanh_lut[37][5]     ; Merged with activation_block:act_inst|exp_lut[37][10] ;
; activation_block:act_inst|tanh_lut[37][6]     ; Merged with activation_block:act_inst|exp_lut[37][10] ;
; activation_block:act_inst|tanh_lut[37][7]     ; Merged with activation_block:act_inst|exp_lut[37][10] ;
; activation_block:act_inst|tanh_lut[37][9]     ; Merged with activation_block:act_inst|exp_lut[37][10] ;
; activation_block:act_inst|exp_lut[38][11]     ; Merged with activation_block:act_inst|exp_lut[38][10] ;
; activation_block:act_inst|exp_lut[38][12]     ; Merged with activation_block:act_inst|exp_lut[38][10] ;
; activation_block:act_inst|exp_lut[38][13]     ; Merged with activation_block:act_inst|exp_lut[38][10] ;
; activation_block:act_inst|exp_lut[38][14]     ; Merged with activation_block:act_inst|exp_lut[38][10] ;
; activation_block:act_inst|exp_lut[38][15]     ; Merged with activation_block:act_inst|exp_lut[38][10] ;
; activation_block:act_inst|exp_lut[38][1]      ; Merged with activation_block:act_inst|exp_lut[38][10] ;
; activation_block:act_inst|exp_lut[38][3]      ; Merged with activation_block:act_inst|exp_lut[38][10] ;
; activation_block:act_inst|exp_lut[38][4]      ; Merged with activation_block:act_inst|exp_lut[38][10] ;
; activation_block:act_inst|exp_lut[38][5]      ; Merged with activation_block:act_inst|exp_lut[38][10] ;
; activation_block:act_inst|exp_lut[38][6]      ; Merged with activation_block:act_inst|exp_lut[38][10] ;
; activation_block:act_inst|exp_lut[38][7]      ; Merged with activation_block:act_inst|exp_lut[38][10] ;
; activation_block:act_inst|exp_lut[38][8]      ; Merged with activation_block:act_inst|exp_lut[38][10] ;
; activation_block:act_inst|exp_lut[38][9]      ; Merged with activation_block:act_inst|exp_lut[38][10] ;
; activation_block:act_inst|sigmoid_lut[38][10] ; Merged with activation_block:act_inst|exp_lut[38][10] ;
; activation_block:act_inst|sigmoid_lut[38][11] ; Merged with activation_block:act_inst|exp_lut[38][10] ;
; activation_block:act_inst|sigmoid_lut[38][12] ; Merged with activation_block:act_inst|exp_lut[38][10] ;
; activation_block:act_inst|sigmoid_lut[38][13] ; Merged with activation_block:act_inst|exp_lut[38][10] ;
; activation_block:act_inst|sigmoid_lut[38][14] ; Merged with activation_block:act_inst|exp_lut[38][10] ;
; activation_block:act_inst|sigmoid_lut[38][15] ; Merged with activation_block:act_inst|exp_lut[38][10] ;
; activation_block:act_inst|sigmoid_lut[38][2]  ; Merged with activation_block:act_inst|exp_lut[38][10] ;
; activation_block:act_inst|sigmoid_lut[38][8]  ; Merged with activation_block:act_inst|exp_lut[38][10] ;
; activation_block:act_inst|sigmoid_lut[38][9]  ; Merged with activation_block:act_inst|exp_lut[38][10] ;
; activation_block:act_inst|tanh_lut[38][0]     ; Merged with activation_block:act_inst|exp_lut[38][10] ;
; activation_block:act_inst|tanh_lut[38][10]    ; Merged with activation_block:act_inst|exp_lut[38][10] ;
; activation_block:act_inst|tanh_lut[38][11]    ; Merged with activation_block:act_inst|exp_lut[38][10] ;
; activation_block:act_inst|tanh_lut[38][12]    ; Merged with activation_block:act_inst|exp_lut[38][10] ;
; activation_block:act_inst|tanh_lut[38][13]    ; Merged with activation_block:act_inst|exp_lut[38][10] ;
; activation_block:act_inst|tanh_lut[38][14]    ; Merged with activation_block:act_inst|exp_lut[38][10] ;
; activation_block:act_inst|tanh_lut[38][15]    ; Merged with activation_block:act_inst|exp_lut[38][10] ;
; activation_block:act_inst|tanh_lut[38][1]     ; Merged with activation_block:act_inst|exp_lut[38][10] ;
; activation_block:act_inst|tanh_lut[38][2]     ; Merged with activation_block:act_inst|exp_lut[38][10] ;
; activation_block:act_inst|tanh_lut[38][3]     ; Merged with activation_block:act_inst|exp_lut[38][10] ;
; activation_block:act_inst|tanh_lut[38][4]     ; Merged with activation_block:act_inst|exp_lut[38][10] ;
; activation_block:act_inst|tanh_lut[38][5]     ; Merged with activation_block:act_inst|exp_lut[38][10] ;
; activation_block:act_inst|tanh_lut[38][6]     ; Merged with activation_block:act_inst|exp_lut[38][10] ;
; activation_block:act_inst|tanh_lut[38][7]     ; Merged with activation_block:act_inst|exp_lut[38][10] ;
; activation_block:act_inst|tanh_lut[38][9]     ; Merged with activation_block:act_inst|exp_lut[38][10] ;
; activation_block:act_inst|exp_lut[39][11]     ; Merged with activation_block:act_inst|exp_lut[39][10] ;
; activation_block:act_inst|exp_lut[39][12]     ; Merged with activation_block:act_inst|exp_lut[39][10] ;
; activation_block:act_inst|exp_lut[39][13]     ; Merged with activation_block:act_inst|exp_lut[39][10] ;
; activation_block:act_inst|exp_lut[39][14]     ; Merged with activation_block:act_inst|exp_lut[39][10] ;
; activation_block:act_inst|exp_lut[39][15]     ; Merged with activation_block:act_inst|exp_lut[39][10] ;
; activation_block:act_inst|exp_lut[39][1]      ; Merged with activation_block:act_inst|exp_lut[39][10] ;
; activation_block:act_inst|exp_lut[39][3]      ; Merged with activation_block:act_inst|exp_lut[39][10] ;
; activation_block:act_inst|exp_lut[39][4]      ; Merged with activation_block:act_inst|exp_lut[39][10] ;
; activation_block:act_inst|exp_lut[39][5]      ; Merged with activation_block:act_inst|exp_lut[39][10] ;
; activation_block:act_inst|exp_lut[39][6]      ; Merged with activation_block:act_inst|exp_lut[39][10] ;
; activation_block:act_inst|exp_lut[39][7]      ; Merged with activation_block:act_inst|exp_lut[39][10] ;
; activation_block:act_inst|exp_lut[39][8]      ; Merged with activation_block:act_inst|exp_lut[39][10] ;
; activation_block:act_inst|exp_lut[39][9]      ; Merged with activation_block:act_inst|exp_lut[39][10] ;
; activation_block:act_inst|sigmoid_lut[39][10] ; Merged with activation_block:act_inst|exp_lut[39][10] ;
; activation_block:act_inst|sigmoid_lut[39][11] ; Merged with activation_block:act_inst|exp_lut[39][10] ;
; activation_block:act_inst|sigmoid_lut[39][12] ; Merged with activation_block:act_inst|exp_lut[39][10] ;
; activation_block:act_inst|sigmoid_lut[39][13] ; Merged with activation_block:act_inst|exp_lut[39][10] ;
; activation_block:act_inst|sigmoid_lut[39][14] ; Merged with activation_block:act_inst|exp_lut[39][10] ;
; activation_block:act_inst|sigmoid_lut[39][15] ; Merged with activation_block:act_inst|exp_lut[39][10] ;
; activation_block:act_inst|sigmoid_lut[39][2]  ; Merged with activation_block:act_inst|exp_lut[39][10] ;
; activation_block:act_inst|sigmoid_lut[39][8]  ; Merged with activation_block:act_inst|exp_lut[39][10] ;
; activation_block:act_inst|sigmoid_lut[39][9]  ; Merged with activation_block:act_inst|exp_lut[39][10] ;
; activation_block:act_inst|tanh_lut[39][0]     ; Merged with activation_block:act_inst|exp_lut[39][10] ;
; activation_block:act_inst|tanh_lut[39][10]    ; Merged with activation_block:act_inst|exp_lut[39][10] ;
; activation_block:act_inst|tanh_lut[39][11]    ; Merged with activation_block:act_inst|exp_lut[39][10] ;
; activation_block:act_inst|tanh_lut[39][12]    ; Merged with activation_block:act_inst|exp_lut[39][10] ;
; activation_block:act_inst|tanh_lut[39][13]    ; Merged with activation_block:act_inst|exp_lut[39][10] ;
; activation_block:act_inst|tanh_lut[39][14]    ; Merged with activation_block:act_inst|exp_lut[39][10] ;
; activation_block:act_inst|tanh_lut[39][15]    ; Merged with activation_block:act_inst|exp_lut[39][10] ;
; activation_block:act_inst|tanh_lut[39][1]     ; Merged with activation_block:act_inst|exp_lut[39][10] ;
; activation_block:act_inst|tanh_lut[39][2]     ; Merged with activation_block:act_inst|exp_lut[39][10] ;
; activation_block:act_inst|tanh_lut[39][3]     ; Merged with activation_block:act_inst|exp_lut[39][10] ;
; activation_block:act_inst|tanh_lut[39][4]     ; Merged with activation_block:act_inst|exp_lut[39][10] ;
; activation_block:act_inst|tanh_lut[39][5]     ; Merged with activation_block:act_inst|exp_lut[39][10] ;
; activation_block:act_inst|tanh_lut[39][6]     ; Merged with activation_block:act_inst|exp_lut[39][10] ;
; activation_block:act_inst|tanh_lut[39][7]     ; Merged with activation_block:act_inst|exp_lut[39][10] ;
; activation_block:act_inst|tanh_lut[39][9]     ; Merged with activation_block:act_inst|exp_lut[39][10] ;
; activation_block:act_inst|exp_lut[40][11]     ; Merged with activation_block:act_inst|exp_lut[40][10] ;
; activation_block:act_inst|exp_lut[40][12]     ; Merged with activation_block:act_inst|exp_lut[40][10] ;
; activation_block:act_inst|exp_lut[40][13]     ; Merged with activation_block:act_inst|exp_lut[40][10] ;
; activation_block:act_inst|exp_lut[40][14]     ; Merged with activation_block:act_inst|exp_lut[40][10] ;
; activation_block:act_inst|exp_lut[40][15]     ; Merged with activation_block:act_inst|exp_lut[40][10] ;
; activation_block:act_inst|exp_lut[40][1]      ; Merged with activation_block:act_inst|exp_lut[40][10] ;
; activation_block:act_inst|exp_lut[40][3]      ; Merged with activation_block:act_inst|exp_lut[40][10] ;
; activation_block:act_inst|exp_lut[40][4]      ; Merged with activation_block:act_inst|exp_lut[40][10] ;
; activation_block:act_inst|exp_lut[40][5]      ; Merged with activation_block:act_inst|exp_lut[40][10] ;
; activation_block:act_inst|exp_lut[40][6]      ; Merged with activation_block:act_inst|exp_lut[40][10] ;
; activation_block:act_inst|exp_lut[40][7]      ; Merged with activation_block:act_inst|exp_lut[40][10] ;
; activation_block:act_inst|exp_lut[40][8]      ; Merged with activation_block:act_inst|exp_lut[40][10] ;
; activation_block:act_inst|exp_lut[40][9]      ; Merged with activation_block:act_inst|exp_lut[40][10] ;
; activation_block:act_inst|sigmoid_lut[40][10] ; Merged with activation_block:act_inst|exp_lut[40][10] ;
; activation_block:act_inst|sigmoid_lut[40][11] ; Merged with activation_block:act_inst|exp_lut[40][10] ;
; activation_block:act_inst|sigmoid_lut[40][12] ; Merged with activation_block:act_inst|exp_lut[40][10] ;
; activation_block:act_inst|sigmoid_lut[40][13] ; Merged with activation_block:act_inst|exp_lut[40][10] ;
; activation_block:act_inst|sigmoid_lut[40][14] ; Merged with activation_block:act_inst|exp_lut[40][10] ;
; activation_block:act_inst|sigmoid_lut[40][15] ; Merged with activation_block:act_inst|exp_lut[40][10] ;
; activation_block:act_inst|sigmoid_lut[40][2]  ; Merged with activation_block:act_inst|exp_lut[40][10] ;
; activation_block:act_inst|sigmoid_lut[40][8]  ; Merged with activation_block:act_inst|exp_lut[40][10] ;
; activation_block:act_inst|sigmoid_lut[40][9]  ; Merged with activation_block:act_inst|exp_lut[40][10] ;
; activation_block:act_inst|tanh_lut[40][0]     ; Merged with activation_block:act_inst|exp_lut[40][10] ;
; activation_block:act_inst|tanh_lut[40][10]    ; Merged with activation_block:act_inst|exp_lut[40][10] ;
; activation_block:act_inst|tanh_lut[40][11]    ; Merged with activation_block:act_inst|exp_lut[40][10] ;
; activation_block:act_inst|tanh_lut[40][12]    ; Merged with activation_block:act_inst|exp_lut[40][10] ;
; activation_block:act_inst|tanh_lut[40][13]    ; Merged with activation_block:act_inst|exp_lut[40][10] ;
; activation_block:act_inst|tanh_lut[40][14]    ; Merged with activation_block:act_inst|exp_lut[40][10] ;
; activation_block:act_inst|tanh_lut[40][15]    ; Merged with activation_block:act_inst|exp_lut[40][10] ;
; activation_block:act_inst|tanh_lut[40][1]     ; Merged with activation_block:act_inst|exp_lut[40][10] ;
; activation_block:act_inst|tanh_lut[40][2]     ; Merged with activation_block:act_inst|exp_lut[40][10] ;
; activation_block:act_inst|tanh_lut[40][3]     ; Merged with activation_block:act_inst|exp_lut[40][10] ;
; activation_block:act_inst|tanh_lut[40][4]     ; Merged with activation_block:act_inst|exp_lut[40][10] ;
; activation_block:act_inst|tanh_lut[40][5]     ; Merged with activation_block:act_inst|exp_lut[40][10] ;
; activation_block:act_inst|tanh_lut[40][6]     ; Merged with activation_block:act_inst|exp_lut[40][10] ;
; activation_block:act_inst|tanh_lut[40][7]     ; Merged with activation_block:act_inst|exp_lut[40][10] ;
; activation_block:act_inst|tanh_lut[40][9]     ; Merged with activation_block:act_inst|exp_lut[40][10] ;
; activation_block:act_inst|exp_lut[41][11]     ; Merged with activation_block:act_inst|exp_lut[41][10] ;
; activation_block:act_inst|exp_lut[41][12]     ; Merged with activation_block:act_inst|exp_lut[41][10] ;
; activation_block:act_inst|exp_lut[41][13]     ; Merged with activation_block:act_inst|exp_lut[41][10] ;
; activation_block:act_inst|exp_lut[41][14]     ; Merged with activation_block:act_inst|exp_lut[41][10] ;
; activation_block:act_inst|exp_lut[41][15]     ; Merged with activation_block:act_inst|exp_lut[41][10] ;
; activation_block:act_inst|exp_lut[41][1]      ; Merged with activation_block:act_inst|exp_lut[41][10] ;
; activation_block:act_inst|exp_lut[41][3]      ; Merged with activation_block:act_inst|exp_lut[41][10] ;
; activation_block:act_inst|exp_lut[41][4]      ; Merged with activation_block:act_inst|exp_lut[41][10] ;
; activation_block:act_inst|exp_lut[41][5]      ; Merged with activation_block:act_inst|exp_lut[41][10] ;
; activation_block:act_inst|exp_lut[41][6]      ; Merged with activation_block:act_inst|exp_lut[41][10] ;
; activation_block:act_inst|exp_lut[41][7]      ; Merged with activation_block:act_inst|exp_lut[41][10] ;
; activation_block:act_inst|exp_lut[41][8]      ; Merged with activation_block:act_inst|exp_lut[41][10] ;
; activation_block:act_inst|exp_lut[41][9]      ; Merged with activation_block:act_inst|exp_lut[41][10] ;
; activation_block:act_inst|sigmoid_lut[41][10] ; Merged with activation_block:act_inst|exp_lut[41][10] ;
; activation_block:act_inst|sigmoid_lut[41][11] ; Merged with activation_block:act_inst|exp_lut[41][10] ;
; activation_block:act_inst|sigmoid_lut[41][12] ; Merged with activation_block:act_inst|exp_lut[41][10] ;
; activation_block:act_inst|sigmoid_lut[41][13] ; Merged with activation_block:act_inst|exp_lut[41][10] ;
; activation_block:act_inst|sigmoid_lut[41][14] ; Merged with activation_block:act_inst|exp_lut[41][10] ;
; activation_block:act_inst|sigmoid_lut[41][15] ; Merged with activation_block:act_inst|exp_lut[41][10] ;
; activation_block:act_inst|sigmoid_lut[41][2]  ; Merged with activation_block:act_inst|exp_lut[41][10] ;
; activation_block:act_inst|sigmoid_lut[41][8]  ; Merged with activation_block:act_inst|exp_lut[41][10] ;
; activation_block:act_inst|sigmoid_lut[41][9]  ; Merged with activation_block:act_inst|exp_lut[41][10] ;
; activation_block:act_inst|tanh_lut[41][0]     ; Merged with activation_block:act_inst|exp_lut[41][10] ;
; activation_block:act_inst|tanh_lut[41][10]    ; Merged with activation_block:act_inst|exp_lut[41][10] ;
; activation_block:act_inst|tanh_lut[41][11]    ; Merged with activation_block:act_inst|exp_lut[41][10] ;
; activation_block:act_inst|tanh_lut[41][12]    ; Merged with activation_block:act_inst|exp_lut[41][10] ;
; activation_block:act_inst|tanh_lut[41][13]    ; Merged with activation_block:act_inst|exp_lut[41][10] ;
; activation_block:act_inst|tanh_lut[41][14]    ; Merged with activation_block:act_inst|exp_lut[41][10] ;
; activation_block:act_inst|tanh_lut[41][15]    ; Merged with activation_block:act_inst|exp_lut[41][10] ;
; activation_block:act_inst|tanh_lut[41][1]     ; Merged with activation_block:act_inst|exp_lut[41][10] ;
; activation_block:act_inst|tanh_lut[41][2]     ; Merged with activation_block:act_inst|exp_lut[41][10] ;
; activation_block:act_inst|tanh_lut[41][3]     ; Merged with activation_block:act_inst|exp_lut[41][10] ;
; activation_block:act_inst|tanh_lut[41][4]     ; Merged with activation_block:act_inst|exp_lut[41][10] ;
; activation_block:act_inst|tanh_lut[41][5]     ; Merged with activation_block:act_inst|exp_lut[41][10] ;
; activation_block:act_inst|tanh_lut[41][6]     ; Merged with activation_block:act_inst|exp_lut[41][10] ;
; activation_block:act_inst|tanh_lut[41][7]     ; Merged with activation_block:act_inst|exp_lut[41][10] ;
; activation_block:act_inst|tanh_lut[41][9]     ; Merged with activation_block:act_inst|exp_lut[41][10] ;
; activation_block:act_inst|exp_lut[42][11]     ; Merged with activation_block:act_inst|exp_lut[42][10] ;
; activation_block:act_inst|exp_lut[42][12]     ; Merged with activation_block:act_inst|exp_lut[42][10] ;
; activation_block:act_inst|exp_lut[42][13]     ; Merged with activation_block:act_inst|exp_lut[42][10] ;
; activation_block:act_inst|exp_lut[42][14]     ; Merged with activation_block:act_inst|exp_lut[42][10] ;
; activation_block:act_inst|exp_lut[42][15]     ; Merged with activation_block:act_inst|exp_lut[42][10] ;
; activation_block:act_inst|exp_lut[42][1]      ; Merged with activation_block:act_inst|exp_lut[42][10] ;
; activation_block:act_inst|exp_lut[42][3]      ; Merged with activation_block:act_inst|exp_lut[42][10] ;
; activation_block:act_inst|exp_lut[42][4]      ; Merged with activation_block:act_inst|exp_lut[42][10] ;
; activation_block:act_inst|exp_lut[42][5]      ; Merged with activation_block:act_inst|exp_lut[42][10] ;
; activation_block:act_inst|exp_lut[42][6]      ; Merged with activation_block:act_inst|exp_lut[42][10] ;
; activation_block:act_inst|exp_lut[42][7]      ; Merged with activation_block:act_inst|exp_lut[42][10] ;
; activation_block:act_inst|exp_lut[42][8]      ; Merged with activation_block:act_inst|exp_lut[42][10] ;
; activation_block:act_inst|exp_lut[42][9]      ; Merged with activation_block:act_inst|exp_lut[42][10] ;
; activation_block:act_inst|sigmoid_lut[42][10] ; Merged with activation_block:act_inst|exp_lut[42][10] ;
; activation_block:act_inst|sigmoid_lut[42][11] ; Merged with activation_block:act_inst|exp_lut[42][10] ;
; activation_block:act_inst|sigmoid_lut[42][12] ; Merged with activation_block:act_inst|exp_lut[42][10] ;
; activation_block:act_inst|sigmoid_lut[42][13] ; Merged with activation_block:act_inst|exp_lut[42][10] ;
; activation_block:act_inst|sigmoid_lut[42][14] ; Merged with activation_block:act_inst|exp_lut[42][10] ;
; activation_block:act_inst|sigmoid_lut[42][15] ; Merged with activation_block:act_inst|exp_lut[42][10] ;
; activation_block:act_inst|sigmoid_lut[42][2]  ; Merged with activation_block:act_inst|exp_lut[42][10] ;
; activation_block:act_inst|sigmoid_lut[42][8]  ; Merged with activation_block:act_inst|exp_lut[42][10] ;
; activation_block:act_inst|sigmoid_lut[42][9]  ; Merged with activation_block:act_inst|exp_lut[42][10] ;
; activation_block:act_inst|tanh_lut[42][0]     ; Merged with activation_block:act_inst|exp_lut[42][10] ;
; activation_block:act_inst|tanh_lut[42][10]    ; Merged with activation_block:act_inst|exp_lut[42][10] ;
; activation_block:act_inst|tanh_lut[42][11]    ; Merged with activation_block:act_inst|exp_lut[42][10] ;
; activation_block:act_inst|tanh_lut[42][12]    ; Merged with activation_block:act_inst|exp_lut[42][10] ;
; activation_block:act_inst|tanh_lut[42][13]    ; Merged with activation_block:act_inst|exp_lut[42][10] ;
; activation_block:act_inst|tanh_lut[42][14]    ; Merged with activation_block:act_inst|exp_lut[42][10] ;
; activation_block:act_inst|tanh_lut[42][15]    ; Merged with activation_block:act_inst|exp_lut[42][10] ;
; activation_block:act_inst|tanh_lut[42][1]     ; Merged with activation_block:act_inst|exp_lut[42][10] ;
; activation_block:act_inst|tanh_lut[42][2]     ; Merged with activation_block:act_inst|exp_lut[42][10] ;
; activation_block:act_inst|tanh_lut[42][3]     ; Merged with activation_block:act_inst|exp_lut[42][10] ;
; activation_block:act_inst|tanh_lut[42][4]     ; Merged with activation_block:act_inst|exp_lut[42][10] ;
; activation_block:act_inst|tanh_lut[42][5]     ; Merged with activation_block:act_inst|exp_lut[42][10] ;
; activation_block:act_inst|tanh_lut[42][6]     ; Merged with activation_block:act_inst|exp_lut[42][10] ;
; activation_block:act_inst|tanh_lut[42][7]     ; Merged with activation_block:act_inst|exp_lut[42][10] ;
; activation_block:act_inst|tanh_lut[42][9]     ; Merged with activation_block:act_inst|exp_lut[42][10] ;
; activation_block:act_inst|exp_lut[43][11]     ; Merged with activation_block:act_inst|exp_lut[43][10] ;
; activation_block:act_inst|exp_lut[43][12]     ; Merged with activation_block:act_inst|exp_lut[43][10] ;
; activation_block:act_inst|exp_lut[43][13]     ; Merged with activation_block:act_inst|exp_lut[43][10] ;
; activation_block:act_inst|exp_lut[43][14]     ; Merged with activation_block:act_inst|exp_lut[43][10] ;
; activation_block:act_inst|exp_lut[43][15]     ; Merged with activation_block:act_inst|exp_lut[43][10] ;
; activation_block:act_inst|exp_lut[43][1]      ; Merged with activation_block:act_inst|exp_lut[43][10] ;
; activation_block:act_inst|exp_lut[43][3]      ; Merged with activation_block:act_inst|exp_lut[43][10] ;
; activation_block:act_inst|exp_lut[43][4]      ; Merged with activation_block:act_inst|exp_lut[43][10] ;
; activation_block:act_inst|exp_lut[43][5]      ; Merged with activation_block:act_inst|exp_lut[43][10] ;
; activation_block:act_inst|exp_lut[43][6]      ; Merged with activation_block:act_inst|exp_lut[43][10] ;
; activation_block:act_inst|exp_lut[43][7]      ; Merged with activation_block:act_inst|exp_lut[43][10] ;
; activation_block:act_inst|exp_lut[43][8]      ; Merged with activation_block:act_inst|exp_lut[43][10] ;
; activation_block:act_inst|exp_lut[43][9]      ; Merged with activation_block:act_inst|exp_lut[43][10] ;
; activation_block:act_inst|sigmoid_lut[43][10] ; Merged with activation_block:act_inst|exp_lut[43][10] ;
; activation_block:act_inst|sigmoid_lut[43][11] ; Merged with activation_block:act_inst|exp_lut[43][10] ;
; activation_block:act_inst|sigmoid_lut[43][12] ; Merged with activation_block:act_inst|exp_lut[43][10] ;
; activation_block:act_inst|sigmoid_lut[43][13] ; Merged with activation_block:act_inst|exp_lut[43][10] ;
; activation_block:act_inst|sigmoid_lut[43][14] ; Merged with activation_block:act_inst|exp_lut[43][10] ;
; activation_block:act_inst|sigmoid_lut[43][15] ; Merged with activation_block:act_inst|exp_lut[43][10] ;
; activation_block:act_inst|sigmoid_lut[43][2]  ; Merged with activation_block:act_inst|exp_lut[43][10] ;
; activation_block:act_inst|sigmoid_lut[43][8]  ; Merged with activation_block:act_inst|exp_lut[43][10] ;
; activation_block:act_inst|sigmoid_lut[43][9]  ; Merged with activation_block:act_inst|exp_lut[43][10] ;
; activation_block:act_inst|tanh_lut[43][0]     ; Merged with activation_block:act_inst|exp_lut[43][10] ;
; activation_block:act_inst|tanh_lut[43][10]    ; Merged with activation_block:act_inst|exp_lut[43][10] ;
; activation_block:act_inst|tanh_lut[43][11]    ; Merged with activation_block:act_inst|exp_lut[43][10] ;
; activation_block:act_inst|tanh_lut[43][12]    ; Merged with activation_block:act_inst|exp_lut[43][10] ;
; activation_block:act_inst|tanh_lut[43][13]    ; Merged with activation_block:act_inst|exp_lut[43][10] ;
; activation_block:act_inst|tanh_lut[43][14]    ; Merged with activation_block:act_inst|exp_lut[43][10] ;
; activation_block:act_inst|tanh_lut[43][15]    ; Merged with activation_block:act_inst|exp_lut[43][10] ;
; activation_block:act_inst|tanh_lut[43][1]     ; Merged with activation_block:act_inst|exp_lut[43][10] ;
; activation_block:act_inst|tanh_lut[43][2]     ; Merged with activation_block:act_inst|exp_lut[43][10] ;
; activation_block:act_inst|tanh_lut[43][3]     ; Merged with activation_block:act_inst|exp_lut[43][10] ;
; activation_block:act_inst|tanh_lut[43][4]     ; Merged with activation_block:act_inst|exp_lut[43][10] ;
; activation_block:act_inst|tanh_lut[43][5]     ; Merged with activation_block:act_inst|exp_lut[43][10] ;
; activation_block:act_inst|tanh_lut[43][6]     ; Merged with activation_block:act_inst|exp_lut[43][10] ;
; activation_block:act_inst|tanh_lut[43][7]     ; Merged with activation_block:act_inst|exp_lut[43][10] ;
; activation_block:act_inst|tanh_lut[43][9]     ; Merged with activation_block:act_inst|exp_lut[43][10] ;
; activation_block:act_inst|exp_lut[44][11]     ; Merged with activation_block:act_inst|exp_lut[44][10] ;
; activation_block:act_inst|exp_lut[44][12]     ; Merged with activation_block:act_inst|exp_lut[44][10] ;
; activation_block:act_inst|exp_lut[44][13]     ; Merged with activation_block:act_inst|exp_lut[44][10] ;
; activation_block:act_inst|exp_lut[44][14]     ; Merged with activation_block:act_inst|exp_lut[44][10] ;
; activation_block:act_inst|exp_lut[44][15]     ; Merged with activation_block:act_inst|exp_lut[44][10] ;
; activation_block:act_inst|exp_lut[44][1]      ; Merged with activation_block:act_inst|exp_lut[44][10] ;
; activation_block:act_inst|exp_lut[44][3]      ; Merged with activation_block:act_inst|exp_lut[44][10] ;
; activation_block:act_inst|exp_lut[44][4]      ; Merged with activation_block:act_inst|exp_lut[44][10] ;
; activation_block:act_inst|exp_lut[44][5]      ; Merged with activation_block:act_inst|exp_lut[44][10] ;
; activation_block:act_inst|exp_lut[44][6]      ; Merged with activation_block:act_inst|exp_lut[44][10] ;
; activation_block:act_inst|exp_lut[44][7]      ; Merged with activation_block:act_inst|exp_lut[44][10] ;
; activation_block:act_inst|exp_lut[44][8]      ; Merged with activation_block:act_inst|exp_lut[44][10] ;
; activation_block:act_inst|exp_lut[44][9]      ; Merged with activation_block:act_inst|exp_lut[44][10] ;
; activation_block:act_inst|sigmoid_lut[44][10] ; Merged with activation_block:act_inst|exp_lut[44][10] ;
; activation_block:act_inst|sigmoid_lut[44][11] ; Merged with activation_block:act_inst|exp_lut[44][10] ;
; activation_block:act_inst|sigmoid_lut[44][12] ; Merged with activation_block:act_inst|exp_lut[44][10] ;
; activation_block:act_inst|sigmoid_lut[44][13] ; Merged with activation_block:act_inst|exp_lut[44][10] ;
; activation_block:act_inst|sigmoid_lut[44][14] ; Merged with activation_block:act_inst|exp_lut[44][10] ;
; activation_block:act_inst|sigmoid_lut[44][15] ; Merged with activation_block:act_inst|exp_lut[44][10] ;
; activation_block:act_inst|sigmoid_lut[44][2]  ; Merged with activation_block:act_inst|exp_lut[44][10] ;
; activation_block:act_inst|sigmoid_lut[44][8]  ; Merged with activation_block:act_inst|exp_lut[44][10] ;
; activation_block:act_inst|sigmoid_lut[44][9]  ; Merged with activation_block:act_inst|exp_lut[44][10] ;
; activation_block:act_inst|tanh_lut[44][0]     ; Merged with activation_block:act_inst|exp_lut[44][10] ;
; activation_block:act_inst|tanh_lut[44][10]    ; Merged with activation_block:act_inst|exp_lut[44][10] ;
; activation_block:act_inst|tanh_lut[44][11]    ; Merged with activation_block:act_inst|exp_lut[44][10] ;
; activation_block:act_inst|tanh_lut[44][12]    ; Merged with activation_block:act_inst|exp_lut[44][10] ;
; activation_block:act_inst|tanh_lut[44][13]    ; Merged with activation_block:act_inst|exp_lut[44][10] ;
; activation_block:act_inst|tanh_lut[44][14]    ; Merged with activation_block:act_inst|exp_lut[44][10] ;
; activation_block:act_inst|tanh_lut[44][15]    ; Merged with activation_block:act_inst|exp_lut[44][10] ;
; activation_block:act_inst|tanh_lut[44][1]     ; Merged with activation_block:act_inst|exp_lut[44][10] ;
; activation_block:act_inst|tanh_lut[44][2]     ; Merged with activation_block:act_inst|exp_lut[44][10] ;
; activation_block:act_inst|tanh_lut[44][3]     ; Merged with activation_block:act_inst|exp_lut[44][10] ;
; activation_block:act_inst|tanh_lut[44][4]     ; Merged with activation_block:act_inst|exp_lut[44][10] ;
; activation_block:act_inst|tanh_lut[44][5]     ; Merged with activation_block:act_inst|exp_lut[44][10] ;
; activation_block:act_inst|tanh_lut[44][6]     ; Merged with activation_block:act_inst|exp_lut[44][10] ;
; activation_block:act_inst|tanh_lut[44][7]     ; Merged with activation_block:act_inst|exp_lut[44][10] ;
; activation_block:act_inst|tanh_lut[44][9]     ; Merged with activation_block:act_inst|exp_lut[44][10] ;
; activation_block:act_inst|exp_lut[45][11]     ; Merged with activation_block:act_inst|exp_lut[45][10] ;
; activation_block:act_inst|exp_lut[45][12]     ; Merged with activation_block:act_inst|exp_lut[45][10] ;
; activation_block:act_inst|exp_lut[45][13]     ; Merged with activation_block:act_inst|exp_lut[45][10] ;
; activation_block:act_inst|exp_lut[45][14]     ; Merged with activation_block:act_inst|exp_lut[45][10] ;
; activation_block:act_inst|exp_lut[45][15]     ; Merged with activation_block:act_inst|exp_lut[45][10] ;
; activation_block:act_inst|exp_lut[45][1]      ; Merged with activation_block:act_inst|exp_lut[45][10] ;
; activation_block:act_inst|exp_lut[45][3]      ; Merged with activation_block:act_inst|exp_lut[45][10] ;
; activation_block:act_inst|exp_lut[45][4]      ; Merged with activation_block:act_inst|exp_lut[45][10] ;
; activation_block:act_inst|exp_lut[45][5]      ; Merged with activation_block:act_inst|exp_lut[45][10] ;
; activation_block:act_inst|exp_lut[45][6]      ; Merged with activation_block:act_inst|exp_lut[45][10] ;
; activation_block:act_inst|exp_lut[45][7]      ; Merged with activation_block:act_inst|exp_lut[45][10] ;
; activation_block:act_inst|exp_lut[45][8]      ; Merged with activation_block:act_inst|exp_lut[45][10] ;
; activation_block:act_inst|exp_lut[45][9]      ; Merged with activation_block:act_inst|exp_lut[45][10] ;
; activation_block:act_inst|sigmoid_lut[45][10] ; Merged with activation_block:act_inst|exp_lut[45][10] ;
; activation_block:act_inst|sigmoid_lut[45][11] ; Merged with activation_block:act_inst|exp_lut[45][10] ;
; activation_block:act_inst|sigmoid_lut[45][12] ; Merged with activation_block:act_inst|exp_lut[45][10] ;
; activation_block:act_inst|sigmoid_lut[45][13] ; Merged with activation_block:act_inst|exp_lut[45][10] ;
; activation_block:act_inst|sigmoid_lut[45][14] ; Merged with activation_block:act_inst|exp_lut[45][10] ;
; activation_block:act_inst|sigmoid_lut[45][15] ; Merged with activation_block:act_inst|exp_lut[45][10] ;
; activation_block:act_inst|sigmoid_lut[45][2]  ; Merged with activation_block:act_inst|exp_lut[45][10] ;
; activation_block:act_inst|sigmoid_lut[45][8]  ; Merged with activation_block:act_inst|exp_lut[45][10] ;
; activation_block:act_inst|sigmoid_lut[45][9]  ; Merged with activation_block:act_inst|exp_lut[45][10] ;
; activation_block:act_inst|tanh_lut[45][0]     ; Merged with activation_block:act_inst|exp_lut[45][10] ;
; activation_block:act_inst|tanh_lut[45][10]    ; Merged with activation_block:act_inst|exp_lut[45][10] ;
; activation_block:act_inst|tanh_lut[45][11]    ; Merged with activation_block:act_inst|exp_lut[45][10] ;
; activation_block:act_inst|tanh_lut[45][12]    ; Merged with activation_block:act_inst|exp_lut[45][10] ;
; activation_block:act_inst|tanh_lut[45][13]    ; Merged with activation_block:act_inst|exp_lut[45][10] ;
; activation_block:act_inst|tanh_lut[45][14]    ; Merged with activation_block:act_inst|exp_lut[45][10] ;
; activation_block:act_inst|tanh_lut[45][15]    ; Merged with activation_block:act_inst|exp_lut[45][10] ;
; activation_block:act_inst|tanh_lut[45][1]     ; Merged with activation_block:act_inst|exp_lut[45][10] ;
; activation_block:act_inst|tanh_lut[45][2]     ; Merged with activation_block:act_inst|exp_lut[45][10] ;
; activation_block:act_inst|tanh_lut[45][3]     ; Merged with activation_block:act_inst|exp_lut[45][10] ;
; activation_block:act_inst|tanh_lut[45][4]     ; Merged with activation_block:act_inst|exp_lut[45][10] ;
; activation_block:act_inst|tanh_lut[45][5]     ; Merged with activation_block:act_inst|exp_lut[45][10] ;
; activation_block:act_inst|tanh_lut[45][6]     ; Merged with activation_block:act_inst|exp_lut[45][10] ;
; activation_block:act_inst|tanh_lut[45][7]     ; Merged with activation_block:act_inst|exp_lut[45][10] ;
; activation_block:act_inst|tanh_lut[45][9]     ; Merged with activation_block:act_inst|exp_lut[45][10] ;
; activation_block:act_inst|exp_lut[46][11]     ; Merged with activation_block:act_inst|exp_lut[46][10] ;
; activation_block:act_inst|exp_lut[46][12]     ; Merged with activation_block:act_inst|exp_lut[46][10] ;
; activation_block:act_inst|exp_lut[46][13]     ; Merged with activation_block:act_inst|exp_lut[46][10] ;
; activation_block:act_inst|exp_lut[46][14]     ; Merged with activation_block:act_inst|exp_lut[46][10] ;
; activation_block:act_inst|exp_lut[46][15]     ; Merged with activation_block:act_inst|exp_lut[46][10] ;
; activation_block:act_inst|exp_lut[46][1]      ; Merged with activation_block:act_inst|exp_lut[46][10] ;
; activation_block:act_inst|exp_lut[46][3]      ; Merged with activation_block:act_inst|exp_lut[46][10] ;
; activation_block:act_inst|exp_lut[46][4]      ; Merged with activation_block:act_inst|exp_lut[46][10] ;
; activation_block:act_inst|exp_lut[46][5]      ; Merged with activation_block:act_inst|exp_lut[46][10] ;
; activation_block:act_inst|exp_lut[46][6]      ; Merged with activation_block:act_inst|exp_lut[46][10] ;
; activation_block:act_inst|exp_lut[46][7]      ; Merged with activation_block:act_inst|exp_lut[46][10] ;
; activation_block:act_inst|exp_lut[46][8]      ; Merged with activation_block:act_inst|exp_lut[46][10] ;
; activation_block:act_inst|exp_lut[46][9]      ; Merged with activation_block:act_inst|exp_lut[46][10] ;
; activation_block:act_inst|sigmoid_lut[46][10] ; Merged with activation_block:act_inst|exp_lut[46][10] ;
; activation_block:act_inst|sigmoid_lut[46][11] ; Merged with activation_block:act_inst|exp_lut[46][10] ;
; activation_block:act_inst|sigmoid_lut[46][12] ; Merged with activation_block:act_inst|exp_lut[46][10] ;
; activation_block:act_inst|sigmoid_lut[46][13] ; Merged with activation_block:act_inst|exp_lut[46][10] ;
; activation_block:act_inst|sigmoid_lut[46][14] ; Merged with activation_block:act_inst|exp_lut[46][10] ;
; activation_block:act_inst|sigmoid_lut[46][15] ; Merged with activation_block:act_inst|exp_lut[46][10] ;
; activation_block:act_inst|sigmoid_lut[46][2]  ; Merged with activation_block:act_inst|exp_lut[46][10] ;
; activation_block:act_inst|sigmoid_lut[46][8]  ; Merged with activation_block:act_inst|exp_lut[46][10] ;
; activation_block:act_inst|sigmoid_lut[46][9]  ; Merged with activation_block:act_inst|exp_lut[46][10] ;
; activation_block:act_inst|tanh_lut[46][0]     ; Merged with activation_block:act_inst|exp_lut[46][10] ;
; activation_block:act_inst|tanh_lut[46][10]    ; Merged with activation_block:act_inst|exp_lut[46][10] ;
; activation_block:act_inst|tanh_lut[46][11]    ; Merged with activation_block:act_inst|exp_lut[46][10] ;
; activation_block:act_inst|tanh_lut[46][12]    ; Merged with activation_block:act_inst|exp_lut[46][10] ;
; activation_block:act_inst|tanh_lut[46][13]    ; Merged with activation_block:act_inst|exp_lut[46][10] ;
; activation_block:act_inst|tanh_lut[46][14]    ; Merged with activation_block:act_inst|exp_lut[46][10] ;
; activation_block:act_inst|tanh_lut[46][15]    ; Merged with activation_block:act_inst|exp_lut[46][10] ;
; activation_block:act_inst|tanh_lut[46][1]     ; Merged with activation_block:act_inst|exp_lut[46][10] ;
; activation_block:act_inst|tanh_lut[46][2]     ; Merged with activation_block:act_inst|exp_lut[46][10] ;
; activation_block:act_inst|tanh_lut[46][3]     ; Merged with activation_block:act_inst|exp_lut[46][10] ;
; activation_block:act_inst|tanh_lut[46][4]     ; Merged with activation_block:act_inst|exp_lut[46][10] ;
; activation_block:act_inst|tanh_lut[46][5]     ; Merged with activation_block:act_inst|exp_lut[46][10] ;
; activation_block:act_inst|tanh_lut[46][6]     ; Merged with activation_block:act_inst|exp_lut[46][10] ;
; activation_block:act_inst|tanh_lut[46][7]     ; Merged with activation_block:act_inst|exp_lut[46][10] ;
; activation_block:act_inst|tanh_lut[46][9]     ; Merged with activation_block:act_inst|exp_lut[46][10] ;
; activation_block:act_inst|exp_lut[47][11]     ; Merged with activation_block:act_inst|exp_lut[47][10] ;
; activation_block:act_inst|exp_lut[47][12]     ; Merged with activation_block:act_inst|exp_lut[47][10] ;
; activation_block:act_inst|exp_lut[47][13]     ; Merged with activation_block:act_inst|exp_lut[47][10] ;
; activation_block:act_inst|exp_lut[47][14]     ; Merged with activation_block:act_inst|exp_lut[47][10] ;
; activation_block:act_inst|exp_lut[47][15]     ; Merged with activation_block:act_inst|exp_lut[47][10] ;
; activation_block:act_inst|exp_lut[47][1]      ; Merged with activation_block:act_inst|exp_lut[47][10] ;
; activation_block:act_inst|exp_lut[47][3]      ; Merged with activation_block:act_inst|exp_lut[47][10] ;
; activation_block:act_inst|exp_lut[47][4]      ; Merged with activation_block:act_inst|exp_lut[47][10] ;
; activation_block:act_inst|exp_lut[47][5]      ; Merged with activation_block:act_inst|exp_lut[47][10] ;
; activation_block:act_inst|exp_lut[47][6]      ; Merged with activation_block:act_inst|exp_lut[47][10] ;
; activation_block:act_inst|exp_lut[47][7]      ; Merged with activation_block:act_inst|exp_lut[47][10] ;
; activation_block:act_inst|exp_lut[47][8]      ; Merged with activation_block:act_inst|exp_lut[47][10] ;
; activation_block:act_inst|exp_lut[47][9]      ; Merged with activation_block:act_inst|exp_lut[47][10] ;
; activation_block:act_inst|sigmoid_lut[47][10] ; Merged with activation_block:act_inst|exp_lut[47][10] ;
; activation_block:act_inst|sigmoid_lut[47][11] ; Merged with activation_block:act_inst|exp_lut[47][10] ;
; activation_block:act_inst|sigmoid_lut[47][12] ; Merged with activation_block:act_inst|exp_lut[47][10] ;
; activation_block:act_inst|sigmoid_lut[47][13] ; Merged with activation_block:act_inst|exp_lut[47][10] ;
; activation_block:act_inst|sigmoid_lut[47][14] ; Merged with activation_block:act_inst|exp_lut[47][10] ;
; activation_block:act_inst|sigmoid_lut[47][15] ; Merged with activation_block:act_inst|exp_lut[47][10] ;
; activation_block:act_inst|sigmoid_lut[47][2]  ; Merged with activation_block:act_inst|exp_lut[47][10] ;
; activation_block:act_inst|sigmoid_lut[47][8]  ; Merged with activation_block:act_inst|exp_lut[47][10] ;
; activation_block:act_inst|sigmoid_lut[47][9]  ; Merged with activation_block:act_inst|exp_lut[47][10] ;
; activation_block:act_inst|tanh_lut[47][0]     ; Merged with activation_block:act_inst|exp_lut[47][10] ;
; activation_block:act_inst|tanh_lut[47][10]    ; Merged with activation_block:act_inst|exp_lut[47][10] ;
; activation_block:act_inst|tanh_lut[47][11]    ; Merged with activation_block:act_inst|exp_lut[47][10] ;
; activation_block:act_inst|tanh_lut[47][12]    ; Merged with activation_block:act_inst|exp_lut[47][10] ;
; activation_block:act_inst|tanh_lut[47][13]    ; Merged with activation_block:act_inst|exp_lut[47][10] ;
; activation_block:act_inst|tanh_lut[47][14]    ; Merged with activation_block:act_inst|exp_lut[47][10] ;
; activation_block:act_inst|tanh_lut[47][15]    ; Merged with activation_block:act_inst|exp_lut[47][10] ;
; activation_block:act_inst|tanh_lut[47][1]     ; Merged with activation_block:act_inst|exp_lut[47][10] ;
; activation_block:act_inst|tanh_lut[47][2]     ; Merged with activation_block:act_inst|exp_lut[47][10] ;
; activation_block:act_inst|tanh_lut[47][3]     ; Merged with activation_block:act_inst|exp_lut[47][10] ;
; activation_block:act_inst|tanh_lut[47][4]     ; Merged with activation_block:act_inst|exp_lut[47][10] ;
; activation_block:act_inst|tanh_lut[47][5]     ; Merged with activation_block:act_inst|exp_lut[47][10] ;
; activation_block:act_inst|tanh_lut[47][6]     ; Merged with activation_block:act_inst|exp_lut[47][10] ;
; activation_block:act_inst|tanh_lut[47][7]     ; Merged with activation_block:act_inst|exp_lut[47][10] ;
; activation_block:act_inst|tanh_lut[47][9]     ; Merged with activation_block:act_inst|exp_lut[47][10] ;
; activation_block:act_inst|exp_lut[48][11]     ; Merged with activation_block:act_inst|exp_lut[48][10] ;
; activation_block:act_inst|exp_lut[48][12]     ; Merged with activation_block:act_inst|exp_lut[48][10] ;
; activation_block:act_inst|exp_lut[48][13]     ; Merged with activation_block:act_inst|exp_lut[48][10] ;
; activation_block:act_inst|exp_lut[48][14]     ; Merged with activation_block:act_inst|exp_lut[48][10] ;
; activation_block:act_inst|exp_lut[48][15]     ; Merged with activation_block:act_inst|exp_lut[48][10] ;
; activation_block:act_inst|exp_lut[48][1]      ; Merged with activation_block:act_inst|exp_lut[48][10] ;
; activation_block:act_inst|exp_lut[48][3]      ; Merged with activation_block:act_inst|exp_lut[48][10] ;
; activation_block:act_inst|exp_lut[48][4]      ; Merged with activation_block:act_inst|exp_lut[48][10] ;
; activation_block:act_inst|exp_lut[48][5]      ; Merged with activation_block:act_inst|exp_lut[48][10] ;
; activation_block:act_inst|exp_lut[48][6]      ; Merged with activation_block:act_inst|exp_lut[48][10] ;
; activation_block:act_inst|exp_lut[48][7]      ; Merged with activation_block:act_inst|exp_lut[48][10] ;
; activation_block:act_inst|exp_lut[48][8]      ; Merged with activation_block:act_inst|exp_lut[48][10] ;
; activation_block:act_inst|exp_lut[48][9]      ; Merged with activation_block:act_inst|exp_lut[48][10] ;
; activation_block:act_inst|sigmoid_lut[48][10] ; Merged with activation_block:act_inst|exp_lut[48][10] ;
; activation_block:act_inst|sigmoid_lut[48][11] ; Merged with activation_block:act_inst|exp_lut[48][10] ;
; activation_block:act_inst|sigmoid_lut[48][12] ; Merged with activation_block:act_inst|exp_lut[48][10] ;
; activation_block:act_inst|sigmoid_lut[48][13] ; Merged with activation_block:act_inst|exp_lut[48][10] ;
; activation_block:act_inst|sigmoid_lut[48][14] ; Merged with activation_block:act_inst|exp_lut[48][10] ;
; activation_block:act_inst|sigmoid_lut[48][15] ; Merged with activation_block:act_inst|exp_lut[48][10] ;
; activation_block:act_inst|sigmoid_lut[48][2]  ; Merged with activation_block:act_inst|exp_lut[48][10] ;
; activation_block:act_inst|sigmoid_lut[48][8]  ; Merged with activation_block:act_inst|exp_lut[48][10] ;
; activation_block:act_inst|sigmoid_lut[48][9]  ; Merged with activation_block:act_inst|exp_lut[48][10] ;
; activation_block:act_inst|tanh_lut[48][0]     ; Merged with activation_block:act_inst|exp_lut[48][10] ;
; activation_block:act_inst|tanh_lut[48][10]    ; Merged with activation_block:act_inst|exp_lut[48][10] ;
; activation_block:act_inst|tanh_lut[48][11]    ; Merged with activation_block:act_inst|exp_lut[48][10] ;
; activation_block:act_inst|tanh_lut[48][12]    ; Merged with activation_block:act_inst|exp_lut[48][10] ;
; activation_block:act_inst|tanh_lut[48][13]    ; Merged with activation_block:act_inst|exp_lut[48][10] ;
; activation_block:act_inst|tanh_lut[48][14]    ; Merged with activation_block:act_inst|exp_lut[48][10] ;
; activation_block:act_inst|tanh_lut[48][15]    ; Merged with activation_block:act_inst|exp_lut[48][10] ;
; activation_block:act_inst|tanh_lut[48][1]     ; Merged with activation_block:act_inst|exp_lut[48][10] ;
; activation_block:act_inst|tanh_lut[48][2]     ; Merged with activation_block:act_inst|exp_lut[48][10] ;
; activation_block:act_inst|tanh_lut[48][3]     ; Merged with activation_block:act_inst|exp_lut[48][10] ;
; activation_block:act_inst|tanh_lut[48][4]     ; Merged with activation_block:act_inst|exp_lut[48][10] ;
; activation_block:act_inst|tanh_lut[48][5]     ; Merged with activation_block:act_inst|exp_lut[48][10] ;
; activation_block:act_inst|tanh_lut[48][6]     ; Merged with activation_block:act_inst|exp_lut[48][10] ;
; activation_block:act_inst|tanh_lut[48][7]     ; Merged with activation_block:act_inst|exp_lut[48][10] ;
; activation_block:act_inst|tanh_lut[48][9]     ; Merged with activation_block:act_inst|exp_lut[48][10] ;
; activation_block:act_inst|exp_lut[49][11]     ; Merged with activation_block:act_inst|exp_lut[49][10] ;
; activation_block:act_inst|exp_lut[49][12]     ; Merged with activation_block:act_inst|exp_lut[49][10] ;
; activation_block:act_inst|exp_lut[49][13]     ; Merged with activation_block:act_inst|exp_lut[49][10] ;
; activation_block:act_inst|exp_lut[49][14]     ; Merged with activation_block:act_inst|exp_lut[49][10] ;
; activation_block:act_inst|exp_lut[49][15]     ; Merged with activation_block:act_inst|exp_lut[49][10] ;
; activation_block:act_inst|exp_lut[49][1]      ; Merged with activation_block:act_inst|exp_lut[49][10] ;
; activation_block:act_inst|exp_lut[49][3]      ; Merged with activation_block:act_inst|exp_lut[49][10] ;
; activation_block:act_inst|exp_lut[49][4]      ; Merged with activation_block:act_inst|exp_lut[49][10] ;
; activation_block:act_inst|exp_lut[49][5]      ; Merged with activation_block:act_inst|exp_lut[49][10] ;
; activation_block:act_inst|exp_lut[49][6]      ; Merged with activation_block:act_inst|exp_lut[49][10] ;
; activation_block:act_inst|exp_lut[49][7]      ; Merged with activation_block:act_inst|exp_lut[49][10] ;
; activation_block:act_inst|exp_lut[49][8]      ; Merged with activation_block:act_inst|exp_lut[49][10] ;
; activation_block:act_inst|exp_lut[49][9]      ; Merged with activation_block:act_inst|exp_lut[49][10] ;
; activation_block:act_inst|sigmoid_lut[49][10] ; Merged with activation_block:act_inst|exp_lut[49][10] ;
; activation_block:act_inst|sigmoid_lut[49][11] ; Merged with activation_block:act_inst|exp_lut[49][10] ;
; activation_block:act_inst|sigmoid_lut[49][12] ; Merged with activation_block:act_inst|exp_lut[49][10] ;
; activation_block:act_inst|sigmoid_lut[49][13] ; Merged with activation_block:act_inst|exp_lut[49][10] ;
; activation_block:act_inst|sigmoid_lut[49][14] ; Merged with activation_block:act_inst|exp_lut[49][10] ;
; activation_block:act_inst|sigmoid_lut[49][15] ; Merged with activation_block:act_inst|exp_lut[49][10] ;
; activation_block:act_inst|sigmoid_lut[49][2]  ; Merged with activation_block:act_inst|exp_lut[49][10] ;
; activation_block:act_inst|sigmoid_lut[49][8]  ; Merged with activation_block:act_inst|exp_lut[49][10] ;
; activation_block:act_inst|sigmoid_lut[49][9]  ; Merged with activation_block:act_inst|exp_lut[49][10] ;
; activation_block:act_inst|tanh_lut[49][0]     ; Merged with activation_block:act_inst|exp_lut[49][10] ;
; activation_block:act_inst|tanh_lut[49][10]    ; Merged with activation_block:act_inst|exp_lut[49][10] ;
; activation_block:act_inst|tanh_lut[49][11]    ; Merged with activation_block:act_inst|exp_lut[49][10] ;
; activation_block:act_inst|tanh_lut[49][12]    ; Merged with activation_block:act_inst|exp_lut[49][10] ;
; activation_block:act_inst|tanh_lut[49][13]    ; Merged with activation_block:act_inst|exp_lut[49][10] ;
; activation_block:act_inst|tanh_lut[49][14]    ; Merged with activation_block:act_inst|exp_lut[49][10] ;
; activation_block:act_inst|tanh_lut[49][15]    ; Merged with activation_block:act_inst|exp_lut[49][10] ;
; activation_block:act_inst|tanh_lut[49][1]     ; Merged with activation_block:act_inst|exp_lut[49][10] ;
; activation_block:act_inst|tanh_lut[49][2]     ; Merged with activation_block:act_inst|exp_lut[49][10] ;
; activation_block:act_inst|tanh_lut[49][3]     ; Merged with activation_block:act_inst|exp_lut[49][10] ;
; activation_block:act_inst|tanh_lut[49][4]     ; Merged with activation_block:act_inst|exp_lut[49][10] ;
; activation_block:act_inst|tanh_lut[49][5]     ; Merged with activation_block:act_inst|exp_lut[49][10] ;
; activation_block:act_inst|tanh_lut[49][6]     ; Merged with activation_block:act_inst|exp_lut[49][10] ;
; activation_block:act_inst|tanh_lut[49][7]     ; Merged with activation_block:act_inst|exp_lut[49][10] ;
; activation_block:act_inst|tanh_lut[49][9]     ; Merged with activation_block:act_inst|exp_lut[49][10] ;
; activation_block:act_inst|exp_lut[50][11]     ; Merged with activation_block:act_inst|exp_lut[50][10] ;
; activation_block:act_inst|exp_lut[50][12]     ; Merged with activation_block:act_inst|exp_lut[50][10] ;
; activation_block:act_inst|exp_lut[50][13]     ; Merged with activation_block:act_inst|exp_lut[50][10] ;
; activation_block:act_inst|exp_lut[50][14]     ; Merged with activation_block:act_inst|exp_lut[50][10] ;
; activation_block:act_inst|exp_lut[50][15]     ; Merged with activation_block:act_inst|exp_lut[50][10] ;
; activation_block:act_inst|exp_lut[50][1]      ; Merged with activation_block:act_inst|exp_lut[50][10] ;
; activation_block:act_inst|exp_lut[50][3]      ; Merged with activation_block:act_inst|exp_lut[50][10] ;
; activation_block:act_inst|exp_lut[50][4]      ; Merged with activation_block:act_inst|exp_lut[50][10] ;
; activation_block:act_inst|exp_lut[50][5]      ; Merged with activation_block:act_inst|exp_lut[50][10] ;
; activation_block:act_inst|exp_lut[50][6]      ; Merged with activation_block:act_inst|exp_lut[50][10] ;
; activation_block:act_inst|exp_lut[50][7]      ; Merged with activation_block:act_inst|exp_lut[50][10] ;
; activation_block:act_inst|exp_lut[50][8]      ; Merged with activation_block:act_inst|exp_lut[50][10] ;
; activation_block:act_inst|exp_lut[50][9]      ; Merged with activation_block:act_inst|exp_lut[50][10] ;
; activation_block:act_inst|sigmoid_lut[50][10] ; Merged with activation_block:act_inst|exp_lut[50][10] ;
; activation_block:act_inst|sigmoid_lut[50][11] ; Merged with activation_block:act_inst|exp_lut[50][10] ;
; activation_block:act_inst|sigmoid_lut[50][12] ; Merged with activation_block:act_inst|exp_lut[50][10] ;
; activation_block:act_inst|sigmoid_lut[50][13] ; Merged with activation_block:act_inst|exp_lut[50][10] ;
; activation_block:act_inst|sigmoid_lut[50][14] ; Merged with activation_block:act_inst|exp_lut[50][10] ;
; activation_block:act_inst|sigmoid_lut[50][15] ; Merged with activation_block:act_inst|exp_lut[50][10] ;
; activation_block:act_inst|sigmoid_lut[50][2]  ; Merged with activation_block:act_inst|exp_lut[50][10] ;
; activation_block:act_inst|sigmoid_lut[50][8]  ; Merged with activation_block:act_inst|exp_lut[50][10] ;
; activation_block:act_inst|sigmoid_lut[50][9]  ; Merged with activation_block:act_inst|exp_lut[50][10] ;
; activation_block:act_inst|tanh_lut[50][0]     ; Merged with activation_block:act_inst|exp_lut[50][10] ;
; activation_block:act_inst|tanh_lut[50][10]    ; Merged with activation_block:act_inst|exp_lut[50][10] ;
; activation_block:act_inst|tanh_lut[50][11]    ; Merged with activation_block:act_inst|exp_lut[50][10] ;
; activation_block:act_inst|tanh_lut[50][12]    ; Merged with activation_block:act_inst|exp_lut[50][10] ;
; activation_block:act_inst|tanh_lut[50][13]    ; Merged with activation_block:act_inst|exp_lut[50][10] ;
; activation_block:act_inst|tanh_lut[50][14]    ; Merged with activation_block:act_inst|exp_lut[50][10] ;
; activation_block:act_inst|tanh_lut[50][15]    ; Merged with activation_block:act_inst|exp_lut[50][10] ;
; activation_block:act_inst|tanh_lut[50][1]     ; Merged with activation_block:act_inst|exp_lut[50][10] ;
; activation_block:act_inst|tanh_lut[50][2]     ; Merged with activation_block:act_inst|exp_lut[50][10] ;
; activation_block:act_inst|tanh_lut[50][3]     ; Merged with activation_block:act_inst|exp_lut[50][10] ;
; activation_block:act_inst|tanh_lut[50][4]     ; Merged with activation_block:act_inst|exp_lut[50][10] ;
; activation_block:act_inst|tanh_lut[50][5]     ; Merged with activation_block:act_inst|exp_lut[50][10] ;
; activation_block:act_inst|tanh_lut[50][6]     ; Merged with activation_block:act_inst|exp_lut[50][10] ;
; activation_block:act_inst|tanh_lut[50][7]     ; Merged with activation_block:act_inst|exp_lut[50][10] ;
; activation_block:act_inst|tanh_lut[50][9]     ; Merged with activation_block:act_inst|exp_lut[50][10] ;
; activation_block:act_inst|exp_lut[51][11]     ; Merged with activation_block:act_inst|exp_lut[51][10] ;
; activation_block:act_inst|exp_lut[51][12]     ; Merged with activation_block:act_inst|exp_lut[51][10] ;
; activation_block:act_inst|exp_lut[51][13]     ; Merged with activation_block:act_inst|exp_lut[51][10] ;
; activation_block:act_inst|exp_lut[51][14]     ; Merged with activation_block:act_inst|exp_lut[51][10] ;
; activation_block:act_inst|exp_lut[51][15]     ; Merged with activation_block:act_inst|exp_lut[51][10] ;
; activation_block:act_inst|exp_lut[51][1]      ; Merged with activation_block:act_inst|exp_lut[51][10] ;
; activation_block:act_inst|exp_lut[51][3]      ; Merged with activation_block:act_inst|exp_lut[51][10] ;
; activation_block:act_inst|exp_lut[51][4]      ; Merged with activation_block:act_inst|exp_lut[51][10] ;
; activation_block:act_inst|exp_lut[51][5]      ; Merged with activation_block:act_inst|exp_lut[51][10] ;
; activation_block:act_inst|exp_lut[51][6]      ; Merged with activation_block:act_inst|exp_lut[51][10] ;
; activation_block:act_inst|exp_lut[51][7]      ; Merged with activation_block:act_inst|exp_lut[51][10] ;
; activation_block:act_inst|exp_lut[51][8]      ; Merged with activation_block:act_inst|exp_lut[51][10] ;
; activation_block:act_inst|exp_lut[51][9]      ; Merged with activation_block:act_inst|exp_lut[51][10] ;
; activation_block:act_inst|sigmoid_lut[51][10] ; Merged with activation_block:act_inst|exp_lut[51][10] ;
; activation_block:act_inst|sigmoid_lut[51][11] ; Merged with activation_block:act_inst|exp_lut[51][10] ;
; activation_block:act_inst|sigmoid_lut[51][12] ; Merged with activation_block:act_inst|exp_lut[51][10] ;
; activation_block:act_inst|sigmoid_lut[51][13] ; Merged with activation_block:act_inst|exp_lut[51][10] ;
; activation_block:act_inst|sigmoid_lut[51][14] ; Merged with activation_block:act_inst|exp_lut[51][10] ;
; activation_block:act_inst|sigmoid_lut[51][15] ; Merged with activation_block:act_inst|exp_lut[51][10] ;
; activation_block:act_inst|sigmoid_lut[51][2]  ; Merged with activation_block:act_inst|exp_lut[51][10] ;
; activation_block:act_inst|sigmoid_lut[51][8]  ; Merged with activation_block:act_inst|exp_lut[51][10] ;
; activation_block:act_inst|sigmoid_lut[51][9]  ; Merged with activation_block:act_inst|exp_lut[51][10] ;
; activation_block:act_inst|tanh_lut[51][0]     ; Merged with activation_block:act_inst|exp_lut[51][10] ;
; activation_block:act_inst|tanh_lut[51][10]    ; Merged with activation_block:act_inst|exp_lut[51][10] ;
; activation_block:act_inst|tanh_lut[51][11]    ; Merged with activation_block:act_inst|exp_lut[51][10] ;
; activation_block:act_inst|tanh_lut[51][12]    ; Merged with activation_block:act_inst|exp_lut[51][10] ;
; activation_block:act_inst|tanh_lut[51][13]    ; Merged with activation_block:act_inst|exp_lut[51][10] ;
; activation_block:act_inst|tanh_lut[51][14]    ; Merged with activation_block:act_inst|exp_lut[51][10] ;
; activation_block:act_inst|tanh_lut[51][15]    ; Merged with activation_block:act_inst|exp_lut[51][10] ;
; activation_block:act_inst|tanh_lut[51][1]     ; Merged with activation_block:act_inst|exp_lut[51][10] ;
; activation_block:act_inst|tanh_lut[51][2]     ; Merged with activation_block:act_inst|exp_lut[51][10] ;
; activation_block:act_inst|tanh_lut[51][3]     ; Merged with activation_block:act_inst|exp_lut[51][10] ;
; activation_block:act_inst|tanh_lut[51][4]     ; Merged with activation_block:act_inst|exp_lut[51][10] ;
; activation_block:act_inst|tanh_lut[51][5]     ; Merged with activation_block:act_inst|exp_lut[51][10] ;
; activation_block:act_inst|tanh_lut[51][6]     ; Merged with activation_block:act_inst|exp_lut[51][10] ;
; activation_block:act_inst|tanh_lut[51][7]     ; Merged with activation_block:act_inst|exp_lut[51][10] ;
; activation_block:act_inst|tanh_lut[51][9]     ; Merged with activation_block:act_inst|exp_lut[51][10] ;
; activation_block:act_inst|exp_lut[52][11]     ; Merged with activation_block:act_inst|exp_lut[52][10] ;
; activation_block:act_inst|exp_lut[52][12]     ; Merged with activation_block:act_inst|exp_lut[52][10] ;
; activation_block:act_inst|exp_lut[52][13]     ; Merged with activation_block:act_inst|exp_lut[52][10] ;
; activation_block:act_inst|exp_lut[52][14]     ; Merged with activation_block:act_inst|exp_lut[52][10] ;
; activation_block:act_inst|exp_lut[52][15]     ; Merged with activation_block:act_inst|exp_lut[52][10] ;
; activation_block:act_inst|exp_lut[52][1]      ; Merged with activation_block:act_inst|exp_lut[52][10] ;
; activation_block:act_inst|exp_lut[52][3]      ; Merged with activation_block:act_inst|exp_lut[52][10] ;
; activation_block:act_inst|exp_lut[52][4]      ; Merged with activation_block:act_inst|exp_lut[52][10] ;
; activation_block:act_inst|exp_lut[52][5]      ; Merged with activation_block:act_inst|exp_lut[52][10] ;
; activation_block:act_inst|exp_lut[52][6]      ; Merged with activation_block:act_inst|exp_lut[52][10] ;
; activation_block:act_inst|exp_lut[52][7]      ; Merged with activation_block:act_inst|exp_lut[52][10] ;
; activation_block:act_inst|exp_lut[52][8]      ; Merged with activation_block:act_inst|exp_lut[52][10] ;
; activation_block:act_inst|exp_lut[52][9]      ; Merged with activation_block:act_inst|exp_lut[52][10] ;
; activation_block:act_inst|sigmoid_lut[52][10] ; Merged with activation_block:act_inst|exp_lut[52][10] ;
; activation_block:act_inst|sigmoid_lut[52][11] ; Merged with activation_block:act_inst|exp_lut[52][10] ;
; activation_block:act_inst|sigmoid_lut[52][12] ; Merged with activation_block:act_inst|exp_lut[52][10] ;
; activation_block:act_inst|sigmoid_lut[52][13] ; Merged with activation_block:act_inst|exp_lut[52][10] ;
; activation_block:act_inst|sigmoid_lut[52][14] ; Merged with activation_block:act_inst|exp_lut[52][10] ;
; activation_block:act_inst|sigmoid_lut[52][15] ; Merged with activation_block:act_inst|exp_lut[52][10] ;
; activation_block:act_inst|sigmoid_lut[52][2]  ; Merged with activation_block:act_inst|exp_lut[52][10] ;
; activation_block:act_inst|sigmoid_lut[52][8]  ; Merged with activation_block:act_inst|exp_lut[52][10] ;
; activation_block:act_inst|sigmoid_lut[52][9]  ; Merged with activation_block:act_inst|exp_lut[52][10] ;
; activation_block:act_inst|tanh_lut[52][0]     ; Merged with activation_block:act_inst|exp_lut[52][10] ;
; activation_block:act_inst|tanh_lut[52][10]    ; Merged with activation_block:act_inst|exp_lut[52][10] ;
; activation_block:act_inst|tanh_lut[52][11]    ; Merged with activation_block:act_inst|exp_lut[52][10] ;
; activation_block:act_inst|tanh_lut[52][12]    ; Merged with activation_block:act_inst|exp_lut[52][10] ;
; activation_block:act_inst|tanh_lut[52][13]    ; Merged with activation_block:act_inst|exp_lut[52][10] ;
; activation_block:act_inst|tanh_lut[52][14]    ; Merged with activation_block:act_inst|exp_lut[52][10] ;
; activation_block:act_inst|tanh_lut[52][15]    ; Merged with activation_block:act_inst|exp_lut[52][10] ;
; activation_block:act_inst|tanh_lut[52][1]     ; Merged with activation_block:act_inst|exp_lut[52][10] ;
; activation_block:act_inst|tanh_lut[52][2]     ; Merged with activation_block:act_inst|exp_lut[52][10] ;
; activation_block:act_inst|tanh_lut[52][3]     ; Merged with activation_block:act_inst|exp_lut[52][10] ;
; activation_block:act_inst|tanh_lut[52][4]     ; Merged with activation_block:act_inst|exp_lut[52][10] ;
; activation_block:act_inst|tanh_lut[52][5]     ; Merged with activation_block:act_inst|exp_lut[52][10] ;
; activation_block:act_inst|tanh_lut[52][6]     ; Merged with activation_block:act_inst|exp_lut[52][10] ;
; activation_block:act_inst|tanh_lut[52][7]     ; Merged with activation_block:act_inst|exp_lut[52][10] ;
; activation_block:act_inst|tanh_lut[52][9]     ; Merged with activation_block:act_inst|exp_lut[52][10] ;
; activation_block:act_inst|exp_lut[53][11]     ; Merged with activation_block:act_inst|exp_lut[53][10] ;
; activation_block:act_inst|exp_lut[53][12]     ; Merged with activation_block:act_inst|exp_lut[53][10] ;
; activation_block:act_inst|exp_lut[53][13]     ; Merged with activation_block:act_inst|exp_lut[53][10] ;
; activation_block:act_inst|exp_lut[53][14]     ; Merged with activation_block:act_inst|exp_lut[53][10] ;
; activation_block:act_inst|exp_lut[53][15]     ; Merged with activation_block:act_inst|exp_lut[53][10] ;
; activation_block:act_inst|exp_lut[53][1]      ; Merged with activation_block:act_inst|exp_lut[53][10] ;
; activation_block:act_inst|exp_lut[53][3]      ; Merged with activation_block:act_inst|exp_lut[53][10] ;
; activation_block:act_inst|exp_lut[53][4]      ; Merged with activation_block:act_inst|exp_lut[53][10] ;
; activation_block:act_inst|exp_lut[53][5]      ; Merged with activation_block:act_inst|exp_lut[53][10] ;
; activation_block:act_inst|exp_lut[53][6]      ; Merged with activation_block:act_inst|exp_lut[53][10] ;
; activation_block:act_inst|exp_lut[53][7]      ; Merged with activation_block:act_inst|exp_lut[53][10] ;
; activation_block:act_inst|exp_lut[53][8]      ; Merged with activation_block:act_inst|exp_lut[53][10] ;
; activation_block:act_inst|exp_lut[53][9]      ; Merged with activation_block:act_inst|exp_lut[53][10] ;
; activation_block:act_inst|sigmoid_lut[53][10] ; Merged with activation_block:act_inst|exp_lut[53][10] ;
; activation_block:act_inst|sigmoid_lut[53][11] ; Merged with activation_block:act_inst|exp_lut[53][10] ;
; activation_block:act_inst|sigmoid_lut[53][12] ; Merged with activation_block:act_inst|exp_lut[53][10] ;
; activation_block:act_inst|sigmoid_lut[53][13] ; Merged with activation_block:act_inst|exp_lut[53][10] ;
; activation_block:act_inst|sigmoid_lut[53][14] ; Merged with activation_block:act_inst|exp_lut[53][10] ;
; activation_block:act_inst|sigmoid_lut[53][15] ; Merged with activation_block:act_inst|exp_lut[53][10] ;
; activation_block:act_inst|sigmoid_lut[53][2]  ; Merged with activation_block:act_inst|exp_lut[53][10] ;
; activation_block:act_inst|sigmoid_lut[53][8]  ; Merged with activation_block:act_inst|exp_lut[53][10] ;
; activation_block:act_inst|sigmoid_lut[53][9]  ; Merged with activation_block:act_inst|exp_lut[53][10] ;
; activation_block:act_inst|tanh_lut[53][0]     ; Merged with activation_block:act_inst|exp_lut[53][10] ;
; activation_block:act_inst|tanh_lut[53][10]    ; Merged with activation_block:act_inst|exp_lut[53][10] ;
; activation_block:act_inst|tanh_lut[53][11]    ; Merged with activation_block:act_inst|exp_lut[53][10] ;
; activation_block:act_inst|tanh_lut[53][12]    ; Merged with activation_block:act_inst|exp_lut[53][10] ;
; activation_block:act_inst|tanh_lut[53][13]    ; Merged with activation_block:act_inst|exp_lut[53][10] ;
; activation_block:act_inst|tanh_lut[53][14]    ; Merged with activation_block:act_inst|exp_lut[53][10] ;
; activation_block:act_inst|tanh_lut[53][15]    ; Merged with activation_block:act_inst|exp_lut[53][10] ;
; activation_block:act_inst|tanh_lut[53][1]     ; Merged with activation_block:act_inst|exp_lut[53][10] ;
; activation_block:act_inst|tanh_lut[53][2]     ; Merged with activation_block:act_inst|exp_lut[53][10] ;
; activation_block:act_inst|tanh_lut[53][3]     ; Merged with activation_block:act_inst|exp_lut[53][10] ;
; activation_block:act_inst|tanh_lut[53][4]     ; Merged with activation_block:act_inst|exp_lut[53][10] ;
; activation_block:act_inst|tanh_lut[53][5]     ; Merged with activation_block:act_inst|exp_lut[53][10] ;
; activation_block:act_inst|tanh_lut[53][6]     ; Merged with activation_block:act_inst|exp_lut[53][10] ;
; activation_block:act_inst|tanh_lut[53][7]     ; Merged with activation_block:act_inst|exp_lut[53][10] ;
; activation_block:act_inst|tanh_lut[53][9]     ; Merged with activation_block:act_inst|exp_lut[53][10] ;
; activation_block:act_inst|exp_lut[54][11]     ; Merged with activation_block:act_inst|exp_lut[54][10] ;
; activation_block:act_inst|exp_lut[54][12]     ; Merged with activation_block:act_inst|exp_lut[54][10] ;
; activation_block:act_inst|exp_lut[54][13]     ; Merged with activation_block:act_inst|exp_lut[54][10] ;
; activation_block:act_inst|exp_lut[54][14]     ; Merged with activation_block:act_inst|exp_lut[54][10] ;
; activation_block:act_inst|exp_lut[54][15]     ; Merged with activation_block:act_inst|exp_lut[54][10] ;
; activation_block:act_inst|exp_lut[54][1]      ; Merged with activation_block:act_inst|exp_lut[54][10] ;
; activation_block:act_inst|exp_lut[54][3]      ; Merged with activation_block:act_inst|exp_lut[54][10] ;
; activation_block:act_inst|exp_lut[54][4]      ; Merged with activation_block:act_inst|exp_lut[54][10] ;
; activation_block:act_inst|exp_lut[54][5]      ; Merged with activation_block:act_inst|exp_lut[54][10] ;
; activation_block:act_inst|exp_lut[54][6]      ; Merged with activation_block:act_inst|exp_lut[54][10] ;
; activation_block:act_inst|exp_lut[54][7]      ; Merged with activation_block:act_inst|exp_lut[54][10] ;
; activation_block:act_inst|exp_lut[54][8]      ; Merged with activation_block:act_inst|exp_lut[54][10] ;
; activation_block:act_inst|exp_lut[54][9]      ; Merged with activation_block:act_inst|exp_lut[54][10] ;
; activation_block:act_inst|sigmoid_lut[54][10] ; Merged with activation_block:act_inst|exp_lut[54][10] ;
; activation_block:act_inst|sigmoid_lut[54][11] ; Merged with activation_block:act_inst|exp_lut[54][10] ;
; activation_block:act_inst|sigmoid_lut[54][12] ; Merged with activation_block:act_inst|exp_lut[54][10] ;
; activation_block:act_inst|sigmoid_lut[54][13] ; Merged with activation_block:act_inst|exp_lut[54][10] ;
; activation_block:act_inst|sigmoid_lut[54][14] ; Merged with activation_block:act_inst|exp_lut[54][10] ;
; activation_block:act_inst|sigmoid_lut[54][15] ; Merged with activation_block:act_inst|exp_lut[54][10] ;
; activation_block:act_inst|sigmoid_lut[54][2]  ; Merged with activation_block:act_inst|exp_lut[54][10] ;
; activation_block:act_inst|sigmoid_lut[54][8]  ; Merged with activation_block:act_inst|exp_lut[54][10] ;
; activation_block:act_inst|sigmoid_lut[54][9]  ; Merged with activation_block:act_inst|exp_lut[54][10] ;
; activation_block:act_inst|tanh_lut[54][0]     ; Merged with activation_block:act_inst|exp_lut[54][10] ;
; activation_block:act_inst|tanh_lut[54][10]    ; Merged with activation_block:act_inst|exp_lut[54][10] ;
; activation_block:act_inst|tanh_lut[54][11]    ; Merged with activation_block:act_inst|exp_lut[54][10] ;
; activation_block:act_inst|tanh_lut[54][12]    ; Merged with activation_block:act_inst|exp_lut[54][10] ;
; activation_block:act_inst|tanh_lut[54][13]    ; Merged with activation_block:act_inst|exp_lut[54][10] ;
; activation_block:act_inst|tanh_lut[54][14]    ; Merged with activation_block:act_inst|exp_lut[54][10] ;
; activation_block:act_inst|tanh_lut[54][15]    ; Merged with activation_block:act_inst|exp_lut[54][10] ;
; activation_block:act_inst|tanh_lut[54][1]     ; Merged with activation_block:act_inst|exp_lut[54][10] ;
; activation_block:act_inst|tanh_lut[54][2]     ; Merged with activation_block:act_inst|exp_lut[54][10] ;
; activation_block:act_inst|tanh_lut[54][3]     ; Merged with activation_block:act_inst|exp_lut[54][10] ;
; activation_block:act_inst|tanh_lut[54][4]     ; Merged with activation_block:act_inst|exp_lut[54][10] ;
; activation_block:act_inst|tanh_lut[54][5]     ; Merged with activation_block:act_inst|exp_lut[54][10] ;
; activation_block:act_inst|tanh_lut[54][6]     ; Merged with activation_block:act_inst|exp_lut[54][10] ;
; activation_block:act_inst|tanh_lut[54][7]     ; Merged with activation_block:act_inst|exp_lut[54][10] ;
; activation_block:act_inst|tanh_lut[54][9]     ; Merged with activation_block:act_inst|exp_lut[54][10] ;
; activation_block:act_inst|exp_lut[55][11]     ; Merged with activation_block:act_inst|exp_lut[55][10] ;
; activation_block:act_inst|exp_lut[55][12]     ; Merged with activation_block:act_inst|exp_lut[55][10] ;
; activation_block:act_inst|exp_lut[55][13]     ; Merged with activation_block:act_inst|exp_lut[55][10] ;
; activation_block:act_inst|exp_lut[55][14]     ; Merged with activation_block:act_inst|exp_lut[55][10] ;
; activation_block:act_inst|exp_lut[55][15]     ; Merged with activation_block:act_inst|exp_lut[55][10] ;
; activation_block:act_inst|exp_lut[55][1]      ; Merged with activation_block:act_inst|exp_lut[55][10] ;
; activation_block:act_inst|exp_lut[55][3]      ; Merged with activation_block:act_inst|exp_lut[55][10] ;
; activation_block:act_inst|exp_lut[55][4]      ; Merged with activation_block:act_inst|exp_lut[55][10] ;
; activation_block:act_inst|exp_lut[55][5]      ; Merged with activation_block:act_inst|exp_lut[55][10] ;
; activation_block:act_inst|exp_lut[55][6]      ; Merged with activation_block:act_inst|exp_lut[55][10] ;
; activation_block:act_inst|exp_lut[55][7]      ; Merged with activation_block:act_inst|exp_lut[55][10] ;
; activation_block:act_inst|exp_lut[55][8]      ; Merged with activation_block:act_inst|exp_lut[55][10] ;
; activation_block:act_inst|exp_lut[55][9]      ; Merged with activation_block:act_inst|exp_lut[55][10] ;
; activation_block:act_inst|sigmoid_lut[55][10] ; Merged with activation_block:act_inst|exp_lut[55][10] ;
; activation_block:act_inst|sigmoid_lut[55][11] ; Merged with activation_block:act_inst|exp_lut[55][10] ;
; activation_block:act_inst|sigmoid_lut[55][12] ; Merged with activation_block:act_inst|exp_lut[55][10] ;
; activation_block:act_inst|sigmoid_lut[55][13] ; Merged with activation_block:act_inst|exp_lut[55][10] ;
; activation_block:act_inst|sigmoid_lut[55][14] ; Merged with activation_block:act_inst|exp_lut[55][10] ;
; activation_block:act_inst|sigmoid_lut[55][15] ; Merged with activation_block:act_inst|exp_lut[55][10] ;
; activation_block:act_inst|sigmoid_lut[55][2]  ; Merged with activation_block:act_inst|exp_lut[55][10] ;
; activation_block:act_inst|sigmoid_lut[55][8]  ; Merged with activation_block:act_inst|exp_lut[55][10] ;
; activation_block:act_inst|sigmoid_lut[55][9]  ; Merged with activation_block:act_inst|exp_lut[55][10] ;
; activation_block:act_inst|tanh_lut[55][0]     ; Merged with activation_block:act_inst|exp_lut[55][10] ;
; activation_block:act_inst|tanh_lut[55][10]    ; Merged with activation_block:act_inst|exp_lut[55][10] ;
; activation_block:act_inst|tanh_lut[55][11]    ; Merged with activation_block:act_inst|exp_lut[55][10] ;
; activation_block:act_inst|tanh_lut[55][12]    ; Merged with activation_block:act_inst|exp_lut[55][10] ;
; activation_block:act_inst|tanh_lut[55][13]    ; Merged with activation_block:act_inst|exp_lut[55][10] ;
; activation_block:act_inst|tanh_lut[55][14]    ; Merged with activation_block:act_inst|exp_lut[55][10] ;
; activation_block:act_inst|tanh_lut[55][15]    ; Merged with activation_block:act_inst|exp_lut[55][10] ;
; activation_block:act_inst|tanh_lut[55][1]     ; Merged with activation_block:act_inst|exp_lut[55][10] ;
; activation_block:act_inst|tanh_lut[55][2]     ; Merged with activation_block:act_inst|exp_lut[55][10] ;
; activation_block:act_inst|tanh_lut[55][3]     ; Merged with activation_block:act_inst|exp_lut[55][10] ;
; activation_block:act_inst|tanh_lut[55][4]     ; Merged with activation_block:act_inst|exp_lut[55][10] ;
; activation_block:act_inst|tanh_lut[55][5]     ; Merged with activation_block:act_inst|exp_lut[55][10] ;
; activation_block:act_inst|tanh_lut[55][6]     ; Merged with activation_block:act_inst|exp_lut[55][10] ;
; activation_block:act_inst|tanh_lut[55][7]     ; Merged with activation_block:act_inst|exp_lut[55][10] ;
; activation_block:act_inst|tanh_lut[55][9]     ; Merged with activation_block:act_inst|exp_lut[55][10] ;
; activation_block:act_inst|exp_lut[56][11]     ; Merged with activation_block:act_inst|exp_lut[56][10] ;
; activation_block:act_inst|exp_lut[56][12]     ; Merged with activation_block:act_inst|exp_lut[56][10] ;
; activation_block:act_inst|exp_lut[56][13]     ; Merged with activation_block:act_inst|exp_lut[56][10] ;
; activation_block:act_inst|exp_lut[56][14]     ; Merged with activation_block:act_inst|exp_lut[56][10] ;
; activation_block:act_inst|exp_lut[56][15]     ; Merged with activation_block:act_inst|exp_lut[56][10] ;
; activation_block:act_inst|exp_lut[56][1]      ; Merged with activation_block:act_inst|exp_lut[56][10] ;
; activation_block:act_inst|exp_lut[56][3]      ; Merged with activation_block:act_inst|exp_lut[56][10] ;
; activation_block:act_inst|exp_lut[56][4]      ; Merged with activation_block:act_inst|exp_lut[56][10] ;
; activation_block:act_inst|exp_lut[56][5]      ; Merged with activation_block:act_inst|exp_lut[56][10] ;
; activation_block:act_inst|exp_lut[56][6]      ; Merged with activation_block:act_inst|exp_lut[56][10] ;
; activation_block:act_inst|exp_lut[56][7]      ; Merged with activation_block:act_inst|exp_lut[56][10] ;
; activation_block:act_inst|exp_lut[56][8]      ; Merged with activation_block:act_inst|exp_lut[56][10] ;
; activation_block:act_inst|exp_lut[56][9]      ; Merged with activation_block:act_inst|exp_lut[56][10] ;
; activation_block:act_inst|sigmoid_lut[56][10] ; Merged with activation_block:act_inst|exp_lut[56][10] ;
; activation_block:act_inst|sigmoid_lut[56][11] ; Merged with activation_block:act_inst|exp_lut[56][10] ;
; activation_block:act_inst|sigmoid_lut[56][12] ; Merged with activation_block:act_inst|exp_lut[56][10] ;
; activation_block:act_inst|sigmoid_lut[56][13] ; Merged with activation_block:act_inst|exp_lut[56][10] ;
; activation_block:act_inst|sigmoid_lut[56][14] ; Merged with activation_block:act_inst|exp_lut[56][10] ;
; activation_block:act_inst|sigmoid_lut[56][15] ; Merged with activation_block:act_inst|exp_lut[56][10] ;
; activation_block:act_inst|sigmoid_lut[56][2]  ; Merged with activation_block:act_inst|exp_lut[56][10] ;
; activation_block:act_inst|sigmoid_lut[56][8]  ; Merged with activation_block:act_inst|exp_lut[56][10] ;
; activation_block:act_inst|sigmoid_lut[56][9]  ; Merged with activation_block:act_inst|exp_lut[56][10] ;
; activation_block:act_inst|tanh_lut[56][0]     ; Merged with activation_block:act_inst|exp_lut[56][10] ;
; activation_block:act_inst|tanh_lut[56][10]    ; Merged with activation_block:act_inst|exp_lut[56][10] ;
; activation_block:act_inst|tanh_lut[56][11]    ; Merged with activation_block:act_inst|exp_lut[56][10] ;
; activation_block:act_inst|tanh_lut[56][12]    ; Merged with activation_block:act_inst|exp_lut[56][10] ;
; activation_block:act_inst|tanh_lut[56][13]    ; Merged with activation_block:act_inst|exp_lut[56][10] ;
; activation_block:act_inst|tanh_lut[56][14]    ; Merged with activation_block:act_inst|exp_lut[56][10] ;
; activation_block:act_inst|tanh_lut[56][15]    ; Merged with activation_block:act_inst|exp_lut[56][10] ;
; activation_block:act_inst|tanh_lut[56][1]     ; Merged with activation_block:act_inst|exp_lut[56][10] ;
; activation_block:act_inst|tanh_lut[56][2]     ; Merged with activation_block:act_inst|exp_lut[56][10] ;
; activation_block:act_inst|tanh_lut[56][3]     ; Merged with activation_block:act_inst|exp_lut[56][10] ;
; activation_block:act_inst|tanh_lut[56][4]     ; Merged with activation_block:act_inst|exp_lut[56][10] ;
; activation_block:act_inst|tanh_lut[56][5]     ; Merged with activation_block:act_inst|exp_lut[56][10] ;
; activation_block:act_inst|tanh_lut[56][6]     ; Merged with activation_block:act_inst|exp_lut[56][10] ;
; activation_block:act_inst|tanh_lut[56][7]     ; Merged with activation_block:act_inst|exp_lut[56][10] ;
; activation_block:act_inst|tanh_lut[56][9]     ; Merged with activation_block:act_inst|exp_lut[56][10] ;
; activation_block:act_inst|exp_lut[57][11]     ; Merged with activation_block:act_inst|exp_lut[57][10] ;
; activation_block:act_inst|exp_lut[57][12]     ; Merged with activation_block:act_inst|exp_lut[57][10] ;
; activation_block:act_inst|exp_lut[57][13]     ; Merged with activation_block:act_inst|exp_lut[57][10] ;
; activation_block:act_inst|exp_lut[57][14]     ; Merged with activation_block:act_inst|exp_lut[57][10] ;
; activation_block:act_inst|exp_lut[57][15]     ; Merged with activation_block:act_inst|exp_lut[57][10] ;
; activation_block:act_inst|exp_lut[57][1]      ; Merged with activation_block:act_inst|exp_lut[57][10] ;
; activation_block:act_inst|exp_lut[57][3]      ; Merged with activation_block:act_inst|exp_lut[57][10] ;
; activation_block:act_inst|exp_lut[57][4]      ; Merged with activation_block:act_inst|exp_lut[57][10] ;
; activation_block:act_inst|exp_lut[57][5]      ; Merged with activation_block:act_inst|exp_lut[57][10] ;
; activation_block:act_inst|exp_lut[57][6]      ; Merged with activation_block:act_inst|exp_lut[57][10] ;
; activation_block:act_inst|exp_lut[57][7]      ; Merged with activation_block:act_inst|exp_lut[57][10] ;
; activation_block:act_inst|exp_lut[57][8]      ; Merged with activation_block:act_inst|exp_lut[57][10] ;
; activation_block:act_inst|exp_lut[57][9]      ; Merged with activation_block:act_inst|exp_lut[57][10] ;
; activation_block:act_inst|sigmoid_lut[57][10] ; Merged with activation_block:act_inst|exp_lut[57][10] ;
; activation_block:act_inst|sigmoid_lut[57][11] ; Merged with activation_block:act_inst|exp_lut[57][10] ;
; activation_block:act_inst|sigmoid_lut[57][12] ; Merged with activation_block:act_inst|exp_lut[57][10] ;
; activation_block:act_inst|sigmoid_lut[57][13] ; Merged with activation_block:act_inst|exp_lut[57][10] ;
; activation_block:act_inst|sigmoid_lut[57][14] ; Merged with activation_block:act_inst|exp_lut[57][10] ;
; activation_block:act_inst|sigmoid_lut[57][15] ; Merged with activation_block:act_inst|exp_lut[57][10] ;
; activation_block:act_inst|sigmoid_lut[57][2]  ; Merged with activation_block:act_inst|exp_lut[57][10] ;
; activation_block:act_inst|sigmoid_lut[57][8]  ; Merged with activation_block:act_inst|exp_lut[57][10] ;
; activation_block:act_inst|sigmoid_lut[57][9]  ; Merged with activation_block:act_inst|exp_lut[57][10] ;
; activation_block:act_inst|tanh_lut[57][0]     ; Merged with activation_block:act_inst|exp_lut[57][10] ;
; activation_block:act_inst|tanh_lut[57][10]    ; Merged with activation_block:act_inst|exp_lut[57][10] ;
; activation_block:act_inst|tanh_lut[57][11]    ; Merged with activation_block:act_inst|exp_lut[57][10] ;
; activation_block:act_inst|tanh_lut[57][12]    ; Merged with activation_block:act_inst|exp_lut[57][10] ;
; activation_block:act_inst|tanh_lut[57][13]    ; Merged with activation_block:act_inst|exp_lut[57][10] ;
; activation_block:act_inst|tanh_lut[57][14]    ; Merged with activation_block:act_inst|exp_lut[57][10] ;
; activation_block:act_inst|tanh_lut[57][15]    ; Merged with activation_block:act_inst|exp_lut[57][10] ;
; activation_block:act_inst|tanh_lut[57][1]     ; Merged with activation_block:act_inst|exp_lut[57][10] ;
; activation_block:act_inst|tanh_lut[57][2]     ; Merged with activation_block:act_inst|exp_lut[57][10] ;
; activation_block:act_inst|tanh_lut[57][3]     ; Merged with activation_block:act_inst|exp_lut[57][10] ;
; activation_block:act_inst|tanh_lut[57][4]     ; Merged with activation_block:act_inst|exp_lut[57][10] ;
; activation_block:act_inst|tanh_lut[57][5]     ; Merged with activation_block:act_inst|exp_lut[57][10] ;
; activation_block:act_inst|tanh_lut[57][6]     ; Merged with activation_block:act_inst|exp_lut[57][10] ;
; activation_block:act_inst|tanh_lut[57][7]     ; Merged with activation_block:act_inst|exp_lut[57][10] ;
; activation_block:act_inst|tanh_lut[57][9]     ; Merged with activation_block:act_inst|exp_lut[57][10] ;
; activation_block:act_inst|exp_lut[58][11]     ; Merged with activation_block:act_inst|exp_lut[58][10] ;
; activation_block:act_inst|exp_lut[58][12]     ; Merged with activation_block:act_inst|exp_lut[58][10] ;
; activation_block:act_inst|exp_lut[58][13]     ; Merged with activation_block:act_inst|exp_lut[58][10] ;
; activation_block:act_inst|exp_lut[58][14]     ; Merged with activation_block:act_inst|exp_lut[58][10] ;
; activation_block:act_inst|exp_lut[58][15]     ; Merged with activation_block:act_inst|exp_lut[58][10] ;
; activation_block:act_inst|exp_lut[58][1]      ; Merged with activation_block:act_inst|exp_lut[58][10] ;
; activation_block:act_inst|exp_lut[58][3]      ; Merged with activation_block:act_inst|exp_lut[58][10] ;
; activation_block:act_inst|exp_lut[58][4]      ; Merged with activation_block:act_inst|exp_lut[58][10] ;
; activation_block:act_inst|exp_lut[58][5]      ; Merged with activation_block:act_inst|exp_lut[58][10] ;
; activation_block:act_inst|exp_lut[58][6]      ; Merged with activation_block:act_inst|exp_lut[58][10] ;
; activation_block:act_inst|exp_lut[58][7]      ; Merged with activation_block:act_inst|exp_lut[58][10] ;
; activation_block:act_inst|exp_lut[58][8]      ; Merged with activation_block:act_inst|exp_lut[58][10] ;
; activation_block:act_inst|exp_lut[58][9]      ; Merged with activation_block:act_inst|exp_lut[58][10] ;
; activation_block:act_inst|sigmoid_lut[58][10] ; Merged with activation_block:act_inst|exp_lut[58][10] ;
; activation_block:act_inst|sigmoid_lut[58][11] ; Merged with activation_block:act_inst|exp_lut[58][10] ;
; activation_block:act_inst|sigmoid_lut[58][12] ; Merged with activation_block:act_inst|exp_lut[58][10] ;
; activation_block:act_inst|sigmoid_lut[58][13] ; Merged with activation_block:act_inst|exp_lut[58][10] ;
; activation_block:act_inst|sigmoid_lut[58][14] ; Merged with activation_block:act_inst|exp_lut[58][10] ;
; activation_block:act_inst|sigmoid_lut[58][15] ; Merged with activation_block:act_inst|exp_lut[58][10] ;
; activation_block:act_inst|sigmoid_lut[58][2]  ; Merged with activation_block:act_inst|exp_lut[58][10] ;
; activation_block:act_inst|sigmoid_lut[58][8]  ; Merged with activation_block:act_inst|exp_lut[58][10] ;
; activation_block:act_inst|sigmoid_lut[58][9]  ; Merged with activation_block:act_inst|exp_lut[58][10] ;
; activation_block:act_inst|tanh_lut[58][0]     ; Merged with activation_block:act_inst|exp_lut[58][10] ;
; activation_block:act_inst|tanh_lut[58][10]    ; Merged with activation_block:act_inst|exp_lut[58][10] ;
; activation_block:act_inst|tanh_lut[58][11]    ; Merged with activation_block:act_inst|exp_lut[58][10] ;
; activation_block:act_inst|tanh_lut[58][12]    ; Merged with activation_block:act_inst|exp_lut[58][10] ;
; activation_block:act_inst|tanh_lut[58][13]    ; Merged with activation_block:act_inst|exp_lut[58][10] ;
; activation_block:act_inst|tanh_lut[58][14]    ; Merged with activation_block:act_inst|exp_lut[58][10] ;
; activation_block:act_inst|tanh_lut[58][15]    ; Merged with activation_block:act_inst|exp_lut[58][10] ;
; activation_block:act_inst|tanh_lut[58][1]     ; Merged with activation_block:act_inst|exp_lut[58][10] ;
; activation_block:act_inst|tanh_lut[58][2]     ; Merged with activation_block:act_inst|exp_lut[58][10] ;
; activation_block:act_inst|tanh_lut[58][3]     ; Merged with activation_block:act_inst|exp_lut[58][10] ;
; activation_block:act_inst|tanh_lut[58][4]     ; Merged with activation_block:act_inst|exp_lut[58][10] ;
; activation_block:act_inst|tanh_lut[58][5]     ; Merged with activation_block:act_inst|exp_lut[58][10] ;
; activation_block:act_inst|tanh_lut[58][6]     ; Merged with activation_block:act_inst|exp_lut[58][10] ;
; activation_block:act_inst|tanh_lut[58][7]     ; Merged with activation_block:act_inst|exp_lut[58][10] ;
; activation_block:act_inst|tanh_lut[58][9]     ; Merged with activation_block:act_inst|exp_lut[58][10] ;
; activation_block:act_inst|exp_lut[59][11]     ; Merged with activation_block:act_inst|exp_lut[59][10] ;
; activation_block:act_inst|exp_lut[59][12]     ; Merged with activation_block:act_inst|exp_lut[59][10] ;
; activation_block:act_inst|exp_lut[59][13]     ; Merged with activation_block:act_inst|exp_lut[59][10] ;
; activation_block:act_inst|exp_lut[59][14]     ; Merged with activation_block:act_inst|exp_lut[59][10] ;
; activation_block:act_inst|exp_lut[59][15]     ; Merged with activation_block:act_inst|exp_lut[59][10] ;
; activation_block:act_inst|exp_lut[59][1]      ; Merged with activation_block:act_inst|exp_lut[59][10] ;
; activation_block:act_inst|exp_lut[59][3]      ; Merged with activation_block:act_inst|exp_lut[59][10] ;
; activation_block:act_inst|exp_lut[59][4]      ; Merged with activation_block:act_inst|exp_lut[59][10] ;
; activation_block:act_inst|exp_lut[59][5]      ; Merged with activation_block:act_inst|exp_lut[59][10] ;
; activation_block:act_inst|exp_lut[59][6]      ; Merged with activation_block:act_inst|exp_lut[59][10] ;
; activation_block:act_inst|exp_lut[59][7]      ; Merged with activation_block:act_inst|exp_lut[59][10] ;
; activation_block:act_inst|exp_lut[59][8]      ; Merged with activation_block:act_inst|exp_lut[59][10] ;
; activation_block:act_inst|exp_lut[59][9]      ; Merged with activation_block:act_inst|exp_lut[59][10] ;
; activation_block:act_inst|sigmoid_lut[59][10] ; Merged with activation_block:act_inst|exp_lut[59][10] ;
; activation_block:act_inst|sigmoid_lut[59][11] ; Merged with activation_block:act_inst|exp_lut[59][10] ;
; activation_block:act_inst|sigmoid_lut[59][12] ; Merged with activation_block:act_inst|exp_lut[59][10] ;
; activation_block:act_inst|sigmoid_lut[59][13] ; Merged with activation_block:act_inst|exp_lut[59][10] ;
; activation_block:act_inst|sigmoid_lut[59][14] ; Merged with activation_block:act_inst|exp_lut[59][10] ;
; activation_block:act_inst|sigmoid_lut[59][15] ; Merged with activation_block:act_inst|exp_lut[59][10] ;
; activation_block:act_inst|sigmoid_lut[59][2]  ; Merged with activation_block:act_inst|exp_lut[59][10] ;
; activation_block:act_inst|sigmoid_lut[59][8]  ; Merged with activation_block:act_inst|exp_lut[59][10] ;
; activation_block:act_inst|sigmoid_lut[59][9]  ; Merged with activation_block:act_inst|exp_lut[59][10] ;
; activation_block:act_inst|tanh_lut[59][0]     ; Merged with activation_block:act_inst|exp_lut[59][10] ;
; activation_block:act_inst|tanh_lut[59][10]    ; Merged with activation_block:act_inst|exp_lut[59][10] ;
; activation_block:act_inst|tanh_lut[59][11]    ; Merged with activation_block:act_inst|exp_lut[59][10] ;
; activation_block:act_inst|tanh_lut[59][12]    ; Merged with activation_block:act_inst|exp_lut[59][10] ;
; activation_block:act_inst|tanh_lut[59][13]    ; Merged with activation_block:act_inst|exp_lut[59][10] ;
; activation_block:act_inst|tanh_lut[59][14]    ; Merged with activation_block:act_inst|exp_lut[59][10] ;
; activation_block:act_inst|tanh_lut[59][15]    ; Merged with activation_block:act_inst|exp_lut[59][10] ;
; activation_block:act_inst|tanh_lut[59][1]     ; Merged with activation_block:act_inst|exp_lut[59][10] ;
; activation_block:act_inst|tanh_lut[59][2]     ; Merged with activation_block:act_inst|exp_lut[59][10] ;
; activation_block:act_inst|tanh_lut[59][3]     ; Merged with activation_block:act_inst|exp_lut[59][10] ;
; activation_block:act_inst|tanh_lut[59][4]     ; Merged with activation_block:act_inst|exp_lut[59][10] ;
; activation_block:act_inst|tanh_lut[59][5]     ; Merged with activation_block:act_inst|exp_lut[59][10] ;
; activation_block:act_inst|tanh_lut[59][6]     ; Merged with activation_block:act_inst|exp_lut[59][10] ;
; activation_block:act_inst|tanh_lut[59][7]     ; Merged with activation_block:act_inst|exp_lut[59][10] ;
; activation_block:act_inst|tanh_lut[59][9]     ; Merged with activation_block:act_inst|exp_lut[59][10] ;
; activation_block:act_inst|exp_lut[60][11]     ; Merged with activation_block:act_inst|exp_lut[60][10] ;
; activation_block:act_inst|exp_lut[60][12]     ; Merged with activation_block:act_inst|exp_lut[60][10] ;
; activation_block:act_inst|exp_lut[60][13]     ; Merged with activation_block:act_inst|exp_lut[60][10] ;
; activation_block:act_inst|exp_lut[60][14]     ; Merged with activation_block:act_inst|exp_lut[60][10] ;
; activation_block:act_inst|exp_lut[60][15]     ; Merged with activation_block:act_inst|exp_lut[60][10] ;
; activation_block:act_inst|exp_lut[60][1]      ; Merged with activation_block:act_inst|exp_lut[60][10] ;
; activation_block:act_inst|exp_lut[60][3]      ; Merged with activation_block:act_inst|exp_lut[60][10] ;
; activation_block:act_inst|exp_lut[60][4]      ; Merged with activation_block:act_inst|exp_lut[60][10] ;
; activation_block:act_inst|exp_lut[60][5]      ; Merged with activation_block:act_inst|exp_lut[60][10] ;
; activation_block:act_inst|exp_lut[60][6]      ; Merged with activation_block:act_inst|exp_lut[60][10] ;
; activation_block:act_inst|exp_lut[60][7]      ; Merged with activation_block:act_inst|exp_lut[60][10] ;
; activation_block:act_inst|exp_lut[60][8]      ; Merged with activation_block:act_inst|exp_lut[60][10] ;
; activation_block:act_inst|exp_lut[60][9]      ; Merged with activation_block:act_inst|exp_lut[60][10] ;
; activation_block:act_inst|sigmoid_lut[60][10] ; Merged with activation_block:act_inst|exp_lut[60][10] ;
; activation_block:act_inst|sigmoid_lut[60][11] ; Merged with activation_block:act_inst|exp_lut[60][10] ;
; activation_block:act_inst|sigmoid_lut[60][12] ; Merged with activation_block:act_inst|exp_lut[60][10] ;
; activation_block:act_inst|sigmoid_lut[60][13] ; Merged with activation_block:act_inst|exp_lut[60][10] ;
; activation_block:act_inst|sigmoid_lut[60][14] ; Merged with activation_block:act_inst|exp_lut[60][10] ;
; activation_block:act_inst|sigmoid_lut[60][15] ; Merged with activation_block:act_inst|exp_lut[60][10] ;
; activation_block:act_inst|sigmoid_lut[60][2]  ; Merged with activation_block:act_inst|exp_lut[60][10] ;
; activation_block:act_inst|sigmoid_lut[60][8]  ; Merged with activation_block:act_inst|exp_lut[60][10] ;
; activation_block:act_inst|sigmoid_lut[60][9]  ; Merged with activation_block:act_inst|exp_lut[60][10] ;
; activation_block:act_inst|tanh_lut[60][0]     ; Merged with activation_block:act_inst|exp_lut[60][10] ;
; activation_block:act_inst|tanh_lut[60][10]    ; Merged with activation_block:act_inst|exp_lut[60][10] ;
; activation_block:act_inst|tanh_lut[60][11]    ; Merged with activation_block:act_inst|exp_lut[60][10] ;
; activation_block:act_inst|tanh_lut[60][12]    ; Merged with activation_block:act_inst|exp_lut[60][10] ;
; activation_block:act_inst|tanh_lut[60][13]    ; Merged with activation_block:act_inst|exp_lut[60][10] ;
; activation_block:act_inst|tanh_lut[60][14]    ; Merged with activation_block:act_inst|exp_lut[60][10] ;
; activation_block:act_inst|tanh_lut[60][15]    ; Merged with activation_block:act_inst|exp_lut[60][10] ;
; activation_block:act_inst|tanh_lut[60][1]     ; Merged with activation_block:act_inst|exp_lut[60][10] ;
; activation_block:act_inst|tanh_lut[60][2]     ; Merged with activation_block:act_inst|exp_lut[60][10] ;
; activation_block:act_inst|tanh_lut[60][3]     ; Merged with activation_block:act_inst|exp_lut[60][10] ;
; activation_block:act_inst|tanh_lut[60][4]     ; Merged with activation_block:act_inst|exp_lut[60][10] ;
; activation_block:act_inst|tanh_lut[60][5]     ; Merged with activation_block:act_inst|exp_lut[60][10] ;
; activation_block:act_inst|tanh_lut[60][6]     ; Merged with activation_block:act_inst|exp_lut[60][10] ;
; activation_block:act_inst|tanh_lut[60][7]     ; Merged with activation_block:act_inst|exp_lut[60][10] ;
; activation_block:act_inst|tanh_lut[60][9]     ; Merged with activation_block:act_inst|exp_lut[60][10] ;
; activation_block:act_inst|exp_lut[61][11]     ; Merged with activation_block:act_inst|exp_lut[61][10] ;
; activation_block:act_inst|exp_lut[61][12]     ; Merged with activation_block:act_inst|exp_lut[61][10] ;
; activation_block:act_inst|exp_lut[61][13]     ; Merged with activation_block:act_inst|exp_lut[61][10] ;
; activation_block:act_inst|exp_lut[61][14]     ; Merged with activation_block:act_inst|exp_lut[61][10] ;
; activation_block:act_inst|exp_lut[61][15]     ; Merged with activation_block:act_inst|exp_lut[61][10] ;
; activation_block:act_inst|exp_lut[61][1]      ; Merged with activation_block:act_inst|exp_lut[61][10] ;
; activation_block:act_inst|exp_lut[61][3]      ; Merged with activation_block:act_inst|exp_lut[61][10] ;
; activation_block:act_inst|exp_lut[61][4]      ; Merged with activation_block:act_inst|exp_lut[61][10] ;
; activation_block:act_inst|exp_lut[61][5]      ; Merged with activation_block:act_inst|exp_lut[61][10] ;
; activation_block:act_inst|exp_lut[61][6]      ; Merged with activation_block:act_inst|exp_lut[61][10] ;
; activation_block:act_inst|exp_lut[61][7]      ; Merged with activation_block:act_inst|exp_lut[61][10] ;
; activation_block:act_inst|exp_lut[61][8]      ; Merged with activation_block:act_inst|exp_lut[61][10] ;
; activation_block:act_inst|exp_lut[61][9]      ; Merged with activation_block:act_inst|exp_lut[61][10] ;
; activation_block:act_inst|sigmoid_lut[61][10] ; Merged with activation_block:act_inst|exp_lut[61][10] ;
; activation_block:act_inst|sigmoid_lut[61][11] ; Merged with activation_block:act_inst|exp_lut[61][10] ;
; activation_block:act_inst|sigmoid_lut[61][12] ; Merged with activation_block:act_inst|exp_lut[61][10] ;
; activation_block:act_inst|sigmoid_lut[61][13] ; Merged with activation_block:act_inst|exp_lut[61][10] ;
; activation_block:act_inst|sigmoid_lut[61][14] ; Merged with activation_block:act_inst|exp_lut[61][10] ;
; activation_block:act_inst|sigmoid_lut[61][15] ; Merged with activation_block:act_inst|exp_lut[61][10] ;
; activation_block:act_inst|sigmoid_lut[61][2]  ; Merged with activation_block:act_inst|exp_lut[61][10] ;
; activation_block:act_inst|sigmoid_lut[61][8]  ; Merged with activation_block:act_inst|exp_lut[61][10] ;
; activation_block:act_inst|sigmoid_lut[61][9]  ; Merged with activation_block:act_inst|exp_lut[61][10] ;
; activation_block:act_inst|tanh_lut[61][0]     ; Merged with activation_block:act_inst|exp_lut[61][10] ;
; activation_block:act_inst|tanh_lut[61][10]    ; Merged with activation_block:act_inst|exp_lut[61][10] ;
; activation_block:act_inst|tanh_lut[61][11]    ; Merged with activation_block:act_inst|exp_lut[61][10] ;
; activation_block:act_inst|tanh_lut[61][12]    ; Merged with activation_block:act_inst|exp_lut[61][10] ;
; activation_block:act_inst|tanh_lut[61][13]    ; Merged with activation_block:act_inst|exp_lut[61][10] ;
; activation_block:act_inst|tanh_lut[61][14]    ; Merged with activation_block:act_inst|exp_lut[61][10] ;
; activation_block:act_inst|tanh_lut[61][15]    ; Merged with activation_block:act_inst|exp_lut[61][10] ;
; activation_block:act_inst|tanh_lut[61][1]     ; Merged with activation_block:act_inst|exp_lut[61][10] ;
; activation_block:act_inst|tanh_lut[61][2]     ; Merged with activation_block:act_inst|exp_lut[61][10] ;
; activation_block:act_inst|tanh_lut[61][3]     ; Merged with activation_block:act_inst|exp_lut[61][10] ;
; activation_block:act_inst|tanh_lut[61][4]     ; Merged with activation_block:act_inst|exp_lut[61][10] ;
; activation_block:act_inst|tanh_lut[61][5]     ; Merged with activation_block:act_inst|exp_lut[61][10] ;
; activation_block:act_inst|tanh_lut[61][6]     ; Merged with activation_block:act_inst|exp_lut[61][10] ;
; activation_block:act_inst|tanh_lut[61][7]     ; Merged with activation_block:act_inst|exp_lut[61][10] ;
; activation_block:act_inst|tanh_lut[61][9]     ; Merged with activation_block:act_inst|exp_lut[61][10] ;
; activation_block:act_inst|exp_lut[62][11]     ; Merged with activation_block:act_inst|exp_lut[62][10] ;
; activation_block:act_inst|exp_lut[62][12]     ; Merged with activation_block:act_inst|exp_lut[62][10] ;
; activation_block:act_inst|exp_lut[62][13]     ; Merged with activation_block:act_inst|exp_lut[62][10] ;
; activation_block:act_inst|exp_lut[62][14]     ; Merged with activation_block:act_inst|exp_lut[62][10] ;
; activation_block:act_inst|exp_lut[62][15]     ; Merged with activation_block:act_inst|exp_lut[62][10] ;
; activation_block:act_inst|exp_lut[62][1]      ; Merged with activation_block:act_inst|exp_lut[62][10] ;
; activation_block:act_inst|exp_lut[62][3]      ; Merged with activation_block:act_inst|exp_lut[62][10] ;
; activation_block:act_inst|exp_lut[62][4]      ; Merged with activation_block:act_inst|exp_lut[62][10] ;
; activation_block:act_inst|exp_lut[62][5]      ; Merged with activation_block:act_inst|exp_lut[62][10] ;
; activation_block:act_inst|exp_lut[62][6]      ; Merged with activation_block:act_inst|exp_lut[62][10] ;
; activation_block:act_inst|exp_lut[62][7]      ; Merged with activation_block:act_inst|exp_lut[62][10] ;
; activation_block:act_inst|exp_lut[62][8]      ; Merged with activation_block:act_inst|exp_lut[62][10] ;
; activation_block:act_inst|exp_lut[62][9]      ; Merged with activation_block:act_inst|exp_lut[62][10] ;
; activation_block:act_inst|sigmoid_lut[62][10] ; Merged with activation_block:act_inst|exp_lut[62][10] ;
; activation_block:act_inst|sigmoid_lut[62][11] ; Merged with activation_block:act_inst|exp_lut[62][10] ;
; activation_block:act_inst|sigmoid_lut[62][12] ; Merged with activation_block:act_inst|exp_lut[62][10] ;
; activation_block:act_inst|sigmoid_lut[62][13] ; Merged with activation_block:act_inst|exp_lut[62][10] ;
; activation_block:act_inst|sigmoid_lut[62][14] ; Merged with activation_block:act_inst|exp_lut[62][10] ;
; activation_block:act_inst|sigmoid_lut[62][15] ; Merged with activation_block:act_inst|exp_lut[62][10] ;
; activation_block:act_inst|sigmoid_lut[62][2]  ; Merged with activation_block:act_inst|exp_lut[62][10] ;
; activation_block:act_inst|sigmoid_lut[62][8]  ; Merged with activation_block:act_inst|exp_lut[62][10] ;
; activation_block:act_inst|sigmoid_lut[62][9]  ; Merged with activation_block:act_inst|exp_lut[62][10] ;
; activation_block:act_inst|tanh_lut[62][0]     ; Merged with activation_block:act_inst|exp_lut[62][10] ;
; activation_block:act_inst|tanh_lut[62][10]    ; Merged with activation_block:act_inst|exp_lut[62][10] ;
; activation_block:act_inst|tanh_lut[62][11]    ; Merged with activation_block:act_inst|exp_lut[62][10] ;
; activation_block:act_inst|tanh_lut[62][12]    ; Merged with activation_block:act_inst|exp_lut[62][10] ;
; activation_block:act_inst|tanh_lut[62][13]    ; Merged with activation_block:act_inst|exp_lut[62][10] ;
; activation_block:act_inst|tanh_lut[62][14]    ; Merged with activation_block:act_inst|exp_lut[62][10] ;
; activation_block:act_inst|tanh_lut[62][15]    ; Merged with activation_block:act_inst|exp_lut[62][10] ;
; activation_block:act_inst|tanh_lut[62][1]     ; Merged with activation_block:act_inst|exp_lut[62][10] ;
; activation_block:act_inst|tanh_lut[62][2]     ; Merged with activation_block:act_inst|exp_lut[62][10] ;
; activation_block:act_inst|tanh_lut[62][3]     ; Merged with activation_block:act_inst|exp_lut[62][10] ;
; activation_block:act_inst|tanh_lut[62][4]     ; Merged with activation_block:act_inst|exp_lut[62][10] ;
; activation_block:act_inst|tanh_lut[62][5]     ; Merged with activation_block:act_inst|exp_lut[62][10] ;
; activation_block:act_inst|tanh_lut[62][6]     ; Merged with activation_block:act_inst|exp_lut[62][10] ;
; activation_block:act_inst|tanh_lut[62][7]     ; Merged with activation_block:act_inst|exp_lut[62][10] ;
; activation_block:act_inst|tanh_lut[62][9]     ; Merged with activation_block:act_inst|exp_lut[62][10] ;
; activation_block:act_inst|exp_lut[63][11]     ; Merged with activation_block:act_inst|exp_lut[63][10] ;
; activation_block:act_inst|exp_lut[63][12]     ; Merged with activation_block:act_inst|exp_lut[63][10] ;
; activation_block:act_inst|exp_lut[63][13]     ; Merged with activation_block:act_inst|exp_lut[63][10] ;
; activation_block:act_inst|exp_lut[63][14]     ; Merged with activation_block:act_inst|exp_lut[63][10] ;
; activation_block:act_inst|exp_lut[63][15]     ; Merged with activation_block:act_inst|exp_lut[63][10] ;
; activation_block:act_inst|exp_lut[63][1]      ; Merged with activation_block:act_inst|exp_lut[63][10] ;
; activation_block:act_inst|exp_lut[63][3]      ; Merged with activation_block:act_inst|exp_lut[63][10] ;
; activation_block:act_inst|exp_lut[63][4]      ; Merged with activation_block:act_inst|exp_lut[63][10] ;
; activation_block:act_inst|exp_lut[63][5]      ; Merged with activation_block:act_inst|exp_lut[63][10] ;
; activation_block:act_inst|exp_lut[63][6]      ; Merged with activation_block:act_inst|exp_lut[63][10] ;
; activation_block:act_inst|exp_lut[63][7]      ; Merged with activation_block:act_inst|exp_lut[63][10] ;
; activation_block:act_inst|exp_lut[63][8]      ; Merged with activation_block:act_inst|exp_lut[63][10] ;
; activation_block:act_inst|exp_lut[63][9]      ; Merged with activation_block:act_inst|exp_lut[63][10] ;
; activation_block:act_inst|sigmoid_lut[63][10] ; Merged with activation_block:act_inst|exp_lut[63][10] ;
; activation_block:act_inst|sigmoid_lut[63][11] ; Merged with activation_block:act_inst|exp_lut[63][10] ;
; activation_block:act_inst|sigmoid_lut[63][12] ; Merged with activation_block:act_inst|exp_lut[63][10] ;
; activation_block:act_inst|sigmoid_lut[63][13] ; Merged with activation_block:act_inst|exp_lut[63][10] ;
; activation_block:act_inst|sigmoid_lut[63][14] ; Merged with activation_block:act_inst|exp_lut[63][10] ;
; activation_block:act_inst|sigmoid_lut[63][15] ; Merged with activation_block:act_inst|exp_lut[63][10] ;
; activation_block:act_inst|sigmoid_lut[63][2]  ; Merged with activation_block:act_inst|exp_lut[63][10] ;
; activation_block:act_inst|sigmoid_lut[63][8]  ; Merged with activation_block:act_inst|exp_lut[63][10] ;
; activation_block:act_inst|sigmoid_lut[63][9]  ; Merged with activation_block:act_inst|exp_lut[63][10] ;
; activation_block:act_inst|tanh_lut[63][0]     ; Merged with activation_block:act_inst|exp_lut[63][10] ;
; activation_block:act_inst|tanh_lut[63][10]    ; Merged with activation_block:act_inst|exp_lut[63][10] ;
; activation_block:act_inst|tanh_lut[63][11]    ; Merged with activation_block:act_inst|exp_lut[63][10] ;
; activation_block:act_inst|tanh_lut[63][12]    ; Merged with activation_block:act_inst|exp_lut[63][10] ;
; activation_block:act_inst|tanh_lut[63][13]    ; Merged with activation_block:act_inst|exp_lut[63][10] ;
; activation_block:act_inst|tanh_lut[63][14]    ; Merged with activation_block:act_inst|exp_lut[63][10] ;
; activation_block:act_inst|tanh_lut[63][15]    ; Merged with activation_block:act_inst|exp_lut[63][10] ;
; activation_block:act_inst|tanh_lut[63][1]     ; Merged with activation_block:act_inst|exp_lut[63][10] ;
; activation_block:act_inst|tanh_lut[63][2]     ; Merged with activation_block:act_inst|exp_lut[63][10] ;
; activation_block:act_inst|tanh_lut[63][3]     ; Merged with activation_block:act_inst|exp_lut[63][10] ;
; activation_block:act_inst|tanh_lut[63][4]     ; Merged with activation_block:act_inst|exp_lut[63][10] ;
; activation_block:act_inst|tanh_lut[63][5]     ; Merged with activation_block:act_inst|exp_lut[63][10] ;
; activation_block:act_inst|tanh_lut[63][6]     ; Merged with activation_block:act_inst|exp_lut[63][10] ;
; activation_block:act_inst|tanh_lut[63][7]     ; Merged with activation_block:act_inst|exp_lut[63][10] ;
; activation_block:act_inst|tanh_lut[63][9]     ; Merged with activation_block:act_inst|exp_lut[63][10] ;
; activation_block:act_inst|exp_lut[64][3]      ; Merged with activation_block:act_inst|exp_lut[64][1]  ;
; activation_block:act_inst|exp_lut[64][4]      ; Merged with activation_block:act_inst|exp_lut[64][1]  ;
; activation_block:act_inst|sigmoid_lut[64][2]  ; Merged with activation_block:act_inst|exp_lut[64][1]  ;
; activation_block:act_inst|tanh_lut[64][0]     ; Merged with activation_block:act_inst|exp_lut[64][1]  ;
; activation_block:act_inst|tanh_lut[64][10]    ; Merged with activation_block:act_inst|exp_lut[64][1]  ;
; activation_block:act_inst|tanh_lut[64][11]    ; Merged with activation_block:act_inst|exp_lut[64][1]  ;
; activation_block:act_inst|tanh_lut[64][12]    ; Merged with activation_block:act_inst|exp_lut[64][1]  ;
; activation_block:act_inst|tanh_lut[64][13]    ; Merged with activation_block:act_inst|exp_lut[64][1]  ;
; activation_block:act_inst|tanh_lut[64][14]    ; Merged with activation_block:act_inst|exp_lut[64][1]  ;
; activation_block:act_inst|tanh_lut[64][15]    ; Merged with activation_block:act_inst|exp_lut[64][1]  ;
; activation_block:act_inst|tanh_lut[64][2]     ; Merged with activation_block:act_inst|exp_lut[64][1]  ;
; activation_block:act_inst|tanh_lut[64][3]     ; Merged with activation_block:act_inst|exp_lut[64][1]  ;
; activation_block:act_inst|tanh_lut[64][4]     ; Merged with activation_block:act_inst|exp_lut[64][1]  ;
; activation_block:act_inst|tanh_lut[64][5]     ; Merged with activation_block:act_inst|exp_lut[64][1]  ;
; activation_block:act_inst|tanh_lut[64][9]     ; Merged with activation_block:act_inst|exp_lut[64][1]  ;
; activation_block:act_inst|exp_lut[65][11]     ; Merged with activation_block:act_inst|exp_lut[65][10] ;
; activation_block:act_inst|exp_lut[65][12]     ; Merged with activation_block:act_inst|exp_lut[65][10] ;
; activation_block:act_inst|exp_lut[65][13]     ; Merged with activation_block:act_inst|exp_lut[65][10] ;
; activation_block:act_inst|exp_lut[65][14]     ; Merged with activation_block:act_inst|exp_lut[65][10] ;
; activation_block:act_inst|exp_lut[65][15]     ; Merged with activation_block:act_inst|exp_lut[65][10] ;
; activation_block:act_inst|exp_lut[65][1]      ; Merged with activation_block:act_inst|exp_lut[65][10] ;
; activation_block:act_inst|exp_lut[65][3]      ; Merged with activation_block:act_inst|exp_lut[65][10] ;
; activation_block:act_inst|exp_lut[65][4]      ; Merged with activation_block:act_inst|exp_lut[65][10] ;
; activation_block:act_inst|exp_lut[65][5]      ; Merged with activation_block:act_inst|exp_lut[65][10] ;
; activation_block:act_inst|exp_lut[65][6]      ; Merged with activation_block:act_inst|exp_lut[65][10] ;
; activation_block:act_inst|exp_lut[65][7]      ; Merged with activation_block:act_inst|exp_lut[65][10] ;
; activation_block:act_inst|exp_lut[65][8]      ; Merged with activation_block:act_inst|exp_lut[65][10] ;
; activation_block:act_inst|exp_lut[65][9]      ; Merged with activation_block:act_inst|exp_lut[65][10] ;
; activation_block:act_inst|sigmoid_lut[65][10] ; Merged with activation_block:act_inst|exp_lut[65][10] ;
; activation_block:act_inst|sigmoid_lut[65][11] ; Merged with activation_block:act_inst|exp_lut[65][10] ;
; activation_block:act_inst|sigmoid_lut[65][12] ; Merged with activation_block:act_inst|exp_lut[65][10] ;
; activation_block:act_inst|sigmoid_lut[65][13] ; Merged with activation_block:act_inst|exp_lut[65][10] ;
; activation_block:act_inst|sigmoid_lut[65][14] ; Merged with activation_block:act_inst|exp_lut[65][10] ;
; activation_block:act_inst|sigmoid_lut[65][15] ; Merged with activation_block:act_inst|exp_lut[65][10] ;
; activation_block:act_inst|sigmoid_lut[65][2]  ; Merged with activation_block:act_inst|exp_lut[65][10] ;
; activation_block:act_inst|sigmoid_lut[65][8]  ; Merged with activation_block:act_inst|exp_lut[65][10] ;
; activation_block:act_inst|sigmoid_lut[65][9]  ; Merged with activation_block:act_inst|exp_lut[65][10] ;
; activation_block:act_inst|tanh_lut[65][0]     ; Merged with activation_block:act_inst|exp_lut[65][10] ;
; activation_block:act_inst|tanh_lut[65][10]    ; Merged with activation_block:act_inst|exp_lut[65][10] ;
; activation_block:act_inst|tanh_lut[65][11]    ; Merged with activation_block:act_inst|exp_lut[65][10] ;
; activation_block:act_inst|tanh_lut[65][12]    ; Merged with activation_block:act_inst|exp_lut[65][10] ;
; activation_block:act_inst|tanh_lut[65][13]    ; Merged with activation_block:act_inst|exp_lut[65][10] ;
; activation_block:act_inst|tanh_lut[65][14]    ; Merged with activation_block:act_inst|exp_lut[65][10] ;
; activation_block:act_inst|tanh_lut[65][15]    ; Merged with activation_block:act_inst|exp_lut[65][10] ;
; activation_block:act_inst|tanh_lut[65][1]     ; Merged with activation_block:act_inst|exp_lut[65][10] ;
; activation_block:act_inst|tanh_lut[65][2]     ; Merged with activation_block:act_inst|exp_lut[65][10] ;
; activation_block:act_inst|tanh_lut[65][3]     ; Merged with activation_block:act_inst|exp_lut[65][10] ;
; activation_block:act_inst|tanh_lut[65][4]     ; Merged with activation_block:act_inst|exp_lut[65][10] ;
; activation_block:act_inst|tanh_lut[65][5]     ; Merged with activation_block:act_inst|exp_lut[65][10] ;
; activation_block:act_inst|tanh_lut[65][6]     ; Merged with activation_block:act_inst|exp_lut[65][10] ;
; activation_block:act_inst|tanh_lut[65][7]     ; Merged with activation_block:act_inst|exp_lut[65][10] ;
; activation_block:act_inst|tanh_lut[65][9]     ; Merged with activation_block:act_inst|exp_lut[65][10] ;
; activation_block:act_inst|exp_lut[66][11]     ; Merged with activation_block:act_inst|exp_lut[66][10] ;
; activation_block:act_inst|exp_lut[66][12]     ; Merged with activation_block:act_inst|exp_lut[66][10] ;
; activation_block:act_inst|exp_lut[66][13]     ; Merged with activation_block:act_inst|exp_lut[66][10] ;
; activation_block:act_inst|exp_lut[66][14]     ; Merged with activation_block:act_inst|exp_lut[66][10] ;
; activation_block:act_inst|exp_lut[66][15]     ; Merged with activation_block:act_inst|exp_lut[66][10] ;
; activation_block:act_inst|exp_lut[66][1]      ; Merged with activation_block:act_inst|exp_lut[66][10] ;
; activation_block:act_inst|exp_lut[66][3]      ; Merged with activation_block:act_inst|exp_lut[66][10] ;
; activation_block:act_inst|exp_lut[66][4]      ; Merged with activation_block:act_inst|exp_lut[66][10] ;
; activation_block:act_inst|exp_lut[66][5]      ; Merged with activation_block:act_inst|exp_lut[66][10] ;
; activation_block:act_inst|exp_lut[66][6]      ; Merged with activation_block:act_inst|exp_lut[66][10] ;
; activation_block:act_inst|exp_lut[66][7]      ; Merged with activation_block:act_inst|exp_lut[66][10] ;
; activation_block:act_inst|exp_lut[66][8]      ; Merged with activation_block:act_inst|exp_lut[66][10] ;
; activation_block:act_inst|exp_lut[66][9]      ; Merged with activation_block:act_inst|exp_lut[66][10] ;
; activation_block:act_inst|sigmoid_lut[66][10] ; Merged with activation_block:act_inst|exp_lut[66][10] ;
; activation_block:act_inst|sigmoid_lut[66][11] ; Merged with activation_block:act_inst|exp_lut[66][10] ;
; activation_block:act_inst|sigmoid_lut[66][12] ; Merged with activation_block:act_inst|exp_lut[66][10] ;
; activation_block:act_inst|sigmoid_lut[66][13] ; Merged with activation_block:act_inst|exp_lut[66][10] ;
; activation_block:act_inst|sigmoid_lut[66][14] ; Merged with activation_block:act_inst|exp_lut[66][10] ;
; activation_block:act_inst|sigmoid_lut[66][15] ; Merged with activation_block:act_inst|exp_lut[66][10] ;
; activation_block:act_inst|sigmoid_lut[66][2]  ; Merged with activation_block:act_inst|exp_lut[66][10] ;
; activation_block:act_inst|sigmoid_lut[66][8]  ; Merged with activation_block:act_inst|exp_lut[66][10] ;
; activation_block:act_inst|sigmoid_lut[66][9]  ; Merged with activation_block:act_inst|exp_lut[66][10] ;
; activation_block:act_inst|tanh_lut[66][0]     ; Merged with activation_block:act_inst|exp_lut[66][10] ;
; activation_block:act_inst|tanh_lut[66][10]    ; Merged with activation_block:act_inst|exp_lut[66][10] ;
; activation_block:act_inst|tanh_lut[66][11]    ; Merged with activation_block:act_inst|exp_lut[66][10] ;
; activation_block:act_inst|tanh_lut[66][12]    ; Merged with activation_block:act_inst|exp_lut[66][10] ;
; activation_block:act_inst|tanh_lut[66][13]    ; Merged with activation_block:act_inst|exp_lut[66][10] ;
; activation_block:act_inst|tanh_lut[66][14]    ; Merged with activation_block:act_inst|exp_lut[66][10] ;
; activation_block:act_inst|tanh_lut[66][15]    ; Merged with activation_block:act_inst|exp_lut[66][10] ;
; activation_block:act_inst|tanh_lut[66][1]     ; Merged with activation_block:act_inst|exp_lut[66][10] ;
; activation_block:act_inst|tanh_lut[66][2]     ; Merged with activation_block:act_inst|exp_lut[66][10] ;
; activation_block:act_inst|tanh_lut[66][3]     ; Merged with activation_block:act_inst|exp_lut[66][10] ;
; activation_block:act_inst|tanh_lut[66][4]     ; Merged with activation_block:act_inst|exp_lut[66][10] ;
; activation_block:act_inst|tanh_lut[66][5]     ; Merged with activation_block:act_inst|exp_lut[66][10] ;
; activation_block:act_inst|tanh_lut[66][6]     ; Merged with activation_block:act_inst|exp_lut[66][10] ;
; activation_block:act_inst|tanh_lut[66][7]     ; Merged with activation_block:act_inst|exp_lut[66][10] ;
; activation_block:act_inst|tanh_lut[66][9]     ; Merged with activation_block:act_inst|exp_lut[66][10] ;
; activation_block:act_inst|exp_lut[67][11]     ; Merged with activation_block:act_inst|exp_lut[67][10] ;
; activation_block:act_inst|exp_lut[67][12]     ; Merged with activation_block:act_inst|exp_lut[67][10] ;
; activation_block:act_inst|exp_lut[67][13]     ; Merged with activation_block:act_inst|exp_lut[67][10] ;
; activation_block:act_inst|exp_lut[67][14]     ; Merged with activation_block:act_inst|exp_lut[67][10] ;
; activation_block:act_inst|exp_lut[67][15]     ; Merged with activation_block:act_inst|exp_lut[67][10] ;
; activation_block:act_inst|exp_lut[67][1]      ; Merged with activation_block:act_inst|exp_lut[67][10] ;
; activation_block:act_inst|exp_lut[67][3]      ; Merged with activation_block:act_inst|exp_lut[67][10] ;
; activation_block:act_inst|exp_lut[67][4]      ; Merged with activation_block:act_inst|exp_lut[67][10] ;
; activation_block:act_inst|exp_lut[67][5]      ; Merged with activation_block:act_inst|exp_lut[67][10] ;
; activation_block:act_inst|exp_lut[67][6]      ; Merged with activation_block:act_inst|exp_lut[67][10] ;
; activation_block:act_inst|exp_lut[67][7]      ; Merged with activation_block:act_inst|exp_lut[67][10] ;
; activation_block:act_inst|exp_lut[67][8]      ; Merged with activation_block:act_inst|exp_lut[67][10] ;
; activation_block:act_inst|exp_lut[67][9]      ; Merged with activation_block:act_inst|exp_lut[67][10] ;
; activation_block:act_inst|sigmoid_lut[67][10] ; Merged with activation_block:act_inst|exp_lut[67][10] ;
; activation_block:act_inst|sigmoid_lut[67][11] ; Merged with activation_block:act_inst|exp_lut[67][10] ;
; activation_block:act_inst|sigmoid_lut[67][12] ; Merged with activation_block:act_inst|exp_lut[67][10] ;
; activation_block:act_inst|sigmoid_lut[67][13] ; Merged with activation_block:act_inst|exp_lut[67][10] ;
; activation_block:act_inst|sigmoid_lut[67][14] ; Merged with activation_block:act_inst|exp_lut[67][10] ;
; activation_block:act_inst|sigmoid_lut[67][15] ; Merged with activation_block:act_inst|exp_lut[67][10] ;
; activation_block:act_inst|sigmoid_lut[67][2]  ; Merged with activation_block:act_inst|exp_lut[67][10] ;
; activation_block:act_inst|sigmoid_lut[67][8]  ; Merged with activation_block:act_inst|exp_lut[67][10] ;
; activation_block:act_inst|sigmoid_lut[67][9]  ; Merged with activation_block:act_inst|exp_lut[67][10] ;
; activation_block:act_inst|tanh_lut[67][0]     ; Merged with activation_block:act_inst|exp_lut[67][10] ;
; activation_block:act_inst|tanh_lut[67][10]    ; Merged with activation_block:act_inst|exp_lut[67][10] ;
; activation_block:act_inst|tanh_lut[67][11]    ; Merged with activation_block:act_inst|exp_lut[67][10] ;
; activation_block:act_inst|tanh_lut[67][12]    ; Merged with activation_block:act_inst|exp_lut[67][10] ;
; activation_block:act_inst|tanh_lut[67][13]    ; Merged with activation_block:act_inst|exp_lut[67][10] ;
; activation_block:act_inst|tanh_lut[67][14]    ; Merged with activation_block:act_inst|exp_lut[67][10] ;
; activation_block:act_inst|tanh_lut[67][15]    ; Merged with activation_block:act_inst|exp_lut[67][10] ;
; activation_block:act_inst|tanh_lut[67][1]     ; Merged with activation_block:act_inst|exp_lut[67][10] ;
; activation_block:act_inst|tanh_lut[67][2]     ; Merged with activation_block:act_inst|exp_lut[67][10] ;
; activation_block:act_inst|tanh_lut[67][3]     ; Merged with activation_block:act_inst|exp_lut[67][10] ;
; activation_block:act_inst|tanh_lut[67][4]     ; Merged with activation_block:act_inst|exp_lut[67][10] ;
; activation_block:act_inst|tanh_lut[67][5]     ; Merged with activation_block:act_inst|exp_lut[67][10] ;
; activation_block:act_inst|tanh_lut[67][6]     ; Merged with activation_block:act_inst|exp_lut[67][10] ;
; activation_block:act_inst|tanh_lut[67][7]     ; Merged with activation_block:act_inst|exp_lut[67][10] ;
; activation_block:act_inst|tanh_lut[67][9]     ; Merged with activation_block:act_inst|exp_lut[67][10] ;
; activation_block:act_inst|exp_lut[68][11]     ; Merged with activation_block:act_inst|exp_lut[68][10] ;
; activation_block:act_inst|exp_lut[68][12]     ; Merged with activation_block:act_inst|exp_lut[68][10] ;
; activation_block:act_inst|exp_lut[68][13]     ; Merged with activation_block:act_inst|exp_lut[68][10] ;
; activation_block:act_inst|exp_lut[68][14]     ; Merged with activation_block:act_inst|exp_lut[68][10] ;
; activation_block:act_inst|exp_lut[68][15]     ; Merged with activation_block:act_inst|exp_lut[68][10] ;
; activation_block:act_inst|exp_lut[68][1]      ; Merged with activation_block:act_inst|exp_lut[68][10] ;
; activation_block:act_inst|exp_lut[68][3]      ; Merged with activation_block:act_inst|exp_lut[68][10] ;
; activation_block:act_inst|exp_lut[68][4]      ; Merged with activation_block:act_inst|exp_lut[68][10] ;
; activation_block:act_inst|exp_lut[68][5]      ; Merged with activation_block:act_inst|exp_lut[68][10] ;
; activation_block:act_inst|exp_lut[68][6]      ; Merged with activation_block:act_inst|exp_lut[68][10] ;
; activation_block:act_inst|exp_lut[68][7]      ; Merged with activation_block:act_inst|exp_lut[68][10] ;
; activation_block:act_inst|exp_lut[68][8]      ; Merged with activation_block:act_inst|exp_lut[68][10] ;
; activation_block:act_inst|exp_lut[68][9]      ; Merged with activation_block:act_inst|exp_lut[68][10] ;
; activation_block:act_inst|sigmoid_lut[68][10] ; Merged with activation_block:act_inst|exp_lut[68][10] ;
; activation_block:act_inst|sigmoid_lut[68][11] ; Merged with activation_block:act_inst|exp_lut[68][10] ;
; activation_block:act_inst|sigmoid_lut[68][12] ; Merged with activation_block:act_inst|exp_lut[68][10] ;
; activation_block:act_inst|sigmoid_lut[68][13] ; Merged with activation_block:act_inst|exp_lut[68][10] ;
; activation_block:act_inst|sigmoid_lut[68][14] ; Merged with activation_block:act_inst|exp_lut[68][10] ;
; activation_block:act_inst|sigmoid_lut[68][15] ; Merged with activation_block:act_inst|exp_lut[68][10] ;
; activation_block:act_inst|sigmoid_lut[68][2]  ; Merged with activation_block:act_inst|exp_lut[68][10] ;
; activation_block:act_inst|sigmoid_lut[68][8]  ; Merged with activation_block:act_inst|exp_lut[68][10] ;
; activation_block:act_inst|sigmoid_lut[68][9]  ; Merged with activation_block:act_inst|exp_lut[68][10] ;
; activation_block:act_inst|tanh_lut[68][0]     ; Merged with activation_block:act_inst|exp_lut[68][10] ;
; activation_block:act_inst|tanh_lut[68][10]    ; Merged with activation_block:act_inst|exp_lut[68][10] ;
; activation_block:act_inst|tanh_lut[68][11]    ; Merged with activation_block:act_inst|exp_lut[68][10] ;
; activation_block:act_inst|tanh_lut[68][12]    ; Merged with activation_block:act_inst|exp_lut[68][10] ;
; activation_block:act_inst|tanh_lut[68][13]    ; Merged with activation_block:act_inst|exp_lut[68][10] ;
; activation_block:act_inst|tanh_lut[68][14]    ; Merged with activation_block:act_inst|exp_lut[68][10] ;
; activation_block:act_inst|tanh_lut[68][15]    ; Merged with activation_block:act_inst|exp_lut[68][10] ;
; activation_block:act_inst|tanh_lut[68][1]     ; Merged with activation_block:act_inst|exp_lut[68][10] ;
; activation_block:act_inst|tanh_lut[68][2]     ; Merged with activation_block:act_inst|exp_lut[68][10] ;
; activation_block:act_inst|tanh_lut[68][3]     ; Merged with activation_block:act_inst|exp_lut[68][10] ;
; activation_block:act_inst|tanh_lut[68][4]     ; Merged with activation_block:act_inst|exp_lut[68][10] ;
; activation_block:act_inst|tanh_lut[68][5]     ; Merged with activation_block:act_inst|exp_lut[68][10] ;
; activation_block:act_inst|tanh_lut[68][6]     ; Merged with activation_block:act_inst|exp_lut[68][10] ;
; activation_block:act_inst|tanh_lut[68][7]     ; Merged with activation_block:act_inst|exp_lut[68][10] ;
; activation_block:act_inst|tanh_lut[68][9]     ; Merged with activation_block:act_inst|exp_lut[68][10] ;
; activation_block:act_inst|exp_lut[69][11]     ; Merged with activation_block:act_inst|exp_lut[69][10] ;
; activation_block:act_inst|exp_lut[69][12]     ; Merged with activation_block:act_inst|exp_lut[69][10] ;
; activation_block:act_inst|exp_lut[69][13]     ; Merged with activation_block:act_inst|exp_lut[69][10] ;
; activation_block:act_inst|exp_lut[69][14]     ; Merged with activation_block:act_inst|exp_lut[69][10] ;
; activation_block:act_inst|exp_lut[69][15]     ; Merged with activation_block:act_inst|exp_lut[69][10] ;
; activation_block:act_inst|exp_lut[69][1]      ; Merged with activation_block:act_inst|exp_lut[69][10] ;
; activation_block:act_inst|exp_lut[69][3]      ; Merged with activation_block:act_inst|exp_lut[69][10] ;
; activation_block:act_inst|exp_lut[69][4]      ; Merged with activation_block:act_inst|exp_lut[69][10] ;
; activation_block:act_inst|exp_lut[69][5]      ; Merged with activation_block:act_inst|exp_lut[69][10] ;
; activation_block:act_inst|exp_lut[69][6]      ; Merged with activation_block:act_inst|exp_lut[69][10] ;
; activation_block:act_inst|exp_lut[69][7]      ; Merged with activation_block:act_inst|exp_lut[69][10] ;
; activation_block:act_inst|exp_lut[69][8]      ; Merged with activation_block:act_inst|exp_lut[69][10] ;
; activation_block:act_inst|exp_lut[69][9]      ; Merged with activation_block:act_inst|exp_lut[69][10] ;
; activation_block:act_inst|sigmoid_lut[69][10] ; Merged with activation_block:act_inst|exp_lut[69][10] ;
; activation_block:act_inst|sigmoid_lut[69][11] ; Merged with activation_block:act_inst|exp_lut[69][10] ;
; activation_block:act_inst|sigmoid_lut[69][12] ; Merged with activation_block:act_inst|exp_lut[69][10] ;
; activation_block:act_inst|sigmoid_lut[69][13] ; Merged with activation_block:act_inst|exp_lut[69][10] ;
; activation_block:act_inst|sigmoid_lut[69][14] ; Merged with activation_block:act_inst|exp_lut[69][10] ;
; activation_block:act_inst|sigmoid_lut[69][15] ; Merged with activation_block:act_inst|exp_lut[69][10] ;
; activation_block:act_inst|sigmoid_lut[69][2]  ; Merged with activation_block:act_inst|exp_lut[69][10] ;
; activation_block:act_inst|sigmoid_lut[69][8]  ; Merged with activation_block:act_inst|exp_lut[69][10] ;
; activation_block:act_inst|sigmoid_lut[69][9]  ; Merged with activation_block:act_inst|exp_lut[69][10] ;
; activation_block:act_inst|tanh_lut[69][0]     ; Merged with activation_block:act_inst|exp_lut[69][10] ;
; activation_block:act_inst|tanh_lut[69][10]    ; Merged with activation_block:act_inst|exp_lut[69][10] ;
; activation_block:act_inst|tanh_lut[69][11]    ; Merged with activation_block:act_inst|exp_lut[69][10] ;
; activation_block:act_inst|tanh_lut[69][12]    ; Merged with activation_block:act_inst|exp_lut[69][10] ;
; activation_block:act_inst|tanh_lut[69][13]    ; Merged with activation_block:act_inst|exp_lut[69][10] ;
; activation_block:act_inst|tanh_lut[69][14]    ; Merged with activation_block:act_inst|exp_lut[69][10] ;
; activation_block:act_inst|tanh_lut[69][15]    ; Merged with activation_block:act_inst|exp_lut[69][10] ;
; activation_block:act_inst|tanh_lut[69][1]     ; Merged with activation_block:act_inst|exp_lut[69][10] ;
; activation_block:act_inst|tanh_lut[69][2]     ; Merged with activation_block:act_inst|exp_lut[69][10] ;
; activation_block:act_inst|tanh_lut[69][3]     ; Merged with activation_block:act_inst|exp_lut[69][10] ;
; activation_block:act_inst|tanh_lut[69][4]     ; Merged with activation_block:act_inst|exp_lut[69][10] ;
; activation_block:act_inst|tanh_lut[69][5]     ; Merged with activation_block:act_inst|exp_lut[69][10] ;
; activation_block:act_inst|tanh_lut[69][6]     ; Merged with activation_block:act_inst|exp_lut[69][10] ;
; activation_block:act_inst|tanh_lut[69][7]     ; Merged with activation_block:act_inst|exp_lut[69][10] ;
; activation_block:act_inst|tanh_lut[69][9]     ; Merged with activation_block:act_inst|exp_lut[69][10] ;
; activation_block:act_inst|exp_lut[70][11]     ; Merged with activation_block:act_inst|exp_lut[70][10] ;
; activation_block:act_inst|exp_lut[70][12]     ; Merged with activation_block:act_inst|exp_lut[70][10] ;
; activation_block:act_inst|exp_lut[70][13]     ; Merged with activation_block:act_inst|exp_lut[70][10] ;
; activation_block:act_inst|exp_lut[70][14]     ; Merged with activation_block:act_inst|exp_lut[70][10] ;
; activation_block:act_inst|exp_lut[70][15]     ; Merged with activation_block:act_inst|exp_lut[70][10] ;
; activation_block:act_inst|exp_lut[70][1]      ; Merged with activation_block:act_inst|exp_lut[70][10] ;
; activation_block:act_inst|exp_lut[70][3]      ; Merged with activation_block:act_inst|exp_lut[70][10] ;
; activation_block:act_inst|exp_lut[70][4]      ; Merged with activation_block:act_inst|exp_lut[70][10] ;
; activation_block:act_inst|exp_lut[70][5]      ; Merged with activation_block:act_inst|exp_lut[70][10] ;
; activation_block:act_inst|exp_lut[70][6]      ; Merged with activation_block:act_inst|exp_lut[70][10] ;
; activation_block:act_inst|exp_lut[70][7]      ; Merged with activation_block:act_inst|exp_lut[70][10] ;
; activation_block:act_inst|exp_lut[70][8]      ; Merged with activation_block:act_inst|exp_lut[70][10] ;
; activation_block:act_inst|exp_lut[70][9]      ; Merged with activation_block:act_inst|exp_lut[70][10] ;
; activation_block:act_inst|sigmoid_lut[70][10] ; Merged with activation_block:act_inst|exp_lut[70][10] ;
; activation_block:act_inst|sigmoid_lut[70][11] ; Merged with activation_block:act_inst|exp_lut[70][10] ;
; activation_block:act_inst|sigmoid_lut[70][12] ; Merged with activation_block:act_inst|exp_lut[70][10] ;
; activation_block:act_inst|sigmoid_lut[70][13] ; Merged with activation_block:act_inst|exp_lut[70][10] ;
; activation_block:act_inst|sigmoid_lut[70][14] ; Merged with activation_block:act_inst|exp_lut[70][10] ;
; activation_block:act_inst|sigmoid_lut[70][15] ; Merged with activation_block:act_inst|exp_lut[70][10] ;
; activation_block:act_inst|sigmoid_lut[70][2]  ; Merged with activation_block:act_inst|exp_lut[70][10] ;
; activation_block:act_inst|sigmoid_lut[70][8]  ; Merged with activation_block:act_inst|exp_lut[70][10] ;
; activation_block:act_inst|sigmoid_lut[70][9]  ; Merged with activation_block:act_inst|exp_lut[70][10] ;
; activation_block:act_inst|tanh_lut[70][0]     ; Merged with activation_block:act_inst|exp_lut[70][10] ;
; activation_block:act_inst|tanh_lut[70][10]    ; Merged with activation_block:act_inst|exp_lut[70][10] ;
; activation_block:act_inst|tanh_lut[70][11]    ; Merged with activation_block:act_inst|exp_lut[70][10] ;
; activation_block:act_inst|tanh_lut[70][12]    ; Merged with activation_block:act_inst|exp_lut[70][10] ;
; activation_block:act_inst|tanh_lut[70][13]    ; Merged with activation_block:act_inst|exp_lut[70][10] ;
; activation_block:act_inst|tanh_lut[70][14]    ; Merged with activation_block:act_inst|exp_lut[70][10] ;
; activation_block:act_inst|tanh_lut[70][15]    ; Merged with activation_block:act_inst|exp_lut[70][10] ;
; activation_block:act_inst|tanh_lut[70][1]     ; Merged with activation_block:act_inst|exp_lut[70][10] ;
; activation_block:act_inst|tanh_lut[70][2]     ; Merged with activation_block:act_inst|exp_lut[70][10] ;
; activation_block:act_inst|tanh_lut[70][3]     ; Merged with activation_block:act_inst|exp_lut[70][10] ;
; activation_block:act_inst|tanh_lut[70][4]     ; Merged with activation_block:act_inst|exp_lut[70][10] ;
; activation_block:act_inst|tanh_lut[70][5]     ; Merged with activation_block:act_inst|exp_lut[70][10] ;
; activation_block:act_inst|tanh_lut[70][6]     ; Merged with activation_block:act_inst|exp_lut[70][10] ;
; activation_block:act_inst|tanh_lut[70][7]     ; Merged with activation_block:act_inst|exp_lut[70][10] ;
; activation_block:act_inst|tanh_lut[70][9]     ; Merged with activation_block:act_inst|exp_lut[70][10] ;
; activation_block:act_inst|exp_lut[71][11]     ; Merged with activation_block:act_inst|exp_lut[71][10] ;
; activation_block:act_inst|exp_lut[71][12]     ; Merged with activation_block:act_inst|exp_lut[71][10] ;
; activation_block:act_inst|exp_lut[71][13]     ; Merged with activation_block:act_inst|exp_lut[71][10] ;
; activation_block:act_inst|exp_lut[71][14]     ; Merged with activation_block:act_inst|exp_lut[71][10] ;
; activation_block:act_inst|exp_lut[71][15]     ; Merged with activation_block:act_inst|exp_lut[71][10] ;
; activation_block:act_inst|exp_lut[71][1]      ; Merged with activation_block:act_inst|exp_lut[71][10] ;
; activation_block:act_inst|exp_lut[71][3]      ; Merged with activation_block:act_inst|exp_lut[71][10] ;
; activation_block:act_inst|exp_lut[71][4]      ; Merged with activation_block:act_inst|exp_lut[71][10] ;
; activation_block:act_inst|exp_lut[71][5]      ; Merged with activation_block:act_inst|exp_lut[71][10] ;
; activation_block:act_inst|exp_lut[71][6]      ; Merged with activation_block:act_inst|exp_lut[71][10] ;
; activation_block:act_inst|exp_lut[71][7]      ; Merged with activation_block:act_inst|exp_lut[71][10] ;
; activation_block:act_inst|exp_lut[71][8]      ; Merged with activation_block:act_inst|exp_lut[71][10] ;
; activation_block:act_inst|exp_lut[71][9]      ; Merged with activation_block:act_inst|exp_lut[71][10] ;
; activation_block:act_inst|sigmoid_lut[71][10] ; Merged with activation_block:act_inst|exp_lut[71][10] ;
; activation_block:act_inst|sigmoid_lut[71][11] ; Merged with activation_block:act_inst|exp_lut[71][10] ;
; activation_block:act_inst|sigmoid_lut[71][12] ; Merged with activation_block:act_inst|exp_lut[71][10] ;
; activation_block:act_inst|sigmoid_lut[71][13] ; Merged with activation_block:act_inst|exp_lut[71][10] ;
; activation_block:act_inst|sigmoid_lut[71][14] ; Merged with activation_block:act_inst|exp_lut[71][10] ;
; activation_block:act_inst|sigmoid_lut[71][15] ; Merged with activation_block:act_inst|exp_lut[71][10] ;
; activation_block:act_inst|sigmoid_lut[71][2]  ; Merged with activation_block:act_inst|exp_lut[71][10] ;
; activation_block:act_inst|sigmoid_lut[71][8]  ; Merged with activation_block:act_inst|exp_lut[71][10] ;
; activation_block:act_inst|sigmoid_lut[71][9]  ; Merged with activation_block:act_inst|exp_lut[71][10] ;
; activation_block:act_inst|tanh_lut[71][0]     ; Merged with activation_block:act_inst|exp_lut[71][10] ;
; activation_block:act_inst|tanh_lut[71][10]    ; Merged with activation_block:act_inst|exp_lut[71][10] ;
; activation_block:act_inst|tanh_lut[71][11]    ; Merged with activation_block:act_inst|exp_lut[71][10] ;
; activation_block:act_inst|tanh_lut[71][12]    ; Merged with activation_block:act_inst|exp_lut[71][10] ;
; activation_block:act_inst|tanh_lut[71][13]    ; Merged with activation_block:act_inst|exp_lut[71][10] ;
; activation_block:act_inst|tanh_lut[71][14]    ; Merged with activation_block:act_inst|exp_lut[71][10] ;
; activation_block:act_inst|tanh_lut[71][15]    ; Merged with activation_block:act_inst|exp_lut[71][10] ;
; activation_block:act_inst|tanh_lut[71][1]     ; Merged with activation_block:act_inst|exp_lut[71][10] ;
; activation_block:act_inst|tanh_lut[71][2]     ; Merged with activation_block:act_inst|exp_lut[71][10] ;
; activation_block:act_inst|tanh_lut[71][3]     ; Merged with activation_block:act_inst|exp_lut[71][10] ;
; activation_block:act_inst|tanh_lut[71][4]     ; Merged with activation_block:act_inst|exp_lut[71][10] ;
; activation_block:act_inst|tanh_lut[71][5]     ; Merged with activation_block:act_inst|exp_lut[71][10] ;
; activation_block:act_inst|tanh_lut[71][6]     ; Merged with activation_block:act_inst|exp_lut[71][10] ;
; activation_block:act_inst|tanh_lut[71][7]     ; Merged with activation_block:act_inst|exp_lut[71][10] ;
; activation_block:act_inst|tanh_lut[71][9]     ; Merged with activation_block:act_inst|exp_lut[71][10] ;
; activation_block:act_inst|exp_lut[72][11]     ; Merged with activation_block:act_inst|exp_lut[72][10] ;
; activation_block:act_inst|exp_lut[72][12]     ; Merged with activation_block:act_inst|exp_lut[72][10] ;
; activation_block:act_inst|exp_lut[72][13]     ; Merged with activation_block:act_inst|exp_lut[72][10] ;
; activation_block:act_inst|exp_lut[72][14]     ; Merged with activation_block:act_inst|exp_lut[72][10] ;
; activation_block:act_inst|exp_lut[72][15]     ; Merged with activation_block:act_inst|exp_lut[72][10] ;
; activation_block:act_inst|exp_lut[72][1]      ; Merged with activation_block:act_inst|exp_lut[72][10] ;
; activation_block:act_inst|exp_lut[72][3]      ; Merged with activation_block:act_inst|exp_lut[72][10] ;
; activation_block:act_inst|exp_lut[72][4]      ; Merged with activation_block:act_inst|exp_lut[72][10] ;
; activation_block:act_inst|exp_lut[72][5]      ; Merged with activation_block:act_inst|exp_lut[72][10] ;
; activation_block:act_inst|exp_lut[72][6]      ; Merged with activation_block:act_inst|exp_lut[72][10] ;
; activation_block:act_inst|exp_lut[72][7]      ; Merged with activation_block:act_inst|exp_lut[72][10] ;
; activation_block:act_inst|exp_lut[72][8]      ; Merged with activation_block:act_inst|exp_lut[72][10] ;
; activation_block:act_inst|exp_lut[72][9]      ; Merged with activation_block:act_inst|exp_lut[72][10] ;
; activation_block:act_inst|sigmoid_lut[72][10] ; Merged with activation_block:act_inst|exp_lut[72][10] ;
; activation_block:act_inst|sigmoid_lut[72][11] ; Merged with activation_block:act_inst|exp_lut[72][10] ;
; activation_block:act_inst|sigmoid_lut[72][12] ; Merged with activation_block:act_inst|exp_lut[72][10] ;
; activation_block:act_inst|sigmoid_lut[72][13] ; Merged with activation_block:act_inst|exp_lut[72][10] ;
; activation_block:act_inst|sigmoid_lut[72][14] ; Merged with activation_block:act_inst|exp_lut[72][10] ;
; activation_block:act_inst|sigmoid_lut[72][15] ; Merged with activation_block:act_inst|exp_lut[72][10] ;
; activation_block:act_inst|sigmoid_lut[72][2]  ; Merged with activation_block:act_inst|exp_lut[72][10] ;
; activation_block:act_inst|sigmoid_lut[72][8]  ; Merged with activation_block:act_inst|exp_lut[72][10] ;
; activation_block:act_inst|sigmoid_lut[72][9]  ; Merged with activation_block:act_inst|exp_lut[72][10] ;
; activation_block:act_inst|tanh_lut[72][0]     ; Merged with activation_block:act_inst|exp_lut[72][10] ;
; activation_block:act_inst|tanh_lut[72][10]    ; Merged with activation_block:act_inst|exp_lut[72][10] ;
; activation_block:act_inst|tanh_lut[72][11]    ; Merged with activation_block:act_inst|exp_lut[72][10] ;
; activation_block:act_inst|tanh_lut[72][12]    ; Merged with activation_block:act_inst|exp_lut[72][10] ;
; activation_block:act_inst|tanh_lut[72][13]    ; Merged with activation_block:act_inst|exp_lut[72][10] ;
; activation_block:act_inst|tanh_lut[72][14]    ; Merged with activation_block:act_inst|exp_lut[72][10] ;
; activation_block:act_inst|tanh_lut[72][15]    ; Merged with activation_block:act_inst|exp_lut[72][10] ;
; activation_block:act_inst|tanh_lut[72][1]     ; Merged with activation_block:act_inst|exp_lut[72][10] ;
; activation_block:act_inst|tanh_lut[72][2]     ; Merged with activation_block:act_inst|exp_lut[72][10] ;
; activation_block:act_inst|tanh_lut[72][3]     ; Merged with activation_block:act_inst|exp_lut[72][10] ;
; activation_block:act_inst|tanh_lut[72][4]     ; Merged with activation_block:act_inst|exp_lut[72][10] ;
; activation_block:act_inst|tanh_lut[72][5]     ; Merged with activation_block:act_inst|exp_lut[72][10] ;
; activation_block:act_inst|tanh_lut[72][6]     ; Merged with activation_block:act_inst|exp_lut[72][10] ;
; activation_block:act_inst|tanh_lut[72][7]     ; Merged with activation_block:act_inst|exp_lut[72][10] ;
; activation_block:act_inst|tanh_lut[72][9]     ; Merged with activation_block:act_inst|exp_lut[72][10] ;
; activation_block:act_inst|exp_lut[73][11]     ; Merged with activation_block:act_inst|exp_lut[73][10] ;
; activation_block:act_inst|exp_lut[73][12]     ; Merged with activation_block:act_inst|exp_lut[73][10] ;
; activation_block:act_inst|exp_lut[73][13]     ; Merged with activation_block:act_inst|exp_lut[73][10] ;
; activation_block:act_inst|exp_lut[73][14]     ; Merged with activation_block:act_inst|exp_lut[73][10] ;
; activation_block:act_inst|exp_lut[73][15]     ; Merged with activation_block:act_inst|exp_lut[73][10] ;
; activation_block:act_inst|exp_lut[73][1]      ; Merged with activation_block:act_inst|exp_lut[73][10] ;
; activation_block:act_inst|exp_lut[73][3]      ; Merged with activation_block:act_inst|exp_lut[73][10] ;
; activation_block:act_inst|exp_lut[73][4]      ; Merged with activation_block:act_inst|exp_lut[73][10] ;
; activation_block:act_inst|exp_lut[73][5]      ; Merged with activation_block:act_inst|exp_lut[73][10] ;
; activation_block:act_inst|exp_lut[73][6]      ; Merged with activation_block:act_inst|exp_lut[73][10] ;
; activation_block:act_inst|exp_lut[73][7]      ; Merged with activation_block:act_inst|exp_lut[73][10] ;
; activation_block:act_inst|exp_lut[73][8]      ; Merged with activation_block:act_inst|exp_lut[73][10] ;
; activation_block:act_inst|exp_lut[73][9]      ; Merged with activation_block:act_inst|exp_lut[73][10] ;
; activation_block:act_inst|sigmoid_lut[73][10] ; Merged with activation_block:act_inst|exp_lut[73][10] ;
; activation_block:act_inst|sigmoid_lut[73][11] ; Merged with activation_block:act_inst|exp_lut[73][10] ;
; activation_block:act_inst|sigmoid_lut[73][12] ; Merged with activation_block:act_inst|exp_lut[73][10] ;
; activation_block:act_inst|sigmoid_lut[73][13] ; Merged with activation_block:act_inst|exp_lut[73][10] ;
; activation_block:act_inst|sigmoid_lut[73][14] ; Merged with activation_block:act_inst|exp_lut[73][10] ;
; activation_block:act_inst|sigmoid_lut[73][15] ; Merged with activation_block:act_inst|exp_lut[73][10] ;
; activation_block:act_inst|sigmoid_lut[73][2]  ; Merged with activation_block:act_inst|exp_lut[73][10] ;
; activation_block:act_inst|sigmoid_lut[73][8]  ; Merged with activation_block:act_inst|exp_lut[73][10] ;
; activation_block:act_inst|sigmoid_lut[73][9]  ; Merged with activation_block:act_inst|exp_lut[73][10] ;
; activation_block:act_inst|tanh_lut[73][0]     ; Merged with activation_block:act_inst|exp_lut[73][10] ;
; activation_block:act_inst|tanh_lut[73][10]    ; Merged with activation_block:act_inst|exp_lut[73][10] ;
; activation_block:act_inst|tanh_lut[73][11]    ; Merged with activation_block:act_inst|exp_lut[73][10] ;
; activation_block:act_inst|tanh_lut[73][12]    ; Merged with activation_block:act_inst|exp_lut[73][10] ;
; activation_block:act_inst|tanh_lut[73][13]    ; Merged with activation_block:act_inst|exp_lut[73][10] ;
; activation_block:act_inst|tanh_lut[73][14]    ; Merged with activation_block:act_inst|exp_lut[73][10] ;
; activation_block:act_inst|tanh_lut[73][15]    ; Merged with activation_block:act_inst|exp_lut[73][10] ;
; activation_block:act_inst|tanh_lut[73][1]     ; Merged with activation_block:act_inst|exp_lut[73][10] ;
; activation_block:act_inst|tanh_lut[73][2]     ; Merged with activation_block:act_inst|exp_lut[73][10] ;
; activation_block:act_inst|tanh_lut[73][3]     ; Merged with activation_block:act_inst|exp_lut[73][10] ;
; activation_block:act_inst|tanh_lut[73][4]     ; Merged with activation_block:act_inst|exp_lut[73][10] ;
; activation_block:act_inst|tanh_lut[73][5]     ; Merged with activation_block:act_inst|exp_lut[73][10] ;
; activation_block:act_inst|tanh_lut[73][6]     ; Merged with activation_block:act_inst|exp_lut[73][10] ;
; activation_block:act_inst|tanh_lut[73][7]     ; Merged with activation_block:act_inst|exp_lut[73][10] ;
; activation_block:act_inst|tanh_lut[73][9]     ; Merged with activation_block:act_inst|exp_lut[73][10] ;
; activation_block:act_inst|exp_lut[74][11]     ; Merged with activation_block:act_inst|exp_lut[74][10] ;
; activation_block:act_inst|exp_lut[74][12]     ; Merged with activation_block:act_inst|exp_lut[74][10] ;
; activation_block:act_inst|exp_lut[74][13]     ; Merged with activation_block:act_inst|exp_lut[74][10] ;
; activation_block:act_inst|exp_lut[74][14]     ; Merged with activation_block:act_inst|exp_lut[74][10] ;
; Total Number of Removed Registers = 12704     ;                                                       ;
+-----------------------------------------------+-------------------------------------------------------+
* Table truncated at 5000 items. To change the number of removed registers reported, set the "Number of Removed Registers Reported" option under Assignments->Settings->Analysis and Synthesis Settings->More Settings


+---------------------------------------------------------------------------------------------------------------------------------------------------------------------------+
; Removed Registers Triggering Further Register Optimizations                                                                                                               ;
+----------------------------------------------------+--------------------------------+-------------------------------------------------------------------------------------+
; Register name                                      ; Reason for Removal             ; Registers Removed due to This Register                                              ;
+----------------------------------------------------+--------------------------------+-------------------------------------------------------------------------------------+
; activation_block:act_inst|lut_initialized          ; Stuck at GND                   ; activation_block:act_inst|exp_lut[129][0],                                          ;
;                                                    ; due to stuck port clock_enable ; activation_block:act_inst|exp_lut[130][0],                                          ;
;                                                    ;                                ; activation_block:act_inst|exp_lut[131][0],                                          ;
;                                                    ;                                ; activation_block:act_inst|exp_lut[132][0],                                          ;
;                                                    ;                                ; activation_block:act_inst|exp_lut[133][0],                                          ;
;                                                    ;                                ; activation_block:act_inst|exp_lut[134][0],                                          ;
;                                                    ;                                ; activation_block:act_inst|exp_lut[135][0],                                          ;
;                                                    ;                                ; activation_block:act_inst|exp_lut[136][0],                                          ;
;                                                    ;                                ; activation_block:act_inst|exp_lut[137][0],                                          ;
;                                                    ;                                ; activation_block:act_inst|exp_lut[138][0],                                          ;
;                                                    ;                                ; activation_block:act_inst|exp_lut[139][0],                                          ;
;                                                    ;                                ; activation_block:act_inst|exp_lut[140][0],                                          ;
;                                                    ;                                ; activation_block:act_inst|exp_lut[141][0],                                          ;
;                                                    ;                                ; activation_block:act_inst|exp_lut[142][0],                                          ;
;                                                    ;                                ; activation_block:act_inst|exp_lut[143][0],                                          ;
;                                                    ;                                ; activation_block:act_inst|exp_lut[144][0],                                          ;
;                                                    ;                                ; activation_block:act_inst|exp_lut[145][0],                                          ;
;                                                    ;                                ; activation_block:act_inst|exp_lut[146][0],                                          ;
;                                                    ;                                ; activation_block:act_inst|exp_lut[147][0],                                          ;
;                                                    ;                                ; activation_block:act_inst|exp_lut[148][0],                                          ;
;                                                    ;                                ; activation_block:act_inst|exp_lut[149][0],                                          ;
;                                                    ;                                ; activation_block:act_inst|exp_lut[150][0],                                          ;
;                                                    ;                                ; activation_block:act_inst|exp_lut[151][0],                                          ;
;                                                    ;                                ; activation_block:act_inst|exp_lut[152][0],                                          ;
;                                                    ;                                ; activation_block:act_inst|exp_lut[153][0],                                          ;
;                                                    ;                                ; activation_block:act_inst|exp_lut[154][0],                                          ;
;                                                    ;                                ; activation_block:act_inst|exp_lut[155][0],                                          ;
;                                                    ;                                ; activation_block:act_inst|exp_lut[156][0],                                          ;
;                                                    ;                                ; activation_block:act_inst|exp_lut[157][0],                                          ;
;                                                    ;                                ; activation_block:act_inst|exp_lut[158][0],                                          ;
;                                                    ;                                ; activation_block:act_inst|exp_lut[159][0],                                          ;
;                                                    ;                                ; activation_block:act_inst|exp_lut[160][0],                                          ;
;                                                    ;                                ; activation_block:act_inst|exp_lut[161][0],                                          ;
;                                                    ;                                ; activation_block:act_inst|exp_lut[162][0],                                          ;
;                                                    ;                                ; activation_block:act_inst|exp_lut[163][0],                                          ;
;                                                    ;                                ; activation_block:act_inst|exp_lut[164][0],                                          ;
;                                                    ;                                ; activation_block:act_inst|exp_lut[165][0],                                          ;
;                                                    ;                                ; activation_block:act_inst|exp_lut[166][0],                                          ;
;                                                    ;                                ; activation_block:act_inst|exp_lut[167][0],                                          ;
;                                                    ;                                ; activation_block:act_inst|exp_lut[168][0],                                          ;
;                                                    ;                                ; activation_block:act_inst|exp_lut[169][0],                                          ;
;                                                    ;                                ; activation_block:act_inst|exp_lut[170][0],                                          ;
;                                                    ;                                ; activation_block:act_inst|exp_lut[171][0],                                          ;
;                                                    ;                                ; activation_block:act_inst|exp_lut[172][0],                                          ;
;                                                    ;                                ; activation_block:act_inst|exp_lut[173][0],                                          ;
;                                                    ;                                ; activation_block:act_inst|exp_lut[174][0],                                          ;
;                                                    ;                                ; activation_block:act_inst|exp_lut[175][0],                                          ;
;                                                    ;                                ; activation_block:act_inst|exp_lut[176][0],                                          ;
;                                                    ;                                ; activation_block:act_inst|exp_lut[177][0],                                          ;
;                                                    ;                                ; activation_block:act_inst|exp_lut[178][0],                                          ;
;                                                    ;                                ; activation_block:act_inst|exp_lut[179][0],                                          ;
;                                                    ;                                ; activation_block:act_inst|exp_lut[180][0],                                          ;
;                                                    ;                                ; activation_block:act_inst|exp_lut[181][0],                                          ;
;                                                    ;                                ; activation_block:act_inst|exp_lut[182][0],                                          ;
;                                                    ;                                ; activation_block:act_inst|exp_lut[183][0],                                          ;
;                                                    ;                                ; activation_block:act_inst|exp_lut[184][0],                                          ;
;                                                    ;                                ; activation_block:act_inst|exp_lut[185][0],                                          ;
;                                                    ;                                ; activation_block:act_inst|exp_lut[186][0],                                          ;
;                                                    ;                                ; activation_block:act_inst|exp_lut[187][0],                                          ;
;                                                    ;                                ; activation_block:act_inst|exp_lut[188][0],                                          ;
;                                                    ;                                ; activation_block:act_inst|exp_lut[189][0],                                          ;
;                                                    ;                                ; activation_block:act_inst|exp_lut[190][0],                                          ;
;                                                    ;                                ; activation_block:act_inst|exp_lut[191][0],                                          ;
;                                                    ;                                ; activation_block:act_inst|exp_lut[193][0],                                          ;
;                                                    ;                                ; activation_block:act_inst|exp_lut[194][0],                                          ;
;                                                    ;                                ; activation_block:act_inst|exp_lut[195][0],                                          ;
;                                                    ;                                ; activation_block:act_inst|exp_lut[196][0],                                          ;
;                                                    ;                                ; activation_block:act_inst|exp_lut[197][0],                                          ;
;                                                    ;                                ; activation_block:act_inst|exp_lut[198][0],                                          ;
;                                                    ;                                ; activation_block:act_inst|exp_lut[199][0],                                          ;
;                                                    ;                                ; activation_block:act_inst|exp_lut[200][0],                                          ;
;                                                    ;                                ; activation_block:act_inst|exp_lut[201][0],                                          ;
;                                                    ;                                ; activation_block:act_inst|exp_lut[202][0],                                          ;
;                                                    ;                                ; activation_block:act_inst|exp_lut[203][0],                                          ;
;                                                    ;                                ; activation_block:act_inst|exp_lut[204][0],                                          ;
;                                                    ;                                ; activation_block:act_inst|exp_lut[205][0],                                          ;
;                                                    ;                                ; activation_block:act_inst|exp_lut[206][0],                                          ;
;                                                    ;                                ; activation_block:act_inst|exp_lut[207][0],                                          ;
;                                                    ;                                ; activation_block:act_inst|exp_lut[208][0],                                          ;
;                                                    ;                                ; activation_block:act_inst|exp_lut[209][0],                                          ;
;                                                    ;                                ; activation_block:act_inst|exp_lut[210][0],                                          ;
;                                                    ;                                ; activation_block:act_inst|exp_lut[211][0],                                          ;
;                                                    ;                                ; activation_block:act_inst|exp_lut[212][0],                                          ;
;                                                    ;                                ; activation_block:act_inst|exp_lut[213][0],                                          ;
;                                                    ;                                ; activation_block:act_inst|exp_lut[214][0],                                          ;
;                                                    ;                                ; activation_block:act_inst|exp_lut[215][0],                                          ;
;                                                    ;                                ; activation_block:act_inst|exp_lut[216][0],                                          ;
;                                                    ;                                ; activation_block:act_inst|exp_lut[217][0],                                          ;
;                                                    ;                                ; activation_block:act_inst|exp_lut[218][0],                                          ;
;                                                    ;                                ; activation_block:act_inst|exp_lut[219][0],                                          ;
;                                                    ;                                ; activation_block:act_inst|exp_lut[220][0],                                          ;
;                                                    ;                                ; activation_block:act_inst|exp_lut[221][0],                                          ;
;                                                    ;                                ; activation_block:act_inst|exp_lut[222][0],                                          ;
;                                                    ;                                ; activation_block:act_inst|exp_lut[223][0],                                          ;
;                                                    ;                                ; activation_block:act_inst|exp_lut[224][0],                                          ;
;                                                    ;                                ; activation_block:act_inst|exp_lut[225][0],                                          ;
;                                                    ;                                ; activation_block:act_inst|exp_lut[226][0],                                          ;
;                                                    ;                                ; activation_block:act_inst|exp_lut[227][0],                                          ;
;                                                    ;                                ; activation_block:act_inst|exp_lut[228][0],                                          ;
;                                                    ;                                ; activation_block:act_inst|exp_lut[229][0],                                          ;
;                                                    ;                                ; activation_block:act_inst|exp_lut[230][0],                                          ;
;                                                    ;                                ; activation_block:act_inst|exp_lut[231][0],                                          ;
;                                                    ;                                ; activation_block:act_inst|exp_lut[232][0],                                          ;
;                                                    ;                                ; activation_block:act_inst|exp_lut[233][0],                                          ;
;                                                    ;                                ; activation_block:act_inst|exp_lut[234][0],                                          ;
;                                                    ;                                ; activation_block:act_inst|exp_lut[235][0],                                          ;
;                                                    ;                                ; activation_block:act_inst|exp_lut[236][0],                                          ;
;                                                    ;                                ; activation_block:act_inst|exp_lut[237][0],                                          ;
;                                                    ;                                ; activation_block:act_inst|exp_lut[238][0],                                          ;
;                                                    ;                                ; activation_block:act_inst|exp_lut[239][0],                                          ;
;                                                    ;                                ; activation_block:act_inst|exp_lut[240][0],                                          ;
;                                                    ;                                ; activation_block:act_inst|exp_lut[241][0],                                          ;
;                                                    ;                                ; activation_block:act_inst|exp_lut[242][0],                                          ;
;                                                    ;                                ; activation_block:act_inst|exp_lut[243][0],                                          ;
;                                                    ;                                ; activation_block:act_inst|exp_lut[244][0],                                          ;
;                                                    ;                                ; activation_block:act_inst|exp_lut[245][0],                                          ;
;                                                    ;                                ; activation_block:act_inst|exp_lut[246][0],                                          ;
;                                                    ;                                ; activation_block:act_inst|exp_lut[247][0],                                          ;
;                                                    ;                                ; activation_block:act_inst|exp_lut[248][0],                                          ;
;                                                    ;                                ; activation_block:act_inst|exp_lut[249][0],                                          ;
;                                                    ;                                ; activation_block:act_inst|exp_lut[250][0],                                          ;
;                                                    ;                                ; activation_block:act_inst|exp_lut[251][0],                                          ;
;                                                    ;                                ; activation_block:act_inst|exp_lut[252][0],                                          ;
;                                                    ;                                ; activation_block:act_inst|exp_lut[253][0],                                          ;
;                                                    ;                                ; activation_block:act_inst|exp_lut[254][0],                                          ;
;                                                    ;                                ; activation_block:act_inst|exp_lut[255][0], activation_block:act_inst|exp_lut[0][0], ;
;                                                    ;                                ; activation_block:act_inst|exp_lut[1][0], activation_block:act_inst|exp_lut[2][0],   ;
;                                                    ;                                ; activation_block:act_inst|exp_lut[3][0], activation_block:act_inst|exp_lut[4][0],   ;
;                                                    ;                                ; activation_block:act_inst|exp_lut[5][0], activation_block:act_inst|exp_lut[6][0],   ;
;                                                    ;                                ; activation_block:act_inst|exp_lut[7][0], activation_block:act_inst|exp_lut[8][0],   ;
;                                                    ;                                ; activation_block:act_inst|exp_lut[9][0], activation_block:act_inst|exp_lut[10][0],  ;
;                                                    ;                                ; activation_block:act_inst|exp_lut[11][0], activation_block:act_inst|exp_lut[12][0], ;
;                                                    ;                                ; activation_block:act_inst|exp_lut[13][0], activation_block:act_inst|exp_lut[14][0], ;
;                                                    ;                                ; activation_block:act_inst|exp_lut[15][0], activation_block:act_inst|exp_lut[16][0], ;
;                                                    ;                                ; activation_block:act_inst|exp_lut[17][0], activation_block:act_inst|exp_lut[18][0], ;
;                                                    ;                                ; activation_block:act_inst|exp_lut[19][0], activation_block:act_inst|exp_lut[20][0], ;
;                                                    ;                                ; activation_block:act_inst|exp_lut[21][0], activation_block:act_inst|exp_lut[22][0], ;
;                                                    ;                                ; activation_block:act_inst|exp_lut[23][0], activation_block:act_inst|exp_lut[24][0], ;
;                                                    ;                                ; activation_block:act_inst|exp_lut[25][0], activation_block:act_inst|exp_lut[26][0], ;
;                                                    ;                                ; activation_block:act_inst|exp_lut[27][0], activation_block:act_inst|exp_lut[28][0], ;
;                                                    ;                                ; activation_block:act_inst|exp_lut[29][0], activation_block:act_inst|exp_lut[30][0], ;
;                                                    ;                                ; activation_block:act_inst|exp_lut[31][0], activation_block:act_inst|exp_lut[32][0], ;
;                                                    ;                                ; activation_block:act_inst|exp_lut[33][0], activation_block:act_inst|exp_lut[34][0], ;
;                                                    ;                                ; activation_block:act_inst|exp_lut[35][0], activation_block:act_inst|exp_lut[36][0], ;
;                                                    ;                                ; activation_block:act_inst|exp_lut[37][0], activation_block:act_inst|exp_lut[38][0], ;
;                                                    ;                                ; activation_block:act_inst|exp_lut[39][0], activation_block:act_inst|exp_lut[40][0], ;
;                                                    ;                                ; activation_block:act_inst|exp_lut[41][0], activation_block:act_inst|exp_lut[42][0], ;
;                                                    ;                                ; activation_block:act_inst|exp_lut[43][0], activation_block:act_inst|exp_lut[44][0], ;
;                                                    ;                                ; activation_block:act_inst|exp_lut[45][0], activation_block:act_inst|exp_lut[46][0], ;
;                                                    ;                                ; activation_block:act_inst|exp_lut[47][0], activation_block:act_inst|exp_lut[48][0], ;
;                                                    ;                                ; activation_block:act_inst|exp_lut[49][0], activation_block:act_inst|exp_lut[50][0], ;
;                                                    ;                                ; activation_block:act_inst|exp_lut[51][0], activation_block:act_inst|exp_lut[52][0], ;
;                                                    ;                                ; activation_block:act_inst|exp_lut[53][0], activation_block:act_inst|exp_lut[54][0], ;
;                                                    ;                                ; activation_block:act_inst|exp_lut[55][0], activation_block:act_inst|exp_lut[56][0], ;
;                                                    ;                                ; activation_block:act_inst|exp_lut[57][0], activation_block:act_inst|exp_lut[58][0], ;
;                                                    ;                                ; activation_block:act_inst|exp_lut[59][0], activation_block:act_inst|exp_lut[60][0], ;
;                                                    ;                                ; activation_block:act_inst|exp_lut[61][0], activation_block:act_inst|exp_lut[62][0], ;
;                                                    ;                                ; activation_block:act_inst|exp_lut[63][0], activation_block:act_inst|exp_lut[65][0], ;
;                                                    ;                                ; activation_block:act_inst|exp_lut[66][0], activation_block:act_inst|exp_lut[67][0], ;
;                                                    ;                                ; activation_block:act_inst|exp_lut[68][0], activation_block:act_inst|exp_lut[69][0], ;
;                                                    ;                                ; activation_block:act_inst|exp_lut[70][0], activation_block:act_inst|exp_lut[71][0], ;
;                                                    ;                                ; activation_block:act_inst|exp_lut[72][0], activation_block:act_inst|exp_lut[73][0], ;
;                                                    ;                                ; activation_block:act_inst|exp_lut[74][0], activation_block:act_inst|exp_lut[75][0], ;
;                                                    ;                                ; activation_block:act_inst|exp_lut[76][0], activation_block:act_inst|exp_lut[77][0], ;
;                                                    ;                                ; activation_block:act_inst|exp_lut[78][0], activation_block:act_inst|exp_lut[79][0], ;
;                                                    ;                                ; activation_block:act_inst|exp_lut[80][0], activation_block:act_inst|exp_lut[81][0], ;
;                                                    ;                                ; activation_block:act_inst|exp_lut[82][0], activation_block:act_inst|exp_lut[83][0], ;
;                                                    ;                                ; activation_block:act_inst|exp_lut[84][0], activation_block:act_inst|exp_lut[85][0], ;
;                                                    ;                                ; activation_block:act_inst|exp_lut[86][0], activation_block:act_inst|exp_lut[87][0], ;
;                                                    ;                                ; activation_block:act_inst|exp_lut[88][0], activation_block:act_inst|exp_lut[89][0], ;
;                                                    ;                                ; activation_block:act_inst|exp_lut[90][0], activation_block:act_inst|exp_lut[91][0], ;
;                                                    ;                                ; activation_block:act_inst|exp_lut[92][0], activation_block:act_inst|exp_lut[93][0], ;
;                                                    ;                                ; activation_block:act_inst|exp_lut[94][0], activation_block:act_inst|exp_lut[95][0], ;
;                                                    ;                                ; activation_block:act_inst|exp_lut[96][0], activation_block:act_inst|exp_lut[97][0], ;
;                                                    ;                                ; activation_block:act_inst|exp_lut[98][0], activation_block:act_inst|exp_lut[99][0], ;
;                                                    ;                                ; activation_block:act_inst|exp_lut[100][0],                                          ;
;                                                    ;                                ; activation_block:act_inst|exp_lut[101][0],                                          ;
;                                                    ;                                ; activation_block:act_inst|exp_lut[102][0],                                          ;
;                                                    ;                                ; activation_block:act_inst|exp_lut[103][0],                                          ;
;                                                    ;                                ; activation_block:act_inst|exp_lut[104][0],                                          ;
;                                                    ;                                ; activation_block:act_inst|exp_lut[105][0],                                          ;
;                                                    ;                                ; activation_block:act_inst|exp_lut[106][0],                                          ;
;                                                    ;                                ; activation_block:act_inst|exp_lut[107][0],                                          ;
;                                                    ;                                ; activation_block:act_inst|exp_lut[108][0],                                          ;
;                                                    ;                                ; activation_block:act_inst|exp_lut[109][0],                                          ;
;                                                    ;                                ; activation_block:act_inst|exp_lut[110][0],                                          ;
;                                                    ;                                ; activation_block:act_inst|exp_lut[111][0],                                          ;
;                                                    ;                                ; activation_block:act_inst|exp_lut[112][0],                                          ;
;                                                    ;                                ; activation_block:act_inst|exp_lut[113][0],                                          ;
;                                                    ;                                ; activation_block:act_inst|exp_lut[114][0],                                          ;
;                                                    ;                                ; activation_block:act_inst|exp_lut[115][0],                                          ;
;                                                    ;                                ; activation_block:act_inst|exp_lut[116][0],                                          ;
;                                                    ;                                ; activation_block:act_inst|exp_lut[117][0],                                          ;
;                                                    ;                                ; activation_block:act_inst|exp_lut[118][0],                                          ;
;                                                    ;                                ; activation_block:act_inst|exp_lut[119][0],                                          ;
;                                                    ;                                ; activation_block:act_inst|exp_lut[120][0],                                          ;
;                                                    ;                                ; activation_block:act_inst|exp_lut[121][0],                                          ;
;                                                    ;                                ; activation_block:act_inst|exp_lut[122][0],                                          ;
;                                                    ;                                ; activation_block:act_inst|exp_lut[123][0],                                          ;
;                                                    ;                                ; activation_block:act_inst|exp_lut[124][0],                                          ;
;                                                    ;                                ; activation_block:act_inst|exp_lut[125][0],                                          ;
;                                                    ;                                ; activation_block:act_inst|exp_lut[126][0],                                          ;
;                                                    ;                                ; activation_block:act_inst|exp_lut[127][0],                                          ;
;                                                    ;                                ; activation_block:act_inst|exp_lut[128][10],                                         ;
;                                                    ;                                ; activation_block:act_inst|exp_lut[129][10],                                         ;
;                                                    ;                                ; activation_block:act_inst|exp_lut[130][10],                                         ;
;                                                    ;                                ; activation_block:act_inst|exp_lut[131][10],                                         ;
;                                                    ;                                ; activation_block:act_inst|exp_lut[132][10],                                         ;
;                                                    ;                                ; activation_block:act_inst|exp_lut[133][10],                                         ;
;                                                    ;                                ; activation_block:act_inst|exp_lut[134][10],                                         ;
;                                                    ;                                ; activation_block:act_inst|exp_lut[135][10],                                         ;
;                                                    ;                                ; activation_block:act_inst|exp_lut[136][10],                                         ;
;                                                    ;                                ; activation_block:act_inst|exp_lut[137][10],                                         ;
;                                                    ;                                ; activation_block:act_inst|exp_lut[138][10],                                         ;
;                                                    ;                                ; activation_block:act_inst|exp_lut[139][10],                                         ;
;                                                    ;                                ; activation_block:act_inst|exp_lut[140][10],                                         ;
;                                                    ;                                ; activation_block:act_inst|exp_lut[141][10],                                         ;
;                                                    ;                                ; activation_block:act_inst|exp_lut[142][10],                                         ;
;                                                    ;                                ; activation_block:act_inst|exp_lut[143][10],                                         ;
;                                                    ;                                ; activation_block:act_inst|exp_lut[144][10],                                         ;
;                                                    ;                                ; activation_block:act_inst|exp_lut[145][10],                                         ;
;                                                    ;                                ; activation_block:act_inst|exp_lut[146][10],                                         ;
;                                                    ;                                ; activation_block:act_inst|exp_lut[147][10],                                         ;
;                                                    ;                                ; activation_block:act_inst|exp_lut[148][10],                                         ;
;                                                    ;                                ; activation_block:act_inst|exp_lut[149][10],                                         ;
;                                                    ;                                ; activation_block:act_inst|exp_lut[150][10],                                         ;
;                                                    ;                                ; activation_block:act_inst|exp_lut[151][10],                                         ;
;                                                    ;                                ; activation_block:act_inst|exp_lut[152][10],                                         ;
;                                                    ;                                ; activation_block:act_inst|exp_lut[153][10],                                         ;
;                                                    ;                                ; activation_block:act_inst|exp_lut[154][10],                                         ;
;                                                    ;                                ; activation_block:act_inst|exp_lut[155][10],                                         ;
;                                                    ;                                ; activation_block:act_inst|exp_lut[156][10],                                         ;
;                                                    ;                                ; activation_block:act_inst|exp_lut[157][10],                                         ;
;                                                    ;                                ; activation_block:act_inst|exp_lut[158][10],                                         ;
;                                                    ;                                ; activation_block:act_inst|exp_lut[159][10],                                         ;
;                                                    ;                                ; activation_block:act_inst|exp_lut[160][10],                                         ;
;                                                    ;                                ; activation_block:act_inst|exp_lut[161][10],                                         ;
;                                                    ;                                ; activation_block:act_inst|exp_lut[162][10],                                         ;
;                                                    ;                                ; activation_block:act_inst|exp_lut[163][10],                                         ;
;                                                    ;                                ; activation_block:act_inst|exp_lut[164][10],                                         ;
;                                                    ;                                ; activation_block:act_inst|exp_lut[165][10],                                         ;
;                                                    ;                                ; activation_block:act_inst|exp_lut[166][10],                                         ;
;                                                    ;                                ; activation_block:act_inst|exp_lut[167][10],                                         ;
;                                                    ;                                ; activation_block:act_inst|exp_lut[168][10],                                         ;
;                                                    ;                                ; activation_block:act_inst|exp_lut[169][10],                                         ;
;                                                    ;                                ; activation_block:act_inst|exp_lut[170][10],                                         ;
;                                                    ;                                ; activation_block:act_inst|exp_lut[171][10],                                         ;
;                                                    ;                                ; activation_block:act_inst|exp_lut[172][10],                                         ;
;                                                    ;                                ; activation_block:act_inst|exp_lut[173][10],                                         ;
;                                                    ;                                ; activation_block:act_inst|exp_lut[174][10],                                         ;
;                                                    ;                                ; activation_block:act_inst|exp_lut[175][10],                                         ;
;                                                    ;                                ; activation_block:act_inst|exp_lut[176][10],                                         ;
;                                                    ;                                ; activation_block:act_inst|exp_lut[177][10],                                         ;
;                                                    ;                                ; activation_block:act_inst|exp_lut[178][10],                                         ;
;                                                    ;                                ; activation_block:act_inst|exp_lut[179][10],                                         ;
;                                                    ;                                ; activation_block:act_inst|exp_lut[180][10],                                         ;
;                                                    ;                                ; activation_block:act_inst|exp_lut[181][10],                                         ;
;                                                    ;                                ; activation_block:act_inst|exp_lut[182][10],                                         ;
;                                                    ;                                ; activation_block:act_inst|exp_lut[183][10],                                         ;
;                                                    ;                                ; activation_block:act_inst|exp_lut[184][10],                                         ;
;                                                    ;                                ; activation_block:act_inst|exp_lut[185][10],                                         ;
;                                                    ;                                ; activation_block:act_inst|exp_lut[186][10],                                         ;
;                                                    ;                                ; activation_block:act_inst|exp_lut[187][10],                                         ;
;                                                    ;                                ; activation_block:act_inst|exp_lut[188][10],                                         ;
;                                                    ;                                ; activation_block:act_inst|exp_lut[189][10],                                         ;
;                                                    ;                                ; activation_block:act_inst|exp_lut[190][10],                                         ;
;                                                    ;                                ; activation_block:act_inst|exp_lut[191][10],                                         ;
;                                                    ;                                ; activation_block:act_inst|exp_lut[193][10],                                         ;
;                                                    ;                                ; activation_block:act_inst|exp_lut[194][10],                                         ;
;                                                    ;                                ; activation_block:act_inst|exp_lut[195][10],                                         ;
;                                                    ;                                ; activation_block:act_inst|exp_lut[196][10],                                         ;
;                                                    ;                                ; activation_block:act_inst|exp_lut[197][10],                                         ;
;                                                    ;                                ; activation_block:act_inst|exp_lut[198][10],                                         ;
;                                                    ;                                ; activation_block:act_inst|exp_lut[199][10],                                         ;
;                                                    ;                                ; activation_block:act_inst|exp_lut[200][10],                                         ;
;                                                    ;                                ; activation_block:act_inst|exp_lut[201][10],                                         ;
;                                                    ;                                ; activation_block:act_inst|exp_lut[202][10],                                         ;
;                                                    ;                                ; activation_block:act_inst|exp_lut[203][10],                                         ;
;                                                    ;                                ; activation_block:act_inst|exp_lut[204][10],                                         ;
;                                                    ;                                ; activation_block:act_inst|exp_lut[205][10],                                         ;
;                                                    ;                                ; activation_block:act_inst|exp_lut[206][10],                                         ;
;                                                    ;                                ; activation_block:act_inst|exp_lut[207][10],                                         ;
;                                                    ;                                ; activation_block:act_inst|exp_lut[208][10],                                         ;
;                                                    ;                                ; activation_block:act_inst|exp_lut[209][10],                                         ;
;                                                    ;                                ; activation_block:act_inst|exp_lut[210][10],                                         ;
;                                                    ;                                ; activation_block:act_inst|exp_lut[211][10],                                         ;
;                                                    ;                                ; activation_block:act_inst|exp_lut[212][10],                                         ;
;                                                    ;                                ; activation_block:act_inst|exp_lut[213][10],                                         ;
;                                                    ;                                ; activation_block:act_inst|exp_lut[214][10],                                         ;
;                                                    ;                                ; activation_block:act_inst|exp_lut[215][10],                                         ;
;                                                    ;                                ; activation_block:act_inst|exp_lut[216][10],                                         ;
;                                                    ;                                ; activation_block:act_inst|exp_lut[217][10],                                         ;
;                                                    ;                                ; activation_block:act_inst|exp_lut[218][10],                                         ;
;                                                    ;                                ; activation_block:act_inst|exp_lut[219][10],                                         ;
;                                                    ;                                ; activation_block:act_inst|exp_lut[220][10],                                         ;
;                                                    ;                                ; activation_block:act_inst|exp_lut[221][10],                                         ;
;                                                    ;                                ; activation_block:act_inst|exp_lut[222][10],                                         ;
;                                                    ;                                ; activation_block:act_inst|exp_lut[223][10],                                         ;
;                                                    ;                                ; activation_block:act_inst|exp_lut[224][10],                                         ;
;                                                    ;                                ; activation_block:act_inst|exp_lut[225][10],                                         ;
;                                                    ;                                ; activation_block:act_inst|exp_lut[226][10],                                         ;
;                                                    ;                                ; activation_block:act_inst|exp_lut[227][10],                                         ;
;                                                    ;                                ; activation_block:act_inst|exp_lut[228][10],                                         ;
;                                                    ;                                ; activation_block:act_inst|exp_lut[229][10],                                         ;
;                                                    ;                                ; activation_block:act_inst|exp_lut[230][10],                                         ;
;                                                    ;                                ; activation_block:act_inst|exp_lut[231][10],                                         ;
;                                                    ;                                ; activation_block:act_inst|exp_lut[232][10],                                         ;
;                                                    ;                                ; activation_block:act_inst|exp_lut[233][10],                                         ;
;                                                    ;                                ; activation_block:act_inst|exp_lut[234][10],                                         ;
;                                                    ;                                ; activation_block:act_inst|exp_lut[235][10],                                         ;
;                                                    ;                                ; activation_block:act_inst|exp_lut[236][10],                                         ;
;                                                    ;                                ; activation_block:act_inst|exp_lut[237][10],                                         ;
;                                                    ;                                ; activation_block:act_inst|exp_lut[238][10],                                         ;
;                                                    ;                                ; activation_block:act_inst|exp_lut[239][10],                                         ;
;                                                    ;                                ; activation_block:act_inst|exp_lut[240][10],                                         ;
;                                                    ;                                ; activation_block:act_inst|exp_lut[241][10],                                         ;
;                                                    ;                                ; activation_block:act_inst|exp_lut[242][10],                                         ;
;                                                    ;                                ; activation_block:act_inst|exp_lut[243][10],                                         ;
;                                                    ;                                ; activation_block:act_inst|exp_lut[244][10],                                         ;
;                                                    ;                                ; activation_block:act_inst|exp_lut[245][10],                                         ;
;                                                    ;                                ; activation_block:act_inst|exp_lut[246][10],                                         ;
;                                                    ;                                ; activation_block:act_inst|exp_lut[247][10],                                         ;
;                                                    ;                                ; activation_block:act_inst|exp_lut[248][10],                                         ;
;                                                    ;                                ; activation_block:act_inst|exp_lut[249][10],                                         ;
;                                                    ;                                ; activation_block:act_inst|exp_lut[250][10],                                         ;
;                                                    ;                                ; activation_block:act_inst|exp_lut[251][10],                                         ;
;                                                    ;                                ; activation_block:act_inst|exp_lut[252][10],                                         ;
;                                                    ;                                ; activation_block:act_inst|exp_lut[253][10],                                         ;
;                                                    ;                                ; activation_block:act_inst|exp_lut[254][10],                                         ;
;                                                    ;                                ; activation_block:act_inst|exp_lut[255][10],                                         ;
;                                                    ;                                ; activation_block:act_inst|exp_lut[0][10], activation_block:act_inst|exp_lut[1][10], ;
;                                                    ;                                ; activation_block:act_inst|exp_lut[2][10], activation_block:act_inst|exp_lut[3][10], ;
;                                                    ;                                ; activation_block:act_inst|exp_lut[4][10], activation_block:act_inst|exp_lut[5][10], ;
;                                                    ;                                ; activation_block:act_inst|exp_lut[6][10], activation_block:act_inst|exp_lut[7][10], ;
;                                                    ;                                ; activation_block:act_inst|exp_lut[8][10], activation_block:act_inst|exp_lut[9][10], ;
;                                                    ;                                ; activation_block:act_inst|exp_lut[10][10],                                          ;
;                                                    ;                                ; activation_block:act_inst|exp_lut[11][10],                                          ;
;                                                    ;                                ; activation_block:act_inst|exp_lut[12][10],                                          ;
;                                                    ;                                ; activation_block:act_inst|exp_lut[13][10],                                          ;
;                                                    ;                                ; activation_block:act_inst|exp_lut[14][10],                                          ;
;                                                    ;                                ; activation_block:act_inst|exp_lut[15][10],                                          ;
;                                                    ;                                ; activation_block:act_inst|exp_lut[16][10],                                          ;
;                                                    ;                                ; activation_block:act_inst|exp_lut[17][10],                                          ;
;                                                    ;                                ; activation_block:act_inst|exp_lut[18][10],                                          ;
;                                                    ;                                ; activation_block:act_inst|exp_lut[19][10],                                          ;
;                                                    ;                                ; activation_block:act_inst|exp_lut[20][10],                                          ;
;                                                    ;                                ; activation_block:act_inst|exp_lut[21][10],                                          ;
;                                                    ;                                ; activation_block:act_inst|exp_lut[22][10],                                          ;
;                                                    ;                                ; activation_block:act_inst|exp_lut[23][10],                                          ;
;                                                    ;                                ; activation_block:act_inst|exp_lut[24][10],                                          ;
;                                                    ;                                ; activation_block:act_inst|exp_lut[25][10],                                          ;
;                                                    ;                                ; activation_block:act_inst|exp_lut[26][10],                                          ;
;                                                    ;                                ; activation_block:act_inst|exp_lut[27][10],                                          ;
;                                                    ;                                ; activation_block:act_inst|exp_lut[28][10],                                          ;
;                                                    ;                                ; activation_block:act_inst|exp_lut[29][10],                                          ;
;                                                    ;                                ; activation_block:act_inst|exp_lut[30][10],                                          ;
;                                                    ;                                ; activation_block:act_inst|exp_lut[31][10],                                          ;
;                                                    ;                                ; activation_block:act_inst|exp_lut[32][10],                                          ;
;                                                    ;                                ; activation_block:act_inst|exp_lut[33][10],                                          ;
;                                                    ;                                ; activation_block:act_inst|exp_lut[34][10],                                          ;
;                                                    ;                                ; activation_block:act_inst|exp_lut[35][10],                                          ;
;                                                    ;                                ; activation_block:act_inst|exp_lut[36][10],                                          ;
;                                                    ;                                ; activation_block:act_inst|exp_lut[37][10],                                          ;
;                                                    ;                                ; activation_block:act_inst|exp_lut[38][10],                                          ;
;                                                    ;                                ; activation_block:act_inst|exp_lut[39][10],                                          ;
;                                                    ;                                ; activation_block:act_inst|exp_lut[40][10],                                          ;
;                                                    ;                                ; activation_block:act_inst|exp_lut[41][10],                                          ;
;                                                    ;                                ; activation_block:act_inst|exp_lut[42][10],                                          ;
;                                                    ;                                ; activation_block:act_inst|exp_lut[43][10],                                          ;
;                                                    ;                                ; activation_block:act_inst|exp_lut[44][10],                                          ;
;                                                    ;                                ; activation_block:act_inst|exp_lut[45][10],                                          ;
;                                                    ;                                ; activation_block:act_inst|exp_lut[46][10],                                          ;
;                                                    ;                                ; activation_block:act_inst|exp_lut[47][10],                                          ;
;                                                    ;                                ; activation_block:act_inst|exp_lut[48][10],                                          ;
;                                                    ;                                ; activation_block:act_inst|exp_lut[49][10],                                          ;
;                                                    ;                                ; activation_block:act_inst|exp_lut[50][10],                                          ;
;                                                    ;                                ; activation_block:act_inst|exp_lut[51][10],                                          ;
;                                                    ;                                ; activation_block:act_inst|exp_lut[52][10],                                          ;
;                                                    ;                                ; activation_block:act_inst|exp_lut[53][10],                                          ;
;                                                    ;                                ; activation_block:act_inst|exp_lut[54][10],                                          ;
;                                                    ;                                ; activation_block:act_inst|exp_lut[55][10],                                          ;
;                                                    ;                                ; activation_block:act_inst|exp_lut[56][10],                                          ;
;                                                    ;                                ; activation_block:act_inst|exp_lut[57][10],                                          ;
;                                                    ;                                ; activation_block:act_inst|exp_lut[58][10],                                          ;
;                                                    ;                                ; activation_block:act_inst|exp_lut[59][10],                                          ;
;                                                    ;                                ; activation_block:act_inst|exp_lut[60][10],                                          ;
;                                                    ;                                ; activation_block:act_inst|exp_lut[61][10],                                          ;
;                                                    ;                                ; activation_block:act_inst|exp_lut[62][10],                                          ;
;                                                    ;                                ; activation_block:act_inst|exp_lut[63][10],                                          ;
;                                                    ;                                ; activation_block:act_inst|exp_lut[65][10],                                          ;
;                                                    ;                                ; activation_block:act_inst|exp_lut[66][10],                                          ;
;                                                    ;                                ; activation_block:act_inst|exp_lut[67][10],                                          ;
;                                                    ;                                ; activation_block:act_inst|exp_lut[68][10],                                          ;
;                                                    ;                                ; activation_block:act_inst|exp_lut[69][10],                                          ;
;                                                    ;                                ; activation_block:act_inst|exp_lut[70][10],                                          ;
;                                                    ;                                ; activation_block:act_inst|exp_lut[71][10],                                          ;
;                                                    ;                                ; activation_block:act_inst|exp_lut[72][10],                                          ;
;                                                    ;                                ; activation_block:act_inst|exp_lut[73][10],                                          ;
;                                                    ;                                ; activation_block:act_inst|exp_lut[74][10],                                          ;
;                                                    ;                                ; activation_block:act_inst|exp_lut[75][10],                                          ;
;                                                    ;                                ; activation_block:act_inst|exp_lut[76][10],                                          ;
;                                                    ;                                ; activation_block:act_inst|exp_lut[77][10],                                          ;
;                                                    ;                                ; activation_block:act_inst|exp_lut[78][10],                                          ;
;                                                    ;                                ; activation_block:act_inst|exp_lut[79][10],                                          ;
;                                                    ;                                ; activation_block:act_inst|exp_lut[80][10],                                          ;
;                                                    ;                                ; activation_block:act_inst|exp_lut[81][10],                                          ;
;                                                    ;                                ; activation_block:act_inst|exp_lut[82][10],                                          ;
;                                                    ;                                ; activation_block:act_inst|exp_lut[83][10],                                          ;
;                                                    ;                                ; activation_block:act_inst|exp_lut[84][10],                                          ;
;                                                    ;                                ; activation_block:act_inst|exp_lut[85][10],                                          ;
;                                                    ;                                ; activation_block:act_inst|exp_lut[86][10],                                          ;
;                                                    ;                                ; activation_block:act_inst|exp_lut[87][10],                                          ;
;                                                    ;                                ; activation_block:act_inst|exp_lut[88][10],                                          ;
;                                                    ;                                ; activation_block:act_inst|exp_lut[89][10],                                          ;
;                                                    ;                                ; activation_block:act_inst|exp_lut[90][10],                                          ;
;                                                    ;                                ; activation_block:act_inst|exp_lut[91][10],                                          ;
;                                                    ;                                ; activation_block:act_inst|exp_lut[92][10],                                          ;
;                                                    ;                                ; activation_block:act_inst|exp_lut[93][10],                                          ;
;                                                    ;                                ; activation_block:act_inst|exp_lut[94][10],                                          ;
;                                                    ;                                ; activation_block:act_inst|exp_lut[95][10],                                          ;
;                                                    ;                                ; activation_block:act_inst|exp_lut[96][10],                                          ;
;                                                    ;                                ; activation_block:act_inst|exp_lut[97][10],                                          ;
;                                                    ;                                ; activation_block:act_inst|exp_lut[98][10],                                          ;
;                                                    ;                                ; activation_block:act_inst|exp_lut[99][10],                                          ;
;                                                    ;                                ; activation_block:act_inst|exp_lut[100][10],                                         ;
;                                                    ;                                ; activation_block:act_inst|exp_lut[101][10],                                         ;
;                                                    ;                                ; activation_block:act_inst|exp_lut[102][10],                                         ;
;                                                    ;                                ; activation_block:act_inst|exp_lut[103][10],                                         ;
;                                                    ;                                ; activation_block:act_inst|exp_lut[104][10],                                         ;
;                                                    ;                                ; activation_block:act_inst|exp_lut[105][10],                                         ;
;                                                    ;                                ; activation_block:act_inst|exp_lut[106][10],                                         ;
;                                                    ;                                ; activation_block:act_inst|exp_lut[107][10],                                         ;
;                                                    ;                                ; activation_block:act_inst|exp_lut[108][10],                                         ;
;                                                    ;                                ; activation_block:act_inst|exp_lut[109][10],                                         ;
;                                                    ;                                ; activation_block:act_inst|exp_lut[110][10],                                         ;
;                                                    ;                                ; activation_block:act_inst|exp_lut[111][10],                                         ;
;                                                    ;                                ; activation_block:act_inst|exp_lut[112][10],                                         ;
;                                                    ;                                ; activation_block:act_inst|exp_lut[113][10],                                         ;
;                                                    ;                                ; activation_block:act_inst|exp_lut[114][10],                                         ;
;                                                    ;                                ; activation_block:act_inst|exp_lut[115][10],                                         ;
;                                                    ;                                ; activation_block:act_inst|exp_lut[116][10],                                         ;
;                                                    ;                                ; activation_block:act_inst|exp_lut[117][10],                                         ;
;                                                    ;                                ; activation_block:act_inst|exp_lut[118][10],                                         ;
;                                                    ;                                ; activation_block:act_inst|exp_lut[119][10],                                         ;
;                                                    ;                                ; activation_block:act_inst|exp_lut[120][10],                                         ;
;                                                    ;                                ; activation_block:act_inst|exp_lut[121][10],                                         ;
;                                                    ;                                ; activation_block:act_inst|exp_lut[122][10],                                         ;
;                                                    ;                                ; activation_block:act_inst|exp_lut[123][10],                                         ;
;                                                    ;                                ; activation_block:act_inst|exp_lut[124][10],                                         ;
;                                                    ;                                ; activation_block:act_inst|exp_lut[125][10],                                         ;
;                                                    ;                                ; activation_block:act_inst|exp_lut[126][10],                                         ;
;                                                    ;                                ; activation_block:act_inst|exp_lut[127][10],                                         ;
;                                                    ;                                ; activation_block:act_inst|exp_lut[192][2],                                          ;
;                                                    ;                                ; activation_block:act_inst|exp_lut[64][2],                                           ;
;                                                    ;                                ; activation_block:act_inst|exp_lut[64][10],                                          ;
;                                                    ;                                ; activation_block:act_inst|exp_lut[192][10],                                         ;
;                                                    ;                                ; activation_block:act_inst|sigmoid_lut[128][7],                                      ;
;                                                    ;                                ; activation_block:act_inst|exp_lut[192][0],                                          ;
;                                                    ;                                ; activation_block:act_inst|exp_lut[64][1], activation_block:act_inst|exp_lut[64][0], ;
;                                                    ;                                ; activation_block:act_inst|exp_lut[192][1],                                          ;
;                                                    ;                                ; activation_block:act_inst|sigmoid_lut[0][2],                                        ;
;                                                    ;                                ; activation_block:act_inst|sigmoid_lut[0][1],                                        ;
;                                                    ;                                ; activation_block:act_inst|output_data[0][0],                                        ;
;                                                    ;                                ; activation_block:act_inst|output_data[0][1],                                        ;
;                                                    ;                                ; activation_block:act_inst|output_data[0][2],                                        ;
;                                                    ;                                ; activation_block:act_inst|output_data[0][3],                                        ;
;                                                    ;                                ; activation_block:act_inst|output_data[0][4],                                        ;
;                                                    ;                                ; activation_block:act_inst|output_data[0][5],                                        ;
;                                                    ;                                ; activation_block:act_inst|output_data[0][6],                                        ;
;                                                    ;                                ; activation_block:act_inst|output_data[0][7],                                        ;
;                                                    ;                                ; activation_block:act_inst|output_data[0][8],                                        ;
;                                                    ;                                ; activation_block:act_inst|output_data[0][9],                                        ;
;                                                    ;                                ; activation_block:act_inst|output_data[0][10],                                       ;
;                                                    ;                                ; activation_block:act_inst|output_data[0][11],                                       ;
;                                                    ;                                ; activation_block:act_inst|output_data[0][12],                                       ;
;                                                    ;                                ; activation_block:act_inst|output_data[0][13],                                       ;
;                                                    ;                                ; activation_block:act_inst|output_data[0][14],                                       ;
;                                                    ;                                ; activation_block:act_inst|output_data[0][15],                                       ;
;                                                    ;                                ; activation_block:act_inst|output_data[1][0],                                        ;
;                                                    ;                                ; activation_block:act_inst|output_data[1][1],                                        ;
;                                                    ;                                ; activation_block:act_inst|output_data[1][2],                                        ;
;                                                    ;                                ; activation_block:act_inst|output_data[1][3],                                        ;
;                                                    ;                                ; activation_block:act_inst|output_data[1][4],                                        ;
;                                                    ;                                ; activation_block:act_inst|output_data[1][5],                                        ;
;                                                    ;                                ; activation_block:act_inst|output_data[1][6],                                        ;
;                                                    ;                                ; activation_block:act_inst|output_data[1][7],                                        ;
;                                                    ;                                ; activation_block:act_inst|output_data[1][8],                                        ;
;                                                    ;                                ; activation_block:act_inst|output_data[1][9],                                        ;
;                                                    ;                                ; activation_block:act_inst|output_data[1][10],                                       ;
;                                                    ;                                ; activation_block:act_inst|output_data[1][11],                                       ;
;                                                    ;                                ; activation_block:act_inst|output_data[1][12],                                       ;
;                                                    ;                                ; activation_block:act_inst|output_data[1][13],                                       ;
;                                                    ;                                ; activation_block:act_inst|output_data[1][14],                                       ;
;                                                    ;                                ; activation_block:act_inst|output_data[1][15],                                       ;
;                                                    ;                                ; activation_block:act_inst|output_data[2][0],                                        ;
;                                                    ;                                ; activation_block:act_inst|output_data[2][1],                                        ;
;                                                    ;                                ; activation_block:act_inst|output_data[2][2],                                        ;
;                                                    ;                                ; activation_block:act_inst|output_data[2][3],                                        ;
;                                                    ;                                ; activation_block:act_inst|output_data[2][4],                                        ;
;                                                    ;                                ; activation_block:act_inst|output_data[2][5],                                        ;
;                                                    ;                                ; activation_block:act_inst|output_data[2][6],                                        ;
;                                                    ;                                ; activation_block:act_inst|output_data[2][7],                                        ;
;                                                    ;                                ; activation_block:act_inst|output_data[2][8],                                        ;
;                                                    ;                                ; activation_block:act_inst|output_data[2][9],                                        ;
;                                                    ;                                ; activation_block:act_inst|output_data[2][10],                                       ;
;                                                    ;                                ; activation_block:act_inst|output_data[2][11],                                       ;
;                                                    ;                                ; activation_block:act_inst|output_data[2][12],                                       ;
;                                                    ;                                ; activation_block:act_inst|output_data[2][13],                                       ;
;                                                    ;                                ; activation_block:act_inst|output_data[2][14],                                       ;
;                                                    ;                                ; activation_block:act_inst|output_data[2][15],                                       ;
;                                                    ;                                ; activation_block:act_inst|output_data[3][0],                                        ;
;                                                    ;                                ; activation_block:act_inst|output_data[3][1],                                        ;
;                                                    ;                                ; activation_block:act_inst|output_data[3][2],                                        ;
;                                                    ;                                ; activation_block:act_inst|output_data[3][3],                                        ;
;                                                    ;                                ; activation_block:act_inst|output_data[3][4],                                        ;
;                                                    ;                                ; activation_block:act_inst|output_data[3][5],                                        ;
;                                                    ;                                ; activation_block:act_inst|output_data[3][6],                                        ;
;                                                    ;                                ; activation_block:act_inst|output_data[3][7],                                        ;
;                                                    ;                                ; activation_block:act_inst|output_data[3][8],                                        ;
;                                                    ;                                ; activation_block:act_inst|output_data[3][9],                                        ;
;                                                    ;                                ; activation_block:act_inst|output_data[3][10],                                       ;
;                                                    ;                                ; activation_block:act_inst|output_data[3][11],                                       ;
;                                                    ;                                ; activation_block:act_inst|output_data[3][12],                                       ;
;                                                    ;                                ; activation_block:act_inst|output_data[3][13],                                       ;
;                                                    ;                                ; activation_block:act_inst|output_data[3][14],                                       ;
;                                                    ;                                ; activation_block:act_inst|exp_lut[128][0],                                          ;
;                                                    ;                                ; activation_block:act_inst|exp_lut[128][8],                                          ;
;                                                    ;                                ; activation_block:act_inst|output_data[3][15],                                       ;
;                                                    ;                                ; activation_block:act_inst|lut_init_counter[0],                                      ;
;                                                    ;                                ; activation_block:act_inst|lut_init_counter[1],                                      ;
;                                                    ;                                ; activation_block:act_inst|lut_init_counter[2],                                      ;
;                                                    ;                                ; activation_block:act_inst|lut_init_counter[3],                                      ;
;                                                    ;                                ; activation_block:act_inst|lut_init_counter[4],                                      ;
;                                                    ;                                ; activation_block:act_inst|lut_init_counter[5],                                      ;
;                                                    ;                                ; activation_block:act_inst|current_state.INIT_LUT,                                   ;
;                                                    ;                                ; activation_block:act_inst|lut_init_counter[6],                                      ;
;                                                    ;                                ; activation_block:act_inst|lut_init_counter[7]                                       ;
; activation_block:act_inst|current_state.PROCESSING ; Stuck at GND                   ; activation_block:act_inst|pipeline[1][1].valid,                                     ;
;                                                    ; due to stuck port data_in      ; activation_block:act_inst|pipeline[2][1].valid,                                     ;
;                                                    ;                                ; activation_block:act_inst|pipeline[3][1].valid,                                     ;
;                                                    ;                                ; activation_block:act_inst|pipeline[0][2].data[15],                                  ;
;                                                    ;                                ; activation_block:act_inst|pipeline[0][1].data[15],                                  ;
;                                                    ;                                ; activation_block:act_inst|pipeline[0][2].data[14],                                  ;
;                                                    ;                                ; activation_block:act_inst|pipeline[0][1].data[14],                                  ;
;                                                    ;                                ; activation_block:act_inst|pipeline[0][2].data[9],                                   ;
;                                                    ;                                ; activation_block:act_inst|pipeline[0][1].data[9],                                   ;
;                                                    ;                                ; activation_block:act_inst|pipeline[0][2].data[8],                                   ;
;                                                    ;                                ; activation_block:act_inst|pipeline[0][1].data[8],                                   ;
;                                                    ;                                ; activation_block:act_inst|pipeline[0][2].data[11],                                  ;
;                                                    ;                                ; activation_block:act_inst|pipeline[0][1].data[11],                                  ;
;                                                    ;                                ; activation_block:act_inst|pipeline[0][2].data[10],                                  ;
;                                                    ;                                ; activation_block:act_inst|pipeline[0][1].data[10],                                  ;
;                                                    ;                                ; activation_block:act_inst|pipeline[0][2].data[13],                                  ;
;                                                    ;                                ; activation_block:act_inst|pipeline[0][1].data[13],                                  ;
;                                                    ;                                ; activation_block:act_inst|pipeline[0][2].data[12],                                  ;
;                                                    ;                                ; activation_block:act_inst|pipeline[0][1].data[12],                                  ;
;                                                    ;                                ; activation_block:act_inst|pipeline[0][2].data[7],                                   ;
;                                                    ;                                ; activation_block:act_inst|pipeline[0][1].data[7],                                   ;
;                                                    ;                                ; activation_block:act_inst|pipeline[0][2].data[6],                                   ;
;                                                    ;                                ; activation_block:act_inst|pipeline[0][1].data[6],                                   ;
;                                                    ;                                ; activation_block:act_inst|pipeline[0][2].data[5],                                   ;
;                                                    ;                                ; activation_block:act_inst|pipeline[0][1].data[5],                                   ;
;                                                    ;                                ; activation_block:act_inst|pipeline[0][2].data[4],                                   ;
;                                                    ;                                ; activation_block:act_inst|pipeline[0][1].data[4],                                   ;
;                                                    ;                                ; activation_block:act_inst|pipeline[0][2].data[3],                                   ;
;                                                    ;                                ; activation_block:act_inst|pipeline[0][1].data[3],                                   ;
;                                                    ;                                ; activation_block:act_inst|pipeline[0][2].data[2],                                   ;
;                                                    ;                                ; activation_block:act_inst|pipeline[0][1].data[2],                                   ;
;                                                    ;                                ; activation_block:act_inst|pipeline[0][2].data[1],                                   ;
;                                                    ;                                ; activation_block:act_inst|pipeline[0][1].data[1],                                   ;
;                                                    ;                                ; activation_block:act_inst|pipeline[0][2].data[0],                                   ;
;                                                    ;                                ; activation_block:act_inst|pipeline[0][1].data[0],                                   ;
;                                                    ;                                ; activation_block:act_inst|pipeline[1][2].data[15],                                  ;
;                                                    ;                                ; activation_block:act_inst|pipeline[1][1].data[15],                                  ;
;                                                    ;                                ; activation_block:act_inst|pipeline[1][2].data[14],                                  ;
;                                                    ;                                ; activation_block:act_inst|pipeline[1][1].data[14],                                  ;
;                                                    ;                                ; activation_block:act_inst|pipeline[1][2].data[9],                                   ;
;                                                    ;                                ; activation_block:act_inst|pipeline[1][1].data[9],                                   ;
;                                                    ;                                ; activation_block:act_inst|pipeline[1][2].data[8],                                   ;
;                                                    ;                                ; activation_block:act_inst|pipeline[1][1].data[8],                                   ;
;                                                    ;                                ; activation_block:act_inst|pipeline[1][2].data[11],                                  ;
;                                                    ;                                ; activation_block:act_inst|pipeline[1][1].data[11],                                  ;
;                                                    ;                                ; activation_block:act_inst|pipeline[1][2].data[10],                                  ;
;                                                    ;                                ; activation_block:act_inst|pipeline[1][1].data[10],                                  ;
;                                                    ;                                ; activation_block:act_inst|pipeline[1][2].data[13],                                  ;
;                                                    ;                                ; activation_block:act_inst|pipeline[1][1].data[13],                                  ;
;                                                    ;                                ; activation_block:act_inst|pipeline[1][2].data[12],                                  ;
;                                                    ;                                ; activation_block:act_inst|pipeline[1][1].data[12],                                  ;
;                                                    ;                                ; activation_block:act_inst|pipeline[1][2].data[7],                                   ;
;                                                    ;                                ; activation_block:act_inst|pipeline[1][1].data[7],                                   ;
;                                                    ;                                ; activation_block:act_inst|pipeline[1][2].data[6],                                   ;
;                                                    ;                                ; activation_block:act_inst|pipeline[1][1].data[6],                                   ;
;                                                    ;                                ; activation_block:act_inst|pipeline[1][2].data[5],                                   ;
;                                                    ;                                ; activation_block:act_inst|pipeline[1][1].data[5],                                   ;
;                                                    ;                                ; activation_block:act_inst|pipeline[1][2].data[4],                                   ;
;                                                    ;                                ; activation_block:act_inst|pipeline[1][1].data[4],                                   ;
;                                                    ;                                ; activation_block:act_inst|pipeline[1][2].data[3],                                   ;
;                                                    ;                                ; activation_block:act_inst|pipeline[1][1].data[3],                                   ;
;                                                    ;                                ; activation_block:act_inst|pipeline[1][2].data[2],                                   ;
;                                                    ;                                ; activation_block:act_inst|pipeline[1][1].data[2],                                   ;
;                                                    ;                                ; activation_block:act_inst|pipeline[1][2].data[1],                                   ;
;                                                    ;                                ; activation_block:act_inst|pipeline[1][1].data[1],                                   ;
;                                                    ;                                ; activation_block:act_inst|pipeline[1][2].data[0],                                   ;
;                                                    ;                                ; activation_block:act_inst|pipeline[1][1].data[0],                                   ;
;                                                    ;                                ; activation_block:act_inst|pipeline[2][2].data[15],                                  ;
;                                                    ;                                ; activation_block:act_inst|pipeline[2][1].data[15],                                  ;
;                                                    ;                                ; activation_block:act_inst|pipeline[2][2].data[14],                                  ;
;                                                    ;                                ; activation_block:act_inst|pipeline[2][1].data[14],                                  ;
;                                                    ;                                ; activation_block:act_inst|pipeline[2][2].data[9],                                   ;
;                                                    ;                                ; activation_block:act_inst|pipeline[2][1].data[9],                                   ;
;                                                    ;                                ; activation_block:act_inst|pipeline[2][2].data[8],                                   ;
;                                                    ;                                ; activation_block:act_inst|pipeline[2][1].data[8],                                   ;
;                                                    ;                                ; activation_block:act_inst|pipeline[2][2].data[11],                                  ;
;                                                    ;                                ; activation_block:act_inst|pipeline[2][1].data[11],                                  ;
;                                                    ;                                ; activation_block:act_inst|pipeline[2][2].data[10],                                  ;
;                                                    ;                                ; activation_block:act_inst|pipeline[2][1].data[10],                                  ;
;                                                    ;                                ; activation_block:act_inst|pipeline[2][2].data[13],                                  ;
;                                                    ;                                ; activation_block:act_inst|pipeline[2][1].data[13],                                  ;
;                                                    ;                                ; activation_block:act_inst|pipeline[2][2].data[12],                                  ;
;                                                    ;                                ; activation_block:act_inst|pipeline[2][1].data[12],                                  ;
;                                                    ;                                ; activation_block:act_inst|pipeline[2][2].data[7],                                   ;
;                                                    ;                                ; activation_block:act_inst|pipeline[2][1].data[7],                                   ;
;                                                    ;                                ; activation_block:act_inst|pipeline[2][2].data[6],                                   ;
;                                                    ;                                ; activation_block:act_inst|pipeline[2][1].data[6],                                   ;
;                                                    ;                                ; activation_block:act_inst|pipeline[2][2].data[5],                                   ;
;                                                    ;                                ; activation_block:act_inst|pipeline[2][1].data[5],                                   ;
;                                                    ;                                ; activation_block:act_inst|pipeline[2][2].data[4],                                   ;
;                                                    ;                                ; activation_block:act_inst|pipeline[2][1].data[4],                                   ;
;                                                    ;                                ; activation_block:act_inst|pipeline[2][2].data[3],                                   ;
;                                                    ;                                ; activation_block:act_inst|pipeline[2][1].data[3],                                   ;
;                                                    ;                                ; activation_block:act_inst|pipeline[2][2].data[2],                                   ;
;                                                    ;                                ; activation_block:act_inst|pipeline[2][1].data[2],                                   ;
;                                                    ;                                ; activation_block:act_inst|pipeline[2][2].data[1],                                   ;
;                                                    ;                                ; activation_block:act_inst|pipeline[2][1].data[1],                                   ;
;                                                    ;                                ; activation_block:act_inst|pipeline[2][2].data[0],                                   ;
;                                                    ;                                ; activation_block:act_inst|pipeline[2][1].data[0],                                   ;
;                                                    ;                                ; activation_block:act_inst|pipeline[3][2].data[15],                                  ;
;                                                    ;                                ; activation_block:act_inst|pipeline[3][1].data[15],                                  ;
;                                                    ;                                ; activation_block:act_inst|pipeline[3][2].data[14],                                  ;
;                                                    ;                                ; activation_block:act_inst|pipeline[3][1].data[14],                                  ;
;                                                    ;                                ; activation_block:act_inst|pipeline[3][2].data[9],                                   ;
;                                                    ;                                ; activation_block:act_inst|pipeline[3][1].data[9],                                   ;
;                                                    ;                                ; activation_block:act_inst|pipeline[3][2].data[8],                                   ;
;                                                    ;                                ; activation_block:act_inst|pipeline[3][1].data[8],                                   ;
;                                                    ;                                ; activation_block:act_inst|pipeline[3][2].data[11],                                  ;
;                                                    ;                                ; activation_block:act_inst|pipeline[3][1].data[11],                                  ;
;                                                    ;                                ; activation_block:act_inst|pipeline[3][2].data[10],                                  ;
;                                                    ;                                ; activation_block:act_inst|pipeline[3][1].data[10],                                  ;
;                                                    ;                                ; activation_block:act_inst|pipeline[3][2].data[13],                                  ;
;                                                    ;                                ; activation_block:act_inst|pipeline[3][1].data[13],                                  ;
;                                                    ;                                ; activation_block:act_inst|pipeline[3][2].data[12],                                  ;
;                                                    ;                                ; activation_block:act_inst|pipeline[3][1].data[12],                                  ;
;                                                    ;                                ; activation_block:act_inst|pipeline[3][2].data[7],                                   ;
;                                                    ;                                ; activation_block:act_inst|pipeline[3][1].data[7],                                   ;
;                                                    ;                                ; activation_block:act_inst|pipeline[3][2].data[6],                                   ;
;                                                    ;                                ; activation_block:act_inst|pipeline[3][1].data[6],                                   ;
;                                                    ;                                ; activation_block:act_inst|pipeline[3][2].data[5],                                   ;
;                                                    ;                                ; activation_block:act_inst|pipeline[3][1].data[5],                                   ;
;                                                    ;                                ; activation_block:act_inst|pipeline[3][2].data[4],                                   ;
;                                                    ;                                ; activation_block:act_inst|pipeline[3][1].data[4],                                   ;
;                                                    ;                                ; activation_block:act_inst|pipeline[3][2].data[3],                                   ;
;                                                    ;                                ; activation_block:act_inst|pipeline[3][1].data[3],                                   ;
;                                                    ;                                ; activation_block:act_inst|pipeline[3][2].data[2],                                   ;
;                                                    ;                                ; activation_block:act_inst|pipeline[3][1].data[2],                                   ;
;                                                    ;                                ; activation_block:act_inst|pipeline[3][2].data[1],                                   ;
;                                                    ;                                ; activation_block:act_inst|pipeline[3][1].data[1],                                   ;
;                                                    ;                                ; activation_block:act_inst|pipeline[3][2].data[0],                                   ;
;                                                    ;                                ; activation_block:act_inst|pipeline[3][1].data[0],                                   ;
;                                                    ;                                ; activation_block:act_inst|pipeline[0][2].valid,                                     ;
;                                                    ;                                ; activation_block:act_inst|pipeline[0][1].valid,                                     ;
;                                                    ;                                ; activation_block:act_inst|pipeline[1][2].valid,                                     ;
;                                                    ;                                ; activation_block:act_inst|pipeline[2][2].valid,                                     ;
;                                                    ;                                ; activation_block:act_inst|pipeline[3][2].valid,                                     ;
;                                                    ;                                ; activation_block:act_inst|pipeline[0][2].activation_sel.ELU,                        ;
;                                                    ;                                ; activation_block:act_inst|pipeline[0][2].activation_sel.TANH,                       ;
;                                                    ;                                ; activation_block:act_inst|pipeline[0][2].activation_sel.SIGMOID,                    ;
;                                                    ;                                ; activation_block:act_inst|pipeline[0][2].activation_sel.LEAKY_RELU,                 ;
;                                                    ;                                ; activation_block:act_inst|pipeline[0][2].activation_sel.LINEAR,                     ;
;                                                    ;                                ; activation_block:act_inst|pipeline[0][2].activation_sel.RELU,                       ;
;                                                    ;                                ; activation_block:act_inst|pipeline[1][2].activation_sel.ELU,                        ;
;                                                    ;                                ; activation_block:act_inst|pipeline[1][2].activation_sel.TANH,                       ;
;                                                    ;                                ; activation_block:act_inst|pipeline[1][2].activation_sel.SIGMOID,                    ;
;                                                    ;                                ; activation_block:act_inst|pipeline[1][2].activation_sel.LEAKY_RELU,                 ;
;                                                    ;                                ; activation_block:act_inst|pipeline[1][2].activation_sel.LINEAR,                     ;
;                                                    ;                                ; activation_block:act_inst|pipeline[1][2].activation_sel.RELU,                       ;
;                                                    ;                                ; activation_block:act_inst|pipeline[2][2].activation_sel.ELU,                        ;
;                                                    ;                                ; activation_block:act_inst|pipeline[2][2].activation_sel.TANH,                       ;
;                                                    ;                                ; activation_block:act_inst|pipeline[2][2].activation_sel.SIGMOID,                    ;
;                                                    ;                                ; activation_block:act_inst|pipeline[2][2].activation_sel.LEAKY_RELU,                 ;
;                                                    ;                                ; activation_block:act_inst|pipeline[2][2].activation_sel.LINEAR,                     ;
;                                                    ;                                ; activation_block:act_inst|pipeline[2][2].activation_sel.RELU,                       ;
;                                                    ;                                ; activation_block:act_inst|pipeline[3][2].activation_sel.ELU,                        ;
;                                                    ;                                ; activation_block:act_inst|pipeline[3][2].activation_sel.TANH,                       ;
;                                                    ;                                ; activation_block:act_inst|pipeline[3][2].activation_sel.SIGMOID,                    ;
;                                                    ;                                ; activation_block:act_inst|pipeline[3][2].activation_sel.LEAKY_RELU,                 ;
;                                                    ;                                ; activation_block:act_inst|pipeline[3][2].activation_sel.LINEAR,                     ;
;                                                    ;                                ; activation_block:act_inst|pipeline[3][2].activation_sel.RELU,                       ;
;                                                    ;                                ; activation_block:act_inst|pipeline[0][0].valid,                                     ;
;                                                    ;                                ; activation_block:act_inst|element_counter[11],                                      ;
;                                                    ;                                ; activation_block:act_inst|element_counter[10],                                      ;
;                                                    ;                                ; activation_block:act_inst|element_counter[9],                                       ;
;                                                    ;                                ; activation_block:act_inst|element_counter[8],                                       ;
;                                                    ;                                ; activation_block:act_inst|element_counter[7],                                       ;
;                                                    ;                                ; activation_block:act_inst|element_counter[6],                                       ;
;                                                    ;                                ; activation_block:act_inst|element_counter[5],                                       ;
;                                                    ;                                ; activation_block:act_inst|element_counter[4],                                       ;
;                                                    ;                                ; activation_block:act_inst|pipeline[1][0].valid,                                     ;
;                                                    ;                                ; activation_block:act_inst|pipeline[2][0].valid,                                     ;
;                                                    ;                                ; activation_block:act_inst|pipeline[3][0].valid,                                     ;
;                                                    ;                                ; activation_block:act_inst|pipeline[0][1].activation_sel.ELU,                        ;
;                                                    ;                                ; activation_block:act_inst|pipeline[0][1].activation_sel.TANH,                       ;
;                                                    ;                                ; activation_block:act_inst|pipeline[0][1].activation_sel.SIGMOID,                    ;
;                                                    ;                                ; activation_block:act_inst|pipeline[0][1].activation_sel.LEAKY_RELU,                 ;
;                                                    ;                                ; activation_block:act_inst|pipeline[0][1].activation_sel.LINEAR,                     ;
;                                                    ;                                ; activation_block:act_inst|pipeline[0][1].activation_sel.RELU,                       ;
;                                                    ;                                ; activation_block:act_inst|pipeline[1][1].activation_sel.ELU,                        ;
;                                                    ;                                ; activation_block:act_inst|pipeline[1][1].activation_sel.TANH,                       ;
;                                                    ;                                ; activation_block:act_inst|pipeline[1][1].activation_sel.SIGMOID,                    ;
;                                                    ;                                ; activation_block:act_inst|pipeline[1][1].activation_sel.LEAKY_RELU,                 ;
;                                                    ;                                ; activation_block:act_inst|pipeline[1][1].activation_sel.LINEAR,                     ;
;                                                    ;                                ; activation_block:act_inst|pipeline[1][1].activation_sel.RELU,                       ;
;                                                    ;                                ; activation_block:act_inst|pipeline[2][1].activation_sel.ELU,                        ;
;                                                    ;                                ; activation_block:act_inst|pipeline[2][1].activation_sel.TANH,                       ;
;                                                    ;                                ; activation_block:act_inst|pipeline[2][1].activation_sel.SIGMOID,                    ;
;                                                    ;                                ; activation_block:act_inst|pipeline[2][1].activation_sel.LEAKY_RELU,                 ;
;                                                    ;                                ; activation_block:act_inst|pipeline[2][1].activation_sel.LINEAR,                     ;
;                                                    ;                                ; activation_block:act_inst|pipeline[2][1].activation_sel.RELU,                       ;
;                                                    ;                                ; activation_block:act_inst|pipeline[3][1].activation_sel.ELU,                        ;
;                                                    ;                                ; activation_block:act_inst|pipeline[3][1].activation_sel.TANH,                       ;
;                                                    ;                                ; activation_block:act_inst|pipeline[3][1].activation_sel.SIGMOID,                    ;
;                                                    ;                                ; activation_block:act_inst|pipeline[3][1].activation_sel.LEAKY_RELU,                 ;
;                                                    ;                                ; activation_block:act_inst|pipeline[3][1].activation_sel.LINEAR,                     ;
;                                                    ;                                ; activation_block:act_inst|pipeline[3][1].activation_sel.RELU,                       ;
;                                                    ;                                ; activation_block:act_inst|pipeline[0][0].activation_sel.ELU,                        ;
;                                                    ;                                ; activation_block:act_inst|pipeline[0][0].activation_sel.TANH,                       ;
;                                                    ;                                ; activation_block:act_inst|pipeline[0][0].activation_sel.SIGMOID,                    ;
;                                                    ;                                ; activation_block:act_inst|pipeline[0][0].activation_sel.LEAKY_RELU,                 ;
;                                                    ;                                ; activation_block:act_inst|pipeline[0][0].activation_sel.LINEAR,                     ;
;                                                    ;                                ; activation_block:act_inst|pipeline[0][0].activation_sel.RELU,                       ;
;                                                    ;                                ; activation_block:act_inst|pipeline[1][0].activation_sel.ELU,                        ;
;                                                    ;                                ; activation_block:act_inst|pipeline[1][0].activation_sel.TANH,                       ;
;                                                    ;                                ; activation_block:act_inst|pipeline[1][0].activation_sel.SIGMOID,                    ;
;                                                    ;                                ; activation_block:act_inst|pipeline[1][0].activation_sel.LEAKY_RELU,                 ;
;                                                    ;                                ; activation_block:act_inst|pipeline[1][0].activation_sel.LINEAR,                     ;
;                                                    ;                                ; activation_block:act_inst|pipeline[1][0].activation_sel.RELU,                       ;
;                                                    ;                                ; activation_block:act_inst|pipeline[2][0].activation_sel.ELU,                        ;
;                                                    ;                                ; activation_block:act_inst|pipeline[2][0].activation_sel.TANH,                       ;
;                                                    ;                                ; activation_block:act_inst|pipeline[2][0].activation_sel.SIGMOID,                    ;
;                                                    ;                                ; activation_block:act_inst|pipeline[2][0].activation_sel.LEAKY_RELU,                 ;
;                                                    ;                                ; activation_block:act_inst|pipeline[2][0].activation_sel.LINEAR,                     ;
;                                                    ;                                ; activation_block:act_inst|pipeline[2][0].activation_sel.RELU,                       ;
;                                                    ;                                ; activation_block:act_inst|pipeline[3][0].activation_sel.ELU,                        ;
;                                                    ;                                ; activation_block:act_inst|pipeline[3][0].activation_sel.TANH,                       ;
;                                                    ;                                ; activation_block:act_inst|pipeline[3][0].activation_sel.SIGMOID,                    ;
;                                                    ;                                ; activation_block:act_inst|pipeline[3][0].activation_sel.LEAKY_RELU,                 ;
;                                                    ;                                ; activation_block:act_inst|pipeline[3][0].activation_sel.LINEAR,                     ;
;                                                    ;                                ; activation_block:act_inst|pipeline[3][0].activation_sel.RELU                        ;
; convolution_block:conv_inst|conv_accumulator[31]   ; Lost Fanouts                   ; convolution_block:conv_inst|conv_accumulator[30],                                   ;
;                                                    ;                                ; convolution_block:conv_inst|conv_accumulator[29],                                   ;
;                                                    ;                                ; convolution_block:conv_inst|conv_accumulator[28],                                   ;
;                                                    ;                                ; convolution_block:conv_inst|conv_accumulator[27],                                   ;
;                                                    ;                                ; convolution_block:conv_inst|conv_accumulator[26],                                   ;
;                                                    ;                                ; convolution_block:conv_inst|conv_accumulator[25],                                   ;
;                                                    ;                                ; convolution_block:conv_inst|conv_accumulator[24]                                    ;
+----------------------------------------------------+--------------------------------+-------------------------------------------------------------------------------------+


+------------------------------------------------------+
; General Register Statistics                          ;
+----------------------------------------------+-------+
; Statistic                                    ; Value ;
+----------------------------------------------+-------+
; Total registers                              ; 394   ;
; Number of registers using Synchronous Clear  ; 80    ;
; Number of registers using Synchronous Load   ; 48    ;
; Number of registers using Asynchronous Clear ; 258   ;
; Number of registers using Asynchronous Load  ; 0     ;
; Number of registers using Clock Enable       ; 98    ;
; Number of registers using Preset             ; 0     ;
+----------------------------------------------+-------+


+------------------------------------------------------------------------------------------------------------------------------------------------------------------------------+
; Multiplexer Restructuring Statistics (Restructuring Performed)                                                                                                               ;
+--------------------+-----------+---------------+----------------------+------------------------+------------+----------------------------------------------------------------+
; Multiplexer Inputs ; Bus Width ; Baseline Area ; Area if Restructured ; Saving if Restructured ; Registered ; Example Multiplexer Output                                     ;
+--------------------+-----------+---------------+----------------------+------------------------+------------+----------------------------------------------------------------+
; 7:1                ; 2 bits    ; 8 LEs         ; 2 LEs                ; 6 LEs                  ; Yes        ; |FPGA_accelerator|activation_block:act_inst|exp_lut[255][0]    ;
; 7:1                ; 2 bits    ; 8 LEs         ; 0 LEs                ; 8 LEs                  ; Yes        ; |FPGA_accelerator|activation_block:act_inst|exp_lut[254][0]    ;
; 7:1                ; 2 bits    ; 8 LEs         ; 0 LEs                ; 8 LEs                  ; Yes        ; |FPGA_accelerator|activation_block:act_inst|exp_lut[253][0]    ;
; 7:1                ; 2 bits    ; 8 LEs         ; 0 LEs                ; 8 LEs                  ; Yes        ; |FPGA_accelerator|activation_block:act_inst|exp_lut[252][10]   ;
; 7:1                ; 2 bits    ; 8 LEs         ; 0 LEs                ; 8 LEs                  ; Yes        ; |FPGA_accelerator|activation_block:act_inst|exp_lut[251][10]   ;
; 7:1                ; 2 bits    ; 8 LEs         ; 0 LEs                ; 8 LEs                  ; Yes        ; |FPGA_accelerator|activation_block:act_inst|exp_lut[250][10]   ;
; 7:1                ; 2 bits    ; 8 LEs         ; 0 LEs                ; 8 LEs                  ; Yes        ; |FPGA_accelerator|activation_block:act_inst|exp_lut[249][10]   ;
; 7:1                ; 2 bits    ; 8 LEs         ; 0 LEs                ; 8 LEs                  ; Yes        ; |FPGA_accelerator|activation_block:act_inst|exp_lut[248][10]   ;
; 7:1                ; 2 bits    ; 8 LEs         ; 0 LEs                ; 8 LEs                  ; Yes        ; |FPGA_accelerator|activation_block:act_inst|exp_lut[247][10]   ;
; 7:1                ; 2 bits    ; 8 LEs         ; 0 LEs                ; 8 LEs                  ; Yes        ; |FPGA_accelerator|activation_block:act_inst|exp_lut[246][0]    ;
; 7:1                ; 2 bits    ; 8 LEs         ; 0 LEs                ; 8 LEs                  ; Yes        ; |FPGA_accelerator|activation_block:act_inst|exp_lut[245][0]    ;
; 7:1                ; 2 bits    ; 8 LEs         ; 0 LEs                ; 8 LEs                  ; Yes        ; |FPGA_accelerator|activation_block:act_inst|exp_lut[244][0]    ;
; 7:1                ; 2 bits    ; 8 LEs         ; 0 LEs                ; 8 LEs                  ; Yes        ; |FPGA_accelerator|activation_block:act_inst|exp_lut[243][10]   ;
; 7:1                ; 2 bits    ; 8 LEs         ; 0 LEs                ; 8 LEs                  ; Yes        ; |FPGA_accelerator|activation_block:act_inst|exp_lut[242][10]   ;
; 7:1                ; 2 bits    ; 8 LEs         ; 0 LEs                ; 8 LEs                  ; Yes        ; |FPGA_accelerator|activation_block:act_inst|exp_lut[241][10]   ;
; 7:1                ; 2 bits    ; 8 LEs         ; 0 LEs                ; 8 LEs                  ; Yes        ; |FPGA_accelerator|activation_block:act_inst|exp_lut[240][10]   ;
; 7:1                ; 2 bits    ; 8 LEs         ; 0 LEs                ; 8 LEs                  ; Yes        ; |FPGA_accelerator|activation_block:act_inst|exp_lut[239][10]   ;
; 7:1                ; 2 bits    ; 8 LEs         ; 0 LEs                ; 8 LEs                  ; Yes        ; |FPGA_accelerator|activation_block:act_inst|exp_lut[238][0]    ;
; 7:1                ; 2 bits    ; 8 LEs         ; 0 LEs                ; 8 LEs                  ; Yes        ; |FPGA_accelerator|activation_block:act_inst|exp_lut[237][0]    ;
; 7:1                ; 2 bits    ; 8 LEs         ; 0 LEs                ; 8 LEs                  ; Yes        ; |FPGA_accelerator|activation_block:act_inst|exp_lut[236][0]    ;
; 7:1                ; 2 bits    ; 8 LEs         ; 0 LEs                ; 8 LEs                  ; Yes        ; |FPGA_accelerator|activation_block:act_inst|exp_lut[235][0]    ;
; 7:1                ; 2 bits    ; 8 LEs         ; 0 LEs                ; 8 LEs                  ; Yes        ; |FPGA_accelerator|activation_block:act_inst|exp_lut[234][0]    ;
; 7:1                ; 2 bits    ; 8 LEs         ; 0 LEs                ; 8 LEs                  ; Yes        ; |FPGA_accelerator|activation_block:act_inst|exp_lut[233][0]    ;
; 7:1                ; 2 bits    ; 8 LEs         ; 0 LEs                ; 8 LEs                  ; Yes        ; |FPGA_accelerator|activation_block:act_inst|exp_lut[232][0]    ;
; 7:1                ; 2 bits    ; 8 LEs         ; 0 LEs                ; 8 LEs                  ; Yes        ; |FPGA_accelerator|activation_block:act_inst|exp_lut[231][0]    ;
; 7:1                ; 2 bits    ; 8 LEs         ; 0 LEs                ; 8 LEs                  ; Yes        ; |FPGA_accelerator|activation_block:act_inst|exp_lut[230][0]    ;
; 7:1                ; 2 bits    ; 8 LEs         ; 0 LEs                ; 8 LEs                  ; Yes        ; |FPGA_accelerator|activation_block:act_inst|exp_lut[229][0]    ;
; 7:1                ; 2 bits    ; 8 LEs         ; 0 LEs                ; 8 LEs                  ; Yes        ; |FPGA_accelerator|activation_block:act_inst|exp_lut[228][0]    ;
; 7:1                ; 2 bits    ; 8 LEs         ; 0 LEs                ; 8 LEs                  ; Yes        ; |FPGA_accelerator|activation_block:act_inst|exp_lut[227][0]    ;
; 7:1                ; 2 bits    ; 8 LEs         ; 0 LEs                ; 8 LEs                  ; Yes        ; |FPGA_accelerator|activation_block:act_inst|exp_lut[226][0]    ;
; 7:1                ; 2 bits    ; 8 LEs         ; 0 LEs                ; 8 LEs                  ; Yes        ; |FPGA_accelerator|activation_block:act_inst|exp_lut[225][0]    ;
; 7:1                ; 2 bits    ; 8 LEs         ; 0 LEs                ; 8 LEs                  ; Yes        ; |FPGA_accelerator|activation_block:act_inst|exp_lut[224][0]    ;
; 7:1                ; 2 bits    ; 8 LEs         ; 0 LEs                ; 8 LEs                  ; Yes        ; |FPGA_accelerator|activation_block:act_inst|exp_lut[223][0]    ;
; 7:1                ; 2 bits    ; 8 LEs         ; 0 LEs                ; 8 LEs                  ; Yes        ; |FPGA_accelerator|activation_block:act_inst|exp_lut[222][0]    ;
; 7:1                ; 2 bits    ; 8 LEs         ; 0 LEs                ; 8 LEs                  ; Yes        ; |FPGA_accelerator|activation_block:act_inst|exp_lut[221][0]    ;
; 7:1                ; 2 bits    ; 8 LEs         ; 0 LEs                ; 8 LEs                  ; Yes        ; |FPGA_accelerator|activation_block:act_inst|exp_lut[220][0]    ;
; 7:1                ; 2 bits    ; 8 LEs         ; 0 LEs                ; 8 LEs                  ; Yes        ; |FPGA_accelerator|activation_block:act_inst|exp_lut[219][0]    ;
; 7:1                ; 2 bits    ; 8 LEs         ; 0 LEs                ; 8 LEs                  ; Yes        ; |FPGA_accelerator|activation_block:act_inst|exp_lut[218][0]    ;
; 7:1                ; 2 bits    ; 8 LEs         ; 0 LEs                ; 8 LEs                  ; Yes        ; |FPGA_accelerator|activation_block:act_inst|exp_lut[217][0]    ;
; 7:1                ; 2 bits    ; 8 LEs         ; 0 LEs                ; 8 LEs                  ; Yes        ; |FPGA_accelerator|activation_block:act_inst|exp_lut[216][0]    ;
; 7:1                ; 2 bits    ; 8 LEs         ; 0 LEs                ; 8 LEs                  ; Yes        ; |FPGA_accelerator|activation_block:act_inst|exp_lut[215][0]    ;
; 7:1                ; 2 bits    ; 8 LEs         ; 0 LEs                ; 8 LEs                  ; Yes        ; |FPGA_accelerator|activation_block:act_inst|exp_lut[214][0]    ;
; 7:1                ; 2 bits    ; 8 LEs         ; 0 LEs                ; 8 LEs                  ; Yes        ; |FPGA_accelerator|activation_block:act_inst|exp_lut[213][0]    ;
; 7:1                ; 2 bits    ; 8 LEs         ; 0 LEs                ; 8 LEs                  ; Yes        ; |FPGA_accelerator|activation_block:act_inst|exp_lut[212][0]    ;
; 7:1                ; 2 bits    ; 8 LEs         ; 0 LEs                ; 8 LEs                  ; Yes        ; |FPGA_accelerator|activation_block:act_inst|exp_lut[211][10]   ;
; 7:1                ; 2 bits    ; 8 LEs         ; 0 LEs                ; 8 LEs                  ; Yes        ; |FPGA_accelerator|activation_block:act_inst|exp_lut[210][10]   ;
; 7:1                ; 2 bits    ; 8 LEs         ; 0 LEs                ; 8 LEs                  ; Yes        ; |FPGA_accelerator|activation_block:act_inst|exp_lut[209][10]   ;
; 7:1                ; 2 bits    ; 8 LEs         ; 0 LEs                ; 8 LEs                  ; Yes        ; |FPGA_accelerator|activation_block:act_inst|exp_lut[208][10]   ;
; 7:1                ; 2 bits    ; 8 LEs         ; 0 LEs                ; 8 LEs                  ; Yes        ; |FPGA_accelerator|activation_block:act_inst|exp_lut[207][10]   ;
; 7:1                ; 2 bits    ; 8 LEs         ; 0 LEs                ; 8 LEs                  ; Yes        ; |FPGA_accelerator|activation_block:act_inst|exp_lut[206][10]   ;
; 7:1                ; 2 bits    ; 8 LEs         ; 0 LEs                ; 8 LEs                  ; Yes        ; |FPGA_accelerator|activation_block:act_inst|exp_lut[205][10]   ;
; 7:1                ; 2 bits    ; 8 LEs         ; 0 LEs                ; 8 LEs                  ; Yes        ; |FPGA_accelerator|activation_block:act_inst|exp_lut[204][10]   ;
; 7:1                ; 2 bits    ; 8 LEs         ; 0 LEs                ; 8 LEs                  ; Yes        ; |FPGA_accelerator|activation_block:act_inst|exp_lut[203][0]    ;
; 7:1                ; 2 bits    ; 8 LEs         ; 0 LEs                ; 8 LEs                  ; Yes        ; |FPGA_accelerator|activation_block:act_inst|exp_lut[202][10]   ;
; 7:1                ; 2 bits    ; 8 LEs         ; 0 LEs                ; 8 LEs                  ; Yes        ; |FPGA_accelerator|activation_block:act_inst|exp_lut[201][10]   ;
; 7:1                ; 2 bits    ; 8 LEs         ; 0 LEs                ; 8 LEs                  ; Yes        ; |FPGA_accelerator|activation_block:act_inst|exp_lut[200][10]   ;
; 7:1                ; 2 bits    ; 8 LEs         ; 0 LEs                ; 8 LEs                  ; Yes        ; |FPGA_accelerator|activation_block:act_inst|exp_lut[199][0]    ;
; 7:1                ; 2 bits    ; 8 LEs         ; 0 LEs                ; 8 LEs                  ; Yes        ; |FPGA_accelerator|activation_block:act_inst|exp_lut[198][10]   ;
; 7:1                ; 2 bits    ; 8 LEs         ; 0 LEs                ; 8 LEs                  ; Yes        ; |FPGA_accelerator|activation_block:act_inst|exp_lut[197][10]   ;
; 7:1                ; 2 bits    ; 8 LEs         ; 0 LEs                ; 8 LEs                  ; Yes        ; |FPGA_accelerator|activation_block:act_inst|exp_lut[196][0]    ;
; 7:1                ; 2 bits    ; 8 LEs         ; 0 LEs                ; 8 LEs                  ; Yes        ; |FPGA_accelerator|activation_block:act_inst|exp_lut[195][10]   ;
; 7:1                ; 2 bits    ; 8 LEs         ; 0 LEs                ; 8 LEs                  ; Yes        ; |FPGA_accelerator|activation_block:act_inst|exp_lut[194][0]    ;
; 7:1                ; 2 bits    ; 8 LEs         ; 0 LEs                ; 8 LEs                  ; Yes        ; |FPGA_accelerator|activation_block:act_inst|exp_lut[193][0]    ;
; 7:1                ; 4 bits    ; 16 LEs        ; 4 LEs                ; 12 LEs                 ; Yes        ; |FPGA_accelerator|activation_block:act_inst|exp_lut[192][2]    ;
; 7:1                ; 2 bits    ; 8 LEs         ; 0 LEs                ; 8 LEs                  ; Yes        ; |FPGA_accelerator|activation_block:act_inst|exp_lut[191][0]    ;
; 7:1                ; 2 bits    ; 8 LEs         ; 0 LEs                ; 8 LEs                  ; Yes        ; |FPGA_accelerator|activation_block:act_inst|exp_lut[190][0]    ;
; 7:1                ; 2 bits    ; 8 LEs         ; 0 LEs                ; 8 LEs                  ; Yes        ; |FPGA_accelerator|activation_block:act_inst|exp_lut[189][10]   ;
; 7:1                ; 2 bits    ; 8 LEs         ; 0 LEs                ; 8 LEs                  ; Yes        ; |FPGA_accelerator|activation_block:act_inst|exp_lut[188][0]    ;
; 7:1                ; 2 bits    ; 8 LEs         ; 0 LEs                ; 8 LEs                  ; Yes        ; |FPGA_accelerator|activation_block:act_inst|exp_lut[187][0]    ;
; 7:1                ; 2 bits    ; 8 LEs         ; 0 LEs                ; 8 LEs                  ; Yes        ; |FPGA_accelerator|activation_block:act_inst|exp_lut[186][0]    ;
; 7:1                ; 2 bits    ; 8 LEs         ; 0 LEs                ; 8 LEs                  ; Yes        ; |FPGA_accelerator|activation_block:act_inst|exp_lut[185][0]    ;
; 7:1                ; 2 bits    ; 8 LEs         ; 0 LEs                ; 8 LEs                  ; Yes        ; |FPGA_accelerator|activation_block:act_inst|exp_lut[184][0]    ;
; 7:1                ; 2 bits    ; 8 LEs         ; 0 LEs                ; 8 LEs                  ; Yes        ; |FPGA_accelerator|activation_block:act_inst|exp_lut[183][0]    ;
; 7:1                ; 2 bits    ; 8 LEs         ; 0 LEs                ; 8 LEs                  ; Yes        ; |FPGA_accelerator|activation_block:act_inst|exp_lut[182][0]    ;
; 7:1                ; 2 bits    ; 8 LEs         ; 0 LEs                ; 8 LEs                  ; Yes        ; |FPGA_accelerator|activation_block:act_inst|exp_lut[181][0]    ;
; 7:1                ; 2 bits    ; 8 LEs         ; 0 LEs                ; 8 LEs                  ; Yes        ; |FPGA_accelerator|activation_block:act_inst|exp_lut[180][0]    ;
; 7:1                ; 2 bits    ; 8 LEs         ; 0 LEs                ; 8 LEs                  ; Yes        ; |FPGA_accelerator|activation_block:act_inst|exp_lut[179][10]   ;
; 7:1                ; 2 bits    ; 8 LEs         ; 0 LEs                ; 8 LEs                  ; Yes        ; |FPGA_accelerator|activation_block:act_inst|exp_lut[178][0]    ;
; 7:1                ; 2 bits    ; 8 LEs         ; 0 LEs                ; 8 LEs                  ; Yes        ; |FPGA_accelerator|activation_block:act_inst|exp_lut[177][10]   ;
; 7:1                ; 2 bits    ; 8 LEs         ; 0 LEs                ; 8 LEs                  ; Yes        ; |FPGA_accelerator|activation_block:act_inst|exp_lut[176][0]    ;
; 7:1                ; 2 bits    ; 8 LEs         ; 0 LEs                ; 8 LEs                  ; Yes        ; |FPGA_accelerator|activation_block:act_inst|exp_lut[175][0]    ;
; 7:1                ; 2 bits    ; 8 LEs         ; 0 LEs                ; 8 LEs                  ; Yes        ; |FPGA_accelerator|activation_block:act_inst|exp_lut[174][0]    ;
; 7:1                ; 2 bits    ; 8 LEs         ; 0 LEs                ; 8 LEs                  ; Yes        ; |FPGA_accelerator|activation_block:act_inst|exp_lut[173][10]   ;
; 7:1                ; 2 bits    ; 8 LEs         ; 0 LEs                ; 8 LEs                  ; Yes        ; |FPGA_accelerator|activation_block:act_inst|exp_lut[172][10]   ;
; 7:1                ; 2 bits    ; 8 LEs         ; 0 LEs                ; 8 LEs                  ; Yes        ; |FPGA_accelerator|activation_block:act_inst|exp_lut[171][10]   ;
; 7:1                ; 2 bits    ; 8 LEs         ; 0 LEs                ; 8 LEs                  ; Yes        ; |FPGA_accelerator|activation_block:act_inst|exp_lut[170][10]   ;
; 7:1                ; 2 bits    ; 8 LEs         ; 0 LEs                ; 8 LEs                  ; Yes        ; |FPGA_accelerator|activation_block:act_inst|exp_lut[169][0]    ;
; 7:1                ; 2 bits    ; 8 LEs         ; 0 LEs                ; 8 LEs                  ; Yes        ; |FPGA_accelerator|activation_block:act_inst|exp_lut[168][10]   ;
; 7:1                ; 2 bits    ; 8 LEs         ; 0 LEs                ; 8 LEs                  ; Yes        ; |FPGA_accelerator|activation_block:act_inst|exp_lut[167][10]   ;
; 7:1                ; 2 bits    ; 8 LEs         ; 0 LEs                ; 8 LEs                  ; Yes        ; |FPGA_accelerator|activation_block:act_inst|exp_lut[166][10]   ;
; 7:1                ; 2 bits    ; 8 LEs         ; 0 LEs                ; 8 LEs                  ; Yes        ; |FPGA_accelerator|activation_block:act_inst|exp_lut[165][10]   ;
; 7:1                ; 2 bits    ; 8 LEs         ; 0 LEs                ; 8 LEs                  ; Yes        ; |FPGA_accelerator|activation_block:act_inst|exp_lut[164][10]   ;
; 7:1                ; 2 bits    ; 8 LEs         ; 0 LEs                ; 8 LEs                  ; Yes        ; |FPGA_accelerator|activation_block:act_inst|exp_lut[163][10]   ;
; 7:1                ; 2 bits    ; 8 LEs         ; 0 LEs                ; 8 LEs                  ; Yes        ; |FPGA_accelerator|activation_block:act_inst|exp_lut[162][10]   ;
; 7:1                ; 2 bits    ; 8 LEs         ; 0 LEs                ; 8 LEs                  ; Yes        ; |FPGA_accelerator|activation_block:act_inst|exp_lut[161][0]    ;
; 7:1                ; 2 bits    ; 8 LEs         ; 0 LEs                ; 8 LEs                  ; Yes        ; |FPGA_accelerator|activation_block:act_inst|exp_lut[160][0]    ;
; 7:1                ; 2 bits    ; 8 LEs         ; 0 LEs                ; 8 LEs                  ; Yes        ; |FPGA_accelerator|activation_block:act_inst|exp_lut[159][10]   ;
; 7:1                ; 2 bits    ; 8 LEs         ; 0 LEs                ; 8 LEs                  ; Yes        ; |FPGA_accelerator|activation_block:act_inst|exp_lut[158][10]   ;
; 7:1                ; 2 bits    ; 8 LEs         ; 0 LEs                ; 8 LEs                  ; Yes        ; |FPGA_accelerator|activation_block:act_inst|exp_lut[157][10]   ;
; 7:1                ; 2 bits    ; 8 LEs         ; 0 LEs                ; 8 LEs                  ; Yes        ; |FPGA_accelerator|activation_block:act_inst|exp_lut[156][0]    ;
; 7:1                ; 2 bits    ; 8 LEs         ; 0 LEs                ; 8 LEs                  ; Yes        ; |FPGA_accelerator|activation_block:act_inst|exp_lut[155][0]    ;
; 7:1                ; 2 bits    ; 8 LEs         ; 0 LEs                ; 8 LEs                  ; Yes        ; |FPGA_accelerator|activation_block:act_inst|exp_lut[154][0]    ;
; 7:1                ; 2 bits    ; 8 LEs         ; 0 LEs                ; 8 LEs                  ; Yes        ; |FPGA_accelerator|activation_block:act_inst|exp_lut[153][0]    ;
; 7:1                ; 2 bits    ; 8 LEs         ; 0 LEs                ; 8 LEs                  ; Yes        ; |FPGA_accelerator|activation_block:act_inst|exp_lut[152][0]    ;
; 7:1                ; 2 bits    ; 8 LEs         ; 0 LEs                ; 8 LEs                  ; Yes        ; |FPGA_accelerator|activation_block:act_inst|exp_lut[151][0]    ;
; 7:1                ; 2 bits    ; 8 LEs         ; 0 LEs                ; 8 LEs                  ; Yes        ; |FPGA_accelerator|activation_block:act_inst|exp_lut[150][10]   ;
; 7:1                ; 2 bits    ; 8 LEs         ; 0 LEs                ; 8 LEs                  ; Yes        ; |FPGA_accelerator|activation_block:act_inst|exp_lut[149][10]   ;
; 7:1                ; 2 bits    ; 8 LEs         ; 0 LEs                ; 8 LEs                  ; Yes        ; |FPGA_accelerator|activation_block:act_inst|exp_lut[148][10]   ;
; 7:1                ; 2 bits    ; 8 LEs         ; 0 LEs                ; 8 LEs                  ; Yes        ; |FPGA_accelerator|activation_block:act_inst|exp_lut[147][0]    ;
; 7:1                ; 2 bits    ; 8 LEs         ; 0 LEs                ; 8 LEs                  ; Yes        ; |FPGA_accelerator|activation_block:act_inst|exp_lut[146][0]    ;
; 7:1                ; 2 bits    ; 8 LEs         ; 0 LEs                ; 8 LEs                  ; Yes        ; |FPGA_accelerator|activation_block:act_inst|exp_lut[145][0]    ;
; 7:1                ; 2 bits    ; 8 LEs         ; 0 LEs                ; 8 LEs                  ; Yes        ; |FPGA_accelerator|activation_block:act_inst|exp_lut[144][10]   ;
; 7:1                ; 2 bits    ; 8 LEs         ; 0 LEs                ; 8 LEs                  ; Yes        ; |FPGA_accelerator|activation_block:act_inst|exp_lut[143][0]    ;
; 7:1                ; 2 bits    ; 8 LEs         ; 0 LEs                ; 8 LEs                  ; Yes        ; |FPGA_accelerator|activation_block:act_inst|exp_lut[142][0]    ;
; 7:1                ; 2 bits    ; 8 LEs         ; 0 LEs                ; 8 LEs                  ; Yes        ; |FPGA_accelerator|activation_block:act_inst|exp_lut[141][0]    ;
; 7:1                ; 2 bits    ; 8 LEs         ; 0 LEs                ; 8 LEs                  ; Yes        ; |FPGA_accelerator|activation_block:act_inst|exp_lut[140][0]    ;
; 7:1                ; 2 bits    ; 8 LEs         ; 0 LEs                ; 8 LEs                  ; Yes        ; |FPGA_accelerator|activation_block:act_inst|exp_lut[139][0]    ;
; 7:1                ; 2 bits    ; 8 LEs         ; 0 LEs                ; 8 LEs                  ; Yes        ; |FPGA_accelerator|activation_block:act_inst|exp_lut[138][0]    ;
; 7:1                ; 2 bits    ; 8 LEs         ; 0 LEs                ; 8 LEs                  ; Yes        ; |FPGA_accelerator|activation_block:act_inst|exp_lut[137][0]    ;
; 7:1                ; 2 bits    ; 8 LEs         ; 0 LEs                ; 8 LEs                  ; Yes        ; |FPGA_accelerator|activation_block:act_inst|exp_lut[136][0]    ;
; 7:1                ; 2 bits    ; 8 LEs         ; 0 LEs                ; 8 LEs                  ; Yes        ; |FPGA_accelerator|activation_block:act_inst|exp_lut[135][0]    ;
; 7:1                ; 2 bits    ; 8 LEs         ; 0 LEs                ; 8 LEs                  ; Yes        ; |FPGA_accelerator|activation_block:act_inst|exp_lut[134][0]    ;
; 7:1                ; 2 bits    ; 8 LEs         ; 0 LEs                ; 8 LEs                  ; Yes        ; |FPGA_accelerator|activation_block:act_inst|exp_lut[133][10]   ;
; 7:1                ; 2 bits    ; 8 LEs         ; 0 LEs                ; 8 LEs                  ; Yes        ; |FPGA_accelerator|activation_block:act_inst|exp_lut[132][10]   ;
; 7:1                ; 2 bits    ; 8 LEs         ; 0 LEs                ; 8 LEs                  ; Yes        ; |FPGA_accelerator|activation_block:act_inst|exp_lut[131][10]   ;
; 7:1                ; 2 bits    ; 8 LEs         ; 0 LEs                ; 8 LEs                  ; Yes        ; |FPGA_accelerator|activation_block:act_inst|exp_lut[130][0]    ;
; 7:1                ; 2 bits    ; 8 LEs         ; 0 LEs                ; 8 LEs                  ; Yes        ; |FPGA_accelerator|activation_block:act_inst|exp_lut[129][0]    ;
; 7:1                ; 4 bits    ; 16 LEs        ; 4 LEs                ; 12 LEs                 ; Yes        ; |FPGA_accelerator|activation_block:act_inst|exp_lut[128][10]   ;
; 7:1                ; 2 bits    ; 8 LEs         ; 0 LEs                ; 8 LEs                  ; Yes        ; |FPGA_accelerator|activation_block:act_inst|exp_lut[127][10]   ;
; 7:1                ; 2 bits    ; 8 LEs         ; 0 LEs                ; 8 LEs                  ; Yes        ; |FPGA_accelerator|activation_block:act_inst|exp_lut[126][10]   ;
; 7:1                ; 2 bits    ; 8 LEs         ; 0 LEs                ; 8 LEs                  ; Yes        ; |FPGA_accelerator|activation_block:act_inst|exp_lut[125][10]   ;
; 7:1                ; 2 bits    ; 8 LEs         ; 0 LEs                ; 8 LEs                  ; Yes        ; |FPGA_accelerator|activation_block:act_inst|exp_lut[124][0]    ;
; 7:1                ; 2 bits    ; 8 LEs         ; 0 LEs                ; 8 LEs                  ; Yes        ; |FPGA_accelerator|activation_block:act_inst|exp_lut[123][0]    ;
; 7:1                ; 2 bits    ; 8 LEs         ; 0 LEs                ; 8 LEs                  ; Yes        ; |FPGA_accelerator|activation_block:act_inst|exp_lut[122][0]    ;
; 7:1                ; 2 bits    ; 8 LEs         ; 0 LEs                ; 8 LEs                  ; Yes        ; |FPGA_accelerator|activation_block:act_inst|exp_lut[121][0]    ;
; 7:1                ; 2 bits    ; 8 LEs         ; 0 LEs                ; 8 LEs                  ; Yes        ; |FPGA_accelerator|activation_block:act_inst|exp_lut[120][0]    ;
; 7:1                ; 2 bits    ; 8 LEs         ; 0 LEs                ; 8 LEs                  ; Yes        ; |FPGA_accelerator|activation_block:act_inst|exp_lut[119][10]   ;
; 7:1                ; 2 bits    ; 8 LEs         ; 0 LEs                ; 8 LEs                  ; Yes        ; |FPGA_accelerator|activation_block:act_inst|exp_lut[118][10]   ;
; 7:1                ; 2 bits    ; 8 LEs         ; 0 LEs                ; 8 LEs                  ; Yes        ; |FPGA_accelerator|activation_block:act_inst|exp_lut[117][10]   ;
; 7:1                ; 2 bits    ; 8 LEs         ; 0 LEs                ; 8 LEs                  ; Yes        ; |FPGA_accelerator|activation_block:act_inst|exp_lut[116][0]    ;
; 7:1                ; 2 bits    ; 8 LEs         ; 0 LEs                ; 8 LEs                  ; Yes        ; |FPGA_accelerator|activation_block:act_inst|exp_lut[115][10]   ;
; 7:1                ; 2 bits    ; 8 LEs         ; 0 LEs                ; 8 LEs                  ; Yes        ; |FPGA_accelerator|activation_block:act_inst|exp_lut[114][10]   ;
; 7:1                ; 2 bits    ; 8 LEs         ; 0 LEs                ; 8 LEs                  ; Yes        ; |FPGA_accelerator|activation_block:act_inst|exp_lut[113][10]   ;
; 7:1                ; 2 bits    ; 8 LEs         ; 0 LEs                ; 8 LEs                  ; Yes        ; |FPGA_accelerator|activation_block:act_inst|exp_lut[112][0]    ;
; 7:1                ; 2 bits    ; 8 LEs         ; 0 LEs                ; 8 LEs                  ; Yes        ; |FPGA_accelerator|activation_block:act_inst|exp_lut[111][10]   ;
; 7:1                ; 2 bits    ; 8 LEs         ; 0 LEs                ; 8 LEs                  ; Yes        ; |FPGA_accelerator|activation_block:act_inst|exp_lut[110][10]   ;
; 7:1                ; 2 bits    ; 8 LEs         ; 0 LEs                ; 8 LEs                  ; Yes        ; |FPGA_accelerator|activation_block:act_inst|exp_lut[109][10]   ;
; 7:1                ; 2 bits    ; 8 LEs         ; 0 LEs                ; 8 LEs                  ; Yes        ; |FPGA_accelerator|activation_block:act_inst|exp_lut[108][0]    ;
; 7:1                ; 2 bits    ; 8 LEs         ; 0 LEs                ; 8 LEs                  ; Yes        ; |FPGA_accelerator|activation_block:act_inst|exp_lut[107][0]    ;
; 7:1                ; 2 bits    ; 8 LEs         ; 0 LEs                ; 8 LEs                  ; Yes        ; |FPGA_accelerator|activation_block:act_inst|exp_lut[106][0]    ;
; 7:1                ; 2 bits    ; 8 LEs         ; 0 LEs                ; 8 LEs                  ; Yes        ; |FPGA_accelerator|activation_block:act_inst|exp_lut[105][0]    ;
; 7:1                ; 2 bits    ; 8 LEs         ; 0 LEs                ; 8 LEs                  ; Yes        ; |FPGA_accelerator|activation_block:act_inst|exp_lut[104][10]   ;
; 7:1                ; 2 bits    ; 8 LEs         ; 0 LEs                ; 8 LEs                  ; Yes        ; |FPGA_accelerator|activation_block:act_inst|exp_lut[103][0]    ;
; 7:1                ; 2 bits    ; 8 LEs         ; 0 LEs                ; 8 LEs                  ; Yes        ; |FPGA_accelerator|activation_block:act_inst|exp_lut[102][0]    ;
; 7:1                ; 2 bits    ; 8 LEs         ; 0 LEs                ; 8 LEs                  ; Yes        ; |FPGA_accelerator|activation_block:act_inst|exp_lut[101][0]    ;
; 7:1                ; 2 bits    ; 8 LEs         ; 0 LEs                ; 8 LEs                  ; Yes        ; |FPGA_accelerator|activation_block:act_inst|exp_lut[100][0]    ;
; 7:1                ; 2 bits    ; 8 LEs         ; 0 LEs                ; 8 LEs                  ; Yes        ; |FPGA_accelerator|activation_block:act_inst|exp_lut[99][0]     ;
; 7:1                ; 2 bits    ; 8 LEs         ; 0 LEs                ; 8 LEs                  ; Yes        ; |FPGA_accelerator|activation_block:act_inst|exp_lut[98][0]     ;
; 7:1                ; 2 bits    ; 8 LEs         ; 0 LEs                ; 8 LEs                  ; Yes        ; |FPGA_accelerator|activation_block:act_inst|exp_lut[97][0]     ;
; 7:1                ; 2 bits    ; 8 LEs         ; 0 LEs                ; 8 LEs                  ; Yes        ; |FPGA_accelerator|activation_block:act_inst|exp_lut[96][10]    ;
; 7:1                ; 2 bits    ; 8 LEs         ; 0 LEs                ; 8 LEs                  ; Yes        ; |FPGA_accelerator|activation_block:act_inst|exp_lut[95][0]     ;
; 7:1                ; 2 bits    ; 8 LEs         ; 0 LEs                ; 8 LEs                  ; Yes        ; |FPGA_accelerator|activation_block:act_inst|exp_lut[94][10]    ;
; 7:1                ; 2 bits    ; 8 LEs         ; 0 LEs                ; 8 LEs                  ; Yes        ; |FPGA_accelerator|activation_block:act_inst|exp_lut[93][0]     ;
; 7:1                ; 2 bits    ; 8 LEs         ; 0 LEs                ; 8 LEs                  ; Yes        ; |FPGA_accelerator|activation_block:act_inst|exp_lut[92][10]    ;
; 7:1                ; 2 bits    ; 8 LEs         ; 0 LEs                ; 8 LEs                  ; Yes        ; |FPGA_accelerator|activation_block:act_inst|exp_lut[91][0]     ;
; 7:1                ; 2 bits    ; 8 LEs         ; 0 LEs                ; 8 LEs                  ; Yes        ; |FPGA_accelerator|activation_block:act_inst|exp_lut[90][0]     ;
; 7:1                ; 2 bits    ; 8 LEs         ; 0 LEs                ; 8 LEs                  ; Yes        ; |FPGA_accelerator|activation_block:act_inst|exp_lut[89][10]    ;
; 7:1                ; 2 bits    ; 8 LEs         ; 0 LEs                ; 8 LEs                  ; Yes        ; |FPGA_accelerator|activation_block:act_inst|exp_lut[88][0]     ;
; 7:1                ; 2 bits    ; 8 LEs         ; 0 LEs                ; 8 LEs                  ; Yes        ; |FPGA_accelerator|activation_block:act_inst|exp_lut[87][0]     ;
; 7:1                ; 2 bits    ; 8 LEs         ; 0 LEs                ; 8 LEs                  ; Yes        ; |FPGA_accelerator|activation_block:act_inst|exp_lut[86][10]    ;
; 7:1                ; 2 bits    ; 8 LEs         ; 0 LEs                ; 8 LEs                  ; Yes        ; |FPGA_accelerator|activation_block:act_inst|exp_lut[85][10]    ;
; 7:1                ; 2 bits    ; 8 LEs         ; 0 LEs                ; 8 LEs                  ; Yes        ; |FPGA_accelerator|activation_block:act_inst|exp_lut[84][10]    ;
; 7:1                ; 2 bits    ; 8 LEs         ; 0 LEs                ; 8 LEs                  ; Yes        ; |FPGA_accelerator|activation_block:act_inst|exp_lut[83][10]    ;
; 7:1                ; 2 bits    ; 8 LEs         ; 0 LEs                ; 8 LEs                  ; Yes        ; |FPGA_accelerator|activation_block:act_inst|exp_lut[82][10]    ;
; 7:1                ; 2 bits    ; 8 LEs         ; 0 LEs                ; 8 LEs                  ; Yes        ; |FPGA_accelerator|activation_block:act_inst|exp_lut[81][10]    ;
; 7:1                ; 2 bits    ; 8 LEs         ; 0 LEs                ; 8 LEs                  ; Yes        ; |FPGA_accelerator|activation_block:act_inst|exp_lut[80][0]     ;
; 7:1                ; 2 bits    ; 8 LEs         ; 0 LEs                ; 8 LEs                  ; Yes        ; |FPGA_accelerator|activation_block:act_inst|exp_lut[79][0]     ;
; 7:1                ; 2 bits    ; 8 LEs         ; 0 LEs                ; 8 LEs                  ; Yes        ; |FPGA_accelerator|activation_block:act_inst|exp_lut[78][0]     ;
; 7:1                ; 2 bits    ; 8 LEs         ; 0 LEs                ; 8 LEs                  ; Yes        ; |FPGA_accelerator|activation_block:act_inst|exp_lut[77][10]    ;
; 7:1                ; 2 bits    ; 8 LEs         ; 0 LEs                ; 8 LEs                  ; Yes        ; |FPGA_accelerator|activation_block:act_inst|exp_lut[76][0]     ;
; 7:1                ; 2 bits    ; 8 LEs         ; 0 LEs                ; 8 LEs                  ; Yes        ; |FPGA_accelerator|activation_block:act_inst|exp_lut[75][0]     ;
; 7:1                ; 2 bits    ; 8 LEs         ; 0 LEs                ; 8 LEs                  ; Yes        ; |FPGA_accelerator|activation_block:act_inst|exp_lut[74][0]     ;
; 7:1                ; 2 bits    ; 8 LEs         ; 0 LEs                ; 8 LEs                  ; Yes        ; |FPGA_accelerator|activation_block:act_inst|exp_lut[73][0]     ;
; 7:1                ; 2 bits    ; 8 LEs         ; 0 LEs                ; 8 LEs                  ; Yes        ; |FPGA_accelerator|activation_block:act_inst|exp_lut[72][0]     ;
; 7:1                ; 2 bits    ; 8 LEs         ; 0 LEs                ; 8 LEs                  ; Yes        ; |FPGA_accelerator|activation_block:act_inst|exp_lut[71][0]     ;
; 7:1                ; 2 bits    ; 8 LEs         ; 0 LEs                ; 8 LEs                  ; Yes        ; |FPGA_accelerator|activation_block:act_inst|exp_lut[70][10]    ;
; 7:1                ; 2 bits    ; 8 LEs         ; 0 LEs                ; 8 LEs                  ; Yes        ; |FPGA_accelerator|activation_block:act_inst|exp_lut[69][10]    ;
; 7:1                ; 2 bits    ; 8 LEs         ; 0 LEs                ; 8 LEs                  ; Yes        ; |FPGA_accelerator|activation_block:act_inst|exp_lut[68][10]    ;
; 7:1                ; 2 bits    ; 8 LEs         ; 0 LEs                ; 8 LEs                  ; Yes        ; |FPGA_accelerator|activation_block:act_inst|exp_lut[67][10]    ;
; 7:1                ; 2 bits    ; 8 LEs         ; 0 LEs                ; 8 LEs                  ; Yes        ; |FPGA_accelerator|activation_block:act_inst|exp_lut[66][10]    ;
; 7:1                ; 2 bits    ; 8 LEs         ; 0 LEs                ; 8 LEs                  ; Yes        ; |FPGA_accelerator|activation_block:act_inst|exp_lut[65][0]     ;
; 7:1                ; 4 bits    ; 16 LEs        ; 4 LEs                ; 12 LEs                 ; Yes        ; |FPGA_accelerator|activation_block:act_inst|exp_lut[64][1]     ;
; 7:1                ; 2 bits    ; 8 LEs         ; 0 LEs                ; 8 LEs                  ; Yes        ; |FPGA_accelerator|activation_block:act_inst|exp_lut[63][10]    ;
; 7:1                ; 2 bits    ; 8 LEs         ; 0 LEs                ; 8 LEs                  ; Yes        ; |FPGA_accelerator|activation_block:act_inst|exp_lut[62][10]    ;
; 7:1                ; 2 bits    ; 8 LEs         ; 0 LEs                ; 8 LEs                  ; Yes        ; |FPGA_accelerator|activation_block:act_inst|exp_lut[61][10]    ;
; 7:1                ; 2 bits    ; 8 LEs         ; 0 LEs                ; 8 LEs                  ; Yes        ; |FPGA_accelerator|activation_block:act_inst|exp_lut[60][10]    ;
; 7:1                ; 2 bits    ; 8 LEs         ; 0 LEs                ; 8 LEs                  ; Yes        ; |FPGA_accelerator|activation_block:act_inst|exp_lut[59][10]    ;
; 7:1                ; 2 bits    ; 8 LEs         ; 0 LEs                ; 8 LEs                  ; Yes        ; |FPGA_accelerator|activation_block:act_inst|exp_lut[58][0]     ;
; 7:1                ; 2 bits    ; 8 LEs         ; 0 LEs                ; 8 LEs                  ; Yes        ; |FPGA_accelerator|activation_block:act_inst|exp_lut[57][0]     ;
; 7:1                ; 2 bits    ; 8 LEs         ; 0 LEs                ; 8 LEs                  ; Yes        ; |FPGA_accelerator|activation_block:act_inst|exp_lut[56][10]    ;
; 7:1                ; 2 bits    ; 8 LEs         ; 0 LEs                ; 8 LEs                  ; Yes        ; |FPGA_accelerator|activation_block:act_inst|exp_lut[55][0]     ;
; 7:1                ; 2 bits    ; 8 LEs         ; 0 LEs                ; 8 LEs                  ; Yes        ; |FPGA_accelerator|activation_block:act_inst|exp_lut[54][10]    ;
; 7:1                ; 2 bits    ; 8 LEs         ; 0 LEs                ; 8 LEs                  ; Yes        ; |FPGA_accelerator|activation_block:act_inst|exp_lut[53][0]     ;
; 7:1                ; 2 bits    ; 8 LEs         ; 0 LEs                ; 8 LEs                  ; Yes        ; |FPGA_accelerator|activation_block:act_inst|exp_lut[52][10]    ;
; 7:1                ; 2 bits    ; 8 LEs         ; 0 LEs                ; 8 LEs                  ; Yes        ; |FPGA_accelerator|activation_block:act_inst|exp_lut[51][10]    ;
; 7:1                ; 2 bits    ; 8 LEs         ; 0 LEs                ; 8 LEs                  ; Yes        ; |FPGA_accelerator|activation_block:act_inst|exp_lut[50][10]    ;
; 7:1                ; 2 bits    ; 8 LEs         ; 0 LEs                ; 8 LEs                  ; Yes        ; |FPGA_accelerator|activation_block:act_inst|exp_lut[49][10]    ;
; 7:1                ; 2 bits    ; 8 LEs         ; 0 LEs                ; 8 LEs                  ; Yes        ; |FPGA_accelerator|activation_block:act_inst|exp_lut[48][10]    ;
; 7:1                ; 2 bits    ; 8 LEs         ; 0 LEs                ; 8 LEs                  ; Yes        ; |FPGA_accelerator|activation_block:act_inst|exp_lut[47][10]    ;
; 7:1                ; 2 bits    ; 8 LEs         ; 0 LEs                ; 8 LEs                  ; Yes        ; |FPGA_accelerator|activation_block:act_inst|exp_lut[46][10]    ;
; 7:1                ; 2 bits    ; 8 LEs         ; 0 LEs                ; 8 LEs                  ; Yes        ; |FPGA_accelerator|activation_block:act_inst|exp_lut[45][10]    ;
; 7:1                ; 2 bits    ; 8 LEs         ; 0 LEs                ; 8 LEs                  ; Yes        ; |FPGA_accelerator|activation_block:act_inst|exp_lut[44][0]     ;
; 7:1                ; 2 bits    ; 8 LEs         ; 0 LEs                ; 8 LEs                  ; Yes        ; |FPGA_accelerator|activation_block:act_inst|exp_lut[43][10]    ;
; 7:1                ; 2 bits    ; 8 LEs         ; 0 LEs                ; 8 LEs                  ; Yes        ; |FPGA_accelerator|activation_block:act_inst|exp_lut[42][10]    ;
; 7:1                ; 2 bits    ; 8 LEs         ; 0 LEs                ; 8 LEs                  ; Yes        ; |FPGA_accelerator|activation_block:act_inst|exp_lut[41][0]     ;
; 7:1                ; 2 bits    ; 8 LEs         ; 0 LEs                ; 8 LEs                  ; Yes        ; |FPGA_accelerator|activation_block:act_inst|exp_lut[40][0]     ;
; 7:1                ; 2 bits    ; 8 LEs         ; 0 LEs                ; 8 LEs                  ; Yes        ; |FPGA_accelerator|activation_block:act_inst|exp_lut[39][0]     ;
; 7:1                ; 2 bits    ; 8 LEs         ; 0 LEs                ; 8 LEs                  ; Yes        ; |FPGA_accelerator|activation_block:act_inst|exp_lut[38][0]     ;
; 7:1                ; 2 bits    ; 8 LEs         ; 0 LEs                ; 8 LEs                  ; Yes        ; |FPGA_accelerator|activation_block:act_inst|exp_lut[37][0]     ;
; 7:1                ; 2 bits    ; 8 LEs         ; 0 LEs                ; 8 LEs                  ; Yes        ; |FPGA_accelerator|activation_block:act_inst|exp_lut[36][10]    ;
; 7:1                ; 2 bits    ; 8 LEs         ; 0 LEs                ; 8 LEs                  ; Yes        ; |FPGA_accelerator|activation_block:act_inst|exp_lut[35][10]    ;
; 7:1                ; 2 bits    ; 8 LEs         ; 0 LEs                ; 8 LEs                  ; Yes        ; |FPGA_accelerator|activation_block:act_inst|exp_lut[34][0]     ;
; 7:1                ; 2 bits    ; 8 LEs         ; 0 LEs                ; 8 LEs                  ; Yes        ; |FPGA_accelerator|activation_block:act_inst|exp_lut[33][0]     ;
; 7:1                ; 2 bits    ; 8 LEs         ; 0 LEs                ; 8 LEs                  ; Yes        ; |FPGA_accelerator|activation_block:act_inst|exp_lut[32][0]     ;
; 7:1                ; 2 bits    ; 8 LEs         ; 0 LEs                ; 8 LEs                  ; Yes        ; |FPGA_accelerator|activation_block:act_inst|exp_lut[31][0]     ;
; 7:1                ; 2 bits    ; 8 LEs         ; 0 LEs                ; 8 LEs                  ; Yes        ; |FPGA_accelerator|activation_block:act_inst|exp_lut[30][0]     ;
; 7:1                ; 2 bits    ; 8 LEs         ; 0 LEs                ; 8 LEs                  ; Yes        ; |FPGA_accelerator|activation_block:act_inst|exp_lut[29][10]    ;
; 7:1                ; 2 bits    ; 8 LEs         ; 0 LEs                ; 8 LEs                  ; Yes        ; |FPGA_accelerator|activation_block:act_inst|exp_lut[28][0]     ;
; 7:1                ; 2 bits    ; 8 LEs         ; 0 LEs                ; 8 LEs                  ; Yes        ; |FPGA_accelerator|activation_block:act_inst|exp_lut[27][0]     ;
; 7:1                ; 2 bits    ; 8 LEs         ; 0 LEs                ; 8 LEs                  ; Yes        ; |FPGA_accelerator|activation_block:act_inst|exp_lut[26][0]     ;
; 7:1                ; 2 bits    ; 8 LEs         ; 0 LEs                ; 8 LEs                  ; Yes        ; |FPGA_accelerator|activation_block:act_inst|exp_lut[25][0]     ;
; 7:1                ; 2 bits    ; 8 LEs         ; 0 LEs                ; 8 LEs                  ; Yes        ; |FPGA_accelerator|activation_block:act_inst|exp_lut[24][0]     ;
; 7:1                ; 2 bits    ; 8 LEs         ; 0 LEs                ; 8 LEs                  ; Yes        ; |FPGA_accelerator|activation_block:act_inst|exp_lut[23][10]    ;
; 7:1                ; 2 bits    ; 8 LEs         ; 0 LEs                ; 8 LEs                  ; Yes        ; |FPGA_accelerator|activation_block:act_inst|exp_lut[22][0]     ;
; 7:1                ; 2 bits    ; 8 LEs         ; 0 LEs                ; 8 LEs                  ; Yes        ; |FPGA_accelerator|activation_block:act_inst|exp_lut[21][10]    ;
; 7:1                ; 2 bits    ; 8 LEs         ; 0 LEs                ; 8 LEs                  ; Yes        ; |FPGA_accelerator|activation_block:act_inst|exp_lut[20][0]     ;
; 7:1                ; 2 bits    ; 8 LEs         ; 0 LEs                ; 8 LEs                  ; Yes        ; |FPGA_accelerator|activation_block:act_inst|exp_lut[19][0]     ;
; 7:1                ; 2 bits    ; 8 LEs         ; 0 LEs                ; 8 LEs                  ; Yes        ; |FPGA_accelerator|activation_block:act_inst|exp_lut[18][10]    ;
; 7:1                ; 2 bits    ; 8 LEs         ; 0 LEs                ; 8 LEs                  ; Yes        ; |FPGA_accelerator|activation_block:act_inst|exp_lut[17][10]    ;
; 7:1                ; 2 bits    ; 8 LEs         ; 0 LEs                ; 8 LEs                  ; Yes        ; |FPGA_accelerator|activation_block:act_inst|exp_lut[16][0]     ;
; 7:1                ; 2 bits    ; 8 LEs         ; 0 LEs                ; 8 LEs                  ; Yes        ; |FPGA_accelerator|activation_block:act_inst|exp_lut[15][0]     ;
; 7:1                ; 2 bits    ; 8 LEs         ; 0 LEs                ; 8 LEs                  ; Yes        ; |FPGA_accelerator|activation_block:act_inst|exp_lut[14][0]     ;
; 7:1                ; 2 bits    ; 8 LEs         ; 0 LEs                ; 8 LEs                  ; Yes        ; |FPGA_accelerator|activation_block:act_inst|exp_lut[13][0]     ;
; 7:1                ; 2 bits    ; 8 LEs         ; 0 LEs                ; 8 LEs                  ; Yes        ; |FPGA_accelerator|activation_block:act_inst|exp_lut[12][0]     ;
; 7:1                ; 2 bits    ; 8 LEs         ; 0 LEs                ; 8 LEs                  ; Yes        ; |FPGA_accelerator|activation_block:act_inst|exp_lut[11][0]     ;
; 7:1                ; 2 bits    ; 8 LEs         ; 0 LEs                ; 8 LEs                  ; Yes        ; |FPGA_accelerator|activation_block:act_inst|exp_lut[10][0]     ;
; 7:1                ; 2 bits    ; 8 LEs         ; 0 LEs                ; 8 LEs                  ; Yes        ; |FPGA_accelerator|activation_block:act_inst|exp_lut[9][0]      ;
; 7:1                ; 2 bits    ; 8 LEs         ; 0 LEs                ; 8 LEs                  ; Yes        ; |FPGA_accelerator|activation_block:act_inst|exp_lut[8][0]      ;
; 7:1                ; 2 bits    ; 8 LEs         ; 0 LEs                ; 8 LEs                  ; Yes        ; |FPGA_accelerator|activation_block:act_inst|exp_lut[7][0]      ;
; 7:1                ; 2 bits    ; 8 LEs         ; 0 LEs                ; 8 LEs                  ; Yes        ; |FPGA_accelerator|activation_block:act_inst|exp_lut[6][0]      ;
; 7:1                ; 2 bits    ; 8 LEs         ; 0 LEs                ; 8 LEs                  ; Yes        ; |FPGA_accelerator|activation_block:act_inst|exp_lut[5][0]      ;
; 7:1                ; 2 bits    ; 8 LEs         ; 0 LEs                ; 8 LEs                  ; Yes        ; |FPGA_accelerator|activation_block:act_inst|exp_lut[4][0]      ;
; 7:1                ; 2 bits    ; 8 LEs         ; 0 LEs                ; 8 LEs                  ; Yes        ; |FPGA_accelerator|activation_block:act_inst|exp_lut[3][0]      ;
; 7:1                ; 2 bits    ; 8 LEs         ; 0 LEs                ; 8 LEs                  ; Yes        ; |FPGA_accelerator|activation_block:act_inst|exp_lut[2][0]      ;
; 7:1                ; 2 bits    ; 8 LEs         ; 0 LEs                ; 8 LEs                  ; Yes        ; |FPGA_accelerator|activation_block:act_inst|exp_lut[1][0]      ;
; 7:1                ; 4 bits    ; 16 LEs        ; 4 LEs                ; 12 LEs                 ; Yes        ; |FPGA_accelerator|activation_block:act_inst|sigmoid_lut[0][1]  ;
; 10:1               ; 12 bits   ; 72 LEs        ; 48 LEs               ; 24 LEs                 ; Yes        ; |FPGA_accelerator|activation_block:act_inst|output_data[0][4]  ;
; 10:1               ; 12 bits   ; 72 LEs        ; 48 LEs               ; 24 LEs                 ; Yes        ; |FPGA_accelerator|activation_block:act_inst|output_data[1][4]  ;
; 10:1               ; 12 bits   ; 72 LEs        ; 48 LEs               ; 24 LEs                 ; Yes        ; |FPGA_accelerator|activation_block:act_inst|output_data[2][0]  ;
; 10:1               ; 12 bits   ; 72 LEs        ; 48 LEs               ; 24 LEs                 ; Yes        ; |FPGA_accelerator|activation_block:act_inst|output_data[3][11] ;
; 4:1                ; 48 bits   ; 96 LEs        ; 96 LEs               ; 0 LEs                  ; No         ; |FPGA_accelerator|Mux179                                       ;
; 3:1                ; 3 bits    ; 6 LEs         ; 6 LEs                ; 0 LEs                  ; No         ; |FPGA_accelerator|pooling_block:pool_inst|pool_h_cnt           ;
; 3:1                ; 3 bits    ; 6 LEs         ; 6 LEs                ; 0 LEs                  ; No         ; |FPGA_accelerator|pooling_block:pool_inst|pool_w_cnt           ;
; 3:1                ; 2 bits    ; 4 LEs         ; 4 LEs                ; 0 LEs                  ; No         ; |FPGA_accelerator|activation_block:act_inst|Mux12298           ;
; 4:1                ; 2 bits    ; 4 LEs         ; 4 LEs                ; 0 LEs                  ; No         ; |FPGA_accelerator|activation_block:act_inst|Mux12319           ;
; 4:1                ; 24 bits   ; 48 LEs        ; 48 LEs               ; 0 LEs                  ; No         ; |FPGA_accelerator|activation_block:act_inst|out_val            ;
; 3:1                ; 2 bits    ; 4 LEs         ; 4 LEs                ; 0 LEs                  ; No         ; |FPGA_accelerator|activation_block:act_inst|Mux12346           ;
; 4:1                ; 2 bits    ; 4 LEs         ; 4 LEs                ; 0 LEs                  ; No         ; |FPGA_accelerator|activation_block:act_inst|Mux12367           ;
; 4:1                ; 24 bits   ; 48 LEs        ; 48 LEs               ; 0 LEs                  ; No         ; |FPGA_accelerator|activation_block:act_inst|out_val            ;
; 3:1                ; 2 bits    ; 4 LEs         ; 4 LEs                ; 0 LEs                  ; No         ; |FPGA_accelerator|activation_block:act_inst|Mux12413           ;
; 4:1                ; 2 bits    ; 4 LEs         ; 4 LEs                ; 0 LEs                  ; No         ; |FPGA_accelerator|activation_block:act_inst|Mux12399           ;
; 4:1                ; 24 bits   ; 48 LEs        ; 48 LEs               ; 0 LEs                  ; No         ; |FPGA_accelerator|activation_block:act_inst|out_val            ;
; 3:1                ; 2 bits    ; 4 LEs         ; 4 LEs                ; 0 LEs                  ; No         ; |FPGA_accelerator|activation_block:act_inst|Mux12442           ;
; 4:1                ; 2 bits    ; 4 LEs         ; 4 LEs                ; 0 LEs                  ; No         ; |FPGA_accelerator|activation_block:act_inst|Mux12447           ;
; 4:1                ; 24 bits   ; 48 LEs        ; 48 LEs               ; 0 LEs                  ; No         ; |FPGA_accelerator|activation_block:act_inst|out_val            ;
; 3:1                ; 3 bits    ; 6 LEs         ; 6 LEs                ; 0 LEs                  ; No         ; |FPGA_accelerator|convolution_block:conv_inst|kw_cnt           ;
; 3:1                ; 3 bits    ; 6 LEs         ; 6 LEs                ; 0 LEs                  ; No         ; |FPGA_accelerator|convolution_block:conv_inst|kh_cnt           ;
; 3:1                ; 4 bits    ; 8 LEs         ; 8 LEs                ; 0 LEs                  ; No         ; |FPGA_accelerator|convolution_block:conv_inst|in_ch_cnt        ;
; 4:1                ; 2 bits    ; 4 LEs         ; 4 LEs                ; 0 LEs                  ; No         ; |FPGA_accelerator|operation_done                               ;
; 5:1                ; 16 bits   ; 48 LEs        ; 48 LEs               ; 0 LEs                  ; No         ; |FPGA_accelerator|Mux205                                       ;
; 4:1                ; 2 bits    ; 4 LEs         ; 4 LEs                ; 0 LEs                  ; No         ; |FPGA_accelerator|pooling_block:pool_inst|channel_cnt          ;
; 4:1                ; 4 bits    ; 8 LEs         ; 8 LEs                ; 0 LEs                  ; No         ; |FPGA_accelerator|convolution_block:conv_inst|out_ch_cnt       ;
; 5:1                ; 6 bits    ; 18 LEs        ; 18 LEs               ; 0 LEs                  ; No         ; |FPGA_accelerator|activation_block:act_inst|act_sel            ;
; 5:1                ; 6 bits    ; 18 LEs        ; 12 LEs               ; 6 LEs                  ; No         ; |FPGA_accelerator|pooling_block:pool_inst|out_h_cnt            ;
; 5:1                ; 6 bits    ; 18 LEs        ; 12 LEs               ; 6 LEs                  ; No         ; |FPGA_accelerator|convolution_block:conv_inst|out_h_cnt        ;
; 6:1                ; 6 bits    ; 24 LEs        ; 18 LEs               ; 6 LEs                  ; No         ; |FPGA_accelerator|pooling_block:pool_inst|out_w_cnt            ;
; 6:1                ; 6 bits    ; 24 LEs        ; 18 LEs               ; 6 LEs                  ; No         ; |FPGA_accelerator|convolution_block:conv_inst|out_w_cnt        ;
; 6:1                ; 2 bits    ; 8 LEs         ; 4 LEs                ; 4 LEs                  ; No         ; |FPGA_accelerator|convolution_block:conv_inst|Selector60       ;
; 10:1               ; 13 bits   ; 78 LEs        ; 78 LEs               ; 0 LEs                  ; No         ; |FPGA_accelerator|activation_block:act_inst|out_val            ;
; 10:1               ; 13 bits   ; 78 LEs        ; 78 LEs               ; 0 LEs                  ; No         ; |FPGA_accelerator|activation_block:act_inst|out_val            ;
; 10:1               ; 13 bits   ; 78 LEs        ; 78 LEs               ; 0 LEs                  ; No         ; |FPGA_accelerator|activation_block:act_inst|out_val            ;
; 10:1               ; 13 bits   ; 78 LEs        ; 78 LEs               ; 0 LEs                  ; No         ; |FPGA_accelerator|activation_block:act_inst|out_val            ;
; 6:1                ; 3 bits    ; 12 LEs        ; 6 LEs                ; 6 LEs                  ; No         ; |FPGA_accelerator|activation_block:act_inst|Selector211        ;
; 7:1                ; 32 bits   ; 128 LEs       ; 64 LEs               ; 64 LEs                 ; No         ; |FPGA_accelerator|pooling_block:pool_inst|pool_accumulators    ;
; 7:1                ; 32 bits   ; 128 LEs       ; 64 LEs               ; 64 LEs                 ; No         ; |FPGA_accelerator|pooling_block:pool_inst|pool_accumulators    ;
; 7:1                ; 32 bits   ; 128 LEs       ; 64 LEs               ; 64 LEs                 ; No         ; |FPGA_accelerator|pooling_block:pool_inst|pool_accumulators    ;
; 7:1                ; 32 bits   ; 128 LEs       ; 64 LEs               ; 64 LEs                 ; No         ; |FPGA_accelerator|pooling_block:pool_inst|pool_accumulators    ;
; 7:1                ; 2 bits    ; 8 LEs         ; 4 LEs                ; 4 LEs                  ; No         ; |FPGA_accelerator|activation_block:act_inst|Selector213        ;
; 9:1                ; 4 bits    ; 24 LEs        ; 8 LEs                ; 16 LEs                 ; No         ; |FPGA_accelerator|Selector0                                    ;
; 16:1               ; 24 bits   ; 240 LEs       ; 240 LEs              ; 0 LEs                  ; No         ; |FPGA_accelerator|activation_block:act_inst|out_val            ;
; 16:1               ; 24 bits   ; 240 LEs       ; 240 LEs              ; 0 LEs                  ; No         ; |FPGA_accelerator|activation_block:act_inst|out_val            ;
; 16:1               ; 24 bits   ; 240 LEs       ; 240 LEs              ; 0 LEs                  ; No         ; |FPGA_accelerator|activation_block:act_inst|out_val            ;
; 16:1               ; 24 bits   ; 240 LEs       ; 240 LEs              ; 0 LEs                  ; No         ; |FPGA_accelerator|activation_block:act_inst|out_val            ;
+--------------------+-----------+---------------+----------------------+------------------------+------------+----------------------------------------------------------------+


+----------------------------------------------------------------------------------+
; Parameter Settings for User Entity Instance: Top-level Entity: |FPGA_accelerator ;
+----------------+-------+---------------------------------------------------------+
; Parameter Name ; Value ; Type                                                    ;
+----------------+-------+---------------------------------------------------------+
; INPUT_HEIGHT   ; 8     ; Signed Integer                                          ;
; INPUT_WIDTH    ; 8     ; Signed Integer                                          ;
; MAX_CHANNELS   ; 4     ; Signed Integer                                          ;
; PARALLEL_UNITS ; 4     ; Signed Integer                                          ;
+----------------+-------+---------------------------------------------------------+
Note: In order to hide this table in the UI and the text report file, please set the "Show Parameter Settings in Synthesis Report" option in "Analysis and Synthesis Settings -> More Settings" to "Off".


+--------------------------------------------------------------------------+
; Parameter Settings for User Entity Instance: convolution_block:conv_inst ;
+----------------+-------+-------------------------------------------------+
; Parameter Name ; Value ; Type                                            ;
+----------------+-------+-------------------------------------------------+
; input_height   ; 8     ; Signed Integer                                  ;
; input_width    ; 8     ; Signed Integer                                  ;
+----------------+-------+-------------------------------------------------+
Note: In order to hide this table in the UI and the text report file, please set the "Show Parameter Settings in Synthesis Report" option in "Analysis and Synthesis Settings -> More Settings" to "Off".


+----------------------------------------------------------------------+
; Parameter Settings for User Entity Instance: pooling_block:pool_inst ;
+-------------------+-------+------------------------------------------+
; Parameter Name    ; Value ; Type                                     ;
+-------------------+-------+------------------------------------------+
; input_height      ; 8     ; Signed Integer                           ;
; input_width       ; 8     ; Signed Integer                           ;
; parallel_channels ; 4     ; Signed Integer                           ;
+-------------------+-------+------------------------------------------+
Note: In order to hide this table in the UI and the text report file, please set the "Show Parameter Settings in Synthesis Report" option in "Analysis and Synthesis Settings -> More Settings" to "Off".


+------------------------------------------------------------------------+
; Parameter Settings for User Entity Instance: activation_block:act_inst ;
+-----------------+-------+----------------------------------------------+
; Parameter Name  ; Value ; Type                                         ;
+-----------------+-------+----------------------------------------------+
; pipeline_stages ; 3     ; Signed Integer                               ;
; parallel_units  ; 4     ; Signed Integer                               ;
+-----------------+-------+----------------------------------------------+
Note: In order to hide this table in the UI and the text report file, please set the "Show Parameter Settings in Synthesis Report" option in "Analysis and Synthesis Settings -> More Settings" to "Off".


+------------------------------------------------------------------------------------------+
; Parameter Settings for Inferred Entity Instance: pooling_block:pool_inst|lpm_divide:Div0 ;
+------------------------+----------------+------------------------------------------------+
; Parameter Name         ; Value          ; Type                                           ;
+------------------------+----------------+------------------------------------------------+
; LPM_WIDTHN             ; 6              ; Untyped                                        ;
; LPM_WIDTHD             ; 5              ; Untyped                                        ;
; LPM_NREPRESENTATION    ; SIGNED         ; Untyped                                        ;
; LPM_DREPRESENTATION    ; SIGNED         ; Untyped                                        ;
; LPM_PIPELINE           ; 0              ; Untyped                                        ;
; LPM_REMAINDERPOSITIVE  ; FALSE          ; Untyped                                        ;
; MAXIMIZE_SPEED         ; 5              ; Untyped                                        ;
; CBXI_PARAMETER         ; lpm_divide_tno ; Untyped                                        ;
; CARRY_CHAIN            ; MANUAL         ; Untyped                                        ;
; OPTIMIZE_FOR_SPEED     ; 5              ; Untyped                                        ;
; AUTO_CARRY_CHAINS      ; ON             ; AUTO_CARRY                                     ;
; IGNORE_CARRY_BUFFERS   ; OFF            ; IGNORE_CARRY                                   ;
; AUTO_CASCADE_CHAINS    ; ON             ; AUTO_CASCADE                                   ;
; IGNORE_CASCADE_BUFFERS ; OFF            ; IGNORE_CASCADE                                 ;
+------------------------+----------------+------------------------------------------------+
Note: In order to hide this table in the UI and the text report file, please set the "Show Parameter Settings in Synthesis Report" option in "Analysis and Synthesis Settings -> More Settings" to "Off".


+------------------------------------------------------------------------------------------+
; Parameter Settings for Inferred Entity Instance: pooling_block:pool_inst|lpm_divide:Div1 ;
+------------------------+----------------+------------------------------------------------+
; Parameter Name         ; Value          ; Type                                           ;
+------------------------+----------------+------------------------------------------------+
; LPM_WIDTHN             ; 32             ; Untyped                                        ;
; LPM_WIDTHD             ; 8              ; Untyped                                        ;
; LPM_NREPRESENTATION    ; SIGNED         ; Untyped                                        ;
; LPM_DREPRESENTATION    ; SIGNED         ; Untyped                                        ;
; LPM_PIPELINE           ; 0              ; Untyped                                        ;
; LPM_REMAINDERPOSITIVE  ; FALSE          ; Untyped                                        ;
; MAXIMIZE_SPEED         ; 5              ; Untyped                                        ;
; CBXI_PARAMETER         ; lpm_divide_epo ; Untyped                                        ;
; CARRY_CHAIN            ; MANUAL         ; Untyped                                        ;
; OPTIMIZE_FOR_SPEED     ; 5              ; Untyped                                        ;
; AUTO_CARRY_CHAINS      ; ON             ; AUTO_CARRY                                     ;
; IGNORE_CARRY_BUFFERS   ; OFF            ; IGNORE_CARRY                                   ;
; AUTO_CASCADE_CHAINS    ; ON             ; AUTO_CASCADE                                   ;
; IGNORE_CASCADE_BUFFERS ; OFF            ; IGNORE_CASCADE                                 ;
+------------------------+----------------+------------------------------------------------+
Note: In order to hide this table in the UI and the text report file, please set the "Show Parameter Settings in Synthesis Report" option in "Analysis and Synthesis Settings -> More Settings" to "Off".


+------------------------------------------------------------------------------------------+
; Parameter Settings for Inferred Entity Instance: pooling_block:pool_inst|lpm_divide:Div2 ;
+------------------------+----------------+------------------------------------------------+
; Parameter Name         ; Value          ; Type                                           ;
+------------------------+----------------+------------------------------------------------+
; LPM_WIDTHN             ; 32             ; Untyped                                        ;
; LPM_WIDTHD             ; 8              ; Untyped                                        ;
; LPM_NREPRESENTATION    ; SIGNED         ; Untyped                                        ;
; LPM_DREPRESENTATION    ; SIGNED         ; Untyped                                        ;
; LPM_PIPELINE           ; 0              ; Untyped                                        ;
; LPM_REMAINDERPOSITIVE  ; FALSE          ; Untyped                                        ;
; MAXIMIZE_SPEED         ; 5              ; Untyped                                        ;
; CBXI_PARAMETER         ; lpm_divide_epo ; Untyped                                        ;
; CARRY_CHAIN            ; MANUAL         ; Untyped                                        ;
; OPTIMIZE_FOR_SPEED     ; 5              ; Untyped                                        ;
; AUTO_CARRY_CHAINS      ; ON             ; AUTO_CARRY                                     ;
; IGNORE_CARRY_BUFFERS   ; OFF            ; IGNORE_CARRY                                   ;
; AUTO_CASCADE_CHAINS    ; ON             ; AUTO_CASCADE                                   ;
; IGNORE_CASCADE_BUFFERS ; OFF            ; IGNORE_CASCADE                                 ;
+------------------------+----------------+------------------------------------------------+
Note: In order to hide this table in the UI and the text report file, please set the "Show Parameter Settings in Synthesis Report" option in "Analysis and Synthesis Settings -> More Settings" to "Off".


+------------------------------------------------------------------------------------------+
; Parameter Settings for Inferred Entity Instance: pooling_block:pool_inst|lpm_divide:Div3 ;
+------------------------+----------------+------------------------------------------------+
; Parameter Name         ; Value          ; Type                                           ;
+------------------------+----------------+------------------------------------------------+
; LPM_WIDTHN             ; 32             ; Untyped                                        ;
; LPM_WIDTHD             ; 8              ; Untyped                                        ;
; LPM_NREPRESENTATION    ; SIGNED         ; Untyped                                        ;
; LPM_DREPRESENTATION    ; SIGNED         ; Untyped                                        ;
; LPM_PIPELINE           ; 0              ; Untyped                                        ;
; LPM_REMAINDERPOSITIVE  ; FALSE          ; Untyped                                        ;
; MAXIMIZE_SPEED         ; 5              ; Untyped                                        ;
; CBXI_PARAMETER         ; lpm_divide_epo ; Untyped                                        ;
; CARRY_CHAIN            ; MANUAL         ; Untyped                                        ;
; OPTIMIZE_FOR_SPEED     ; 5              ; Untyped                                        ;
; AUTO_CARRY_CHAINS      ; ON             ; AUTO_CARRY                                     ;
; IGNORE_CARRY_BUFFERS   ; OFF            ; IGNORE_CARRY                                   ;
; AUTO_CASCADE_CHAINS    ; ON             ; AUTO_CASCADE                                   ;
; IGNORE_CASCADE_BUFFERS ; OFF            ; IGNORE_CASCADE                                 ;
+------------------------+----------------+------------------------------------------------+
Note: In order to hide this table in the UI and the text report file, please set the "Show Parameter Settings in Synthesis Report" option in "Analysis and Synthesis Settings -> More Settings" to "Off".


+------------------------------------------------------------------------------------------+
; Parameter Settings for Inferred Entity Instance: pooling_block:pool_inst|lpm_divide:Div4 ;
+------------------------+----------------+------------------------------------------------+
; Parameter Name         ; Value          ; Type                                           ;
+------------------------+----------------+------------------------------------------------+
; LPM_WIDTHN             ; 32             ; Untyped                                        ;
; LPM_WIDTHD             ; 8              ; Untyped                                        ;
; LPM_NREPRESENTATION    ; SIGNED         ; Untyped                                        ;
; LPM_DREPRESENTATION    ; SIGNED         ; Untyped                                        ;
; LPM_PIPELINE           ; 0              ; Untyped                                        ;
; LPM_REMAINDERPOSITIVE  ; FALSE          ; Untyped                                        ;
; MAXIMIZE_SPEED         ; 5              ; Untyped                                        ;
; CBXI_PARAMETER         ; lpm_divide_epo ; Untyped                                        ;
; CARRY_CHAIN            ; MANUAL         ; Untyped                                        ;
; OPTIMIZE_FOR_SPEED     ; 5              ; Untyped                                        ;
; AUTO_CARRY_CHAINS      ; ON             ; AUTO_CARRY                                     ;
; IGNORE_CARRY_BUFFERS   ; OFF            ; IGNORE_CARRY                                   ;
; AUTO_CASCADE_CHAINS    ; ON             ; AUTO_CASCADE                                   ;
; IGNORE_CASCADE_BUFFERS ; OFF            ; IGNORE_CASCADE                                 ;
+------------------------+----------------+------------------------------------------------+
Note: In order to hide this table in the UI and the text report file, please set the "Show Parameter Settings in Synthesis Report" option in "Analysis and Synthesis Settings -> More Settings" to "Off".


+----------------------------------------------------------------------------------------------+
; Parameter Settings for Inferred Entity Instance: convolution_block:conv_inst|lpm_divide:Div0 ;
+------------------------+----------------+----------------------------------------------------+
; Parameter Name         ; Value          ; Type                                               ;
+------------------------+----------------+----------------------------------------------------+
; LPM_WIDTHN             ; 7              ; Untyped                                            ;
; LPM_WIDTHD             ; 4              ; Untyped                                            ;
; LPM_NREPRESENTATION    ; SIGNED         ; Untyped                                            ;
; LPM_DREPRESENTATION    ; SIGNED         ; Untyped                                            ;
; LPM_PIPELINE           ; 0              ; Untyped                                            ;
; LPM_REMAINDERPOSITIVE  ; FALSE          ; Untyped                                            ;
; MAXIMIZE_SPEED         ; 5              ; Untyped                                            ;
; CBXI_PARAMETER         ; lpm_divide_sno ; Untyped                                            ;
; CARRY_CHAIN            ; MANUAL         ; Untyped                                            ;
; OPTIMIZE_FOR_SPEED     ; 5              ; Untyped                                            ;
; AUTO_CARRY_CHAINS      ; ON             ; AUTO_CARRY                                         ;
; IGNORE_CARRY_BUFFERS   ; OFF            ; IGNORE_CARRY                                       ;
; AUTO_CASCADE_CHAINS    ; ON             ; AUTO_CASCADE                                       ;
; IGNORE_CASCADE_BUFFERS ; OFF            ; IGNORE_CASCADE                                     ;
+------------------------+----------------+----------------------------------------------------+
Note: In order to hide this table in the UI and the text report file, please set the "Show Parameter Settings in Synthesis Report" option in "Analysis and Synthesis Settings -> More Settings" to "Off".


+-----------------------------------------------------------------------------------------------------------------------------+
; Port Connectivity Checks: "activation_block:act_inst"                                                                       ;
+-------------------+--------+----------+-------------------------------------------------------------------------------------+
; Port              ; Type   ; Severity ; Details                                                                             ;
+-------------------+--------+----------+-------------------------------------------------------------------------------------+
; busy              ; Output ; Info     ; Connected to dangling logic. Logic that only feeds a dangling port will be removed. ;
; input_addr        ; Output ; Info     ; Connected to dangling logic. Logic that only feeds a dangling port will be removed. ;
; input_read_en     ; Output ; Info     ; Connected to dangling logic. Logic that only feeds a dangling port will be removed. ;
; output_addr       ; Output ; Info     ; Connected to dangling logic. Logic that only feeds a dangling port will be removed. ;
; output_write_en   ; Output ; Info     ; Connected to dangling logic. Logic that only feeds a dangling port will be removed. ;
; current_element   ; Output ; Info     ; Connected to dangling logic. Logic that only feeds a dangling port will be removed. ;
; processing_cycles ; Output ; Info     ; Connected to dangling logic. Logic that only feeds a dangling port will be removed. ;
+-------------------+--------+----------+-------------------------------------------------------------------------------------+


+---------------------------------------------------------------------------------------------------------------------------------+
; Port Connectivity Checks: "pooling_block:pool_inst"                                                                             ;
+-----------------------+--------+----------+-------------------------------------------------------------------------------------+
; Port                  ; Type   ; Severity ; Details                                                                             ;
+-----------------------+--------+----------+-------------------------------------------------------------------------------------+
; busy                  ; Output ; Info     ; Connected to dangling logic. Logic that only feeds a dangling port will be removed. ;
; config.channels[4..3] ; Input  ; Info     ; Stuck at GND                                                                        ;
; input_addr            ; Output ; Info     ; Connected to dangling logic. Logic that only feeds a dangling port will be removed. ;
; input_read_en         ; Output ; Info     ; Connected to dangling logic. Logic that only feeds a dangling port will be removed. ;
; output_addr           ; Output ; Info     ; Connected to dangling logic. Logic that only feeds a dangling port will be removed. ;
; output_write_en       ; Output ; Info     ; Connected to dangling logic. Logic that only feeds a dangling port will be removed. ;
; current_position      ; Output ; Info     ; Connected to dangling logic. Logic that only feeds a dangling port will be removed. ;
; processing_cycles     ; Output ; Info     ; Connected to dangling logic. Logic that only feeds a dangling port will be removed. ;
; pool_window_count     ; Output ; Info     ; Connected to dangling logic. Logic that only feeds a dangling port will be removed. ;
+-----------------------+--------+----------+-------------------------------------------------------------------------------------+


+----------------------------------------------------------------------------------------------------------------------------------------+
; Port Connectivity Checks: "convolution_block:conv_inst"                                                                                ;
+------------------------------+--------+----------+-------------------------------------------------------------------------------------+
; Port                         ; Type   ; Severity ; Details                                                                             ;
+------------------------------+--------+----------+-------------------------------------------------------------------------------------+
; config.input_channels[4..3]  ; Input  ; Info     ; Stuck at GND                                                                        ;
; config.output_channels[4..3] ; Input  ; Info     ; Stuck at GND                                                                        ;
; input_addr                   ; Output ; Info     ; Connected to dangling logic. Logic that only feeds a dangling port will be removed. ;
; input_read_en                ; Output ; Info     ; Connected to dangling logic. Logic that only feeds a dangling port will be removed. ;
; weight_addr                  ; Output ; Info     ; Connected to dangling logic. Logic that only feeds a dangling port will be removed. ;
; weight_read_en               ; Output ; Info     ; Connected to dangling logic. Logic that only feeds a dangling port will be removed. ;
; bias_addr                    ; Output ; Info     ; Connected to dangling logic. Logic that only feeds a dangling port will be removed. ;
; bias_read_en                 ; Output ; Info     ; Connected to dangling logic. Logic that only feeds a dangling port will be removed. ;
; output_addr                  ; Output ; Info     ; Connected to dangling logic. Logic that only feeds a dangling port will be removed. ;
; output_write_en              ; Output ; Info     ; Connected to dangling logic. Logic that only feeds a dangling port will be removed. ;
+------------------------------+--------+----------+-------------------------------------------------------------------------------------+


+-----------------------------------------------------+
; Post-Synthesis Netlist Statistics for Top Partition ;
+-----------------------+-----------------------------+
; Type                  ; Count                       ;
+-----------------------+-----------------------------+
; arriav_ff             ; 394                         ;
;     CLR               ; 208                         ;
;     CLR SLD           ; 24                          ;
;     ENA               ; 56                          ;
;     ENA CLR           ; 2                           ;
;     ENA CLR SLD       ; 24                          ;
;     ENA SCLR          ; 16                          ;
;     SCLR              ; 64                          ;
; arriav_lcell_comb     ; 3887                        ;
;     arith             ; 1767                        ;
;         0 data inputs ; 255                         ;
;         1 data inputs ; 162                         ;
;         2 data inputs ; 295                         ;
;         3 data inputs ; 122                         ;
;         4 data inputs ; 560                         ;
;         5 data inputs ; 373                         ;
;     extend            ; 10                          ;
;         7 data inputs ; 10                          ;
;     normal            ; 2067                        ;
;         0 data inputs ; 1                           ;
;         1 data inputs ; 50                          ;
;         2 data inputs ; 956                         ;
;         3 data inputs ; 91                          ;
;         4 data inputs ; 624                         ;
;         5 data inputs ; 119                         ;
;         6 data inputs ; 226                         ;
;     shared            ; 43                          ;
;         0 data inputs ; 14                          ;
;         1 data inputs ; 1                           ;
;         2 data inputs ; 14                          ;
;         3 data inputs ; 1                           ;
;         4 data inputs ; 13                          ;
; arriav_mac            ; 1                           ;
; boundary_port         ; 285                         ;
;                       ;                             ;
; Max LUT depth         ; 67.70                       ;
; Average LUT depth     ; 47.98                       ;
+-----------------------+-----------------------------+


+-------------------------------+
; Elapsed Time Per Partition    ;
+----------------+--------------+
; Partition Name ; Elapsed Time ;
+----------------+--------------+
; Top            ; 00:00:28     ;
+----------------+--------------+


+-------------------------------+
; Analysis & Synthesis Messages ;
+-------------------------------+
Info: *******************************************************************
Info: Running Quartus Prime Analysis & Synthesis
    Info: Version 24.1std.0 Build 1077 03/04/2025 SC Lite Edition
    Info: Processing started: Wed Sep 24 22:38:20 2025
Info: Command: quartus_map --read_settings_files=on --write_settings_files=off FPGA_accelerator -c FPGA_accelerator
Warning (18236): Number of processors has not been specified which may cause overloading on shared machines.  Set the global assignment NUM_PARALLEL_PROCESSORS in your QSF to an appropriate value for best performance.
Info (20030): Parallel compilation is enabled and will use 12 of the 12 processors detected
Info (12021): Found 3 design units, including 1 entities, in source file fpga_accelerator.vhd
    Info (12022): Found design unit 1: accel_types File: C:/Users/cenic/OneDrive/Desktop/NEURAX/neurax/FPGA/FPGA_accelerator.vhd Line: 7
    Info (12022): Found design unit 2: FPGA_accelerator-behavioral File: C:/Users/cenic/OneDrive/Desktop/NEURAX/neurax/FPGA/FPGA_accelerator.vhd Line: 136
    Info (12023): Found entity 1: FPGA_accelerator File: C:/Users/cenic/OneDrive/Desktop/NEURAX/neurax/FPGA/FPGA_accelerator.vhd Line: 67
Info (12021): Found 2 design units, including 1 entities, in source file pooling_block.vhd
    Info (12022): Found design unit 1: pooling_block-behavioral File: C:/Users/cenic/OneDrive/Desktop/NEURAX/neurax/FPGA/pooling_block.vhd Line: 50
    Info (12023): Found entity 1: pooling_block File: C:/Users/cenic/OneDrive/Desktop/NEURAX/neurax/FPGA/pooling_block.vhd Line: 11
Info (12127): Elaborating entity "FPGA_accelerator" for the top level hierarchy
Warning (10036): Verilog HDL or VHDL warning at FPGA_accelerator.vhd(234): object "pool_busy" assigned a value but never read File: C:/Users/cenic/OneDrive/Desktop/NEURAX/neurax/FPGA/FPGA_accelerator.vhd Line: 234
Warning (10036): Verilog HDL or VHDL warning at FPGA_accelerator.vhd(235): object "act_busy" assigned a value but never read File: C:/Users/cenic/OneDrive/Desktop/NEURAX/neurax/FPGA/FPGA_accelerator.vhd Line: 235
Warning (10036): Verilog HDL or VHDL warning at FPGA_accelerator.vhd(254): object "conv_input_addr" assigned a value but never read File: C:/Users/cenic/OneDrive/Desktop/NEURAX/neurax/FPGA/FPGA_accelerator.vhd Line: 254
Warning (10036): Verilog HDL or VHDL warning at FPGA_accelerator.vhd(254): object "conv_weight_addr" assigned a value but never read File: C:/Users/cenic/OneDrive/Desktop/NEURAX/neurax/FPGA/FPGA_accelerator.vhd Line: 254
Warning (10036): Verilog HDL or VHDL warning at FPGA_accelerator.vhd(254): object "conv_output_addr" assigned a value but never read File: C:/Users/cenic/OneDrive/Desktop/NEURAX/neurax/FPGA/FPGA_accelerator.vhd Line: 254
Warning (10036): Verilog HDL or VHDL warning at FPGA_accelerator.vhd(255): object "conv_bias_addr" assigned a value but never read File: C:/Users/cenic/OneDrive/Desktop/NEURAX/neurax/FPGA/FPGA_accelerator.vhd Line: 255
Warning (10036): Verilog HDL or VHDL warning at FPGA_accelerator.vhd(256): object "conv_input_read_en" assigned a value but never read File: C:/Users/cenic/OneDrive/Desktop/NEURAX/neurax/FPGA/FPGA_accelerator.vhd Line: 256
Warning (10036): Verilog HDL or VHDL warning at FPGA_accelerator.vhd(256): object "conv_weight_read_en" assigned a value but never read File: C:/Users/cenic/OneDrive/Desktop/NEURAX/neurax/FPGA/FPGA_accelerator.vhd Line: 256
Warning (10036): Verilog HDL or VHDL warning at FPGA_accelerator.vhd(256): object "conv_bias_read_en" assigned a value but never read File: C:/Users/cenic/OneDrive/Desktop/NEURAX/neurax/FPGA/FPGA_accelerator.vhd Line: 256
Warning (10036): Verilog HDL or VHDL warning at FPGA_accelerator.vhd(256): object "conv_output_write_en" assigned a value but never read File: C:/Users/cenic/OneDrive/Desktop/NEURAX/neurax/FPGA/FPGA_accelerator.vhd Line: 256
Warning (10036): Verilog HDL or VHDL warning at FPGA_accelerator.vhd(258): object "pool_input_addr" assigned a value but never read File: C:/Users/cenic/OneDrive/Desktop/NEURAX/neurax/FPGA/FPGA_accelerator.vhd Line: 258
Warning (10036): Verilog HDL or VHDL warning at FPGA_accelerator.vhd(258): object "pool_output_addr" assigned a value but never read File: C:/Users/cenic/OneDrive/Desktop/NEURAX/neurax/FPGA/FPGA_accelerator.vhd Line: 258
Warning (10036): Verilog HDL or VHDL warning at FPGA_accelerator.vhd(259): object "pool_input_read_en" assigned a value but never read File: C:/Users/cenic/OneDrive/Desktop/NEURAX/neurax/FPGA/FPGA_accelerator.vhd Line: 259
Warning (10036): Verilog HDL or VHDL warning at FPGA_accelerator.vhd(259): object "pool_output_write_en" assigned a value but never read File: C:/Users/cenic/OneDrive/Desktop/NEURAX/neurax/FPGA/FPGA_accelerator.vhd Line: 259
Warning (10036): Verilog HDL or VHDL warning at FPGA_accelerator.vhd(260): object "pool_current_position" assigned a value but never read File: C:/Users/cenic/OneDrive/Desktop/NEURAX/neurax/FPGA/FPGA_accelerator.vhd Line: 260
Warning (10036): Verilog HDL or VHDL warning at FPGA_accelerator.vhd(260): object "pool_cycles" assigned a value but never read File: C:/Users/cenic/OneDrive/Desktop/NEURAX/neurax/FPGA/FPGA_accelerator.vhd Line: 260
Warning (10036): Verilog HDL or VHDL warning at FPGA_accelerator.vhd(261): object "pool_window_count" assigned a value but never read File: C:/Users/cenic/OneDrive/Desktop/NEURAX/neurax/FPGA/FPGA_accelerator.vhd Line: 261
Warning (10036): Verilog HDL or VHDL warning at FPGA_accelerator.vhd(263): object "act_input_addr" assigned a value but never read File: C:/Users/cenic/OneDrive/Desktop/NEURAX/neurax/FPGA/FPGA_accelerator.vhd Line: 263
Warning (10036): Verilog HDL or VHDL warning at FPGA_accelerator.vhd(263): object "act_output_addr" assigned a value but never read File: C:/Users/cenic/OneDrive/Desktop/NEURAX/neurax/FPGA/FPGA_accelerator.vhd Line: 263
Warning (10036): Verilog HDL or VHDL warning at FPGA_accelerator.vhd(264): object "act_input_read_en" assigned a value but never read File: C:/Users/cenic/OneDrive/Desktop/NEURAX/neurax/FPGA/FPGA_accelerator.vhd Line: 264
Warning (10036): Verilog HDL or VHDL warning at FPGA_accelerator.vhd(264): object "act_output_write_en" assigned a value but never read File: C:/Users/cenic/OneDrive/Desktop/NEURAX/neurax/FPGA/FPGA_accelerator.vhd Line: 264
Warning (10036): Verilog HDL or VHDL warning at FPGA_accelerator.vhd(265): object "act_current_element" assigned a value but never read File: C:/Users/cenic/OneDrive/Desktop/NEURAX/neurax/FPGA/FPGA_accelerator.vhd Line: 265
Warning (10036): Verilog HDL or VHDL warning at FPGA_accelerator.vhd(266): object "act_cycles" assigned a value but never read File: C:/Users/cenic/OneDrive/Desktop/NEURAX/neurax/FPGA/FPGA_accelerator.vhd Line: 266
Warning (12125): Using design file convolution_block.vhd, which is not specified as a design file for the current project, but contains definitions for 2 design units and 1 entities in project
    Info (12022): Found design unit 1: convolution_block-behavioral File: C:/Users/cenic/OneDrive/Desktop/NEURAX/neurax/FPGA/convolution_block.vhd Line: 58
    Info (12023): Found entity 1: convolution_block File: C:/Users/cenic/OneDrive/Desktop/NEURAX/neurax/FPGA/convolution_block.vhd Line: 14
Info (12128): Elaborating entity "convolution_block" for hierarchy "convolution_block:conv_inst" File: C:/Users/cenic/OneDrive/Desktop/NEURAX/neurax/FPGA/FPGA_accelerator.vhd Line: 291
Warning (10492): VHDL Process Statement warning at convolution_block.vhd(191): signal "output_height" is read inside the Process Statement but isn't in the Process Statement's sensitivity list File: C:/Users/cenic/OneDrive/Desktop/NEURAX/neurax/FPGA/convolution_block.vhd Line: 191
Warning (10492): VHDL Process Statement warning at convolution_block.vhd(192): signal "output_width" is read inside the Process Statement but isn't in the Process Statement's sensitivity list File: C:/Users/cenic/OneDrive/Desktop/NEURAX/neurax/FPGA/convolution_block.vhd Line: 192
Warning (10492): VHDL Process Statement warning at convolution_block.vhd(238): signal "output_height" is read inside the Process Statement but isn't in the Process Statement's sensitivity list File: C:/Users/cenic/OneDrive/Desktop/NEURAX/neurax/FPGA/convolution_block.vhd Line: 238
Warning (10492): VHDL Process Statement warning at convolution_block.vhd(238): signal "output_width" is read inside the Process Statement but isn't in the Process Statement's sensitivity list File: C:/Users/cenic/OneDrive/Desktop/NEURAX/neurax/FPGA/convolution_block.vhd Line: 238
Info (12128): Elaborating entity "pooling_block" for hierarchy "pooling_block:pool_inst" File: C:/Users/cenic/OneDrive/Desktop/NEURAX/neurax/FPGA/FPGA_accelerator.vhd Line: 322
Warning (10036): Verilog HDL or VHDL warning at pooling_block.vhd(80): object "window_buffer" assigned a value but never read File: C:/Users/cenic/OneDrive/Desktop/NEURAX/neurax/FPGA/pooling_block.vhd Line: 80
Warning (10036): Verilog HDL or VHDL warning at pooling_block.vhd(81): object "window_valid" assigned a value but never read File: C:/Users/cenic/OneDrive/Desktop/NEURAX/neurax/FPGA/pooling_block.vhd Line: 81
Info (10008): Verilog HDL or VHDL information: EDA Netlist Writer cannot regroup multidimensional array "window_buffer" into its bus
Warning (12125): Using design file activation_block.vhd, which is not specified as a design file for the current project, but contains definitions for 2 design units and 1 entities in project
    Info (12022): Found design unit 1: activation_block-behavioral File: C:/Users/cenic/OneDrive/Desktop/NEURAX/neurax/FPGA/activation_block.vhd Line: 45
    Info (12023): Found entity 1: activation_block File: C:/Users/cenic/OneDrive/Desktop/NEURAX/neurax/FPGA/activation_block.vhd Line: 7
Info (12128): Elaborating entity "activation_block" for hierarchy "activation_block:act_inst" File: C:/Users/cenic/OneDrive/Desktop/NEURAX/neurax/FPGA/FPGA_accelerator.vhd Line: 350
Info (278001): Inferred 6 megafunctions from design logic
    Info (278004): Inferred divider/modulo megafunction ("lpm_divide") from the following logic: "pooling_block:pool_inst|Div0" File: C:/Users/cenic/OneDrive/Desktop/NEURAX/neurax/FPGA/pooling_block.vhd Line: 92
    Info (278004): Inferred divider/modulo megafunction ("lpm_divide") from the following logic: "pooling_block:pool_inst|Div1" File: C:/Users/cenic/OneDrive/Desktop/NEURAX/neurax/FPGA/pooling_block.vhd Line: 236
    Info (278004): Inferred divider/modulo megafunction ("lpm_divide") from the following logic: "pooling_block:pool_inst|Div2" File: C:/Users/cenic/OneDrive/Desktop/NEURAX/neurax/FPGA/pooling_block.vhd Line: 236
    Info (278004): Inferred divider/modulo megafunction ("lpm_divide") from the following logic: "pooling_block:pool_inst|Div3" File: C:/Users/cenic/OneDrive/Desktop/NEURAX/neurax/FPGA/pooling_block.vhd Line: 236
    Info (278004): Inferred divider/modulo megafunction ("lpm_divide") from the following logic: "pooling_block:pool_inst|Div4" File: C:/Users/cenic/OneDrive/Desktop/NEURAX/neurax/FPGA/pooling_block.vhd Line: 236
    Info (278004): Inferred divider/modulo megafunction ("lpm_divide") from the following logic: "convolution_block:conv_inst|Div0" File: C:/Users/cenic/OneDrive/Desktop/NEURAX/neurax/FPGA/convolution_block.vhd Line: 89
Info (12130): Elaborated megafunction instantiation "pooling_block:pool_inst|lpm_divide:Div0" File: C:/Users/cenic/OneDrive/Desktop/NEURAX/neurax/FPGA/pooling_block.vhd Line: 92
Info (12133): Instantiated megafunction "pooling_block:pool_inst|lpm_divide:Div0" with the following parameter: File: C:/Users/cenic/OneDrive/Desktop/NEURAX/neurax/FPGA/pooling_block.vhd Line: 92
    Info (12134): Parameter "LPM_WIDTHN" = "6"
    Info (12134): Parameter "LPM_WIDTHD" = "5"
    Info (12134): Parameter "LPM_NREPRESENTATION" = "SIGNED"
    Info (12134): Parameter "LPM_DREPRESENTATION" = "SIGNED"
    Info (12134): Parameter "LPM_HINT" = "LPM_REMAINDERPOSITIVE=FALSE"
Info (12021): Found 1 design units, including 1 entities, in source file db/lpm_divide_tno.tdf
    Info (12023): Found entity 1: lpm_divide_tno File: C:/Users/cenic/OneDrive/Desktop/NEURAX/neurax/FPGA/db/lpm_divide_tno.tdf Line: 25
Info (12021): Found 1 design units, including 1 entities, in source file db/abs_divider_6ag.tdf
    Info (12023): Found entity 1: abs_divider_6ag File: C:/Users/cenic/OneDrive/Desktop/NEURAX/neurax/FPGA/db/abs_divider_6ag.tdf Line: 29
Info (12021): Found 1 design units, including 1 entities, in source file db/alt_u_div_rse.tdf
    Info (12023): Found entity 1: alt_u_div_rse File: C:/Users/cenic/OneDrive/Desktop/NEURAX/neurax/FPGA/db/alt_u_div_rse.tdf Line: 23
Info (12021): Found 1 design units, including 1 entities, in source file db/lpm_abs_kn9.tdf
    Info (12023): Found entity 1: lpm_abs_kn9 File: C:/Users/cenic/OneDrive/Desktop/NEURAX/neurax/FPGA/db/lpm_abs_kn9.tdf Line: 23
Info (12021): Found 1 design units, including 1 entities, in source file db/lpm_abs_ln9.tdf
    Info (12023): Found entity 1: lpm_abs_ln9 File: C:/Users/cenic/OneDrive/Desktop/NEURAX/neurax/FPGA/db/lpm_abs_ln9.tdf Line: 23
Info (12130): Elaborated megafunction instantiation "pooling_block:pool_inst|lpm_divide:Div1" File: C:/Users/cenic/OneDrive/Desktop/NEURAX/neurax/FPGA/pooling_block.vhd Line: 236
Info (12133): Instantiated megafunction "pooling_block:pool_inst|lpm_divide:Div1" with the following parameter: File: C:/Users/cenic/OneDrive/Desktop/NEURAX/neurax/FPGA/pooling_block.vhd Line: 236
    Info (12134): Parameter "LPM_WIDTHN" = "32"
    Info (12134): Parameter "LPM_WIDTHD" = "8"
    Info (12134): Parameter "LPM_NREPRESENTATION" = "SIGNED"
    Info (12134): Parameter "LPM_DREPRESENTATION" = "SIGNED"
    Info (12134): Parameter "LPM_HINT" = "LPM_REMAINDERPOSITIVE=FALSE"
Info (12021): Found 1 design units, including 1 entities, in source file db/lpm_divide_epo.tdf
    Info (12023): Found entity 1: lpm_divide_epo File: C:/Users/cenic/OneDrive/Desktop/NEURAX/neurax/FPGA/db/lpm_divide_epo.tdf Line: 25
Info (12021): Found 1 design units, including 1 entities, in source file db/abs_divider_nbg.tdf
    Info (12023): Found entity 1: abs_divider_nbg File: C:/Users/cenic/OneDrive/Desktop/NEURAX/neurax/FPGA/db/abs_divider_nbg.tdf Line: 29
Info (12021): Found 1 design units, including 1 entities, in source file db/alt_u_div_uve.tdf
    Info (12023): Found entity 1: alt_u_div_uve File: C:/Users/cenic/OneDrive/Desktop/NEURAX/neurax/FPGA/db/alt_u_div_uve.tdf Line: 23
Info (12021): Found 1 design units, including 1 entities, in source file db/lpm_abs_nn9.tdf
    Info (12023): Found entity 1: lpm_abs_nn9 File: C:/Users/cenic/OneDrive/Desktop/NEURAX/neurax/FPGA/db/lpm_abs_nn9.tdf Line: 23
Info (12021): Found 1 design units, including 1 entities, in source file db/lpm_abs_4p9.tdf
    Info (12023): Found entity 1: lpm_abs_4p9 File: C:/Users/cenic/OneDrive/Desktop/NEURAX/neurax/FPGA/db/lpm_abs_4p9.tdf Line: 23
Info (12130): Elaborated megafunction instantiation "convolution_block:conv_inst|lpm_divide:Div0" File: C:/Users/cenic/OneDrive/Desktop/NEURAX/neurax/FPGA/convolution_block.vhd Line: 89
Info (12133): Instantiated megafunction "convolution_block:conv_inst|lpm_divide:Div0" with the following parameter: File: C:/Users/cenic/OneDrive/Desktop/NEURAX/neurax/FPGA/convolution_block.vhd Line: 89
    Info (12134): Parameter "LPM_WIDTHN" = "7"
    Info (12134): Parameter "LPM_WIDTHD" = "4"
    Info (12134): Parameter "LPM_NREPRESENTATION" = "SIGNED"
    Info (12134): Parameter "LPM_DREPRESENTATION" = "SIGNED"
    Info (12134): Parameter "LPM_HINT" = "LPM_REMAINDERPOSITIVE=FALSE"
Info (12021): Found 1 design units, including 1 entities, in source file db/lpm_divide_sno.tdf
    Info (12023): Found entity 1: lpm_divide_sno File: C:/Users/cenic/OneDrive/Desktop/NEURAX/neurax/FPGA/db/lpm_divide_sno.tdf Line: 25
Info (12021): Found 1 design units, including 1 entities, in source file db/abs_divider_5ag.tdf
    Info (12023): Found entity 1: abs_divider_5ag File: C:/Users/cenic/OneDrive/Desktop/NEURAX/neurax/FPGA/db/abs_divider_5ag.tdf Line: 29
Info (12021): Found 1 design units, including 1 entities, in source file db/alt_u_div_qse.tdf
    Info (12023): Found entity 1: alt_u_div_qse File: C:/Users/cenic/OneDrive/Desktop/NEURAX/neurax/FPGA/db/alt_u_div_qse.tdf Line: 23
Info (12021): Found 1 design units, including 1 entities, in source file db/lpm_abs_jn9.tdf
    Info (12023): Found entity 1: lpm_abs_jn9 File: C:/Users/cenic/OneDrive/Desktop/NEURAX/neurax/FPGA/db/lpm_abs_jn9.tdf Line: 23
Info (12021): Found 1 design units, including 1 entities, in source file db/lpm_abs_mn9.tdf
    Info (12023): Found entity 1: lpm_abs_mn9 File: C:/Users/cenic/OneDrive/Desktop/NEURAX/neurax/FPGA/db/lpm_abs_mn9.tdf Line: 23
Warning (13024): Output pins are stuck at VCC or GND
    Warning (13410): Pin "debug_status[2]" is stuck at GND File: C:/Users/cenic/OneDrive/Desktop/NEURAX/neurax/FPGA/FPGA_accelerator.vhd Line: 132
    Warning (13410): Pin "debug_status[3]" is stuck at GND File: C:/Users/cenic/OneDrive/Desktop/NEURAX/neurax/FPGA/FPGA_accelerator.vhd Line: 132
    Warning (13410): Pin "debug_status[4]" is stuck at GND File: C:/Users/cenic/OneDrive/Desktop/NEURAX/neurax/FPGA/FPGA_accelerator.vhd Line: 132
    Warning (13410): Pin "debug_status[5]" is stuck at GND File: C:/Users/cenic/OneDrive/Desktop/NEURAX/neurax/FPGA/FPGA_accelerator.vhd Line: 132
    Warning (13410): Pin "debug_status[6]" is stuck at GND File: C:/Users/cenic/OneDrive/Desktop/NEURAX/neurax/FPGA/FPGA_accelerator.vhd Line: 132
    Warning (13410): Pin "debug_status[7]" is stuck at GND File: C:/Users/cenic/OneDrive/Desktop/NEURAX/neurax/FPGA/FPGA_accelerator.vhd Line: 132
Info (286030): Timing-Driven Synthesis is running
Info (17049): 180 registers lost all their fanouts during netlist optimizations.
Info (16010): Generating hard_block partition "hard_block:auto_generated_inst"
    Info (16011): Adding 0 node(s), including 0 DDIO, 0 PLL, 0 transceiver and 0 LCELL
Warning (21074): Design contains 37 input pin(s) that do not drive logic
    Warning (15610): No output dependent on input pin "output_ready" File: C:/Users/cenic/OneDrive/Desktop/NEURAX/neurax/FPGA/FPGA_accelerator.vhd Line: 123
    Warning (15610): No output dependent on input pin "pool_type.MAX_POOL" File: C:/Users/cenic/OneDrive/Desktop/NEURAX/neurax/FPGA/FPGA_accelerator.vhd Line: 94
    Warning (15610): No output dependent on input pin "tensor_size[12]" File: C:/Users/cenic/OneDrive/Desktop/NEURAX/neurax/FPGA/FPGA_accelerator.vhd Line: 99
    Warning (15610): No output dependent on input pin "tensor_size[11]" File: C:/Users/cenic/OneDrive/Desktop/NEURAX/neurax/FPGA/FPGA_accelerator.vhd Line: 99
    Warning (15610): No output dependent on input pin "tensor_size[10]" File: C:/Users/cenic/OneDrive/Desktop/NEURAX/neurax/FPGA/FPGA_accelerator.vhd Line: 99
    Warning (15610): No output dependent on input pin "tensor_size[9]" File: C:/Users/cenic/OneDrive/Desktop/NEURAX/neurax/FPGA/FPGA_accelerator.vhd Line: 99
    Warning (15610): No output dependent on input pin "tensor_size[8]" File: C:/Users/cenic/OneDrive/Desktop/NEURAX/neurax/FPGA/FPGA_accelerator.vhd Line: 99
    Warning (15610): No output dependent on input pin "tensor_size[7]" File: C:/Users/cenic/OneDrive/Desktop/NEURAX/neurax/FPGA/FPGA_accelerator.vhd Line: 99
    Warning (15610): No output dependent on input pin "tensor_size[6]" File: C:/Users/cenic/OneDrive/Desktop/NEURAX/neurax/FPGA/FPGA_accelerator.vhd Line: 99
    Warning (15610): No output dependent on input pin "tensor_size[5]" File: C:/Users/cenic/OneDrive/Desktop/NEURAX/neurax/FPGA/FPGA_accelerator.vhd Line: 99
    Warning (15610): No output dependent on input pin "tensor_size[4]" File: C:/Users/cenic/OneDrive/Desktop/NEURAX/neurax/FPGA/FPGA_accelerator.vhd Line: 99
    Warning (15610): No output dependent on input pin "tensor_size[3]" File: C:/Users/cenic/OneDrive/Desktop/NEURAX/neurax/FPGA/FPGA_accelerator.vhd Line: 99
    Warning (15610): No output dependent on input pin "tensor_size[2]" File: C:/Users/cenic/OneDrive/Desktop/NEURAX/neurax/FPGA/FPGA_accelerator.vhd Line: 99
    Warning (15610): No output dependent on input pin "tensor_size[1]" File: C:/Users/cenic/OneDrive/Desktop/NEURAX/neurax/FPGA/FPGA_accelerator.vhd Line: 99
    Warning (15610): No output dependent on input pin "tensor_size[0]" File: C:/Users/cenic/OneDrive/Desktop/NEURAX/neurax/FPGA/FPGA_accelerator.vhd Line: 99
    Warning (15610): No output dependent on input pin "alpha[0]" File: C:/Users/cenic/OneDrive/Desktop/NEURAX/neurax/FPGA/FPGA_accelerator.vhd Line: 100
    Warning (15610): No output dependent on input pin "alpha[1]" File: C:/Users/cenic/OneDrive/Desktop/NEURAX/neurax/FPGA/FPGA_accelerator.vhd Line: 100
    Warning (15610): No output dependent on input pin "alpha[2]" File: C:/Users/cenic/OneDrive/Desktop/NEURAX/neurax/FPGA/FPGA_accelerator.vhd Line: 100
    Warning (15610): No output dependent on input pin "alpha[3]" File: C:/Users/cenic/OneDrive/Desktop/NEURAX/neurax/FPGA/FPGA_accelerator.vhd Line: 100
    Warning (15610): No output dependent on input pin "alpha[4]" File: C:/Users/cenic/OneDrive/Desktop/NEURAX/neurax/FPGA/FPGA_accelerator.vhd Line: 100
    Warning (15610): No output dependent on input pin "alpha[5]" File: C:/Users/cenic/OneDrive/Desktop/NEURAX/neurax/FPGA/FPGA_accelerator.vhd Line: 100
    Warning (15610): No output dependent on input pin "alpha[6]" File: C:/Users/cenic/OneDrive/Desktop/NEURAX/neurax/FPGA/FPGA_accelerator.vhd Line: 100
    Warning (15610): No output dependent on input pin "alpha[7]" File: C:/Users/cenic/OneDrive/Desktop/NEURAX/neurax/FPGA/FPGA_accelerator.vhd Line: 100
    Warning (15610): No output dependent on input pin "alpha[8]" File: C:/Users/cenic/OneDrive/Desktop/NEURAX/neurax/FPGA/FPGA_accelerator.vhd Line: 100
    Warning (15610): No output dependent on input pin "alpha[9]" File: C:/Users/cenic/OneDrive/Desktop/NEURAX/neurax/FPGA/FPGA_accelerator.vhd Line: 100
    Warning (15610): No output dependent on input pin "alpha[10]" File: C:/Users/cenic/OneDrive/Desktop/NEURAX/neurax/FPGA/FPGA_accelerator.vhd Line: 100
    Warning (15610): No output dependent on input pin "alpha[11]" File: C:/Users/cenic/OneDrive/Desktop/NEURAX/neurax/FPGA/FPGA_accelerator.vhd Line: 100
    Warning (15610): No output dependent on input pin "alpha[12]" File: C:/Users/cenic/OneDrive/Desktop/NEURAX/neurax/FPGA/FPGA_accelerator.vhd Line: 100
    Warning (15610): No output dependent on input pin "alpha[13]" File: C:/Users/cenic/OneDrive/Desktop/NEURAX/neurax/FPGA/FPGA_accelerator.vhd Line: 100
    Warning (15610): No output dependent on input pin "alpha[14]" File: C:/Users/cenic/OneDrive/Desktop/NEURAX/neurax/FPGA/FPGA_accelerator.vhd Line: 100
    Warning (15610): No output dependent on input pin "alpha[15]" File: C:/Users/cenic/OneDrive/Desktop/NEURAX/neurax/FPGA/FPGA_accelerator.vhd Line: 100
    Warning (15610): No output dependent on input pin "activation_type.ELU" File: C:/Users/cenic/OneDrive/Desktop/NEURAX/neurax/FPGA/FPGA_accelerator.vhd Line: 98
    Warning (15610): No output dependent on input pin "activation_type.TANH" File: C:/Users/cenic/OneDrive/Desktop/NEURAX/neurax/FPGA/FPGA_accelerator.vhd Line: 98
    Warning (15610): No output dependent on input pin "activation_type.SIGMOID" File: C:/Users/cenic/OneDrive/Desktop/NEURAX/neurax/FPGA/FPGA_accelerator.vhd Line: 98
    Warning (15610): No output dependent on input pin "activation_type.LEAKY_RELU" File: C:/Users/cenic/OneDrive/Desktop/NEURAX/neurax/FPGA/FPGA_accelerator.vhd Line: 98
    Warning (15610): No output dependent on input pin "activation_type.LINEAR" File: C:/Users/cenic/OneDrive/Desktop/NEURAX/neurax/FPGA/FPGA_accelerator.vhd Line: 98
    Warning (15610): No output dependent on input pin "activation_type.RELU" File: C:/Users/cenic/OneDrive/Desktop/NEURAX/neurax/FPGA/FPGA_accelerator.vhd Line: 98
Info (21057): Implemented 4264 device resources after synthesis - the final resource count might be different
    Info (21058): Implemented 173 input pins
    Info (21059): Implemented 112 output pins
    Info (21061): Implemented 3978 logic cells
    Info (21062): Implemented 1 DSP elements
Info: Quartus Prime Analysis & Synthesis was successful. 0 errors, 77 warnings
    Info: Peak virtual memory: 6286 megabytes
    Info: Processing ended: Wed Sep 24 22:39:41 2025
    Info: Elapsed time: 00:01:21
    Info: Total CPU time (on all processors): 00:01:28


