Fitter report for neurax_register_block
Fri Sep 26 16:07:37 2025
Quartus Prime Version 24.1std.0 Build 1077 03/04/2025 SC Lite Edition


---------------------
; Table of Contents ;
---------------------
  1. Legal Notice
  2. Fitter Summary
  3. Fitter Settings
  4. Parallel Compilation
  5. Fitter Netlist Optimizations
  6. Incremental Compilation Preservation Summary
  7. Incremental Compilation Partition Settings
  8. Incremental Compilation Placement Preservation
  9. Pin-Out File
 10. Fitter Resource Usage Summary
 11. Fitter Partition Statistics
 12. Input Pins
 13. Output Pins
 14. I/O Bank Usage
 15. All Package Pins
 16. I/O Assignment Warnings
 17. Fitter Resource Utilization by Entity
 18. Delay Chain Summary
 19. Pad To Core Delay Chain Fanout
 20. Control Signals
 21. Global & Other Fast Signals
 22. Routing Usage Summary
 23. I/O Rules Summary
 24. I/O Rules Details
 25. I/O Rules Matrix
 26. Fitter Device Options
 27. Operating Settings and Conditions
 28. Estimated Delay Added for Hold Timing Summary
 29. Estimated Delay Added for Hold Timing Details
 30. Fitter Messages
 31. Fitter Suppressed Messages



----------------
; Legal Notice ;
----------------
Copyright (C) 2025  Altera Corporation. All rights reserved.
Your use of Altera Corporation's design tools, logic functions 
and other software and tools, and any partner logic 
functions, and any output files from any of the foregoing 
(including device programming or simulation files), and any 
associated documentation or information are expressly subject 
to the terms and conditions of the Altera Program License 
Subscription Agreement, the Altera Quartus Prime License Agreement,
the Altera IP License Agreement, or other applicable license
agreement, including, without limitation, that your use is for
the sole purpose of programming logic devices manufactured by
Altera and sold by Altera or its authorized distributors.  Please
refer to the Altera Software License Subscription Agreements 
on the Quartus Prime software download page.



+-----------------------------------------------------------------------------------+
; Fitter Summary                                                                    ;
+---------------------------------+-------------------------------------------------+
; Fitter Status                   ; Successful - Fri Sep 26 16:07:37 2025           ;
; Quartus Prime Version           ; 24.1std.0 Build 1077 03/04/2025 SC Lite Edition ;
; Revision Name                   ; neurax_register_block                           ;
; Top-level Entity Name           ; neurax_register_block                           ;
; Family                          ; Cyclone V                                       ;
; Device                          ; 5CSEMA5F31C6                                    ;
; Timing Models                   ; Final                                           ;
; Logic utilization (in ALMs)     ; 240 / 32,070 ( < 1 % )                          ;
; Total registers                 ; 425                                             ;
; Total pins                      ; 208 / 457 ( 46 % )                              ;
; Total virtual pins              ; 0                                               ;
; Total block memory bits         ; 0 / 4,065,280 ( 0 % )                           ;
; Total RAM Blocks                ; 0 / 397 ( 0 % )                                 ;
; Total DSP Blocks                ; 0 / 87 ( 0 % )                                  ;
; Total HSSI RX PCSs              ; 0                                               ;
; Total HSSI PMA RX Deserializers ; 0                                               ;
; Total HSSI TX PCSs              ; 0                                               ;
; Total HSSI PMA TX Serializers   ; 0                                               ;
; Total PLLs                      ; 0 / 6 ( 0 % )                                   ;
; Total DLLs                      ; 0 / 4 ( 0 % )                                   ;
+---------------------------------+-------------------------------------------------+


+----------------------------------------------------------------------------------------------------------------------------------------------------+
; Fitter Settings                                                                                                                                    ;
+--------------------------------------------------------------------+---------------------------------------+---------------------------------------+
; Option                                                             ; Setting                               ; Default Value                         ;
+--------------------------------------------------------------------+---------------------------------------+---------------------------------------+
; Device                                                             ; 5CSEMA5F31C6                          ;                                       ;
; Minimum Core Junction Temperature                                  ; 0                                     ;                                       ;
; Maximum Core Junction Temperature                                  ; 85                                    ;                                       ;
; Use smart compilation                                              ; Off                                   ; Off                                   ;
; Enable parallel Assembler and Timing Analyzer during compilation   ; On                                    ; On                                    ;
; Enable compact report table                                        ; Off                                   ; Off                                   ;
; Router Timing Optimization Level                                   ; Normal                                ; Normal                                ;
; Perform Clocking Topology Analysis During Routing                  ; Off                                   ; Off                                   ;
; Placement Effort Multiplier                                        ; 1.0                                   ; 1.0                                   ;
; Device initialization clock source                                 ; INIT_INTOSC                           ; INIT_INTOSC                           ;
; Optimize Hold Timing                                               ; All Paths                             ; All Paths                             ;
; Optimize Multi-Corner Timing                                       ; On                                    ; On                                    ;
; Auto RAM to MLAB Conversion                                        ; On                                    ; On                                    ;
; Equivalent RAM and MLAB Power Up                                   ; Auto                                  ; Auto                                  ;
; Equivalent RAM and MLAB Paused Read Capabilities                   ; Care                                  ; Care                                  ;
; Power Optimization During Fitting                                  ; Normal compilation                    ; Normal compilation                    ;
; SSN Optimization                                                   ; Off                                   ; Off                                   ;
; Optimize Timing                                                    ; Normal compilation                    ; Normal compilation                    ;
; Optimize Timing for ECOs                                           ; Off                                   ; Off                                   ;
; Regenerate Full Fit Report During ECO Compiles                     ; Off                                   ; Off                                   ;
; Optimize IOC Register Placement for Timing                         ; Normal                                ; Normal                                ;
; Final Placement Optimizations                                      ; Automatically                         ; Automatically                         ;
; Fitter Aggressive Routability Optimizations                        ; Automatically                         ; Automatically                         ;
; Fitter Initial Placement Seed                                      ; 1                                     ; 1                                     ;
; Periphery to Core Placement and Routing Optimization               ; Off                                   ; Off                                   ;
; Weak Pull-Up Resistor                                              ; Off                                   ; Off                                   ;
; Enable Bus-Hold Circuitry                                          ; Off                                   ; Off                                   ;
; Auto Packed Registers                                              ; Auto                                  ; Auto                                  ;
; Auto Delay Chains                                                  ; On                                    ; On                                    ;
; Auto Delay Chains for High Fanout Input Pins                       ; Off                                   ; Off                                   ;
; Treat Bidirectional Pin as Output Pin                              ; Off                                   ; Off                                   ;
; Perform Physical Synthesis for Combinational Logic for Fitting     ; Off                                   ; Off                                   ;
; Perform Physical Synthesis for Combinational Logic for Performance ; Off                                   ; Off                                   ;
; Perform Register Duplication for Performance                       ; Off                                   ; Off                                   ;
; Perform Register Retiming for Performance                          ; Off                                   ; Off                                   ;
; Perform Asynchronous Signal Pipelining                             ; Off                                   ; Off                                   ;
; Fitter Effort                                                      ; Auto Fit                              ; Auto Fit                              ;
; Physical Synthesis Effort Level                                    ; Normal                                ; Normal                                ;
; Logic Cell Insertion - Logic Duplication                           ; Auto                                  ; Auto                                  ;
; Auto Register Duplication                                          ; Auto                                  ; Auto                                  ;
; Auto Global Clock                                                  ; On                                    ; On                                    ;
; Auto Global Register Control Signals                               ; On                                    ; On                                    ;
; Reserve all unused pins                                            ; As input tri-stated with weak pull-up ; As input tri-stated with weak pull-up ;
; Synchronizer Identification                                        ; Auto                                  ; Auto                                  ;
; Enable Beneficial Skew Optimization                                ; On                                    ; On                                    ;
; Optimize Design for Metastability                                  ; On                                    ; On                                    ;
; Active Serial clock source                                         ; FREQ_100MHz                           ; FREQ_100MHz                           ;
; Force Fitter to Avoid Periphery Placement Warnings                 ; Off                                   ; Off                                   ;
; Clamping Diode                                                     ; Off                                   ; Off                                   ;
; Enable input tri-state on active configuration pins in user mode   ; Off                                   ; Off                                   ;
; Advanced Physical Optimization                                     ; On                                    ; On                                    ;
+--------------------------------------------------------------------+---------------------------------------+---------------------------------------+


+------------------------------------------+
; Parallel Compilation                     ;
+----------------------------+-------------+
; Processors                 ; Number      ;
+----------------------------+-------------+
; Number detected on machine ; 12          ;
; Maximum allowed            ; 12          ;
;                            ;             ;
; Average used               ; 1.03        ;
; Maximum used               ; 12          ;
;                            ;             ;
; Usage by Processor         ; % Time Used ;
;     Processor 1            ; 100.0%      ;
;     Processor 2            ;   0.3%      ;
;     Processor 3            ;   0.3%      ;
;     Processor 4            ;   0.3%      ;
;     Processor 5            ;   0.3%      ;
;     Processor 6            ;   0.3%      ;
;     Processor 7            ;   0.3%      ;
;     Processor 8            ;   0.3%      ;
;     Processor 9            ;   0.3%      ;
;     Processor 10           ;   0.3%      ;
;     Processor 11           ;   0.3%      ;
;     Processor 12           ;   0.3%      ;
+----------------------------+-------------+


+------------------------------------------------------------------------------------------------------------------------------------------------------------------+
; Fitter Netlist Optimizations                                                                                                                                     ;
+--------------------+---------+-----------+----------------------------+-----------+----------------+------------------+------------------+-----------------------+
; Node               ; Action  ; Operation ; Reason                     ; Node Port ; Node Port Name ; Destination Node ; Destination Port ; Destination Port Name ;
+--------------------+---------+-----------+----------------------------+-----------+----------------+------------------+------------------+-----------------------+
; clk_i~inputCLKENA0 ; Created ; Placement ; Fitter Periphery Placement ;           ;                ;                  ;                  ;                       ;
; rst_i~inputCLKENA0 ; Created ; Placement ; Fitter Periphery Placement ;           ;                ;                  ;                  ;                       ;
+--------------------+---------+-----------+----------------------------+-----------+----------------+------------------+------------------+-----------------------+


+---------------------------------------------------------------------------------------------------+
; Incremental Compilation Preservation Summary                                                      ;
+---------------------+---------------------+----------------------------+--------------------------+
; Type                ; Total [A + B]       ; From Design Partitions [A] ; From Rapid Recompile [B] ;
+---------------------+---------------------+----------------------------+--------------------------+
; Placement (by node) ;                     ;                            ;                          ;
;     -- Requested    ; 0.00 % ( 0 / 1134 ) ; 0.00 % ( 0 / 1134 )        ; 0.00 % ( 0 / 1134 )      ;
;     -- Achieved     ; 0.00 % ( 0 / 1134 ) ; 0.00 % ( 0 / 1134 )        ; 0.00 % ( 0 / 1134 )      ;
;                     ;                     ;                            ;                          ;
; Routing (by net)    ;                     ;                            ;                          ;
;     -- Requested    ; 0.00 % ( 0 / 0 )    ; 0.00 % ( 0 / 0 )           ; 0.00 % ( 0 / 0 )         ;
;     -- Achieved     ; 0.00 % ( 0 / 0 )    ; 0.00 % ( 0 / 0 )           ; 0.00 % ( 0 / 0 )         ;
+---------------------+---------------------+----------------------------+--------------------------+


+----------------------------------------------------------------------------------------------------------------------------------------------------------------------------------------+
; Incremental Compilation Partition Settings                                                                                                                                             ;
+--------------------------------+----------------+-------------------+-------------------------+------------------------+------------------------------+--------------------------------+
; Partition Name                 ; Partition Type ; Netlist Type Used ; Preservation Level Used ; Netlist Type Requested ; Preservation Level Requested ; Contents                       ;
+--------------------------------+----------------+-------------------+-------------------------+------------------------+------------------------------+--------------------------------+
; Top                            ; User-created   ; Source File       ; N/A                     ; Source File            ; N/A                          ;                                ;
; hard_block:auto_generated_inst ; Auto-generated ; Source File       ; N/A                     ; Source File            ; N/A                          ; hard_block:auto_generated_inst ;
+--------------------------------+----------------+-------------------+-------------------------+------------------------+------------------------------+--------------------------------+


+------------------------------------------------------------------------------------------------------------------------------------+
; Incremental Compilation Placement Preservation                                                                                     ;
+--------------------------------+-----------------------+-------------------------+-------------------+---------------------+-------+
; Partition Name                 ; Preservation Achieved ; Preservation Level Used ; Netlist Type Used ; Preservation Method ; Notes ;
+--------------------------------+-----------------------+-------------------------+-------------------+---------------------+-------+
; Top                            ; 0.00 % ( 0 / 1134 )   ; N/A                     ; Source File       ; N/A                 ;       ;
; hard_block:auto_generated_inst ; 0.00 % ( 0 / 0 )      ; N/A                     ; Source File       ; N/A                 ;       ;
+--------------------------------+-----------------------+-------------------------+-------------------+---------------------+-------+


+--------------+
; Pin-Out File ;
+--------------+
The pin-out file can be found in D:/Fax/master/neurax/neurax/FPGA/output_files/neurax_register_block.pin.


+------------------------------------------------------------------------------------------+
; Fitter Resource Usage Summary                                                            ;
+-------------------------------------------------------------+--------------------+-------+
; Resource                                                    ; Usage              ; %     ;
+-------------------------------------------------------------+--------------------+-------+
; Logic utilization (ALMs needed / total ALMs on device)      ; 240 / 32,070       ; < 1 % ;
; ALMs needed [=A-B+C]                                        ; 240                ;       ;
;     [A] ALMs used in final placement [=a+b+c+d]             ; 342 / 32,070       ; 1 %   ;
;         [a] ALMs used for LUT logic and registers           ; 50                 ;       ;
;         [b] ALMs used for LUT logic                         ; 131                ;       ;
;         [c] ALMs used for registers                         ; 161                ;       ;
;         [d] ALMs used for memory (up to half of total ALMs) ; 0                  ;       ;
;     [B] Estimate of ALMs recoverable by dense packing       ; 103 / 32,070       ; < 1 % ;
;     [C] Estimate of ALMs unavailable [=a+b+c+d]             ; 1 / 32,070         ; < 1 % ;
;         [a] Due to location constrained logic               ; 0                  ;       ;
;         [b] Due to LAB-wide signal conflicts                ; 1                  ;       ;
;         [c] Due to LAB input limits                         ; 0                  ;       ;
;         [d] Due to virtual I/Os                             ; 0                  ;       ;
;                                                             ;                    ;       ;
; Difficulty packing design                                   ; Low                ;       ;
;                                                             ;                    ;       ;
; Total LABs:  partially or completely used                   ; 57 / 3,207         ; 2 %   ;
;     -- Logic LABs                                           ; 57                 ;       ;
;     -- Memory LABs (up to half of total LABs)               ; 0                  ;       ;
;                                                             ;                    ;       ;
; Combinational ALUT usage for logic                          ; 291                ;       ;
;     -- 7 input functions                                    ; 0                  ;       ;
;     -- 6 input functions                                    ; 121                ;       ;
;     -- 5 input functions                                    ; 60                 ;       ;
;     -- 4 input functions                                    ; 44                 ;       ;
;     -- <=3 input functions                                  ; 66                 ;       ;
; Combinational ALUT usage for route-throughs                 ; 126                ;       ;
;                                                             ;                    ;       ;
; Dedicated logic registers                                   ; 425                ;       ;
;     -- By type:                                             ;                    ;       ;
;         -- Primary logic registers                          ; 421 / 64,140       ; < 1 % ;
;         -- Secondary logic registers                        ; 4 / 64,140         ; < 1 % ;
;     -- By function:                                         ;                    ;       ;
;         -- Design implementation registers                  ; 425                ;       ;
;         -- Routing optimization registers                   ; 0                  ;       ;
;                                                             ;                    ;       ;
; Virtual pins                                                ; 0                  ;       ;
; I/O pins                                                    ; 208 / 457          ; 46 %  ;
;     -- Clock pins                                           ; 7 / 8              ; 88 %  ;
;     -- Dedicated input pins                                 ; 0 / 21             ; 0 %   ;
;                                                             ;                    ;       ;
; Hard processor system peripheral utilization                ;                    ;       ;
;     -- Boot from FPGA                                       ; 0 / 1 ( 0 % )      ;       ;
;     -- Clock resets                                         ; 0 / 1 ( 0 % )      ;       ;
;     -- Cross trigger                                        ; 0 / 1 ( 0 % )      ;       ;
;     -- S2F AXI                                              ; 0 / 1 ( 0 % )      ;       ;
;     -- F2S AXI                                              ; 0 / 1 ( 0 % )      ;       ;
;     -- AXI Lightweight                                      ; 0 / 1 ( 0 % )      ;       ;
;     -- SDRAM                                                ; 0 / 1 ( 0 % )      ;       ;
;     -- Interrupts                                           ; 0 / 1 ( 0 % )      ;       ;
;     -- JTAG                                                 ; 0 / 1 ( 0 % )      ;       ;
;     -- Loan I/O                                             ; 0 / 1 ( 0 % )      ;       ;
;     -- MPU event standby                                    ; 0 / 1 ( 0 % )      ;       ;
;     -- MPU general purpose                                  ; 0 / 1 ( 0 % )      ;       ;
;     -- STM event                                            ; 0 / 1 ( 0 % )      ;       ;
;     -- TPIU trace                                           ; 0 / 1 ( 0 % )      ;       ;
;     -- DMA                                                  ; 0 / 1 ( 0 % )      ;       ;
;     -- CAN                                                  ; 0 / 2 ( 0 % )      ;       ;
;     -- EMAC                                                 ; 0 / 2 ( 0 % )      ;       ;
;     -- I2C                                                  ; 0 / 4 ( 0 % )      ;       ;
;     -- NAND Flash                                           ; 0 / 1 ( 0 % )      ;       ;
;     -- QSPI                                                 ; 0 / 1 ( 0 % )      ;       ;
;     -- SDMMC                                                ; 0 / 1 ( 0 % )      ;       ;
;     -- SPI Master                                           ; 0 / 2 ( 0 % )      ;       ;
;     -- SPI Slave                                            ; 0 / 2 ( 0 % )      ;       ;
;     -- UART                                                 ; 0 / 2 ( 0 % )      ;       ;
;     -- USB                                                  ; 0 / 2 ( 0 % )      ;       ;
;                                                             ;                    ;       ;
; M10K blocks                                                 ; 0 / 397            ; 0 %   ;
; Total MLAB memory bits                                      ; 0                  ;       ;
; Total block memory bits                                     ; 0 / 4,065,280      ; 0 %   ;
; Total block memory implementation bits                      ; 0 / 4,065,280      ; 0 %   ;
;                                                             ;                    ;       ;
; Total DSP Blocks                                            ; 0 / 87             ; 0 %   ;
;                                                             ;                    ;       ;
; Fractional PLLs                                             ; 0 / 6              ; 0 %   ;
; Global signals                                              ; 2                  ;       ;
;     -- Global clocks                                        ; 2 / 16             ; 13 %  ;
;     -- Quadrant clocks                                      ; 0 / 66             ; 0 %   ;
;     -- Horizontal periphery clocks                          ; 0 / 18             ; 0 %   ;
; SERDES Transmitters                                         ; 0 / 100            ; 0 %   ;
; SERDES Receivers                                            ; 0 / 100            ; 0 %   ;
; JTAGs                                                       ; 0 / 1              ; 0 %   ;
; ASMI blocks                                                 ; 0 / 1              ; 0 %   ;
; CRC blocks                                                  ; 0 / 1              ; 0 %   ;
; Remote update blocks                                        ; 0 / 1              ; 0 %   ;
; Oscillator blocks                                           ; 0 / 1              ; 0 %   ;
; Impedance control blocks                                    ; 0 / 4              ; 0 %   ;
; Hard Memory Controllers                                     ; 0 / 2              ; 0 %   ;
; Average interconnect usage (total/H/V)                      ; 0.3% / 0.3% / 0.4% ;       ;
; Peak interconnect usage (total/H/V)                         ; 3.1% / 3.4% / 3.8% ;       ;
; Maximum fan-out                                             ; 425                ;       ;
; Highest non-global fan-out                                  ; 150                ;       ;
; Total fan-out                                               ; 3528               ;       ;
; Average fan-out                                             ; 2.80               ;       ;
+-------------------------------------------------------------+--------------------+-------+


+----------------------------------------------------------------------------------------------------------------------+
; Fitter Partition Statistics                                                                                          ;
+-------------------------------------------------------------+-----------------------+--------------------------------+
; Statistic                                                   ; Top                   ; hard_block:auto_generated_inst ;
+-------------------------------------------------------------+-----------------------+--------------------------------+
; Logic utilization (ALMs needed / total ALMs on device)      ; 240 / 32070 ( < 1 % ) ; 0 / 32070 ( 0 % )              ;
; ALMs needed [=A-B+C]                                        ; 240                   ; 0                              ;
;     [A] ALMs used in final placement [=a+b+c+d]             ; 342 / 32070 ( 1 % )   ; 0 / 32070 ( 0 % )              ;
;         [a] ALMs used for LUT logic and registers           ; 50                    ; 0                              ;
;         [b] ALMs used for LUT logic                         ; 131                   ; 0                              ;
;         [c] ALMs used for registers                         ; 161                   ; 0                              ;
;         [d] ALMs used for memory (up to half of total ALMs) ; 0                     ; 0                              ;
;     [B] Estimate of ALMs recoverable by dense packing       ; 103 / 32070 ( < 1 % ) ; 0 / 32070 ( 0 % )              ;
;     [C] Estimate of ALMs unavailable [=a+b+c+d]             ; 1 / 32070 ( < 1 % )   ; 0 / 32070 ( 0 % )              ;
;         [a] Due to location constrained logic               ; 0                     ; 0                              ;
;         [b] Due to LAB-wide signal conflicts                ; 1                     ; 0                              ;
;         [c] Due to LAB input limits                         ; 0                     ; 0                              ;
;         [d] Due to virtual I/Os                             ; 0                     ; 0                              ;
;                                                             ;                       ;                                ;
; Difficulty packing design                                   ; Low                   ; Low                            ;
;                                                             ;                       ;                                ;
; Total LABs:  partially or completely used                   ; 57 / 3207 ( 2 % )     ; 0 / 3207 ( 0 % )               ;
;     -- Logic LABs                                           ; 57                    ; 0                              ;
;     -- Memory LABs (up to half of total LABs)               ; 0                     ; 0                              ;
;                                                             ;                       ;                                ;
; Combinational ALUT usage for logic                          ; 291                   ; 0                              ;
;     -- 7 input functions                                    ; 0                     ; 0                              ;
;     -- 6 input functions                                    ; 121                   ; 0                              ;
;     -- 5 input functions                                    ; 60                    ; 0                              ;
;     -- 4 input functions                                    ; 44                    ; 0                              ;
;     -- <=3 input functions                                  ; 66                    ; 0                              ;
; Combinational ALUT usage for route-throughs                 ; 126                   ; 0                              ;
; Memory ALUT usage                                           ; 0                     ; 0                              ;
;     -- 64-address deep                                      ; 0                     ; 0                              ;
;     -- 32-address deep                                      ; 0                     ; 0                              ;
;                                                             ;                       ;                                ;
; Dedicated logic registers                                   ; 0                     ; 0                              ;
;     -- By type:                                             ;                       ;                                ;
;         -- Primary logic registers                          ; 421 / 64140 ( < 1 % ) ; 0 / 64140 ( 0 % )              ;
;         -- Secondary logic registers                        ; 4 / 64140 ( < 1 % )   ; 0 / 64140 ( 0 % )              ;
;     -- By function:                                         ;                       ;                                ;
;         -- Design implementation registers                  ; 425                   ; 0                              ;
;         -- Routing optimization registers                   ; 0                     ; 0                              ;
;                                                             ;                       ;                                ;
;                                                             ;                       ;                                ;
; Virtual pins                                                ; 0                     ; 0                              ;
; I/O pins                                                    ; 208                   ; 0                              ;
; I/O registers                                               ; 0                     ; 0                              ;
; Total block memory bits                                     ; 0                     ; 0                              ;
; Total block memory implementation bits                      ; 0                     ; 0                              ;
; Clock enable block                                          ; 2 / 116 ( 1 % )       ; 0 / 116 ( 0 % )                ;
;                                                             ;                       ;                                ;
; Connections                                                 ;                       ;                                ;
;     -- Input Connections                                    ; 0                     ; 0                              ;
;     -- Registered Input Connections                         ; 0                     ; 0                              ;
;     -- Output Connections                                   ; 0                     ; 0                              ;
;     -- Registered Output Connections                        ; 0                     ; 0                              ;
;                                                             ;                       ;                                ;
; Internal Connections                                        ;                       ;                                ;
;     -- Total Connections                                    ; 3528                  ; 0                              ;
;     -- Registered Connections                               ; 681                   ; 0                              ;
;                                                             ;                       ;                                ;
; External Connections                                        ;                       ;                                ;
;     -- Top                                                  ; 0                     ; 0                              ;
;     -- hard_block:auto_generated_inst                       ; 0                     ; 0                              ;
;                                                             ;                       ;                                ;
; Partition Interface                                         ;                       ;                                ;
;     -- Input Ports                                          ; 53                    ; 0                              ;
;     -- Output Ports                                         ; 155                   ; 0                              ;
;     -- Bidir Ports                                          ; 0                     ; 0                              ;
;                                                             ;                       ;                                ;
; Registered Ports                                            ;                       ;                                ;
;     -- Registered Input Ports                               ; 0                     ; 0                              ;
;     -- Registered Output Ports                              ; 0                     ; 0                              ;
;                                                             ;                       ;                                ;
; Port Connectivity                                           ;                       ;                                ;
;     -- Input Ports driven by GND                            ; 0                     ; 0                              ;
;     -- Output Ports driven by GND                           ; 0                     ; 0                              ;
;     -- Input Ports driven by VCC                            ; 0                     ; 0                              ;
;     -- Output Ports driven by VCC                           ; 0                     ; 0                              ;
;     -- Input Ports with no Source                           ; 0                     ; 0                              ;
;     -- Output Ports with no Source                          ; 0                     ; 0                              ;
;     -- Input Ports with no Fanout                           ; 0                     ; 0                              ;
;     -- Output Ports with no Fanout                          ; 0                     ; 0                              ;
+-------------------------------------------------------------+-----------------------+--------------------------------+


+--------------------------------------------------------------------------------------------------------------------------------------------------------------------------------------------------------------------------------------------------------------------------------------------------------------+
; Input Pins                                                                                                                                                                                                                                                                                                   ;
+-------------------------------+-------+----------+--------------+--------------+--------------+-----------------------+--------------------+--------+----------------+-----------------+----------+--------------+--------------+-------------+---------------------------+----------------------+-----------+
; Name                          ; Pin # ; I/O Bank ; X coordinate ; Y coordinate ; Z coordinate ; Combinational Fan-Out ; Registered Fan-Out ; Global ; Input Register ; PCI I/O Enabled ; Bus Hold ; Weak Pull Up ; I/O Standard ; Termination ; Termination Control Block ; Location assigned by ; Slew Rate ;
+-------------------------------+-------+----------+--------------+--------------+--------------+-----------------------+--------------------+--------+----------------+-----------------+----------+--------------+--------------+-------------+---------------------------+----------------------+-----------+
; avs_address_i[0]              ; AA25  ; 5A       ; 89           ; 9            ; 37           ; 150                   ; 0                  ; no     ; no             ; no              ; no       ; Off          ; 2.5 V        ; Off         ; --                        ; Fitter               ; no        ;
; avs_address_i[1]              ; AB26  ; 5A       ; 89           ; 9            ; 54           ; 150                   ; 0                  ; no     ; no             ; no              ; no       ; Off          ; 2.5 V        ; Off         ; --                        ; Fitter               ; no        ;
; avs_address_i[2]              ; AA18  ; 4A       ; 68           ; 0            ; 17           ; 80                    ; 0                  ; no     ; no             ; no              ; no       ; Off          ; 2.5 V        ; Off         ; --                        ; Fitter               ; no        ;
; avs_address_i[3]              ; AG16  ; 4A       ; 50           ; 0            ; 74           ; 80                    ; 0                  ; no     ; no             ; no              ; no       ; Off          ; 2.5 V        ; Off         ; --                        ; Fitter               ; no        ;
; avs_byteenable_i[0]           ; AF25  ; 4A       ; 86           ; 0            ; 34           ; 1                     ; 0                  ; no     ; no             ; no              ; no       ; Off          ; 2.5 V        ; Off         ; --                        ; Fitter               ; no        ;
; avs_byteenable_i[1]           ; AG25  ; 4A       ; 78           ; 0            ; 34           ; 1                     ; 0                  ; no     ; no             ; no              ; no       ; Off          ; 2.5 V        ; Off         ; --                        ; Fitter               ; no        ;
; avs_byteenable_i[2]           ; W20   ; 5A       ; 89           ; 6            ; 3            ; 1                     ; 0                  ; no     ; no             ; no              ; no       ; Off          ; 2.5 V        ; Off         ; --                        ; Fitter               ; no        ;
; avs_byteenable_i[3]           ; AK27  ; 4A       ; 80           ; 0            ; 51           ; 1                     ; 0                  ; no     ; no             ; no              ; no       ; Off          ; 2.5 V        ; Off         ; --                        ; Fitter               ; no        ;
; avs_chipselect_i              ; AK22  ; 4A       ; 68           ; 0            ; 51           ; 5                     ; 0                  ; no     ; no             ; no              ; no       ; Off          ; 2.5 V        ; Off         ; --                        ; Fitter               ; no        ;
; avs_read_i                    ; AG18  ; 4A       ; 58           ; 0            ; 74           ; 1                     ; 0                  ; no     ; no             ; no              ; no       ; Off          ; 2.5 V        ; Off         ; --                        ; Fitter               ; no        ;
; avs_write_i                   ; W19   ; 4A       ; 80           ; 0            ; 17           ; 4                     ; 0                  ; no     ; no             ; no              ; no       ; Off          ; 2.5 V        ; Off         ; --                        ; Fitter               ; no        ;
; avs_writedata_i[0]            ; AK7   ; 3B       ; 28           ; 0            ; 34           ; 12                    ; 0                  ; no     ; no             ; no              ; no       ; Off          ; 2.5 V        ; Off         ; --                        ; Fitter               ; no        ;
; avs_writedata_i[10]           ; AF28  ; 5A       ; 89           ; 13           ; 54           ; 12                    ; 0                  ; no     ; no             ; no              ; no       ; Off          ; 2.5 V        ; Off         ; --                        ; Fitter               ; no        ;
; avs_writedata_i[11]           ; AG28  ; 5A       ; 89           ; 13           ; 37           ; 12                    ; 0                  ; no     ; no             ; no              ; no       ; Off          ; 2.5 V        ; Off         ; --                        ; Fitter               ; no        ;
; avs_writedata_i[12]           ; AD26  ; 5A       ; 89           ; 16           ; 3            ; 12                    ; 0                  ; no     ; no             ; no              ; no       ; Off          ; 2.5 V        ; Off         ; --                        ; Fitter               ; no        ;
; avs_writedata_i[13]           ; V23   ; 5A       ; 89           ; 15           ; 3            ; 12                    ; 0                  ; no     ; no             ; no              ; no       ; Off          ; 2.5 V        ; Off         ; --                        ; Fitter               ; no        ;
; avs_writedata_i[14]           ; Y23   ; 5A       ; 89           ; 13           ; 3            ; 12                    ; 0                  ; no     ; no             ; no              ; no       ; Off          ; 2.5 V        ; Off         ; --                        ; Fitter               ; no        ;
; avs_writedata_i[15]           ; Y24   ; 5A       ; 89           ; 13           ; 20           ; 12                    ; 0                  ; no     ; no             ; no              ; no       ; Off          ; 2.5 V        ; Off         ; --                        ; Fitter               ; no        ;
; avs_writedata_i[16]           ; AD19  ; 4A       ; 76           ; 0            ; 17           ; 12                    ; 0                  ; no     ; no             ; no              ; no       ; Off          ; 2.5 V        ; Off         ; --                        ; Fitter               ; no        ;
; avs_writedata_i[17]           ; AB23  ; 5A       ; 89           ; 9            ; 20           ; 12                    ; 0                  ; no     ; no             ; no              ; no       ; Off          ; 2.5 V        ; Off         ; --                        ; Fitter               ; no        ;
; avs_writedata_i[18]           ; AE22  ; 4A       ; 78           ; 0            ; 0            ; 12                    ; 0                  ; no     ; no             ; no              ; no       ; Off          ; 2.5 V        ; Off         ; --                        ; Fitter               ; no        ;
; avs_writedata_i[19]           ; AF24  ; 4A       ; 74           ; 0            ; 57           ; 12                    ; 0                  ; no     ; no             ; no              ; no       ; Off          ; 2.5 V        ; Off         ; --                        ; Fitter               ; no        ;
; avs_writedata_i[1]            ; AJ9   ; 3B       ; 30           ; 0            ; 34           ; 12                    ; 0                  ; no     ; no             ; no              ; no       ; Off          ; 2.5 V        ; Off         ; --                        ; Fitter               ; no        ;
; avs_writedata_i[20]           ; AE26  ; 5A       ; 89           ; 8            ; 37           ; 12                    ; 0                  ; no     ; no             ; no              ; no       ; Off          ; 2.5 V        ; Off         ; --                        ; Fitter               ; no        ;
; avs_writedata_i[21]           ; AJ24  ; 4A       ; 74           ; 0            ; 74           ; 12                    ; 0                  ; no     ; no             ; no              ; no       ; Off          ; 2.5 V        ; Off         ; --                        ; Fitter               ; no        ;
; avs_writedata_i[22]           ; AB22  ; 5A       ; 89           ; 9            ; 3            ; 12                    ; 0                  ; no     ; no             ; no              ; no       ; Off          ; 2.5 V        ; Off         ; --                        ; Fitter               ; no        ;
; avs_writedata_i[23]           ; W21   ; 5A       ; 89           ; 8            ; 3            ; 12                    ; 0                  ; no     ; no             ; no              ; no       ; Off          ; 2.5 V        ; Off         ; --                        ; Fitter               ; no        ;
; avs_writedata_i[24]           ; AJ20  ; 4A       ; 62           ; 0            ; 34           ; 12                    ; 0                  ; no     ; no             ; no              ; no       ; Off          ; 2.5 V        ; Off         ; --                        ; Fitter               ; no        ;
; avs_writedata_i[25]           ; AJ21  ; 4A       ; 62           ; 0            ; 51           ; 12                    ; 0                  ; no     ; no             ; no              ; no       ; Off          ; 2.5 V        ; Off         ; --                        ; Fitter               ; no        ;
; avs_writedata_i[26]           ; AD17  ; 4A       ; 64           ; 0            ; 17           ; 12                    ; 0                  ; no     ; no             ; no              ; no       ; Off          ; 2.5 V        ; Off         ; --                        ; Fitter               ; no        ;
; avs_writedata_i[27]           ; V17   ; 4A       ; 60           ; 0            ; 0            ; 12                    ; 0                  ; no     ; no             ; no              ; no       ; Off          ; 2.5 V        ; Off         ; --                        ; Fitter               ; no        ;
; avs_writedata_i[28]           ; AJ19  ; 4A       ; 60           ; 0            ; 34           ; 12                    ; 0                  ; no     ; no             ; no              ; no       ; Off          ; 2.5 V        ; Off         ; --                        ; Fitter               ; no        ;
; avs_writedata_i[29]           ; AG20  ; 4A       ; 62           ; 0            ; 17           ; 12                    ; 0                  ; no     ; no             ; no              ; no       ; Off          ; 2.5 V        ; Off         ; --                        ; Fitter               ; no        ;
; avs_writedata_i[2]            ; AH14  ; 3B       ; 30           ; 0            ; 17           ; 12                    ; 0                  ; no     ; no             ; no              ; no       ; Off          ; 2.5 V        ; Off         ; --                        ; Fitter               ; no        ;
; avs_writedata_i[30]           ; AG23  ; 4A       ; 64           ; 0            ; 34           ; 12                    ; 0                  ; no     ; no             ; no              ; no       ; Off          ; 2.5 V        ; Off         ; --                        ; Fitter               ; no        ;
; avs_writedata_i[31]           ; AK19  ; 4A       ; 60           ; 0            ; 51           ; 12                    ; 0                  ; no     ; no             ; no              ; no       ; Off          ; 2.5 V        ; Off         ; --                        ; Fitter               ; no        ;
; avs_writedata_i[3]            ; AH13  ; 3B       ; 30           ; 0            ; 0            ; 12                    ; 0                  ; no     ; no             ; no              ; no       ; Off          ; 2.5 V        ; Off         ; --                        ; Fitter               ; no        ;
; avs_writedata_i[4]            ; AG13  ; 3B       ; 26           ; 0            ; 57           ; 12                    ; 0                  ; no     ; no             ; no              ; no       ; Off          ; 2.5 V        ; Off         ; --                        ; Fitter               ; no        ;
; avs_writedata_i[5]            ; AJ7   ; 3B       ; 26           ; 0            ; 91           ; 12                    ; 0                  ; no     ; no             ; no              ; no       ; Off          ; 2.5 V        ; Off         ; --                        ; Fitter               ; no        ;
; avs_writedata_i[6]            ; AC14  ; 3B       ; 28           ; 0            ; 17           ; 12                    ; 0                  ; no     ; no             ; no              ; no       ; Off          ; 2.5 V        ; Off         ; --                        ; Fitter               ; no        ;
; avs_writedata_i[7]            ; AB15  ; 3B       ; 28           ; 0            ; 0            ; 12                    ; 0                  ; no     ; no             ; no              ; no       ; Off          ; 2.5 V        ; Off         ; --                        ; Fitter               ; no        ;
; avs_writedata_i[8]            ; AF29  ; 5A       ; 89           ; 15           ; 37           ; 12                    ; 0                  ; no     ; no             ; no              ; no       ; Off          ; 2.5 V        ; Off         ; --                        ; Fitter               ; no        ;
; avs_writedata_i[9]            ; AE27  ; 5A       ; 89           ; 11           ; 77           ; 12                    ; 0                  ; no     ; no             ; no              ; no       ; Off          ; 2.5 V        ; Off         ; --                        ; Fitter               ; no        ;
; clk_i                         ; AA26  ; 5B       ; 89           ; 23           ; 3            ; 425                   ; 0                  ; yes    ; no             ; no              ; no       ; Off          ; 2.5 V        ; Off         ; --                        ; Fitter               ; no        ;
; neurax_bias_ready_i           ; Y18   ; 4A       ; 72           ; 0            ; 0            ; 1                     ; 0                  ; no     ; no             ; no              ; no       ; Off          ; 2.5 V        ; Off         ; --                        ; Fitter               ; no        ;
; neurax_current_operation_i[0] ; AH8   ; 3B       ; 32           ; 0            ; 51           ; 1                     ; 0                  ; no     ; no             ; no              ; no       ; Off          ; 2.5 V        ; Off         ; --                        ; Fitter               ; no        ;
; neurax_current_operation_i[1] ; AJ11  ; 3B       ; 34           ; 0            ; 40           ; 1                     ; 0                  ; no     ; no             ; no              ; no       ; Off          ; 2.5 V        ; Off         ; --                        ; Fitter               ; no        ;
; neurax_input_ready_i          ; AH10  ; 3B       ; 34           ; 0            ; 74           ; 1                     ; 0                  ; no     ; no             ; no              ; no       ; Off          ; 2.5 V        ; Off         ; --                        ; Fitter               ; no        ;
; neurax_operation_busy_i       ; AH12  ; 3B       ; 38           ; 0            ; 34           ; 1                     ; 0                  ; no     ; no             ; no              ; no       ; Off          ; 2.5 V        ; Off         ; --                        ; Fitter               ; no        ;
; neurax_operation_done_i       ; AK6   ; 3B       ; 24           ; 0            ; 51           ; 1                     ; 0                  ; no     ; no             ; no              ; no       ; Off          ; 2.5 V        ; Off         ; --                        ; Fitter               ; no        ;
; neurax_output_valid_i         ; AB13  ; 3B       ; 20           ; 0            ; 17           ; 1                     ; 0                  ; no     ; no             ; no              ; no       ; Off          ; 2.5 V        ; Off         ; --                        ; Fitter               ; no        ;
; neurax_weight_ready_i         ; AA24  ; 5A       ; 89           ; 11           ; 43           ; 1                     ; 0                  ; no     ; no             ; no              ; no       ; Off          ; 2.5 V        ; Off         ; --                        ; Fitter               ; no        ;
; rst_i                         ; AB27  ; 5B       ; 89           ; 23           ; 20           ; 425                   ; 0                  ; yes    ; no             ; no              ; no       ; Off          ; 2.5 V        ; Off         ; --                        ; Fitter               ; no        ;
+-------------------------------+-------+----------+--------------+--------------+--------------+-----------------------+--------------------+--------+----------------+-----------------+----------+--------------+--------------+-------------+---------------------------+----------------------+-----------+


+--------------------------------------------------------------------------------------------------------------------------------------------------------------------------------------------------------------------------------------------------------------------------------------------------------------------------------------------------------------------------------------------------------------------------------------------------------------------------------------------------------------------------+
; Output Pins                                                                                                                                                                                                                                                                                                                                                                                                                                                                                                              ;
+-------------------------------------+-------+----------+--------------+--------------+--------------+-----------------+------------------------+-----------+-----------------+------------+---------------+----------+--------------+--------------+------------------+-----------------------------------+---------------------------+----------------------------+-----------------------------+---------------------+-----------------------------+----------------------+----------------------+---------------------+
; Name                                ; Pin # ; I/O Bank ; X coordinate ; Y coordinate ; Z coordinate ; Output Register ; Output Enable Register ; Slew Rate ; PCI I/O Enabled ; Open Drain ; TRI Primitive ; Bus Hold ; Weak Pull Up ; I/O Standard ; Current Strength ; Termination                       ; Termination Control Block ; Output Buffer Pre-emphasis ; Voltage Output Differential ; Output Buffer Delay ; Output Buffer Delay Control ; Location assigned by ; Output Enable Source ; Output Enable Group ;
+-------------------------------------+-------+----------+--------------+--------------+--------------+-----------------+------------------------+-----------+-----------------+------------+---------------+----------+--------------+--------------+------------------+-----------------------------------+---------------------------+----------------------------+-----------------------------+---------------------+-----------------------------+----------------------+----------------------+---------------------+
; avs_readdata_o[0]                   ; AJ14  ; 3B       ; 40           ; 0            ; 34           ; no              ; no                     ; 1         ; no              ; no         ; no            ; no       ; Off          ; 2.5 V        ; Default          ; Series 50 Ohm without Calibration ; --                        ; no                         ; no                          ; 0                   ; Off                         ; Fitter               ; -                    ; -                   ;
; avs_readdata_o[10]                  ; V25   ; 5B       ; 89           ; 20           ; 60           ; no              ; no                     ; 1         ; no              ; no         ; no            ; no       ; Off          ; 2.5 V        ; Default          ; Series 50 Ohm without Calibration ; --                        ; no                         ; no                          ; 0                   ; Off                         ; Fitter               ; -                    ; -                   ;
; avs_readdata_o[11]                  ; AH25  ; 4A       ; 78           ; 0            ; 51           ; no              ; no                     ; 1         ; no              ; no         ; no            ; no       ; Off          ; 2.5 V        ; Default          ; Series 50 Ohm without Calibration ; --                        ; no                         ; no                          ; 0                   ; Off                         ; Fitter               ; -                    ; -                   ;
; avs_readdata_o[12]                  ; AH29  ; 5A       ; 89           ; 6            ; 54           ; no              ; no                     ; 1         ; no              ; no         ; no            ; no       ; Off          ; 2.5 V        ; Default          ; Series 50 Ohm without Calibration ; --                        ; no                         ; no                          ; 0                   ; Off                         ; Fitter               ; -                    ; -                   ;
; avs_readdata_o[13]                  ; AK23  ; 4A       ; 72           ; 0            ; 34           ; no              ; no                     ; 1         ; no              ; no         ; no            ; no       ; Off          ; 2.5 V        ; Default          ; Series 50 Ohm without Calibration ; --                        ; no                         ; no                          ; 0                   ; Off                         ; Fitter               ; -                    ; -                   ;
; avs_readdata_o[14]                  ; AC29  ; 5B       ; 89           ; 20           ; 94           ; no              ; no                     ; 1         ; no              ; no         ; no            ; no       ; Off          ; 2.5 V        ; Default          ; Series 50 Ohm without Calibration ; --                        ; no                         ; no                          ; 0                   ; Off                         ; Fitter               ; -                    ; -                   ;
; avs_readdata_o[15]                  ; AB28  ; 5B       ; 89           ; 21           ; 37           ; no              ; no                     ; 1         ; no              ; no         ; no            ; no       ; Off          ; 2.5 V        ; Default          ; Series 50 Ohm without Calibration ; --                        ; no                         ; no                          ; 0                   ; Off                         ; Fitter               ; -                    ; -                   ;
; avs_readdata_o[16]                  ; AJ25  ; 4A       ; 74           ; 0            ; 91           ; no              ; no                     ; 1         ; no              ; no         ; no            ; no       ; Off          ; 2.5 V        ; Default          ; Series 50 Ohm without Calibration ; --                        ; no                         ; no                          ; 0                   ; Off                         ; Fitter               ; -                    ; -                   ;
; avs_readdata_o[17]                  ; AJ22  ; 4A       ; 70           ; 0            ; 51           ; no              ; no                     ; 1         ; no              ; no         ; no            ; no       ; Off          ; 2.5 V        ; Default          ; Series 50 Ohm without Calibration ; --                        ; no                         ; no                          ; 0                   ; Off                         ; Fitter               ; -                    ; -                   ;
; avs_readdata_o[18]                  ; AH23  ; 4A       ; 70           ; 0            ; 34           ; no              ; no                     ; 1         ; no              ; no         ; no            ; no       ; Off          ; 2.5 V        ; Default          ; Series 50 Ohm without Calibration ; --                        ; no                         ; no                          ; 0                   ; Off                         ; Fitter               ; -                    ; -                   ;
; avs_readdata_o[19]                  ; AA19  ; 4A       ; 72           ; 0            ; 17           ; no              ; no                     ; 1         ; no              ; no         ; no            ; no       ; Off          ; 2.5 V        ; Default          ; Series 50 Ohm without Calibration ; --                        ; no                         ; no                          ; 0                   ; Off                         ; Fitter               ; -                    ; -                   ;
; avs_readdata_o[1]                   ; AK14  ; 3B       ; 40           ; 0            ; 51           ; no              ; no                     ; 1         ; no              ; no         ; no            ; no       ; Off          ; 2.5 V        ; Default          ; Series 50 Ohm without Calibration ; --                        ; no                         ; no                          ; 0                   ; Off                         ; Fitter               ; -                    ; -                   ;
; avs_readdata_o[20]                  ; AK21  ; 4A       ; 68           ; 0            ; 34           ; no              ; no                     ; 1         ; no              ; no         ; no            ; no       ; Off          ; 2.5 V        ; Default          ; Series 50 Ohm without Calibration ; --                        ; no                         ; no                          ; 0                   ; Off                         ; Fitter               ; -                    ; -                   ;
; avs_readdata_o[21]                  ; AF21  ; 4A       ; 70           ; 0            ; 17           ; no              ; no                     ; 1         ; no              ; no         ; no            ; no       ; Off          ; 2.5 V        ; Default          ; Series 50 Ohm without Calibration ; --                        ; no                         ; no                          ; 0                   ; Off                         ; Fitter               ; -                    ; -                   ;
; avs_readdata_o[22]                  ; AE28  ; 5A       ; 89           ; 11           ; 94           ; no              ; no                     ; 1         ; no              ; no         ; no            ; no       ; Off          ; 2.5 V        ; Default          ; Series 50 Ohm without Calibration ; --                        ; no                         ; no                          ; 0                   ; Off                         ; Fitter               ; -                    ; -                   ;
; avs_readdata_o[23]                  ; AE18  ; 4A       ; 66           ; 0            ; 40           ; no              ; no                     ; 1         ; no              ; no         ; no            ; no       ; Off          ; 2.5 V        ; Default          ; Series 50 Ohm without Calibration ; --                        ; no                         ; no                          ; 0                   ; Off                         ; Fitter               ; -                    ; -                   ;
; avs_readdata_o[24]                  ; W17   ; 4A       ; 60           ; 0            ; 17           ; no              ; no                     ; 1         ; no              ; no         ; no            ; no       ; Off          ; 2.5 V        ; Default          ; Series 50 Ohm without Calibration ; --                        ; no                         ; no                          ; 0                   ; Off                         ; Fitter               ; -                    ; -                   ;
; avs_readdata_o[25]                  ; AA16  ; 4A       ; 56           ; 0            ; 0            ; no              ; no                     ; 1         ; no              ; no         ; no            ; no       ; Off          ; 2.5 V        ; Default          ; Series 50 Ohm without Calibration ; --                        ; no                         ; no                          ; 0                   ; Off                         ; Fitter               ; -                    ; -                   ;
; avs_readdata_o[26]                  ; AK18  ; 4A       ; 58           ; 0            ; 57           ; no              ; no                     ; 1         ; no              ; no         ; no            ; no       ; Off          ; 2.5 V        ; Default          ; Series 50 Ohm without Calibration ; --                        ; no                         ; no                          ; 0                   ; Off                         ; Fitter               ; -                    ; -                   ;
; avs_readdata_o[27]                  ; AB17  ; 4A       ; 56           ; 0            ; 17           ; no              ; no                     ; 1         ; no              ; no         ; no            ; no       ; Off          ; 2.5 V        ; Default          ; Series 50 Ohm without Calibration ; --                        ; no                         ; no                          ; 0                   ; Off                         ; Fitter               ; -                    ; -                   ;
; avs_readdata_o[28]                  ; AH17  ; 4A       ; 56           ; 0            ; 34           ; no              ; no                     ; 1         ; no              ; no         ; no            ; no       ; Off          ; 2.5 V        ; Default          ; Series 50 Ohm without Calibration ; --                        ; no                         ; no                          ; 0                   ; Off                         ; Fitter               ; -                    ; -                   ;
; avs_readdata_o[29]                  ; W16   ; 4A       ; 52           ; 0            ; 17           ; no              ; no                     ; 1         ; no              ; no         ; no            ; no       ; Off          ; 2.5 V        ; Default          ; Series 50 Ohm without Calibration ; --                        ; no                         ; no                          ; 0                   ; Off                         ; Fitter               ; -                    ; -                   ;
; avs_readdata_o[2]                   ; AA13  ; 3B       ; 20           ; 0            ; 0            ; no              ; no                     ; 1         ; no              ; no         ; no            ; no       ; Off          ; 2.5 V        ; Default          ; Series 50 Ohm without Calibration ; --                        ; no                         ; no                          ; 0                   ; Off                         ; Fitter               ; -                    ; -                   ;
; avs_readdata_o[30]                  ; AH19  ; 4A       ; 58           ; 0            ; 91           ; no              ; no                     ; 1         ; no              ; no         ; no            ; no       ; Off          ; 2.5 V        ; Default          ; Series 50 Ohm without Calibration ; --                        ; no                         ; no                          ; 0                   ; Off                         ; Fitter               ; -                    ; -                   ;
; avs_readdata_o[31]                  ; AH18  ; 4A       ; 56           ; 0            ; 51           ; no              ; no                     ; 1         ; no              ; no         ; no            ; no       ; Off          ; 2.5 V        ; Default          ; Series 50 Ohm without Calibration ; --                        ; no                         ; no                          ; 0                   ; Off                         ; Fitter               ; -                    ; -                   ;
; avs_readdata_o[3]                   ; AG11  ; 3B       ; 18           ; 0            ; 57           ; no              ; no                     ; 1         ; no              ; no         ; no            ; no       ; Off          ; 2.5 V        ; Default          ; Series 50 Ohm without Calibration ; --                        ; no                         ; no                          ; 0                   ; Off                         ; Fitter               ; -                    ; -                   ;
; avs_readdata_o[4]                   ; Y16   ; 3B       ; 40           ; 0            ; 17           ; no              ; no                     ; 1         ; no              ; no         ; no            ; no       ; Off          ; 2.5 V        ; Default          ; Series 50 Ohm without Calibration ; --                        ; no                         ; no                          ; 0                   ; Off                         ; Fitter               ; -                    ; -                   ;
; avs_readdata_o[5]                   ; AH15  ; 3B       ; 38           ; 0            ; 17           ; no              ; no                     ; 1         ; no              ; no         ; no            ; no       ; Off          ; 2.5 V        ; Default          ; Series 50 Ohm without Calibration ; --                        ; no                         ; no                          ; 0                   ; Off                         ; Fitter               ; -                    ; -                   ;
; avs_readdata_o[6]                   ; AJ6   ; 3B       ; 26           ; 0            ; 74           ; no              ; no                     ; 1         ; no              ; no         ; no            ; no       ; Off          ; 2.5 V        ; Default          ; Series 50 Ohm without Calibration ; --                        ; no                         ; no                          ; 0                   ; Off                         ; Fitter               ; -                    ; -                   ;
; avs_readdata_o[7]                   ; AH7   ; 3B       ; 32           ; 0            ; 34           ; no              ; no                     ; 1         ; no              ; no         ; no            ; no       ; Off          ; 2.5 V        ; Default          ; Series 50 Ohm without Calibration ; --                        ; no                         ; no                          ; 0                   ; Off                         ; Fitter               ; -                    ; -                   ;
; avs_readdata_o[8]                   ; Y17   ; 4A       ; 68           ; 0            ; 0            ; no              ; no                     ; 1         ; no              ; no         ; no            ; no       ; Off          ; 2.5 V        ; Default          ; Series 50 Ohm without Calibration ; --                        ; no                         ; no                          ; 0                   ; Off                         ; Fitter               ; -                    ; -                   ;
; avs_readdata_o[9]                   ; AK29  ; 4A       ; 82           ; 0            ; 91           ; no              ; no                     ; 1         ; no              ; no         ; no            ; no       ; Off          ; 2.5 V        ; Default          ; Series 50 Ohm without Calibration ; --                        ; no                         ; no                          ; 0                   ; Off                         ; Fitter               ; -                    ; -                   ;
; avs_readdatavalid_o                 ; AG22  ; 4A       ; 66           ; 0            ; 74           ; no              ; no                     ; 1         ; no              ; no         ; no            ; no       ; Off          ; 2.5 V        ; Default          ; Series 50 Ohm without Calibration ; --                        ; no                         ; no                          ; 0                   ; Off                         ; Fitter               ; -                    ; -                   ;
; avs_waitrequest_o                   ; B13   ; 8A       ; 40           ; 81           ; 34           ; no              ; no                     ; 1         ; no              ; no         ; no            ; no       ; Off          ; 2.5 V        ; Default          ; Series 50 Ohm without Calibration ; --                        ; no                         ; no                          ; 0                   ; Off                         ; Fitter               ; -                    ; -                   ;
; neurax_activation_type_o.ELU        ; AJ1   ; 3A       ; 14           ; 0            ; 0            ; no              ; no                     ; 1         ; no              ; no         ; no            ; no       ; Off          ; 2.5 V        ; Default          ; Series 50 Ohm without Calibration ; --                        ; no                         ; no                          ; 0                   ; Off                         ; Fitter               ; -                    ; -                   ;
; neurax_activation_type_o.LEAKY_RELU ; AJ2   ; 3A       ; 14           ; 0            ; 17           ; no              ; no                     ; 1         ; no              ; no         ; no            ; no       ; Off          ; 2.5 V        ; Default          ; Series 50 Ohm without Calibration ; --                        ; no                         ; no                          ; 0                   ; Off                         ; Fitter               ; -                    ; -                   ;
; neurax_activation_type_o.LINEAR     ; AC12  ; 3A       ; 16           ; 0            ; 0            ; no              ; no                     ; 1         ; no              ; no         ; no            ; no       ; Off          ; 2.5 V        ; Default          ; Series 50 Ohm without Calibration ; --                        ; no                         ; no                          ; 0                   ; Off                         ; Fitter               ; -                    ; -                   ;
; neurax_activation_type_o.RELU       ; AJ5   ; 3B       ; 24           ; 0            ; 34           ; no              ; no                     ; 1         ; no              ; no         ; no            ; no       ; Off          ; 2.5 V        ; Default          ; Series 50 Ohm without Calibration ; --                        ; no                         ; no                          ; 0                   ; Off                         ; Fitter               ; -                    ; -                   ;
; neurax_activation_type_o.SIGMOID    ; AD14  ; 3B       ; 24           ; 0            ; 0            ; no              ; no                     ; 1         ; no              ; no         ; no            ; no       ; Off          ; 2.5 V        ; Default          ; Series 50 Ohm without Calibration ; --                        ; no                         ; no                          ; 0                   ; Off                         ; Fitter               ; -                    ; -                   ;
; neurax_activation_type_o.TANH       ; AK4   ; 3B       ; 22           ; 0            ; 51           ; no              ; no                     ; 1         ; no              ; no         ; no            ; no       ; Off          ; 2.5 V        ; Default          ; Series 50 Ohm without Calibration ; --                        ; no                         ; no                          ; 0                   ; Off                         ; Fitter               ; -                    ; -                   ;
; neurax_alpha_o[0]                   ; AK3   ; 3B       ; 20           ; 0            ; 51           ; no              ; no                     ; 1         ; no              ; no         ; no            ; no       ; Off          ; 2.5 V        ; Default          ; Series 50 Ohm without Calibration ; --                        ; no                         ; no                          ; 0                   ; Off                         ; Fitter               ; -                    ; -                   ;
; neurax_alpha_o[10]                  ; AH28  ; 5A       ; 89           ; 4            ; 94           ; no              ; no                     ; 1         ; no              ; no         ; no            ; no       ; Off          ; 2.5 V        ; Default          ; Series 50 Ohm without Calibration ; --                        ; no                         ; no                          ; 0                   ; Off                         ; Fitter               ; -                    ; -                   ;
; neurax_alpha_o[11]                  ; AH30  ; 5A       ; 89           ; 16           ; 37           ; no              ; no                     ; 1         ; no              ; no         ; no            ; no       ; Off          ; 2.5 V        ; Default          ; Series 50 Ohm without Calibration ; --                        ; no                         ; no                          ; 0                   ; Off                         ; Fitter               ; -                    ; -                   ;
; neurax_alpha_o[12]                  ; AK26  ; 4A       ; 76           ; 0            ; 51           ; no              ; no                     ; 1         ; no              ; no         ; no            ; no       ; Off          ; 2.5 V        ; Default          ; Series 50 Ohm without Calibration ; --                        ; no                         ; no                          ; 0                   ; Off                         ; Fitter               ; -                    ; -                   ;
; neurax_alpha_o[13]                  ; AC27  ; 5A       ; 89           ; 16           ; 20           ; no              ; no                     ; 1         ; no              ; no         ; no            ; no       ; Off          ; 2.5 V        ; Default          ; Series 50 Ohm without Calibration ; --                        ; no                         ; no                          ; 0                   ; Off                         ; Fitter               ; -                    ; -                   ;
; neurax_alpha_o[14]                  ; W24   ; 5A       ; 89           ; 15           ; 20           ; no              ; no                     ; 1         ; no              ; no         ; no            ; no       ; Off          ; 2.5 V        ; Default          ; Series 50 Ohm without Calibration ; --                        ; no                         ; no                          ; 0                   ; Off                         ; Fitter               ; -                    ; -                   ;
; neurax_alpha_o[15]                  ; AG30  ; 5A       ; 89           ; 16           ; 54           ; no              ; no                     ; 1         ; no              ; no         ; no            ; no       ; Off          ; 2.5 V        ; Default          ; Series 50 Ohm without Calibration ; --                        ; no                         ; no                          ; 0                   ; Off                         ; Fitter               ; -                    ; -                   ;
; neurax_alpha_o[1]                   ; AK11  ; 3B       ; 34           ; 0            ; 57           ; no              ; no                     ; 1         ; no              ; no         ; no            ; no       ; Off          ; 2.5 V        ; Default          ; Series 50 Ohm without Calibration ; --                        ; no                         ; no                          ; 0                   ; Off                         ; Fitter               ; -                    ; -                   ;
; neurax_alpha_o[2]                   ; AF5   ; 3A       ; 8            ; 0            ; 17           ; no              ; no                     ; 1         ; no              ; no         ; no            ; no       ; Off          ; 2.5 V        ; Default          ; Series 50 Ohm without Calibration ; --                        ; no                         ; no                          ; 0                   ; Off                         ; Fitter               ; -                    ; -                   ;
; neurax_alpha_o[3]                   ; AK2   ; 3B       ; 20           ; 0            ; 34           ; no              ; no                     ; 1         ; no              ; no         ; no            ; no       ; Off          ; 2.5 V        ; Default          ; Series 50 Ohm without Calibration ; --                        ; no                         ; no                          ; 0                   ; Off                         ; Fitter               ; -                    ; -                   ;
; neurax_alpha_o[4]                   ; AE13  ; 3B       ; 22           ; 0            ; 0            ; no              ; no                     ; 1         ; no              ; no         ; no            ; no       ; Off          ; 2.5 V        ; Default          ; Series 50 Ohm without Calibration ; --                        ; no                         ; no                          ; 0                   ; Off                         ; Fitter               ; -                    ; -                   ;
; neurax_alpha_o[5]                   ; AJ10  ; 3B       ; 34           ; 0            ; 91           ; no              ; no                     ; 1         ; no              ; no         ; no            ; no       ; Off          ; 2.5 V        ; Default          ; Series 50 Ohm without Calibration ; --                        ; no                         ; no                          ; 0                   ; Off                         ; Fitter               ; -                    ; -                   ;
; neurax_alpha_o[6]                   ; AG12  ; 3B       ; 26           ; 0            ; 40           ; no              ; no                     ; 1         ; no              ; no         ; no            ; no       ; Off          ; 2.5 V        ; Default          ; Series 50 Ohm without Calibration ; --                        ; no                         ; no                          ; 0                   ; Off                         ; Fitter               ; -                    ; -                   ;
; neurax_alpha_o[7]                   ; AH5   ; 3A       ; 14           ; 0            ; 51           ; no              ; no                     ; 1         ; no              ; no         ; no            ; no       ; Off          ; 2.5 V        ; Default          ; Series 50 Ohm without Calibration ; --                        ; no                         ; no                          ; 0                   ; Off                         ; Fitter               ; -                    ; -                   ;
; neurax_alpha_o[8]                   ; AD27  ; 5A       ; 89           ; 8            ; 54           ; no              ; no                     ; 1         ; no              ; no         ; no            ; no       ; Off          ; 2.5 V        ; Default          ; Series 50 Ohm without Calibration ; --                        ; no                         ; no                          ; 0                   ; Off                         ; Fitter               ; -                    ; -                   ;
; neurax_alpha_o[9]                   ; AG27  ; 5A       ; 89           ; 4            ; 77           ; no              ; no                     ; 1         ; no              ; no         ; no            ; no       ; Off          ; 2.5 V        ; Default          ; Series 50 Ohm without Calibration ; --                        ; no                         ; no                          ; 0                   ; Off                         ; Fitter               ; -                    ; -                   ;
; neurax_batch_size_o[0]              ; AE14  ; 3B       ; 24           ; 0            ; 17           ; no              ; no                     ; 1         ; no              ; no         ; no            ; no       ; Off          ; 2.5 V        ; Default          ; Series 50 Ohm without Calibration ; --                        ; no                         ; no                          ; 0                   ; Off                         ; Fitter               ; -                    ; -                   ;
; neurax_batch_size_o[1]              ; AD12  ; 3A       ; 16           ; 0            ; 17           ; no              ; no                     ; 1         ; no              ; no         ; no            ; no       ; Off          ; 2.5 V        ; Default          ; Series 50 Ohm without Calibration ; --                        ; no                         ; no                          ; 0                   ; Off                         ; Fitter               ; -                    ; -                   ;
; neurax_batch_size_o[2]              ; AG2   ; 3A       ; 16           ; 0            ; 34           ; no              ; no                     ; 1         ; no              ; no         ; no            ; no       ; Off          ; 2.5 V        ; Default          ; Series 50 Ohm without Calibration ; --                        ; no                         ; no                          ; 0                   ; Off                         ; Fitter               ; -                    ; -                   ;
; neurax_bias_valid_o                 ; AH22  ; 4A       ; 66           ; 0            ; 91           ; no              ; no                     ; 1         ; no              ; no         ; no            ; no       ; Off          ; 2.5 V        ; Default          ; Series 50 Ohm without Calibration ; --                        ; no                         ; no                          ; 0                   ; Off                         ; Fitter               ; -                    ; -                   ;
; neurax_conv_input_channels_o[0]     ; AJ4   ; 3B       ; 22           ; 0            ; 34           ; no              ; no                     ; 1         ; no              ; no         ; no            ; no       ; Off          ; 2.5 V        ; Default          ; Series 50 Ohm without Calibration ; --                        ; no                         ; no                          ; 0                   ; Off                         ; Fitter               ; -                    ; -                   ;
; neurax_conv_input_channels_o[1]     ; AG10  ; 3B       ; 18           ; 0            ; 74           ; no              ; no                     ; 1         ; no              ; no         ; no            ; no       ; Off          ; 2.5 V        ; Default          ; Series 50 Ohm without Calibration ; --                        ; no                         ; no                          ; 0                   ; Off                         ; Fitter               ; -                    ; -                   ;
; neurax_conv_input_channels_o[2]     ; AF15  ; 3B       ; 32           ; 0            ; 17           ; no              ; no                     ; 1         ; no              ; no         ; no            ; no       ; Off          ; 2.5 V        ; Default          ; Series 50 Ohm without Calibration ; --                        ; no                         ; no                          ; 0                   ; Off                         ; Fitter               ; -                    ; -                   ;
; neurax_conv_input_channels_o[3]     ; AG1   ; 3A       ; 10           ; 0            ; 40           ; no              ; no                     ; 1         ; no              ; no         ; no            ; no       ; Off          ; 2.5 V        ; Default          ; Series 50 Ohm without Calibration ; --                        ; no                         ; no                          ; 0                   ; Off                         ; Fitter               ; -                    ; -                   ;
; neurax_conv_input_channels_o[4]     ; AG15  ; 3B       ; 38           ; 0            ; 0            ; no              ; no                     ; 1         ; no              ; no         ; no            ; no       ; Off          ; 2.5 V        ; Default          ; Series 50 Ohm without Calibration ; --                        ; no                         ; no                          ; 0                   ; Off                         ; Fitter               ; -                    ; -                   ;
; neurax_conv_kernel_size_o[0]        ; AH20  ; 4A       ; 54           ; 0            ; 17           ; no              ; no                     ; 1         ; no              ; no         ; no            ; no       ; Off          ; 2.5 V        ; Default          ; Series 50 Ohm without Calibration ; --                        ; no                         ; no                          ; 0                   ; Off                         ; Fitter               ; -                    ; -                   ;
; neurax_conv_kernel_size_o[1]        ; AK16  ; 4A       ; 54           ; 0            ; 51           ; no              ; no                     ; 1         ; no              ; no         ; no            ; no       ; Off          ; 2.5 V        ; Default          ; Series 50 Ohm without Calibration ; --                        ; no                         ; no                          ; 0                   ; Off                         ; Fitter               ; -                    ; -                   ;
; neurax_conv_kernel_size_o[2]        ; AG21  ; 4A       ; 54           ; 0            ; 0            ; no              ; no                     ; 1         ; no              ; no         ; no            ; no       ; Off          ; 2.5 V        ; Default          ; Series 50 Ohm without Calibration ; --                        ; no                         ; no                          ; 0                   ; Off                         ; Fitter               ; -                    ; -                   ;
; neurax_conv_output_channels_o[0]    ; AK28  ; 4A       ; 82           ; 0            ; 74           ; no              ; no                     ; 1         ; no              ; no         ; no            ; no       ; Off          ; 2.5 V        ; Default          ; Series 50 Ohm without Calibration ; --                        ; no                         ; no                          ; 0                   ; Off                         ; Fitter               ; -                    ; -                   ;
; neurax_conv_output_channels_o[1]    ; V18   ; 4A       ; 80           ; 0            ; 0            ; no              ; no                     ; 1         ; no              ; no         ; no            ; no       ; Off          ; 2.5 V        ; Default          ; Series 50 Ohm without Calibration ; --                        ; no                         ; no                          ; 0                   ; Off                         ; Fitter               ; -                    ; -                   ;
; neurax_conv_output_channels_o[2]    ; AE23  ; 4A       ; 78           ; 0            ; 17           ; no              ; no                     ; 1         ; no              ; no         ; no            ; no       ; Off          ; 2.5 V        ; Default          ; Series 50 Ohm without Calibration ; --                        ; no                         ; no                          ; 0                   ; Off                         ; Fitter               ; -                    ; -                   ;
; neurax_conv_output_channels_o[3]    ; AF26  ; 4A       ; 86           ; 0            ; 51           ; no              ; no                     ; 1         ; no              ; no         ; no            ; no       ; Off          ; 2.5 V        ; Default          ; Series 50 Ohm without Calibration ; --                        ; no                         ; no                          ; 0                   ; Off                         ; Fitter               ; -                    ; -                   ;
; neurax_conv_output_channels_o[4]    ; AD21  ; 4A       ; 82           ; 0            ; 57           ; no              ; no                     ; 1         ; no              ; no         ; no            ; no       ; Off          ; 2.5 V        ; Default          ; Series 50 Ohm without Calibration ; --                        ; no                         ; no                          ; 0                   ; Off                         ; Fitter               ; -                    ; -                   ;
; neurax_conv_padding_o[0]            ; AF20  ; 4A       ; 70           ; 0            ; 0            ; no              ; no                     ; 1         ; no              ; no         ; no            ; no       ; Off          ; 2.5 V        ; Default          ; Series 50 Ohm without Calibration ; --                        ; no                         ; no                          ; 0                   ; Off                         ; Fitter               ; -                    ; -                   ;
; neurax_conv_padding_o[1]            ; AK24  ; 4A       ; 72           ; 0            ; 51           ; no              ; no                     ; 1         ; no              ; no         ; no            ; no       ; Off          ; 2.5 V        ; Default          ; Series 50 Ohm without Calibration ; --                        ; no                         ; no                          ; 0                   ; Off                         ; Fitter               ; -                    ; -                   ;
; neurax_conv_stride_o[0]             ; AA15  ; 3B       ; 36           ; 0            ; 17           ; no              ; no                     ; 1         ; no              ; no         ; no            ; no       ; Off          ; 2.5 V        ; Default          ; Series 50 Ohm without Calibration ; --                        ; no                         ; no                          ; 0                   ; Off                         ; Fitter               ; -                    ; -                   ;
; neurax_conv_stride_o[1]             ; AK12  ; 3B       ; 36           ; 0            ; 34           ; no              ; no                     ; 1         ; no              ; no         ; no            ; no       ; Off          ; 2.5 V        ; Default          ; Series 50 Ohm without Calibration ; --                        ; no                         ; no                          ; 0                   ; Off                         ; Fitter               ; -                    ; -                   ;
; neurax_conv_stride_o[2]             ; AK13  ; 3B       ; 36           ; 0            ; 51           ; no              ; no                     ; 1         ; no              ; no         ; no            ; no       ; Off          ; 2.5 V        ; Default          ; Series 50 Ohm without Calibration ; --                        ; no                         ; no                          ; 0                   ; Off                         ; Fitter               ; -                    ; -                   ;
; neurax_debug_cycle_o[0]             ; AH4   ; 3A       ; 6            ; 0            ; 51           ; no              ; no                     ; 1         ; no              ; no         ; no            ; no       ; Off          ; 2.5 V        ; Default          ; Series 50 Ohm without Calibration ; --                        ; no                         ; no                          ; 0                   ; Off                         ; Fitter               ; -                    ; -                   ;
; neurax_debug_cycle_o[10]            ; V16   ; 4A       ; 52           ; 0            ; 0            ; no              ; no                     ; 1         ; no              ; no         ; no            ; no       ; Off          ; 2.5 V        ; Default          ; Series 50 Ohm without Calibration ; --                        ; no                         ; no                          ; 0                   ; Off                         ; Fitter               ; -                    ; -                   ;
; neurax_debug_cycle_o[11]            ; C12   ; 8A       ; 36           ; 81           ; 34           ; no              ; no                     ; 1         ; no              ; no         ; no            ; no       ; Off          ; 2.5 V        ; Default          ; Series 50 Ohm without Calibration ; --                        ; no                         ; no                          ; 0                   ; Off                         ; Fitter               ; -                    ; -                   ;
; neurax_debug_cycle_o[12]            ; F15   ; 8A       ; 36           ; 81           ; 0            ; no              ; no                     ; 1         ; no              ; no         ; no            ; no       ; Off          ; 2.5 V        ; Default          ; Series 50 Ohm without Calibration ; --                        ; no                         ; no                          ; 0                   ; Off                         ; Fitter               ; -                    ; -                   ;
; neurax_debug_cycle_o[13]            ; F8    ; 8A       ; 2            ; 81           ; 57           ; no              ; no                     ; 1         ; no              ; no         ; no            ; no       ; Off          ; 2.5 V        ; Default          ; Series 50 Ohm without Calibration ; --                        ; no                         ; no                          ; 0                   ; Off                         ; Fitter               ; -                    ; -                   ;
; neurax_debug_cycle_o[14]            ; G13   ; 8A       ; 28           ; 81           ; 17           ; no              ; no                     ; 1         ; no              ; no         ; no            ; no       ; Off          ; 2.5 V        ; Default          ; Series 50 Ohm without Calibration ; --                        ; no                         ; no                          ; 0                   ; Off                         ; Fitter               ; -                    ; -                   ;
; neurax_debug_cycle_o[15]            ; H13   ; 8A       ; 20           ; 81           ; 0            ; no              ; no                     ; 1         ; no              ; no         ; no            ; no       ; Off          ; 2.5 V        ; Default          ; Series 50 Ohm without Calibration ; --                        ; no                         ; no                          ; 0                   ; Off                         ; Fitter               ; -                    ; -                   ;
; neurax_debug_cycle_o[16]            ; AA14  ; 3B       ; 36           ; 0            ; 0            ; no              ; no                     ; 1         ; no              ; no         ; no            ; no       ; Off          ; 2.5 V        ; Default          ; Series 50 Ohm without Calibration ; --                        ; no                         ; no                          ; 0                   ; Off                         ; Fitter               ; -                    ; -                   ;
; neurax_debug_cycle_o[17]            ; B11   ; 8A       ; 36           ; 81           ; 51           ; no              ; no                     ; 1         ; no              ; no         ; no            ; no       ; Off          ; 2.5 V        ; Default          ; Series 50 Ohm without Calibration ; --                        ; no                         ; no                          ; 0                   ; Off                         ; Fitter               ; -                    ; -                   ;
; neurax_debug_cycle_o[18]            ; AB12  ; 3A       ; 12           ; 0            ; 17           ; no              ; no                     ; 1         ; no              ; no         ; no            ; no       ; Off          ; 2.5 V        ; Default          ; Series 50 Ohm without Calibration ; --                        ; no                         ; no                          ; 0                   ; Off                         ; Fitter               ; -                    ; -                   ;
; neurax_debug_cycle_o[19]            ; AG6   ; 3A       ; 12           ; 0            ; 51           ; no              ; no                     ; 1         ; no              ; no         ; no            ; no       ; Off          ; 2.5 V        ; Default          ; Series 50 Ohm without Calibration ; --                        ; no                         ; no                          ; 0                   ; Off                         ; Fitter               ; -                    ; -                   ;
; neurax_debug_cycle_o[1]             ; B7    ; 8A       ; 32           ; 81           ; 51           ; no              ; no                     ; 1         ; no              ; no         ; no            ; no       ; Off          ; 2.5 V        ; Default          ; Series 50 Ohm without Calibration ; --                        ; no                         ; no                          ; 0                   ; Off                         ; Fitter               ; -                    ; -                   ;
; neurax_debug_cycle_o[20]            ; B3    ; 8A       ; 14           ; 81           ; 51           ; no              ; no                     ; 1         ; no              ; no         ; no            ; no       ; Off          ; 2.5 V        ; Default          ; Series 50 Ohm without Calibration ; --                        ; no                         ; no                          ; 0                   ; Off                         ; Fitter               ; -                    ; -                   ;
; neurax_debug_cycle_o[21]            ; B2    ; 8A       ; 16           ; 81           ; 34           ; no              ; no                     ; 1         ; no              ; no         ; no            ; no       ; Off          ; 2.5 V        ; Default          ; Series 50 Ohm without Calibration ; --                        ; no                         ; no                          ; 0                   ; Off                         ; Fitter               ; -                    ; -                   ;
; neurax_debug_cycle_o[22]            ; C3    ; 8A       ; 14           ; 81           ; 34           ; no              ; no                     ; 1         ; no              ; no         ; no            ; no       ; Off          ; 2.5 V        ; Default          ; Series 50 Ohm without Calibration ; --                        ; no                         ; no                          ; 0                   ; Off                         ; Fitter               ; -                    ; -                   ;
; neurax_debug_cycle_o[23]            ; A8    ; 8A       ; 34           ; 81           ; 91           ; no              ; no                     ; 1         ; no              ; no         ; no            ; no       ; Off          ; 2.5 V        ; Default          ; Series 50 Ohm without Calibration ; --                        ; no                         ; no                          ; 0                   ; Off                         ; Fitter               ; -                    ; -                   ;
; neurax_debug_cycle_o[24]            ; D7    ; 8A       ; 18           ; 81           ; 91           ; no              ; no                     ; 1         ; no              ; no         ; no            ; no       ; Off          ; 2.5 V        ; Default          ; Series 50 Ohm without Calibration ; --                        ; no                         ; no                          ; 0                   ; Off                         ; Fitter               ; -                    ; -                   ;
; neurax_debug_cycle_o[25]            ; C7    ; 8A       ; 32           ; 81           ; 34           ; no              ; no                     ; 1         ; no              ; no         ; no            ; no       ; Off          ; 2.5 V        ; Default          ; Series 50 Ohm without Calibration ; --                        ; no                         ; no                          ; 0                   ; Off                         ; Fitter               ; -                    ; -                   ;
; neurax_debug_cycle_o[26]            ; A11   ; 8A       ; 38           ; 81           ; 34           ; no              ; no                     ; 1         ; no              ; no         ; no            ; no       ; Off          ; 2.5 V        ; Default          ; Series 50 Ohm without Calibration ; --                        ; no                         ; no                          ; 0                   ; Off                         ; Fitter               ; -                    ; -                   ;
; neurax_debug_cycle_o[27]            ; E1    ; 8A       ; 6            ; 81           ; 34           ; no              ; no                     ; 1         ; no              ; no         ; no            ; no       ; Off          ; 2.5 V        ; Default          ; Series 50 Ohm without Calibration ; --                        ; no                         ; no                          ; 0                   ; Off                         ; Fitter               ; -                    ; -                   ;
; neurax_debug_cycle_o[28]            ; E13   ; 8A       ; 26           ; 81           ; 57           ; no              ; no                     ; 1         ; no              ; no         ; no            ; no       ; Off          ; 2.5 V        ; Default          ; Series 50 Ohm without Calibration ; --                        ; no                         ; no                          ; 0                   ; Off                         ; Fitter               ; -                    ; -                   ;
; neurax_debug_cycle_o[29]            ; AG8   ; 3A       ; 8            ; 0            ; 51           ; no              ; no                     ; 1         ; no              ; no         ; no            ; no       ; Off          ; 2.5 V        ; Default          ; Series 50 Ohm without Calibration ; --                        ; no                         ; no                          ; 0                   ; Off                         ; Fitter               ; -                    ; -                   ;
; neurax_debug_cycle_o[2]             ; AJ16  ; 4A       ; 54           ; 0            ; 34           ; no              ; no                     ; 1         ; no              ; no         ; no            ; no       ; Off          ; 2.5 V        ; Default          ; Series 50 Ohm without Calibration ; --                        ; no                         ; no                          ; 0                   ; Off                         ; Fitter               ; -                    ; -                   ;
; neurax_debug_cycle_o[30]            ; AG7   ; 3A       ; 10           ; 0            ; 91           ; no              ; no                     ; 1         ; no              ; no         ; no            ; no       ; Off          ; 2.5 V        ; Default          ; Series 50 Ohm without Calibration ; --                        ; no                         ; no                          ; 0                   ; Off                         ; Fitter               ; -                    ; -                   ;
; neurax_debug_cycle_o[31]            ; AF6   ; 3A       ; 12           ; 0            ; 34           ; no              ; no                     ; 1         ; no              ; no         ; no            ; no       ; Off          ; 2.5 V        ; Default          ; Series 50 Ohm without Calibration ; --                        ; no                         ; no                          ; 0                   ; Off                         ; Fitter               ; -                    ; -                   ;
; neurax_debug_cycle_o[3]             ; F11   ; 8A       ; 18           ; 81           ; 40           ; no              ; no                     ; 1         ; no              ; no         ; no            ; no       ; Off          ; 2.5 V        ; Default          ; Series 50 Ohm without Calibration ; --                        ; no                         ; no                          ; 0                   ; Off                         ; Fitter               ; -                    ; -                   ;
; neurax_debug_cycle_o[4]             ; A4    ; 8A       ; 24           ; 81           ; 34           ; no              ; no                     ; 1         ; no              ; no         ; no            ; no       ; Off          ; 2.5 V        ; Default          ; Series 50 Ohm without Calibration ; --                        ; no                         ; no                          ; 0                   ; Off                         ; Fitter               ; -                    ; -                   ;
; neurax_debug_cycle_o[5]             ; H15   ; 8A       ; 40           ; 81           ; 0            ; no              ; no                     ; 1         ; no              ; no         ; no            ; no       ; Off          ; 2.5 V        ; Default          ; Series 50 Ohm without Calibration ; --                        ; no                         ; no                          ; 0                   ; Off                         ; Fitter               ; -                    ; -                   ;
; neurax_debug_cycle_o[6]             ; E11   ; 8A       ; 18           ; 81           ; 57           ; no              ; no                     ; 1         ; no              ; no         ; no            ; no       ; Off          ; 2.5 V        ; Default          ; Series 50 Ohm without Calibration ; --                        ; no                         ; no                          ; 0                   ; Off                         ; Fitter               ; -                    ; -                   ;
; neurax_debug_cycle_o[7]             ; C4    ; 8A       ; 20           ; 81           ; 51           ; no              ; no                     ; 1         ; no              ; no         ; no            ; no       ; Off          ; 2.5 V        ; Default          ; Series 50 Ohm without Calibration ; --                        ; no                         ; no                          ; 0                   ; Off                         ; Fitter               ; -                    ; -                   ;
; neurax_debug_cycle_o[8]             ; H8    ; 8A       ; 24           ; 81           ; 0            ; no              ; no                     ; 1         ; no              ; no         ; no            ; no       ; Off          ; 2.5 V        ; Default          ; Series 50 Ohm without Calibration ; --                        ; no                         ; no                          ; 0                   ; Off                         ; Fitter               ; -                    ; -                   ;
; neurax_debug_cycle_o[9]             ; J7    ; 8A       ; 16           ; 81           ; 0            ; no              ; no                     ; 1         ; no              ; no         ; no            ; no       ; Off          ; 2.5 V        ; Default          ; Series 50 Ohm without Calibration ; --                        ; no                         ; no                          ; 0                   ; Off                         ; Fitter               ; -                    ; -                   ;
; neurax_enable_o                     ; AF14  ; 3B       ; 32           ; 0            ; 0            ; no              ; no                     ; 1         ; no              ; no         ; no            ; no       ; Off          ; 2.5 V        ; Default          ; Series 50 Ohm without Calibration ; --                        ; no                         ; no                          ; 0                   ; Off                         ; Fitter               ; -                    ; -                   ;
; neurax_input_valid_o                ; E2    ; 8A       ; 8            ; 81           ; 51           ; no              ; no                     ; 1         ; no              ; no         ; no            ; no       ; Off          ; 2.5 V        ; Default          ; Series 50 Ohm without Calibration ; --                        ; no                         ; no                          ; 0                   ; Off                         ; Fitter               ; -                    ; -                   ;
; neurax_operation_select_o[0]        ; AK9   ; 3B       ; 30           ; 0            ; 51           ; no              ; no                     ; 1         ; no              ; no         ; no            ; no       ; Off          ; 2.5 V        ; Default          ; Series 50 Ohm without Calibration ; --                        ; no                         ; no                          ; 0                   ; Off                         ; Fitter               ; -                    ; -                   ;
; neurax_operation_select_o[1]        ; AJ12  ; 3B       ; 38           ; 0            ; 51           ; no              ; no                     ; 1         ; no              ; no         ; no            ; no       ; Off          ; 2.5 V        ; Default          ; Series 50 Ohm without Calibration ; --                        ; no                         ; no                          ; 0                   ; Off                         ; Fitter               ; -                    ; -                   ;
; neurax_output_ready_o               ; A10   ; 8A       ; 38           ; 81           ; 51           ; no              ; no                     ; 1         ; no              ; no         ; no            ; no       ; Off          ; 2.5 V        ; Default          ; Series 50 Ohm without Calibration ; --                        ; no                         ; no                          ; 0                   ; Off                         ; Fitter               ; -                    ; -                   ;
; neurax_pool_channels_o[0]           ; AC18  ; 4A       ; 64           ; 0            ; 0            ; no              ; no                     ; 1         ; no              ; no         ; no            ; no       ; Off          ; 2.5 V        ; Default          ; Series 50 Ohm without Calibration ; --                        ; no                         ; no                          ; 0                   ; Off                         ; Fitter               ; -                    ; -                   ;
; neurax_pool_channels_o[1]           ; AJ17  ; 4A       ; 58           ; 0            ; 40           ; no              ; no                     ; 1         ; no              ; no         ; no            ; no       ; Off          ; 2.5 V        ; Default          ; Series 50 Ohm without Calibration ; --                        ; no                         ; no                          ; 0                   ; Off                         ; Fitter               ; -                    ; -                   ;
; neurax_pool_channels_o[2]           ; AH24  ; 4A       ; 64           ; 0            ; 51           ; no              ; no                     ; 1         ; no              ; no         ; no            ; no       ; Off          ; 2.5 V        ; Default          ; Series 50 Ohm without Calibration ; --                        ; no                         ; no                          ; 0                   ; Off                         ; Fitter               ; -                    ; -                   ;
; neurax_pool_channels_o[3]           ; AF19  ; 4A       ; 62           ; 0            ; 0            ; no              ; no                     ; 1         ; no              ; no         ; no            ; no       ; Off          ; 2.5 V        ; Default          ; Series 50 Ohm without Calibration ; --                        ; no                         ; no                          ; 0                   ; Off                         ; Fitter               ; -                    ; -                   ;
; neurax_pool_channels_o[4]           ; AE19  ; 4A       ; 66           ; 0            ; 57           ; no              ; no                     ; 1         ; no              ; no         ; no            ; no       ; Off          ; 2.5 V        ; Default          ; Series 50 Ohm without Calibration ; --                        ; no                         ; no                          ; 0                   ; Off                         ; Fitter               ; -                    ; -                   ;
; neurax_pool_size_o[0]               ; AF13  ; 3B       ; 22           ; 0            ; 17           ; no              ; no                     ; 1         ; no              ; no         ; no            ; no       ; Off          ; 2.5 V        ; Default          ; Series 50 Ohm without Calibration ; --                        ; no                         ; no                          ; 0                   ; Off                         ; Fitter               ; -                    ; -                   ;
; neurax_pool_size_o[1]               ; AF11  ; 3B       ; 18           ; 0            ; 40           ; no              ; no                     ; 1         ; no              ; no         ; no            ; no       ; Off          ; 2.5 V        ; Default          ; Series 50 Ohm without Calibration ; --                        ; no                         ; no                          ; 0                   ; Off                         ; Fitter               ; -                    ; -                   ;
; neurax_pool_size_o[2]               ; AH9   ; 3B       ; 18           ; 0            ; 91           ; no              ; no                     ; 1         ; no              ; no         ; no            ; no       ; Off          ; 2.5 V        ; Default          ; Series 50 Ohm without Calibration ; --                        ; no                         ; no                          ; 0                   ; Off                         ; Fitter               ; -                    ; -                   ;
; neurax_pool_size_o[3]               ; AH3   ; 3A       ; 16           ; 0            ; 51           ; no              ; no                     ; 1         ; no              ; no         ; no            ; no       ; Off          ; 2.5 V        ; Default          ; Series 50 Ohm without Calibration ; --                        ; no                         ; no                          ; 0                   ; Off                         ; Fitter               ; -                    ; -                   ;
; neurax_pool_stride_o[0]             ; AF23  ; 4A       ; 74           ; 0            ; 40           ; no              ; no                     ; 1         ; no              ; no         ; no            ; no       ; Off          ; 2.5 V        ; Default          ; Series 50 Ohm without Calibration ; --                        ; no                         ; no                          ; 0                   ; Off                         ; Fitter               ; -                    ; -                   ;
; neurax_pool_stride_o[1]             ; AJ27  ; 4A       ; 80           ; 0            ; 34           ; no              ; no                     ; 1         ; no              ; no         ; no            ; no       ; Off          ; 2.5 V        ; Default          ; Series 50 Ohm without Calibration ; --                        ; no                         ; no                          ; 0                   ; Off                         ; Fitter               ; -                    ; -                   ;
; neurax_pool_stride_o[2]             ; AC20  ; 4A       ; 76           ; 0            ; 0            ; no              ; no                     ; 1         ; no              ; no         ; no            ; no       ; Off          ; 2.5 V        ; Default          ; Series 50 Ohm without Calibration ; --                        ; no                         ; no                          ; 0                   ; Off                         ; Fitter               ; -                    ; -                   ;
; neurax_pool_stride_o[3]             ; AJ26  ; 4A       ; 76           ; 0            ; 34           ; no              ; no                     ; 1         ; no              ; no         ; no            ; no       ; Off          ; 2.5 V        ; Default          ; Series 50 Ohm without Calibration ; --                        ; no                         ; no                          ; 0                   ; Off                         ; Fitter               ; -                    ; -                   ;
; neurax_pool_type_o.AVERAGE_POOL     ; AA20  ; 4A       ; 84           ; 0            ; 17           ; no              ; no                     ; 1         ; no              ; no         ; no            ; no       ; Off          ; 2.5 V        ; Default          ; Series 50 Ohm without Calibration ; --                        ; no                         ; no                          ; 0                   ; Off                         ; Fitter               ; -                    ; -                   ;
; neurax_pool_type_o.MAX_POOL         ; W22   ; 5A       ; 89           ; 8            ; 20           ; no              ; no                     ; 1         ; no              ; no         ; no            ; no       ; Off          ; 2.5 V        ; Default          ; Series 50 Ohm without Calibration ; --                        ; no                         ; no                          ; 0                   ; Off                         ; Fitter               ; -                    ; -                   ;
; neurax_pool_type_o.MIN_POOL         ; AD25  ; 5A       ; 89           ; 4            ; 43           ; no              ; no                     ; 1         ; no              ; no         ; no            ; no       ; Off          ; 2.5 V        ; Default          ; Series 50 Ohm without Calibration ; --                        ; no                         ; no                          ; 0                   ; Off                         ; Fitter               ; -                    ; -                   ;
; neurax_pool_type_o.SUM_POOL         ; AC22  ; 4A       ; 86           ; 0            ; 0            ; no              ; no                     ; 1         ; no              ; no         ; no            ; no       ; Off          ; 2.5 V        ; Default          ; Series 50 Ohm without Calibration ; --                        ; no                         ; no                          ; 0                   ; Off                         ; Fitter               ; -                    ; -                   ;
; neurax_start_operation_o            ; AK8   ; 3B       ; 28           ; 0            ; 51           ; no              ; no                     ; 1         ; no              ; no         ; no            ; no       ; Off          ; 2.5 V        ; Default          ; Series 50 Ohm without Calibration ; --                        ; no                         ; no                          ; 0                   ; Off                         ; Fitter               ; -                    ; -                   ;
; neurax_status_o[0]                  ; C2    ; 8A       ; 12           ; 81           ; 51           ; no              ; no                     ; 1         ; no              ; no         ; no            ; no       ; Off          ; 2.5 V        ; Default          ; Series 50 Ohm without Calibration ; --                        ; no                         ; no                          ; 0                   ; Off                         ; Fitter               ; -                    ; -                   ;
; neurax_status_o[1]                  ; G10   ; 8A       ; 6            ; 81           ; 0            ; no              ; no                     ; 1         ; no              ; no         ; no            ; no       ; Off          ; 2.5 V        ; Default          ; Series 50 Ohm without Calibration ; --                        ; no                         ; no                          ; 0                   ; Off                         ; Fitter               ; -                    ; -                   ;
; neurax_status_o[2]                  ; AB21  ; 4A       ; 88           ; 0            ; 18           ; no              ; no                     ; 1         ; no              ; no         ; no            ; no       ; Off          ; 2.5 V        ; Default          ; Series 50 Ohm without Calibration ; --                        ; no                         ; no                          ; 0                   ; Off                         ; Fitter               ; -                    ; -                   ;
; neurax_status_o[3]                  ; Y27   ; 5B       ; 89           ; 25           ; 20           ; no              ; no                     ; 1         ; no              ; no         ; no            ; no       ; Off          ; 2.5 V        ; Default          ; Series 50 Ohm without Calibration ; --                        ; no                         ; no                          ; 0                   ; Off                         ; Fitter               ; -                    ; -                   ;
; neurax_status_o[4]                  ; D10   ; 8A       ; 34           ; 81           ; 57           ; no              ; no                     ; 1         ; no              ; no         ; no            ; no       ; Off          ; 2.5 V        ; Default          ; Series 50 Ohm without Calibration ; --                        ; no                         ; no                          ; 0                   ; Off                         ; Fitter               ; -                    ; -                   ;
; neurax_status_o[5]                  ; A9    ; 8A       ; 34           ; 81           ; 74           ; no              ; no                     ; 1         ; no              ; no         ; no            ; no       ; Off          ; 2.5 V        ; Default          ; Series 50 Ohm without Calibration ; --                        ; no                         ; no                          ; 0                   ; Off                         ; Fitter               ; -                    ; -                   ;
; neurax_status_o[6]                  ; H7    ; 8A       ; 16           ; 81           ; 17           ; no              ; no                     ; 1         ; no              ; no         ; no            ; no       ; Off          ; 2.5 V        ; Default          ; Series 50 Ohm without Calibration ; --                        ; no                         ; no                          ; 0                   ; Off                         ; Fitter               ; -                    ; -                   ;
; neurax_status_o[7]                  ; A13   ; 8A       ; 40           ; 81           ; 51           ; no              ; no                     ; 1         ; no              ; no         ; no            ; no       ; Off          ; 2.5 V        ; Default          ; Series 50 Ohm without Calibration ; --                        ; no                         ; no                          ; 0                   ; Off                         ; Fitter               ; -                    ; -                   ;
; neurax_tensor_size_o[0]             ; AD29  ; 5B       ; 89           ; 23           ; 54           ; no              ; no                     ; 1         ; no              ; no         ; no            ; no       ; Off          ; 2.5 V        ; Default          ; Series 50 Ohm without Calibration ; --                        ; no                         ; no                          ; 0                   ; Off                         ; Fitter               ; -                    ; -                   ;
; neurax_tensor_size_o[10]            ; AA30  ; 5B       ; 89           ; 21           ; 20           ; no              ; no                     ; 1         ; no              ; no         ; no            ; no       ; Off          ; 2.5 V        ; Default          ; Series 50 Ohm without Calibration ; --                        ; no                         ; no                          ; 0                   ; Off                         ; Fitter               ; -                    ; -                   ;
; neurax_tensor_size_o[11]            ; Y21   ; 5A       ; 89           ; 6            ; 20           ; no              ; no                     ; 1         ; no              ; no         ; no            ; no       ; Off          ; 2.5 V        ; Default          ; Series 50 Ohm without Calibration ; --                        ; no                         ; no                          ; 0                   ; Off                         ; Fitter               ; -                    ; -                   ;
; neurax_tensor_size_o[12]            ; AB25  ; 5A       ; 89           ; 11           ; 60           ; no              ; no                     ; 1         ; no              ; no         ; no            ; no       ; Off          ; 2.5 V        ; Default          ; Series 50 Ohm without Calibration ; --                        ; no                         ; no                          ; 0                   ; Off                         ; Fitter               ; -                    ; -                   ;
; neurax_tensor_size_o[1]             ; W25   ; 5B       ; 89           ; 20           ; 43           ; no              ; no                     ; 1         ; no              ; no         ; no            ; no       ; Off          ; 2.5 V        ; Default          ; Series 50 Ohm without Calibration ; --                        ; no                         ; no                          ; 0                   ; Off                         ; Fitter               ; -                    ; -                   ;
; neurax_tensor_size_o[2]             ; AH27  ; 4A       ; 84           ; 0            ; 51           ; no              ; no                     ; 1         ; no              ; no         ; no            ; no       ; Off          ; 2.5 V        ; Default          ; Series 50 Ohm without Calibration ; --                        ; no                         ; no                          ; 0                   ; Off                         ; Fitter               ; -                    ; -                   ;
; neurax_tensor_size_o[3]             ; AD20  ; 4A       ; 82           ; 0            ; 40           ; no              ; no                     ; 1         ; no              ; no         ; no            ; no       ; Off          ; 2.5 V        ; Default          ; Series 50 Ohm without Calibration ; --                        ; no                         ; no                          ; 0                   ; Off                         ; Fitter               ; -                    ; -                   ;
; neurax_tensor_size_o[4]             ; AB30  ; 5B       ; 89           ; 21           ; 3            ; no              ; no                     ; 1         ; no              ; no         ; no            ; no       ; Off          ; 2.5 V        ; Default          ; Series 50 Ohm without Calibration ; --                        ; no                         ; no                          ; 0                   ; Off                         ; Fitter               ; -                    ; -                   ;
; neurax_tensor_size_o[5]             ; AG26  ; 4A       ; 84           ; 0            ; 34           ; no              ; no                     ; 1         ; no              ; no         ; no            ; no       ; Off          ; 2.5 V        ; Default          ; Series 50 Ohm without Calibration ; --                        ; no                         ; no                          ; 0                   ; Off                         ; Fitter               ; -                    ; -                   ;
; neurax_tensor_size_o[6]             ; AA28  ; 5B       ; 89           ; 21           ; 54           ; no              ; no                     ; 1         ; no              ; no         ; no            ; no       ; Off          ; 2.5 V        ; Default          ; Series 50 Ohm without Calibration ; --                        ; no                         ; no                          ; 0                   ; Off                         ; Fitter               ; -                    ; -                   ;
; neurax_tensor_size_o[7]             ; AF30  ; 5A       ; 89           ; 15           ; 54           ; no              ; no                     ; 1         ; no              ; no         ; no            ; no       ; Off          ; 2.5 V        ; Default          ; Series 50 Ohm without Calibration ; --                        ; no                         ; no                          ; 0                   ; Off                         ; Fitter               ; -                    ; -                   ;
; neurax_tensor_size_o[8]             ; AC28  ; 5B       ; 89           ; 20           ; 77           ; no              ; no                     ; 1         ; no              ; no         ; no            ; no       ; Off          ; 2.5 V        ; Default          ; Series 50 Ohm without Calibration ; --                        ; no                         ; no                          ; 0                   ; Off                         ; Fitter               ; -                    ; -                   ;
; neurax_tensor_size_o[9]             ; Y19   ; 4A       ; 84           ; 0            ; 0            ; no              ; no                     ; 1         ; no              ; no         ; no            ; no       ; Off          ; 2.5 V        ; Default          ; Series 50 Ohm without Calibration ; --                        ; no                         ; no                          ; 0                   ; Off                         ; Fitter               ; -                    ; -                   ;
; neurax_weight_valid_o               ; AJ29  ; 5A       ; 89           ; 6            ; 37           ; no              ; no                     ; 1         ; no              ; no         ; no            ; no       ; Off          ; 2.5 V        ; Default          ; Series 50 Ohm without Calibration ; --                        ; no                         ; no                          ; 0                   ; Off                         ; Fitter               ; -                    ; -                   ;
+-------------------------------------+-------+----------+--------------+--------------+--------------+-----------------+------------------------+-----------+-----------------+------------+---------------+----------+--------------+--------------+------------------+-----------------------------------+---------------------------+----------------------------+-----------------------------+---------------------+-----------------------------+----------------------+----------------------+---------------------+


+----------------------------------------------------------------------------+
; I/O Bank Usage                                                             ;
+----------+------------------+---------------+--------------+---------------+
; I/O Bank ; Usage            ; VCCIO Voltage ; VREF Voltage ; VCCPD Voltage ;
+----------+------------------+---------------+--------------+---------------+
; B2L      ; 0 / 0 ( -- )     ; --            ; --           ; --            ;
; B1L      ; 0 / 0 ( -- )     ; --            ; --           ; --            ;
; 3A       ; 15 / 32 ( 47 % ) ; 2.5V          ; --           ; 2.5V          ;
; 3B       ; 47 / 48 ( 98 % ) ; 2.5V          ; --           ; 2.5V          ;
; 4A       ; 71 / 80 ( 89 % ) ; 2.5V          ; --           ; 2.5V          ;
; 5A       ; 31 / 32 ( 97 % ) ; 2.5V          ; --           ; 2.5V          ;
; 5B       ; 12 / 16 ( 75 % ) ; 2.5V          ; --           ; 2.5V          ;
; 6B       ; 0 / 44 ( 0 % )   ; 2.5V          ; --           ; 2.5V          ;
; 6A       ; 0 / 56 ( 0 % )   ; 2.5V          ; --           ; 2.5V          ;
; 7A       ; 0 / 19 ( 0 % )   ; 2.5V          ; --           ; 2.5V          ;
; 7B       ; 0 / 22 ( 0 % )   ; 2.5V          ; --           ; 2.5V          ;
; 7C       ; 0 / 12 ( 0 % )   ; 2.5V          ; --           ; 2.5V          ;
; 7D       ; 0 / 14 ( 0 % )   ; 2.5V          ; --           ; 2.5V          ;
; 8A       ; 32 / 80 ( 40 % ) ; 2.5V          ; --           ; 2.5V          ;
+----------+------------------+---------------+--------------+---------------+


+---------------------------------------------------------------------------------------------------------------------------------------------------------------------------------------+
; All Package Pins                                                                                                                                                                      ;
+----------+------------+----------------+-------------------------------------+--------+--------------+---------------------+--------------+-----------------+----------+--------------+
; Location ; Pad Number ; I/O Bank       ; Pin Name/Usage                      ; Dir.   ; I/O Standard ; Voltage             ; I/O Type     ; User Assignment ; Bus Hold ; Weak Pull Up ;
+----------+------------+----------------+-------------------------------------+--------+--------------+---------------------+--------------+-----------------+----------+--------------+
; A2       ;            ;                ; GND                                 ; gnd    ;              ;                     ; --           ;                 ; --       ; --           ;
; A3       ; 493        ; 8A             ; RESERVED_INPUT_WITH_WEAK_PULLUP     ;        ;              ;                     ; Column I/O   ;                 ; no       ; On           ;
; A4       ; 491        ; 8A             ; neurax_debug_cycle_o[4]             ; output ; 2.5 V        ;                     ; Column I/O   ; N               ; no       ; Off          ;
; A5       ; 489        ; 8A             ; RESERVED_INPUT_WITH_WEAK_PULLUP     ;        ;              ;                     ; Column I/O   ;                 ; no       ; On           ;
; A6       ; 487        ; 8A             ; RESERVED_INPUT_WITH_WEAK_PULLUP     ;        ;              ;                     ; Column I/O   ;                 ; no       ; On           ;
; A7       ;            ; 8A             ; VCCIO8A                             ; power  ;              ; 2.5V                ; --           ;                 ; --       ; --           ;
; A8       ; 473        ; 8A             ; neurax_debug_cycle_o[23]            ; output ; 2.5 V        ;                     ; Column I/O   ; N               ; no       ; Off          ;
; A9       ; 471        ; 8A             ; neurax_status_o[5]                  ; output ; 2.5 V        ;                     ; Column I/O   ; N               ; no       ; Off          ;
; A10      ; 465        ; 8A             ; neurax_output_ready_o               ; output ; 2.5 V        ;                     ; Column I/O   ; N               ; no       ; Off          ;
; A11      ; 463        ; 8A             ; neurax_debug_cycle_o[26]            ; output ; 2.5 V        ;                     ; Column I/O   ; N               ; no       ; Off          ;
; A12      ;            ;                ; GND                                 ; gnd    ;              ;                     ; --           ;                 ; --       ; --           ;
; A13      ; 461        ; 8A             ; neurax_status_o[7]                  ; output ; 2.5 V        ;                     ; Column I/O   ; N               ; no       ; Off          ;
; A14      ; 455        ; 7D             ; RESERVED_INPUT_WITH_WEAK_PULLUP     ;        ;              ;                     ; Column I/O   ;                 ; no       ; On           ;
; A15      ; 447        ; 7D             ; RESERVED_INPUT_WITH_WEAK_PULLUP     ;        ;              ;                     ; Column I/O   ;                 ; no       ; On           ;
; A16      ; 439        ; 7C             ; RESERVED_INPUT_WITH_WEAK_PULLUP     ;        ;              ;                     ; Column I/O   ;                 ; no       ; On           ;
; A17      ;            ;                ; GND                                 ; gnd    ;              ;                     ; --           ;                 ; --       ; --           ;
; A18      ; 425        ; 7B             ; RESERVED_INPUT_WITH_WEAK_PULLUP     ;        ;              ;                     ; Column I/O   ;                 ; no       ; On           ;
; A19      ; 423        ; 7B             ; RESERVED_INPUT_WITH_WEAK_PULLUP     ;        ;              ;                     ; Column I/O   ;                 ; no       ; On           ;
; A20      ; 415        ; 7B             ; RESERVED_INPUT_WITH_WEAK_PULLUP     ;        ;              ;                     ; Column I/O   ;                 ; no       ; On           ;
; A21      ; 411        ; 7B             ; RESERVED_INPUT_WITH_WEAK_PULLUP     ;        ;              ;                     ; Column I/O   ;                 ; no       ; On           ;
; A22      ;            ;                ; GND                                 ; gnd    ;              ;                     ; --           ;                 ; --       ; --           ;
; A23      ; 395        ; 7A             ; RESERVED_INPUT_WITH_WEAK_PULLUP     ;        ;              ;                     ; Column I/O   ;                 ; no       ; On           ;
; A24      ; 391        ; 7A             ; RESERVED_INPUT_WITH_WEAK_PULLUP     ;        ;              ;                     ; Column I/O   ;                 ; no       ; On           ;
; A25      ; 389        ; 7A             ; RESERVED_INPUT_WITH_WEAK_PULLUP     ;        ;              ;                     ; Column I/O   ;                 ; no       ; On           ;
; A26      ; 382        ; 7A             ; ^GND                                ;        ;              ;                     ; --           ;                 ; --       ; --           ;
; A27      ;            ;                ; GND                                 ; gnd    ;              ;                     ; --           ;                 ; --       ; --           ;
; A28      ; 380        ; 7A             ; ^HPS_TRST                           ;        ;              ;                     ; --           ;                 ; --       ; --           ;
; A29      ; 378        ; 7A             ; ^HPS_TMS                            ;        ;              ;                     ; --           ;                 ; --       ; --           ;
; AA1      ;            ;                ; GND                                 ; gnd    ;              ;                     ; --           ;                 ; --       ; --           ;
; AA2      ;            ;                ; GND                                 ; gnd    ;              ;                     ; --           ;                 ; --       ; --           ;
; AA3      ;            ;                ; GND                                 ; gnd    ;              ;                     ; --           ;                 ; --       ; --           ;
; AA4      ;            ;                ; GND                                 ; gnd    ;              ;                     ; --           ;                 ; --       ; --           ;
; AA5      ;            ; --             ; VCC                                 ; power  ;              ; 1.1V                ; --           ;                 ; --       ; --           ;
; AA6      ;            ;                ; GND                                 ; gnd    ;              ;                     ; --           ;                 ; --       ; --           ;
; AA7      ;            ;                ; DNU                                 ;        ;              ;                     ; --           ;                 ; --       ; --           ;
; AA8      ;            ; --             ; VCCA_FPLL                           ; power  ;              ; 2.5V                ; --           ;                 ; --       ; --           ;
; AA9      ;            ;                ; GND                                 ; gnd    ;              ;                     ; --           ;                 ; --       ; --           ;
; AA10     ;            ; 3A             ; VCCPD3A                             ; power  ;              ; 2.5V                ; --           ;                 ; --       ; --           ;
; AA11     ;            ;                ; GND                                 ; gnd    ;              ;                     ; --           ;                 ; --       ; --           ;
; AA12     ; 74         ; 3A             ; RESERVED_INPUT_WITH_WEAK_PULLUP     ;        ;              ;                     ; Column I/O   ;                 ; no       ; On           ;
; AA13     ; 90         ; 3B             ; avs_readdata_o[2]                   ; output ; 2.5 V        ;                     ; Column I/O   ; N               ; no       ; Off          ;
; AA14     ; 122        ; 3B             ; neurax_debug_cycle_o[16]            ; output ; 2.5 V        ;                     ; Column I/O   ; N               ; no       ; Off          ;
; AA15     ; 120        ; 3B             ; neurax_conv_stride_o[0]             ; output ; 2.5 V        ;                     ; Column I/O   ; N               ; no       ; Off          ;
; AA16     ; 146        ; 4A             ; avs_readdata_o[25]                  ; output ; 2.5 V        ;                     ; Column I/O   ; N               ; no       ; Off          ;
; AA17     ;            ; 4A             ; VCCIO4A                             ; power  ;              ; 2.5V                ; --           ;                 ; --       ; --           ;
; AA18     ; 168        ; 4A             ; avs_address_i[2]                    ; input  ; 2.5 V        ;                     ; Column I/O   ; N               ; no       ; Off          ;
; AA19     ; 176        ; 4A             ; avs_readdata_o[19]                  ; output ; 2.5 V        ;                     ; Column I/O   ; N               ; no       ; Off          ;
; AA20     ; 200        ; 4A             ; neurax_pool_type_o.AVERAGE_POOL     ; output ; 2.5 V        ;                     ; Column I/O   ; N               ; no       ; Off          ;
; AA21     ; 210        ; 4A             ; RESERVED_INPUT_WITH_WEAK_PULLUP     ;        ;              ;                     ; Column I/O   ;                 ; no       ; On           ;
; AA22     ;            ;                ; GND                                 ; gnd    ;              ;                     ; --           ;                 ; --       ; --           ;
; AA23     ;            ; --             ; VCCPGM                              ; power  ;              ; 1.8V/2.5V/3.0V/3.3V ; --           ;                 ; --       ; --           ;
; AA24     ; 228        ; 5A             ; neurax_weight_ready_i               ; input  ; 2.5 V        ;                     ; Row I/O      ; N               ; no       ; Off          ;
; AA25     ; 224        ; 5A             ; avs_address_i[0]                    ; input  ; 2.5 V        ;                     ; Row I/O      ; N               ; no       ; Off          ;
; AA26     ; 252        ; 5B             ; clk_i                               ; input  ; 2.5 V        ;                     ; Row I/O      ; N               ; no       ; Off          ;
; AA27     ;            ; 5B             ; VCCIO5B                             ; power  ;              ; 2.5V                ; --           ;                 ; --       ; --           ;
; AA28     ; 251        ; 5B             ; neurax_tensor_size_o[6]             ; output ; 2.5 V        ;                     ; Row I/O      ; N               ; no       ; Off          ;
; AA29     ;            ; 5B             ; VREFB5BN0                           ; power  ;              ;                     ; --           ;                 ; --       ; --           ;
; AA30     ; 250        ; 5B             ; neurax_tensor_size_o[10]            ; output ; 2.5 V        ;                     ; Row I/O      ; N               ; no       ; Off          ;
; AB1      ;            ;                ; GND                                 ; gnd    ;              ;                     ; --           ;                 ; --       ; --           ;
; AB2      ;            ;                ; GND                                 ; gnd    ;              ;                     ; --           ;                 ; --       ; --           ;
; AB3      ;            ;                ; DNU                                 ;        ;              ;                     ; --           ;                 ; --       ; --           ;
; AB4      ;            ;                ; DNU                                 ;        ;              ;                     ; --           ;                 ; --       ; --           ;
; AB5      ;            ;                ; GND                                 ; gnd    ;              ;                     ; --           ;                 ; --       ; --           ;
; AB6      ;            ; --             ; VCCA_FPLL                           ; power  ;              ; 2.5V                ; --           ;                 ; --       ; --           ;
; AB7      ;            ;                ; GND                                 ; gnd    ;              ;                     ; --           ;                 ; --       ; --           ;
; AB8      ; 43         ; 3A             ; ^nCSO, DATA4                        ;        ;              ;                     ; Weak Pull Up ;                 ; --       ; On           ;
; AB9      ; 42         ; 3A             ; #TDO                                ; output ;              ;                     ; --           ;                 ; --       ; --           ;
; AB10     ;            ; --             ; VCCPGM                              ; power  ;              ; 1.8V/2.5V/3.0V/3.3V ; --           ;                 ; --       ; --           ;
; AB11     ;            ; --             ; VCC_AUX                             ; power  ;              ; 2.5V                ; --           ;                 ; --       ; --           ;
; AB12     ; 72         ; 3A             ; neurax_debug_cycle_o[18]            ; output ; 2.5 V        ;                     ; Column I/O   ; N               ; no       ; Off          ;
; AB13     ; 88         ; 3B             ; neurax_output_valid_i               ; input  ; 2.5 V        ;                     ; Column I/O   ; N               ; no       ; Off          ;
; AB14     ;            ; 3B             ; VCCIO3B                             ; power  ;              ; 2.5V                ; --           ;                 ; --       ; --           ;
; AB15     ; 106        ; 3B             ; avs_writedata_i[7]                  ; input  ; 2.5 V        ;                     ; Column I/O   ; N               ; no       ; Off          ;
; AB16     ;            ; --             ; VCC_AUX                             ; power  ;              ; 2.5V                ; --           ;                 ; --       ; --           ;
; AB17     ; 144        ; 4A             ; avs_readdata_o[27]                  ; output ; 2.5 V        ;                     ; Column I/O   ; N               ; no       ; Off          ;
; AB18     ;            ; 3B, 4A         ; VCCPD3B4A                           ; power  ;              ; 2.5V                ; --           ;                 ; --       ; --           ;
; AB19     ;            ;                ; GND                                 ; gnd    ;              ;                     ; --           ;                 ; --       ; --           ;
; AB20     ;            ; 3B, 4A         ; VCCPD3B4A                           ; power  ;              ; 2.5V                ; --           ;                 ; --       ; --           ;
; AB21     ; 208        ; 4A             ; neurax_status_o[2]                  ; output ; 2.5 V        ;                     ; Column I/O   ; N               ; no       ; Off          ;
; AB22     ; 225        ; 5A             ; avs_writedata_i[22]                 ; input  ; 2.5 V        ;                     ; Row I/O      ; N               ; no       ; Off          ;
; AB23     ; 227        ; 5A             ; avs_writedata_i[17]                 ; input  ; 2.5 V        ;                     ; Row I/O      ; N               ; no       ; Off          ;
; AB24     ;            ; 5A             ; VCCIO5A                             ; power  ;              ; 2.5V                ; --           ;                 ; --       ; --           ;
; AB25     ; 230        ; 5A             ; neurax_tensor_size_o[12]            ; output ; 2.5 V        ;                     ; Row I/O      ; N               ; no       ; Off          ;
; AB26     ; 226        ; 5A             ; avs_address_i[1]                    ; input  ; 2.5 V        ;                     ; Row I/O      ; N               ; no       ; Off          ;
; AB27     ; 254        ; 5B             ; rst_i                               ; input  ; 2.5 V        ;                     ; Row I/O      ; N               ; no       ; Off          ;
; AB28     ; 249        ; 5B             ; avs_readdata_o[15]                  ; output ; 2.5 V        ;                     ; Row I/O      ; N               ; no       ; Off          ;
; AB29     ;            ;                ; GND                                 ; gnd    ;              ;                     ; --           ;                 ; --       ; --           ;
; AB30     ; 248        ; 5B             ; neurax_tensor_size_o[4]             ; output ; 2.5 V        ;                     ; Row I/O      ; N               ; no       ; Off          ;
; AC1      ;            ;                ; GND                                 ; gnd    ;              ;                     ; --           ;                 ; --       ; --           ;
; AC2      ;            ;                ; GND                                 ; gnd    ;              ;                     ; --           ;                 ; --       ; --           ;
; AC3      ;            ;                ; GND                                 ; gnd    ;              ;                     ; --           ;                 ; --       ; --           ;
; AC4      ;            ;                ; GND                                 ; gnd    ;              ;                     ; --           ;                 ; --       ; --           ;
; AC5      ; 46         ; 3A             ; #TCK                                ; input  ;              ;                     ; --           ;                 ; --       ; --           ;
; AC6      ;            ;                ; GND                                 ; gnd    ;              ;                     ; --           ;                 ; --       ; --           ;
; AC7      ; 45         ; 3A             ; ^AS_DATA3, DATA3                    ;        ;              ;                     ; Weak Pull Up ;                 ; --       ; On           ;
; AC8      ;            ;                ; GND                                 ; gnd    ;              ;                     ; --           ;                 ; --       ; --           ;
; AC9      ; 58         ; 3A             ; RESERVED_INPUT_WITH_WEAK_PULLUP     ;        ;              ;                     ; Column I/O   ;                 ; no       ; On           ;
; AC10     ;            ; 3A             ; VCCPD3A                             ; power  ;              ; 2.5V                ; --           ;                 ; --       ; --           ;
; AC11     ;            ; 3A             ; VCCIO3A                             ; power  ;              ; 2.5V                ; --           ;                 ; --       ; --           ;
; AC12     ; 82         ; 3A             ; neurax_activation_type_o.LINEAR     ; output ; 2.5 V        ;                     ; Column I/O   ; N               ; no       ; Off          ;
; AC13     ;            ; 3B, 4A         ; VCCPD3B4A                           ; power  ;              ; 2.5V                ; --           ;                 ; --       ; --           ;
; AC14     ; 104        ; 3B             ; avs_writedata_i[6]                  ; input  ; 2.5 V        ;                     ; Column I/O   ; N               ; no       ; Off          ;
; AC15     ;            ; 3B, 4A         ; VCCPD3B4A                           ; power  ;              ; 2.5V                ; --           ;                 ; --       ; --           ;
; AC16     ;            ;                ; GND                                 ; gnd    ;              ;                     ; --           ;                 ; --       ; --           ;
; AC17     ;            ; 3B, 4A         ; VCCPD3B4A                           ; power  ;              ; 2.5V                ; --           ;                 ; --       ; --           ;
; AC18     ; 162        ; 4A             ; neurax_pool_channels_o[0]           ; output ; 2.5 V        ;                     ; Column I/O   ; N               ; no       ; Off          ;
; AC19     ;            ; 3B, 4A         ; VCCPD3B4A                           ; power  ;              ; 2.5V                ; --           ;                 ; --       ; --           ;
; AC20     ; 186        ; 4A             ; neurax_pool_stride_o[2]             ; output ; 2.5 V        ;                     ; Column I/O   ; N               ; no       ; Off          ;
; AC21     ;            ; 4A             ; VCCIO4A                             ; power  ;              ; 2.5V                ; --           ;                 ; --       ; --           ;
; AC22     ; 207        ; 4A             ; neurax_pool_type_o.SUM_POOL         ; output ; 2.5 V        ;                     ; Column I/O   ; N               ; no       ; Off          ;
; AC23     ; 205        ; 4A             ; RESERVED_INPUT_WITH_WEAK_PULLUP     ;        ;              ;                     ; Column I/O   ;                 ; no       ; On           ;
; AC24     ;            ; 5A             ; VREFB5AN0                           ; power  ;              ;                     ; --           ;                 ; --       ; --           ;
; AC25     ; 215        ; 5A             ; RESERVED_INPUT_WITH_WEAK_PULLUP     ;        ;              ;                     ; Row I/O      ;                 ; no       ; On           ;
; AC26     ;            ;                ; GND                                 ; gnd    ;              ;                     ; --           ;                 ; --       ; --           ;
; AC27     ; 242        ; 5A             ; neurax_alpha_o[13]                  ; output ; 2.5 V        ;                     ; Row I/O      ; N               ; no       ; Off          ;
; AC28     ; 245        ; 5B             ; neurax_tensor_size_o[8]             ; output ; 2.5 V        ;                     ; Row I/O      ; N               ; no       ; Off          ;
; AC29     ; 247        ; 5B             ; avs_readdata_o[14]                  ; output ; 2.5 V        ;                     ; Row I/O      ; N               ; no       ; Off          ;
; AC30     ; 259        ; 5B             ; RESERVED_INPUT_WITH_WEAK_PULLUP     ;        ;              ;                     ; Row I/O      ;                 ; no       ; On           ;
; AD1      ;            ;                ; GND                                 ; gnd    ;              ;                     ; --           ;                 ; --       ; --           ;
; AD2      ;            ;                ; GND                                 ; gnd    ;              ;                     ; --           ;                 ; --       ; --           ;
; AD3      ;            ;                ; DNU                                 ;        ;              ;                     ; --           ;                 ; --       ; --           ;
; AD4      ;            ;                ; DNU                                 ;        ;              ;                     ; --           ;                 ; --       ; --           ;
; AD5      ;            ;                ; GND                                 ; gnd    ;              ;                     ; --           ;                 ; --       ; --           ;
; AD6      ;            ; 3A             ; VREFB3AN0                           ; power  ;              ;                     ; --           ;                 ; --       ; --           ;
; AD7      ; 62         ; 3A             ; RESERVED_INPUT_WITH_WEAK_PULLUP     ;        ;              ;                     ; Column I/O   ;                 ; no       ; On           ;
; AD8      ;            ; 3A             ; VCCIO3A                             ; power  ;              ; 2.5V                ; --           ;                 ; --       ; --           ;
; AD9      ; 55         ; 3A             ; RESERVED_INPUT_WITH_WEAK_PULLUP     ;        ;              ;                     ; Column I/O   ;                 ; no       ; On           ;
; AD10     ; 56         ; 3A             ; RESERVED_INPUT_WITH_WEAK_PULLUP     ;        ;              ;                     ; Column I/O   ;                 ; no       ; On           ;
; AD11     ; 54         ; 3A             ; RESERVED_INPUT_WITH_WEAK_PULLUP     ;        ;              ;                     ; Column I/O   ;                 ; no       ; On           ;
; AD12     ; 80         ; 3A             ; neurax_batch_size_o[1]              ; output ; 2.5 V        ;                     ; Column I/O   ; N               ; no       ; Off          ;
; AD13     ;            ; 3B             ; VCCIO3B                             ; power  ;              ; 2.5V                ; --           ;                 ; --       ; --           ;
; AD14     ; 98         ; 3B             ; neurax_activation_type_o.SIGMOID    ; output ; 2.5 V        ;                     ; Column I/O   ; N               ; no       ; Off          ;
; AD15     ;            ;                ; DNU                                 ;        ;              ;                     ; --           ;                 ; --       ; --           ;
; AD16     ;            ; 3B, 4A         ; VCCPD3B4A                           ; power  ;              ; 2.5V                ; --           ;                 ; --       ; --           ;
; AD17     ; 160        ; 4A             ; avs_writedata_i[26]                 ; input  ; 2.5 V        ;                     ; Column I/O   ; N               ; no       ; Off          ;
; AD18     ;            ; 4A             ; VCCIO4A                             ; power  ;              ; 2.5V                ; --           ;                 ; --       ; --           ;
; AD19     ; 184        ; 4A             ; avs_writedata_i[16]                 ; input  ; 2.5 V        ;                     ; Column I/O   ; N               ; no       ; Off          ;
; AD20     ; 199        ; 4A             ; neurax_tensor_size_o[3]             ; output ; 2.5 V        ;                     ; Column I/O   ; N               ; no       ; Off          ;
; AD21     ; 197        ; 4A             ; neurax_conv_output_channels_o[4]    ; output ; 2.5 V        ;                     ; Column I/O   ; N               ; no       ; Off          ;
; AD22     ;            ; --             ; VCC_AUX                             ; power  ;              ; 2.5V                ; --           ;                 ; --       ; --           ;
; AD23     ;            ;                ; GND                                 ; gnd    ;              ;                     ; --           ;                 ; --       ; --           ;
; AD24     ; 211        ; 4A             ; RESERVED_INPUT_WITH_WEAK_PULLUP     ;        ;              ;                     ; Column I/O   ;                 ; no       ; On           ;
; AD25     ; 213        ; 5A             ; neurax_pool_type_o.MIN_POOL         ; output ; 2.5 V        ;                     ; Row I/O      ; N               ; no       ; Off          ;
; AD26     ; 240        ; 5A             ; avs_writedata_i[12]                 ; input  ; 2.5 V        ;                     ; Row I/O      ; N               ; no       ; Off          ;
; AD27     ; 222        ; 5A             ; neurax_alpha_o[8]                   ; output ; 2.5 V        ;                     ; Row I/O      ; N               ; no       ; Off          ;
; AD28     ;            ; 5A             ; VCCIO5A                             ; power  ;              ; 2.5V                ; --           ;                 ; --       ; --           ;
; AD29     ; 255        ; 5B             ; neurax_tensor_size_o[0]             ; output ; 2.5 V        ;                     ; Row I/O      ; N               ; no       ; Off          ;
; AD30     ; 257        ; 5B             ; RESERVED_INPUT_WITH_WEAK_PULLUP     ;        ;              ;                     ; Row I/O      ;                 ; no       ; On           ;
; AE1      ;            ;                ; GND                                 ; gnd    ;              ;                     ; --           ;                 ; --       ; --           ;
; AE2      ;            ;                ; GND                                 ; gnd    ;              ;                     ; --           ;                 ; --       ; --           ;
; AE3      ;            ;                ; GND                                 ; gnd    ;              ;                     ; --           ;                 ; --       ; --           ;
; AE4      ;            ;                ; GND                                 ; gnd    ;              ;                     ; --           ;                 ; --       ; --           ;
; AE5      ; 49         ; 3A             ; ^AS_DATA1, DATA1                    ;        ;              ;                     ; Weak Pull Up ;                 ; --       ; On           ;
; AE6      ; 51         ; 3A             ; ^AS_DATA0, ASDO, DATA0              ;        ;              ;                     ; Weak Pull Up ;                 ; --       ; On           ;
; AE7      ; 60         ; 3A             ; RESERVED_INPUT_WITH_WEAK_PULLUP     ;        ;              ;                     ; Column I/O   ;                 ; no       ; On           ;
; AE8      ; 47         ; 3A             ; ^AS_DATA2, DATA2                    ;        ;              ;                     ; Weak Pull Up ;                 ; --       ; On           ;
; AE9      ; 53         ; 3A             ; RESERVED_INPUT_WITH_WEAK_PULLUP     ;        ;              ;                     ; Column I/O   ;                 ; no       ; On           ;
; AE10     ;            ;                ; GND                                 ; gnd    ;              ;                     ; --           ;                 ; --       ; --           ;
; AE11     ; 59         ; 3A             ; RESERVED_INPUT_WITH_WEAK_PULLUP     ;        ;              ;                     ; Column I/O   ;                 ; no       ; On           ;
; AE12     ; 52         ; 3A             ; RESERVED_INPUT_WITH_WEAK_PULLUP     ;        ;              ;                     ; Column I/O   ;                 ; no       ; On           ;
; AE13     ; 95         ; 3B             ; neurax_alpha_o[4]                   ; output ; 2.5 V        ;                     ; Column I/O   ; N               ; no       ; Off          ;
; AE14     ; 96         ; 3B             ; neurax_batch_size_o[0]              ; output ; 2.5 V        ;                     ; Column I/O   ; N               ; no       ; Off          ;
; AE15     ;            ; 3B             ; VCCIO3B                             ; power  ;              ; 2.5V                ; --           ;                 ; --       ; --           ;
; AE16     ; 139        ; 4A             ; RESERVED_INPUT_WITH_WEAK_PULLUP     ;        ;              ;                     ; Column I/O   ;                 ; no       ; On           ;
; AE17     ; 135        ; 4A             ; RESERVED_INPUT_WITH_WEAK_PULLUP     ;        ;              ;                     ; Column I/O   ;                 ; no       ; On           ;
; AE18     ; 167        ; 4A             ; avs_readdata_o[23]                  ; output ; 2.5 V        ;                     ; Column I/O   ; N               ; no       ; Off          ;
; AE19     ; 165        ; 4A             ; neurax_pool_channels_o[4]           ; output ; 2.5 V        ;                     ; Column I/O   ; N               ; no       ; Off          ;
; AE20     ;            ;                ; GND                                 ; gnd    ;              ;                     ; --           ;                 ; --       ; --           ;
; AE21     ;            ; 3B, 4A         ; VCCPD3B4A                           ; power  ;              ; 2.5V                ; --           ;                 ; --       ; --           ;
; AE22     ; 191        ; 4A             ; avs_writedata_i[18]                 ; input  ; 2.5 V        ;                     ; Column I/O   ; N               ; no       ; Off          ;
; AE23     ; 189        ; 4A             ; neurax_conv_output_channels_o[2]    ; output ; 2.5 V        ;                     ; Column I/O   ; N               ; no       ; Off          ;
; AE24     ; 209        ; 4A             ; RESERVED_INPUT_WITH_WEAK_PULLUP     ;        ;              ;                     ; Column I/O   ;                 ; no       ; On           ;
; AE25     ;            ; 4A             ; VCCIO4A                             ; power  ;              ; 2.5V                ; --           ;                 ; --       ; --           ;
; AE26     ; 220        ; 5A             ; avs_writedata_i[20]                 ; input  ; 2.5 V        ;                     ; Row I/O      ; N               ; no       ; Off          ;
; AE27     ; 229        ; 5A             ; avs_writedata_i[9]                  ; input  ; 2.5 V        ;                     ; Row I/O      ; N               ; no       ; Off          ;
; AE28     ; 231        ; 5A             ; avs_readdata_o[22]                  ; output ; 2.5 V        ;                     ; Row I/O      ; N               ; no       ; Off          ;
; AE29     ; 253        ; 5B             ; RESERVED_INPUT_WITH_WEAK_PULLUP     ;        ;              ;                     ; Row I/O      ;                 ; no       ; On           ;
; AE30     ;            ; 5B             ; VCCIO5B                             ; power  ;              ; 2.5V                ; --           ;                 ; --       ; --           ;
; AF1      ;            ;                ; GND                                 ; gnd    ;              ;                     ; --           ;                 ; --       ; --           ;
; AF2      ;            ;                ; GND                                 ; gnd    ;              ;                     ; --           ;                 ; --       ; --           ;
; AF3      ;            ;                ; GND                                 ; gnd    ;              ;                     ; --           ;                 ; --       ; --           ;
; AF4      ; 66         ; 3A             ; RESERVED_INPUT_WITH_WEAK_PULLUP     ;        ;              ;                     ; Column I/O   ;                 ; no       ; On           ;
; AF5      ; 64         ; 3A             ; neurax_alpha_o[2]                   ; output ; 2.5 V        ;                     ; Column I/O   ; N               ; no       ; Off          ;
; AF6      ; 75         ; 3A             ; neurax_debug_cycle_o[31]            ; output ; 2.5 V        ;                     ; Column I/O   ; N               ; no       ; Off          ;
; AF7      ;            ; 3A             ; VCCIO3A                             ; power  ;              ; 2.5V                ; --           ;                 ; --       ; --           ;
; AF8      ; 70         ; 3A             ; RESERVED_INPUT_WITH_WEAK_PULLUP     ;        ;              ;                     ; Column I/O   ;                 ; no       ; On           ;
; AF9      ; 67         ; 3A             ; RESERVED_INPUT_WITH_WEAK_PULLUP     ;        ;              ;                     ; Column I/O   ;                 ; no       ; On           ;
; AF10     ; 57         ; 3A             ; RESERVED_INPUT_WITH_WEAK_PULLUP     ;        ;              ;                     ; Column I/O   ;                 ; no       ; On           ;
; AF11     ; 87         ; 3B             ; neurax_pool_size_o[1]               ; output ; 2.5 V        ;                     ; Column I/O   ; N               ; no       ; Off          ;
; AF12     ;            ;                ; GND                                 ; gnd    ;              ;                     ; --           ;                 ; --       ; --           ;
; AF13     ; 93         ; 3B             ; neurax_pool_size_o[0]               ; output ; 2.5 V        ;                     ; Column I/O   ; N               ; no       ; Off          ;
; AF14     ; 114        ; 3B             ; neurax_enable_o                     ; output ; 2.5 V        ;                     ; Column I/O   ; N               ; no       ; Off          ;
; AF15     ; 112        ; 3B             ; neurax_conv_input_channels_o[2]     ; output ; 2.5 V        ;                     ; Column I/O   ; N               ; no       ; Off          ;
; AF16     ; 137        ; 4A             ; RESERVED_INPUT_WITH_WEAK_PULLUP     ;        ;              ;                     ; Column I/O   ;                 ; no       ; On           ;
; AF17     ;            ;                ; GND                                 ; gnd    ;              ;                     ; --           ;                 ; --       ; --           ;
; AF18     ; 133        ; 4A             ; RESERVED_INPUT_WITH_WEAK_PULLUP     ;        ;              ;                     ; Column I/O   ;                 ; no       ; On           ;
; AF19     ; 159        ; 4A             ; neurax_pool_channels_o[3]           ; output ; 2.5 V        ;                     ; Column I/O   ; N               ; no       ; Off          ;
; AF20     ; 175        ; 4A             ; neurax_conv_padding_o[0]            ; output ; 2.5 V        ;                     ; Column I/O   ; N               ; no       ; Off          ;
; AF21     ; 173        ; 4A             ; avs_readdata_o[21]                  ; output ; 2.5 V        ;                     ; Column I/O   ; N               ; no       ; Off          ;
; AF22     ;            ; 4A             ; VCCIO4A                             ; power  ;              ; 2.5V                ; --           ;                 ; --       ; --           ;
; AF23     ; 183        ; 4A             ; neurax_pool_stride_o[0]             ; output ; 2.5 V        ;                     ; Column I/O   ; N               ; no       ; Off          ;
; AF24     ; 181        ; 4A             ; avs_writedata_i[19]                 ; input  ; 2.5 V        ;                     ; Column I/O   ; N               ; no       ; Off          ;
; AF25     ; 206        ; 4A             ; avs_byteenable_i[0]                 ; input  ; 2.5 V        ;                     ; Column I/O   ; N               ; no       ; Off          ;
; AF26     ; 204        ; 4A             ; neurax_conv_output_channels_o[3]    ; output ; 2.5 V        ;                     ; Column I/O   ; N               ; no       ; Off          ;
; AF27     ;            ;                ; GND                                 ; gnd    ;              ;                     ; --           ;                 ; --       ; --           ;
; AF28     ; 235        ; 5A             ; avs_writedata_i[10]                 ; input  ; 2.5 V        ;                     ; Row I/O      ; N               ; no       ; Off          ;
; AF29     ; 237        ; 5A             ; avs_writedata_i[8]                  ; input  ; 2.5 V        ;                     ; Row I/O      ; N               ; no       ; Off          ;
; AF30     ; 239        ; 5A             ; neurax_tensor_size_o[7]             ; output ; 2.5 V        ;                     ; Row I/O      ; N               ; no       ; Off          ;
; AG1      ; 71         ; 3A             ; neurax_conv_input_channels_o[3]     ; output ; 2.5 V        ;                     ; Column I/O   ; N               ; no       ; Off          ;
; AG2      ; 83         ; 3A             ; neurax_batch_size_o[2]              ; output ; 2.5 V        ;                     ; Column I/O   ; N               ; no       ; Off          ;
; AG3      ; 63         ; 3A             ; RESERVED_INPUT_WITH_WEAK_PULLUP     ;        ;              ;                     ; Column I/O   ;                 ; no       ; On           ;
; AG4      ;            ; 3A             ; VCCIO3A                             ; power  ;              ; 2.5V                ; --           ;                 ; --       ; --           ;
; AG5      ; 78         ; 3A             ; RESERVED_INPUT_WITH_WEAK_PULLUP     ;        ;              ;                     ; Column I/O   ;                 ; no       ; On           ;
; AG6      ; 73         ; 3A             ; neurax_debug_cycle_o[19]            ; output ; 2.5 V        ;                     ; Column I/O   ; N               ; no       ; Off          ;
; AG7      ; 68         ; 3A             ; neurax_debug_cycle_o[30]            ; output ; 2.5 V        ;                     ; Column I/O   ; N               ; no       ; Off          ;
; AG8      ; 65         ; 3A             ; neurax_debug_cycle_o[29]            ; output ; 2.5 V        ;                     ; Column I/O   ; N               ; no       ; Off          ;
; AG9      ;            ;                ; GND                                 ; gnd    ;              ;                     ; --           ;                 ; --       ; --           ;
; AG10     ; 86         ; 3B             ; neurax_conv_input_channels_o[1]     ; output ; 2.5 V        ;                     ; Column I/O   ; N               ; no       ; Off          ;
; AG11     ; 85         ; 3B             ; avs_readdata_o[3]                   ; output ; 2.5 V        ;                     ; Column I/O   ; N               ; no       ; Off          ;
; AG12     ; 103        ; 3B             ; neurax_alpha_o[6]                   ; output ; 2.5 V        ;                     ; Column I/O   ; N               ; no       ; Off          ;
; AG13     ; 101        ; 3B             ; avs_writedata_i[4]                  ; input  ; 2.5 V        ;                     ; Column I/O   ; N               ; no       ; Off          ;
; AG14     ;            ;                ; GND                                 ; gnd    ;              ;                     ; --           ;                 ; --       ; --           ;
; AG15     ; 127        ; 3B             ; neurax_conv_input_channels_o[4]     ; output ; 2.5 V        ;                     ; Column I/O   ; N               ; no       ; Off          ;
; AG16     ; 134        ; 4A             ; avs_address_i[3]                    ; input  ; 2.5 V        ;                     ; Column I/O   ; N               ; no       ; Off          ;
; AG17     ; 132        ; 4A             ; RESERVED_INPUT_WITH_WEAK_PULLUP     ;        ;              ;                     ; Column I/O   ;                 ; no       ; On           ;
; AG18     ; 150        ; 4A             ; avs_read_i                          ; input  ; 2.5 V        ;                     ; Column I/O   ; N               ; no       ; Off          ;
; AG19     ;            ; 4A             ; VCCIO4A                             ; power  ;              ; 2.5V                ; --           ;                 ; --       ; --           ;
; AG20     ; 157        ; 4A             ; avs_writedata_i[29]                 ; input  ; 2.5 V        ;                     ; Column I/O   ; N               ; no       ; Off          ;
; AG21     ; 143        ; 4A             ; neurax_conv_kernel_size_o[2]        ; output ; 2.5 V        ;                     ; Column I/O   ; N               ; no       ; Off          ;
; AG22     ; 166        ; 4A             ; avs_readdatavalid_o                 ; output ; 2.5 V        ;                     ; Column I/O   ; N               ; no       ; Off          ;
; AG23     ; 163        ; 4A             ; avs_writedata_i[30]                 ; input  ; 2.5 V        ;                     ; Column I/O   ; N               ; no       ; Off          ;
; AG24     ;            ;                ; GND                                 ; gnd    ;              ;                     ; --           ;                 ; --       ; --           ;
; AG25     ; 190        ; 4A             ; avs_byteenable_i[1]                 ; input  ; 2.5 V        ;                     ; Column I/O   ; N               ; no       ; Off          ;
; AG26     ; 203        ; 4A             ; neurax_tensor_size_o[5]             ; output ; 2.5 V        ;                     ; Column I/O   ; N               ; no       ; Off          ;
; AG27     ; 212        ; 5A             ; neurax_alpha_o[9]                   ; output ; 2.5 V        ;                     ; Row I/O      ; N               ; no       ; Off          ;
; AG28     ; 233        ; 5A             ; avs_writedata_i[11]                 ; input  ; 2.5 V        ;                     ; Row I/O      ; N               ; no       ; Off          ;
; AG29     ;            ; 5A             ; VCCIO5A                             ; power  ;              ; 2.5V                ; --           ;                 ; --       ; --           ;
; AG30     ; 243        ; 5A             ; neurax_alpha_o[15]                  ; output ; 2.5 V        ;                     ; Row I/O      ; N               ; no       ; Off          ;
; AH1      ;            ;                ; GND                                 ; gnd    ;              ;                     ; --           ;                 ; --       ; --           ;
; AH2      ; 69         ; 3A             ; RESERVED_INPUT_WITH_WEAK_PULLUP     ;        ;              ;                     ; Column I/O   ;                 ; no       ; On           ;
; AH3      ; 81         ; 3A             ; neurax_pool_size_o[3]               ; output ; 2.5 V        ;                     ; Column I/O   ; N               ; no       ; Off          ;
; AH4      ; 61         ; 3A             ; neurax_debug_cycle_o[0]             ; output ; 2.5 V        ;                     ; Column I/O   ; N               ; no       ; Off          ;
; AH5      ; 76         ; 3A             ; neurax_alpha_o[7]                   ; output ; 2.5 V        ;                     ; Column I/O   ; N               ; no       ; Off          ;
; AH6      ;            ;                ; GND                                 ; gnd    ;              ;                     ; --           ;                 ; --       ; --           ;
; AH7      ; 115        ; 3B             ; avs_readdata_o[7]                   ; output ; 2.5 V        ;                     ; Column I/O   ; N               ; no       ; Off          ;
; AH8      ; 113        ; 3B             ; neurax_current_operation_i[0]       ; input  ; 2.5 V        ;                     ; Column I/O   ; N               ; no       ; Off          ;
; AH9      ; 84         ; 3B             ; neurax_pool_size_o[2]               ; output ; 2.5 V        ;                     ; Column I/O   ; N               ; no       ; Off          ;
; AH10     ; 118        ; 3B             ; neurax_input_ready_i                ; input  ; 2.5 V        ;                     ; Column I/O   ; N               ; no       ; Off          ;
; AH11     ;            ;                ; GND                                 ; gnd    ;              ;                     ; --           ;                 ; --       ; --           ;
; AH12     ; 126        ; 3B             ; neurax_operation_busy_i             ; input  ; 2.5 V        ;                     ; Column I/O   ; N               ; no       ; Off          ;
; AH13     ; 111        ; 3B             ; avs_writedata_i[3]                  ; input  ; 2.5 V        ;                     ; Column I/O   ; N               ; no       ; Off          ;
; AH14     ; 109        ; 3B             ; avs_writedata_i[2]                  ; input  ; 2.5 V        ;                     ; Column I/O   ; N               ; no       ; Off          ;
; AH15     ; 125        ; 3B             ; avs_readdata_o[5]                   ; output ; 2.5 V        ;                     ; Column I/O   ; N               ; no       ; Off          ;
; AH16     ;            ; 4A             ; VCCIO4A                             ; power  ;              ; 2.5V                ; --           ;                 ; --       ; --           ;
; AH17     ; 147        ; 4A             ; avs_readdata_o[28]                  ; output ; 2.5 V        ;                     ; Column I/O   ; N               ; no       ; Off          ;
; AH18     ; 145        ; 4A             ; avs_readdata_o[31]                  ; output ; 2.5 V        ;                     ; Column I/O   ; N               ; no       ; Off          ;
; AH19     ; 148        ; 4A             ; avs_readdata_o[30]                  ; output ; 2.5 V        ;                     ; Column I/O   ; N               ; no       ; Off          ;
; AH20     ; 141        ; 4A             ; neurax_conv_kernel_size_o[0]        ; output ; 2.5 V        ;                     ; Column I/O   ; N               ; no       ; Off          ;
; AH21     ;            ;                ; GND                                 ; gnd    ;              ;                     ; --           ;                 ; --       ; --           ;
; AH22     ; 164        ; 4A             ; neurax_bias_valid_o                 ; output ; 2.5 V        ;                     ; Column I/O   ; N               ; no       ; Off          ;
; AH23     ; 174        ; 4A             ; avs_readdata_o[18]                  ; output ; 2.5 V        ;                     ; Column I/O   ; N               ; no       ; Off          ;
; AH24     ; 161        ; 4A             ; neurax_pool_channels_o[2]           ; output ; 2.5 V        ;                     ; Column I/O   ; N               ; no       ; Off          ;
; AH25     ; 188        ; 4A             ; avs_readdata_o[11]                  ; output ; 2.5 V        ;                     ; Column I/O   ; N               ; no       ; Off          ;
; AH26     ;            ; 4A             ; VCCIO4A                             ; power  ;              ; 2.5V                ; --           ;                 ; --       ; --           ;
; AH27     ; 201        ; 4A             ; neurax_tensor_size_o[2]             ; output ; 2.5 V        ;                     ; Column I/O   ; N               ; no       ; Off          ;
; AH28     ; 214        ; 5A             ; neurax_alpha_o[10]                  ; output ; 2.5 V        ;                     ; Row I/O      ; N               ; no       ; Off          ;
; AH29     ; 218        ; 5A             ; avs_readdata_o[12]                  ; output ; 2.5 V        ;                     ; Row I/O      ; N               ; no       ; Off          ;
; AH30     ; 241        ; 5A             ; neurax_alpha_o[11]                  ; output ; 2.5 V        ;                     ; Row I/O      ; N               ; no       ; Off          ;
; AJ1      ; 79         ; 3A             ; neurax_activation_type_o.ELU        ; output ; 2.5 V        ;                     ; Column I/O   ; N               ; no       ; Off          ;
; AJ2      ; 77         ; 3A             ; neurax_activation_type_o.LEAKY_RELU ; output ; 2.5 V        ;                     ; Column I/O   ; N               ; no       ; Off          ;
; AJ3      ;            ;                ; GND                                 ; gnd    ;              ;                     ; --           ;                 ; --       ; --           ;
; AJ4      ; 94         ; 3B             ; neurax_conv_input_channels_o[0]     ; output ; 2.5 V        ;                     ; Column I/O   ; N               ; no       ; Off          ;
; AJ5      ; 99         ; 3B             ; neurax_activation_type_o.RELU       ; output ; 2.5 V        ;                     ; Column I/O   ; N               ; no       ; Off          ;
; AJ6      ; 102        ; 3B             ; avs_readdata_o[6]                   ; output ; 2.5 V        ;                     ; Column I/O   ; N               ; no       ; Off          ;
; AJ7      ; 100        ; 3B             ; avs_writedata_i[5]                  ; input  ; 2.5 V        ;                     ; Column I/O   ; N               ; no       ; Off          ;
; AJ8      ;            ; 3B             ; VCCIO3B                             ; power  ;              ; 2.5V                ; --           ;                 ; --       ; --           ;
; AJ9      ; 110        ; 3B             ; avs_writedata_i[1]                  ; input  ; 2.5 V        ;                     ; Column I/O   ; N               ; no       ; Off          ;
; AJ10     ; 116        ; 3B             ; neurax_alpha_o[5]                   ; output ; 2.5 V        ;                     ; Column I/O   ; N               ; no       ; Off          ;
; AJ11     ; 119        ; 3B             ; neurax_current_operation_i[1]       ; input  ; 2.5 V        ;                     ; Column I/O   ; N               ; no       ; Off          ;
; AJ12     ; 124        ; 3B             ; neurax_operation_select_o[1]        ; output ; 2.5 V        ;                     ; Column I/O   ; N               ; no       ; Off          ;
; AJ13     ;            ; 3B             ; VCCIO3B                             ; power  ;              ; 2.5V                ; --           ;                 ; --       ; --           ;
; AJ14     ; 131        ; 3B             ; avs_readdata_o[0]                   ; output ; 2.5 V        ;                     ; Column I/O   ; N               ; no       ; Off          ;
; AJ15     ;            ; 3B             ; VREFB3BN0                           ; power  ;              ;                     ; --           ;                 ; --       ; --           ;
; AJ16     ; 142        ; 4A             ; neurax_debug_cycle_o[2]             ; output ; 2.5 V        ;                     ; Column I/O   ; N               ; no       ; Off          ;
; AJ17     ; 151        ; 4A             ; neurax_pool_channels_o[1]           ; output ; 2.5 V        ;                     ; Column I/O   ; N               ; no       ; Off          ;
; AJ18     ;            ;                ; GND                                 ; gnd    ;              ;                     ; --           ;                 ; --       ; --           ;
; AJ19     ; 155        ; 4A             ; avs_writedata_i[28]                 ; input  ; 2.5 V        ;                     ; Column I/O   ; N               ; no       ; Off          ;
; AJ20     ; 158        ; 4A             ; avs_writedata_i[24]                 ; input  ; 2.5 V        ;                     ; Column I/O   ; N               ; no       ; Off          ;
; AJ21     ; 156        ; 4A             ; avs_writedata_i[25]                 ; input  ; 2.5 V        ;                     ; Column I/O   ; N               ; no       ; Off          ;
; AJ22     ; 172        ; 4A             ; avs_readdata_o[17]                  ; output ; 2.5 V        ;                     ; Column I/O   ; N               ; no       ; Off          ;
; AJ23     ;            ; 4A             ; VCCIO4A                             ; power  ;              ; 2.5V                ; --           ;                 ; --       ; --           ;
; AJ24     ; 182        ; 4A             ; avs_writedata_i[21]                 ; input  ; 2.5 V        ;                     ; Column I/O   ; N               ; no       ; Off          ;
; AJ25     ; 180        ; 4A             ; avs_readdata_o[16]                  ; output ; 2.5 V        ;                     ; Column I/O   ; N               ; no       ; Off          ;
; AJ26     ; 187        ; 4A             ; neurax_pool_stride_o[3]             ; output ; 2.5 V        ;                     ; Column I/O   ; N               ; no       ; Off          ;
; AJ27     ; 195        ; 4A             ; neurax_pool_stride_o[1]             ; output ; 2.5 V        ;                     ; Column I/O   ; N               ; no       ; Off          ;
; AJ28     ;            ;                ; GND                                 ; gnd    ;              ;                     ; --           ;                 ; --       ; --           ;
; AJ29     ; 216        ; 5A             ; neurax_weight_valid_o               ; output ; 2.5 V        ;                     ; Row I/O      ; N               ; no       ; Off          ;
; AJ30     ;            ;                ; GND                                 ; gnd    ;              ;                     ; --           ;                 ; --       ; --           ;
; AK2      ; 91         ; 3B             ; neurax_alpha_o[3]                   ; output ; 2.5 V        ;                     ; Column I/O   ; N               ; no       ; Off          ;
; AK3      ; 89         ; 3B             ; neurax_alpha_o[0]                   ; output ; 2.5 V        ;                     ; Column I/O   ; N               ; no       ; Off          ;
; AK4      ; 92         ; 3B             ; neurax_activation_type_o.TANH       ; output ; 2.5 V        ;                     ; Column I/O   ; N               ; no       ; Off          ;
; AK5      ;            ;                ; GND                                 ; gnd    ;              ;                     ; --           ;                 ; --       ; --           ;
; AK6      ; 97         ; 3B             ; neurax_operation_done_i             ; input  ; 2.5 V        ;                     ; Column I/O   ; N               ; no       ; Off          ;
; AK7      ; 107        ; 3B             ; avs_writedata_i[0]                  ; input  ; 2.5 V        ;                     ; Column I/O   ; N               ; no       ; Off          ;
; AK8      ; 105        ; 3B             ; neurax_start_operation_o            ; output ; 2.5 V        ;                     ; Column I/O   ; N               ; no       ; Off          ;
; AK9      ; 108        ; 3B             ; neurax_operation_select_o[0]        ; output ; 2.5 V        ;                     ; Column I/O   ; N               ; no       ; Off          ;
; AK10     ;            ; 3B             ; VCCIO3B                             ; power  ;              ; 2.5V                ; --           ;                 ; --       ; --           ;
; AK11     ; 117        ; 3B             ; neurax_alpha_o[1]                   ; output ; 2.5 V        ;                     ; Column I/O   ; N               ; no       ; Off          ;
; AK12     ; 123        ; 3B             ; neurax_conv_stride_o[1]             ; output ; 2.5 V        ;                     ; Column I/O   ; N               ; no       ; Off          ;
; AK13     ; 121        ; 3B             ; neurax_conv_stride_o[2]             ; output ; 2.5 V        ;                     ; Column I/O   ; N               ; no       ; Off          ;
; AK14     ; 129        ; 3B             ; avs_readdata_o[1]                   ; output ; 2.5 V        ;                     ; Column I/O   ; N               ; no       ; Off          ;
; AK15     ;            ;                ; GND                                 ; gnd    ;              ;                     ; --           ;                 ; --       ; --           ;
; AK16     ; 140        ; 4A             ; neurax_conv_kernel_size_o[1]        ; output ; 2.5 V        ;                     ; Column I/O   ; N               ; no       ; Off          ;
; AK17     ;            ; 4A             ; VREFB4AN0                           ; power  ;              ;                     ; --           ;                 ; --       ; --           ;
; AK18     ; 149        ; 4A             ; avs_readdata_o[26]                  ; output ; 2.5 V        ;                     ; Column I/O   ; N               ; no       ; Off          ;
; AK19     ; 153        ; 4A             ; avs_writedata_i[31]                 ; input  ; 2.5 V        ;                     ; Column I/O   ; N               ; no       ; Off          ;
; AK20     ;            ; 4A             ; VCCIO4A                             ; power  ;              ; 2.5V                ; --           ;                 ; --       ; --           ;
; AK21     ; 171        ; 4A             ; avs_readdata_o[20]                  ; output ; 2.5 V        ;                     ; Column I/O   ; N               ; no       ; Off          ;
; AK22     ; 169        ; 4A             ; avs_chipselect_i                    ; input  ; 2.5 V        ;                     ; Column I/O   ; N               ; no       ; Off          ;
; AK23     ; 179        ; 4A             ; avs_readdata_o[13]                  ; output ; 2.5 V        ;                     ; Column I/O   ; N               ; no       ; Off          ;
; AK24     ; 177        ; 4A             ; neurax_conv_padding_o[1]            ; output ; 2.5 V        ;                     ; Column I/O   ; N               ; no       ; Off          ;
; AK25     ;            ;                ; GND                                 ; gnd    ;              ;                     ; --           ;                 ; --       ; --           ;
; AK26     ; 185        ; 4A             ; neurax_alpha_o[12]                  ; output ; 2.5 V        ;                     ; Column I/O   ; N               ; no       ; Off          ;
; AK27     ; 193        ; 4A             ; avs_byteenable_i[3]                 ; input  ; 2.5 V        ;                     ; Column I/O   ; N               ; no       ; Off          ;
; AK28     ; 198        ; 4A             ; neurax_conv_output_channels_o[0]    ; output ; 2.5 V        ;                     ; Column I/O   ; N               ; no       ; Off          ;
; AK29     ; 196        ; 4A             ; avs_readdata_o[9]                   ; output ; 2.5 V        ;                     ; Column I/O   ; N               ; no       ; Off          ;
; B1       ; 509        ; 8A             ; RESERVED_INPUT_WITH_WEAK_PULLUP     ;        ;              ;                     ; Column I/O   ;                 ; no       ; On           ;
; B2       ; 507        ; 8A             ; neurax_debug_cycle_o[21]            ; output ; 2.5 V        ;                     ; Column I/O   ; N               ; no       ; Off          ;
; B3       ; 513        ; 8A             ; neurax_debug_cycle_o[20]            ; output ; 2.5 V        ;                     ; Column I/O   ; N               ; no       ; Off          ;
; B4       ;            ; 8A             ; VCCIO8A                             ; power  ;              ; 2.5V                ; --           ;                 ; --       ; --           ;
; B5       ; 512        ; 8A             ; RESERVED_INPUT_WITH_WEAK_PULLUP     ;        ;              ;                     ; Column I/O   ;                 ; no       ; On           ;
; B6       ; 510        ; 8A             ; RESERVED_INPUT_WITH_WEAK_PULLUP     ;        ;              ;                     ; Column I/O   ;                 ; no       ; On           ;
; B7       ; 477        ; 8A             ; neurax_debug_cycle_o[1]             ; output ; 2.5 V        ;                     ; Column I/O   ; N               ; no       ; Off          ;
; B8       ; 481        ; 8A             ; RESERVED_INPUT_WITH_WEAK_PULLUP     ;        ;              ;                     ; Column I/O   ;                 ; no       ; On           ;
; B9       ;            ;                ; GND                                 ; gnd    ;              ;                     ; --           ;                 ; --       ; --           ;
; B10      ;            ; 8A             ; VREFB8AN0                           ; power  ;              ;                     ; --           ;                 ; --       ; --           ;
; B11      ; 469        ; 8A             ; neurax_debug_cycle_o[17]            ; output ; 2.5 V        ;                     ; Column I/O   ; N               ; no       ; Off          ;
; B12      ; 464        ; 8A             ; RESERVED_INPUT_WITH_WEAK_PULLUP     ;        ;              ;                     ; Column I/O   ;                 ; no       ; On           ;
; B13      ; 459        ; 8A             ; avs_waitrequest_o                   ; output ; 2.5 V        ;                     ; Column I/O   ; N               ; no       ; Off          ;
; B14      ;            ;                ; GND                                 ; gnd    ;              ;                     ; --           ;                 ; --       ; --           ;
; B15      ; 451        ; 7D             ; RESERVED_INPUT_WITH_WEAK_PULLUP     ;        ;              ;                     ; Column I/O   ;                 ; no       ; On           ;
; B16      ; 441        ; 7C             ; RESERVED_INPUT_WITH_WEAK_PULLUP     ;        ;              ;                     ; Column I/O   ;                 ; no       ; On           ;
; B17      ; 431        ; 7C             ; RESERVED_INPUT_WITH_WEAK_PULLUP     ;        ;              ;                     ; Column I/O   ;                 ; no       ; On           ;
; B18      ; 418        ; 7B             ; RESERVED_INPUT_WITH_WEAK_PULLUP     ;        ;              ;                     ; Column I/O   ;                 ; no       ; On           ;
; B19      ;            ;                ; GND                                 ; gnd    ;              ;                     ; --           ;                 ; --       ; --           ;
; B20      ; 417        ; 7B             ; RESERVED_INPUT_WITH_WEAK_PULLUP     ;        ;              ;                     ; Column I/O   ;                 ; no       ; On           ;
; B21      ; 413        ; 7B             ; RESERVED_INPUT_WITH_WEAK_PULLUP     ;        ;              ;                     ; Column I/O   ;                 ; no       ; On           ;
; B22      ; 399        ; 7A             ; RESERVED_INPUT_WITH_WEAK_PULLUP     ;        ;              ;                     ; Column I/O   ;                 ; no       ; On           ;
; B23      ; 397        ; 7A             ; RESERVED_INPUT_WITH_WEAK_PULLUP     ;        ;              ;                     ; Column I/O   ;                 ; no       ; On           ;
; B24      ;            ;                ; GND                                 ; gnd    ;              ;                     ; --           ;                 ; --       ; --           ;
; B25      ; 387        ; 7A             ; RESERVED_INPUT_WITH_WEAK_PULLUP     ;        ;              ;                     ; Column I/O   ;                 ; no       ; On           ;
; B26      ; 386        ; 7A             ; RESERVED_INPUT_WITH_WEAK_PULLUP     ;        ;              ;                     ; Column I/O   ;                 ; no       ; On           ;
; B27      ; 381        ; 7A             ; ^HPS_TDI                            ;        ;              ;                     ; --           ;                 ; --       ; --           ;
; B28      ; 376        ; 7A             ; ^HPS_TDO                            ;        ;              ;                     ; --           ;                 ; --       ; --           ;
; B29      ;            ;                ; GND                                 ; gnd    ;              ;                     ; --           ;                 ; --       ; --           ;
; B30      ; 365        ; 6A             ; RESERVED_INPUT_WITH_WEAK_PULLUP     ;        ;              ;                     ; Row I/O      ;                 ; no       ; On           ;
; C1       ;            ;                ; GND                                 ; gnd    ;              ;                     ; --           ;                 ; --       ; --           ;
; C2       ; 517        ; 8A             ; neurax_status_o[0]                  ; output ; 2.5 V        ;                     ; Column I/O   ; N               ; no       ; Off          ;
; C3       ; 511        ; 8A             ; neurax_debug_cycle_o[22]            ; output ; 2.5 V        ;                     ; Column I/O   ; N               ; no       ; Off          ;
; C4       ; 501        ; 8A             ; neurax_debug_cycle_o[7]             ; output ; 2.5 V        ;                     ; Column I/O   ; N               ; no       ; Off          ;
; C5       ; 497        ; 8A             ; RESERVED_INPUT_WITH_WEAK_PULLUP     ;        ;              ;                     ; Column I/O   ;                 ; no       ; On           ;
; C6       ;            ;                ; GND                                 ; gnd    ;              ;                     ; --           ;                 ; --       ; --           ;
; C7       ; 475        ; 8A             ; neurax_debug_cycle_o[25]            ; output ; 2.5 V        ;                     ; Column I/O   ; N               ; no       ; Off          ;
; C8       ; 479        ; 8A             ; RESERVED_INPUT_WITH_WEAK_PULLUP     ;        ;              ;                     ; Column I/O   ;                 ; no       ; On           ;
; C9       ; 485        ; 8A             ; RESERVED_INPUT_WITH_WEAK_PULLUP     ;        ;              ;                     ; Column I/O   ;                 ; no       ; On           ;
; C10      ; 483        ; 8A             ; RESERVED_INPUT_WITH_WEAK_PULLUP     ;        ;              ;                     ; Column I/O   ;                 ; no       ; On           ;
; C11      ;            ; 8A             ; VCCIO8A                             ; power  ;              ; 2.5V                ; --           ;                 ; --       ; --           ;
; C12      ; 467        ; 8A             ; neurax_debug_cycle_o[11]            ; output ; 2.5 V        ;                     ; Column I/O   ; N               ; no       ; Off          ;
; C13      ; 462        ; 8A             ; RESERVED_INPUT_WITH_WEAK_PULLUP     ;        ;              ;                     ; Column I/O   ;                 ; no       ; On           ;
; C14      ; 448        ; 7D             ; RESERVED_INPUT_WITH_WEAK_PULLUP     ;        ;              ;                     ; Column I/O   ;                 ; no       ; On           ;
; C15      ; 453        ; 7D             ; RESERVED_INPUT_WITH_WEAK_PULLUP     ;        ;              ;                     ; Column I/O   ;                 ; no       ; On           ;
; C16      ;            ;                ; GND                                 ; gnd    ;              ;                     ; --           ;                 ; --       ; --           ;
; C17      ; 433        ; 7C             ; RESERVED_INPUT_WITH_WEAK_PULLUP     ;        ;              ;                     ; Column I/O   ;                 ; no       ; On           ;
; C18      ; 435        ; 7C             ; RESERVED_INPUT_WITH_WEAK_PULLUP     ;        ;              ;                     ; Column I/O   ;                 ; no       ; On           ;
; C19      ; 427        ; 7B             ; RESERVED_INPUT_WITH_WEAK_PULLUP     ;        ;              ;                     ; Column I/O   ;                 ; no       ; On           ;
; C20      ; 421        ; 7B             ; RESERVED_INPUT_WITH_WEAK_PULLUP     ;        ;              ;                     ; Column I/O   ;                 ; no       ; On           ;
; C21      ;            ;                ; GND                                 ; gnd    ;              ;                     ; --           ;                 ; --       ; --           ;
; C22      ; 396        ; 7A             ; RESERVED_INPUT_WITH_WEAK_PULLUP     ;        ;              ;                     ; Column I/O   ;                 ; no       ; On           ;
; C23      ; 401        ; 7A             ; RESERVED_INPUT_WITH_WEAK_PULLUP     ;        ;              ;                     ; Column I/O   ;                 ; no       ; On           ;
; C24      ; 393        ; 7A             ; RESERVED_INPUT_WITH_WEAK_PULLUP     ;        ;              ;                     ; Column I/O   ;                 ; no       ; On           ;
; C25      ; 388        ; 7A             ; RESERVED_INPUT_WITH_WEAK_PULLUP     ;        ;              ;                     ; Column I/O   ;                 ; no       ; On           ;
; C26      ;            ;                ; GND                                 ; gnd    ;              ;                     ; --           ;                 ; --       ; --           ;
; C27      ; 374        ; 7A             ; ^HPS_nRST                           ;        ;              ;                     ; --           ;                 ; --       ; --           ;
; C28      ; 369        ; 6A             ; RESERVED_INPUT_WITH_WEAK_PULLUP     ;        ;              ;                     ; Row I/O      ;                 ; no       ; On           ;
; C29      ; 367        ; 6A             ; RESERVED_INPUT_WITH_WEAK_PULLUP     ;        ;              ;                     ; Row I/O      ;                 ; no       ; On           ;
; C30      ; 363        ; 6A             ; RESERVED_INPUT_WITH_WEAK_PULLUP     ;        ;              ;                     ; Row I/O      ;                 ; no       ; On           ;
; D1       ; 529        ; 8A             ; RESERVED_INPUT_WITH_WEAK_PULLUP     ;        ;              ;                     ; Column I/O   ;                 ; no       ; On           ;
; D2       ; 515        ; 8A             ; RESERVED_INPUT_WITH_WEAK_PULLUP     ;        ;              ;                     ; Column I/O   ;                 ; no       ; On           ;
; D3       ;            ;                ; GND                                 ; gnd    ;              ;                     ; --           ;                 ; --       ; --           ;
; D4       ; 521        ; 8A             ; RESERVED_INPUT_WITH_WEAK_PULLUP     ;        ;              ;                     ; Column I/O   ;                 ; no       ; On           ;
; D5       ; 499        ; 8A             ; RESERVED_INPUT_WITH_WEAK_PULLUP     ;        ;              ;                     ; Column I/O   ;                 ; no       ; On           ;
; D6       ; 495        ; 8A             ; RESERVED_INPUT_WITH_WEAK_PULLUP     ;        ;              ;                     ; Column I/O   ;                 ; no       ; On           ;
; D7       ; 505        ; 8A             ; neurax_debug_cycle_o[24]            ; output ; 2.5 V        ;                     ; Column I/O   ; N               ; no       ; Off          ;
; D8       ;            ; 8A             ; VCCIO8A                             ; power  ;              ; 2.5V                ; --           ;                 ; --       ; --           ;
; D9       ; 480        ; 8A             ; RESERVED_INPUT_WITH_WEAK_PULLUP     ;        ;              ;                     ; Column I/O   ;                 ; no       ; On           ;
; D10      ; 472        ; 8A             ; neurax_status_o[4]                  ; output ; 2.5 V        ;                     ; Column I/O   ; N               ; no       ; Off          ;
; D11      ; 470        ; 8A             ; RESERVED_INPUT_WITH_WEAK_PULLUP     ;        ;              ;                     ; Column I/O   ;                 ; no       ; On           ;
; D12      ; 496        ; 8A             ; RESERVED_INPUT_WITH_WEAK_PULLUP     ;        ;              ;                     ; Column I/O   ;                 ; no       ; On           ;
; D13      ;            ;                ; GND                                 ; gnd    ;              ;                     ; --           ;                 ; --       ; --           ;
; D14      ; 446        ; 7D             ; RESERVED_INPUT_WITH_WEAK_PULLUP     ;        ;              ;                     ; Column I/O   ;                 ; no       ; On           ;
; D15      ; 449        ; 7D             ; RESERVED_INPUT_WITH_WEAK_PULLUP     ;        ;              ;                     ; Column I/O   ;                 ; no       ; On           ;
; D16      ; 445        ; 7D             ; RESERVED_INPUT_WITH_WEAK_PULLUP     ;        ;              ;                     ; Column I/O   ;                 ; no       ; On           ;
; D17      ; 440        ; 7C             ; RESERVED_INPUT_WITH_WEAK_PULLUP     ;        ;              ;                     ; Column I/O   ;                 ; no       ; On           ;
; D18      ;            ; 7C             ; VCCIO7C_HPS                         ; power  ;              ; 2.5V                ; --           ;                 ; --       ; --           ;
; D19      ; 426        ; 7B             ; RESERVED_INPUT_WITH_WEAK_PULLUP     ;        ;              ;                     ; Column I/O   ;                 ; no       ; On           ;
; D20      ; 420        ; 7B             ; RESERVED_INPUT_WITH_WEAK_PULLUP     ;        ;              ;                     ; Column I/O   ;                 ; no       ; On           ;
; D21      ; 419        ; 7B             ; RESERVED_INPUT_WITH_WEAK_PULLUP     ;        ;              ;                     ; Column I/O   ;                 ; no       ; On           ;
; D22      ; 402        ; 7A             ; RESERVED_INPUT_WITH_WEAK_PULLUP     ;        ;              ;                     ; Column I/O   ;                 ; no       ; On           ;
; D23      ;            ;                ; GND                                 ; gnd    ;              ;                     ; --           ;                 ; --       ; --           ;
; D24      ; 404        ; 7A             ; RESERVED_INPUT_WITH_WEAK_PULLUP     ;        ;              ;                     ; Column I/O   ;                 ; no       ; On           ;
; D25      ; 384        ; 7A             ; ^HPS_CLK1                           ;        ;              ;                     ; --           ;                 ; --       ; --           ;
; D26      ; 373        ; 7A             ; ^GND                                ;        ;              ;                     ; --           ;                 ; --       ; --           ;
; D27      ; 371        ; 6A             ; HPS_RZQ_0                           ;        ;              ;                     ; --           ;                 ; no       ; On           ;
; D28      ;            ; 6A             ; VCCIO6A_HPS                         ; power  ;              ; 2.5V                ; --           ;                 ; --       ; --           ;
; D29      ; 361        ; 6A             ; RESERVED_INPUT_WITH_WEAK_PULLUP     ;        ;              ;                     ; Row I/O      ;                 ; no       ; On           ;
; D30      ; 359        ; 6A             ; RESERVED_INPUT_WITH_WEAK_PULLUP     ;        ;              ;                     ; Row I/O      ;                 ; no       ; On           ;
; E1       ; 527        ; 8A             ; neurax_debug_cycle_o[27]            ; output ; 2.5 V        ;                     ; Column I/O   ; N               ; no       ; Off          ;
; E2       ; 525        ; 8A             ; neurax_input_valid_o                ; output ; 2.5 V        ;                     ; Column I/O   ; N               ; no       ; Off          ;
; E3       ; 523        ; 8A             ; RESERVED_INPUT_WITH_WEAK_PULLUP     ;        ;              ;                     ; Column I/O   ;                 ; no       ; On           ;
; E4       ; 519        ; 8A             ; RESERVED_INPUT_WITH_WEAK_PULLUP     ;        ;              ;                     ; Column I/O   ;                 ; no       ; On           ;
; E5       ;            ; 8A             ; VCCIO8A                             ; power  ;              ; 2.5V                ; --           ;                 ; --       ; --           ;
; E6       ; 533        ; 8A             ; RESERVED_INPUT_WITH_WEAK_PULLUP     ;        ;              ;                     ; Column I/O   ;                 ; no       ; On           ;
; E7       ; 531        ; 8A             ; RESERVED_INPUT_WITH_WEAK_PULLUP     ;        ;              ;                     ; Column I/O   ;                 ; no       ; On           ;
; E8       ; 503        ; 8A             ; RESERVED_INPUT_WITH_WEAK_PULLUP     ;        ;              ;                     ; Column I/O   ;                 ; no       ; On           ;
; E9       ; 478        ; 8A             ; RESERVED_INPUT_WITH_WEAK_PULLUP     ;        ;              ;                     ; Column I/O   ;                 ; no       ; On           ;
; E10      ;            ;                ; GND                                 ; gnd    ;              ;                     ; --           ;                 ; --       ; --           ;
; E11      ; 504        ; 8A             ; neurax_debug_cycle_o[6]             ; output ; 2.5 V        ;                     ; Column I/O   ; N               ; no       ; Off          ;
; E12      ; 494        ; 8A             ; RESERVED_INPUT_WITH_WEAK_PULLUP     ;        ;              ;                     ; Column I/O   ;                 ; no       ; On           ;
; E13      ; 488        ; 8A             ; neurax_debug_cycle_o[28]            ; output ; 2.5 V        ;                     ; Column I/O   ; N               ; no       ; Off          ;
; E14      ; 454        ; 7D             ; RESERVED_INPUT_WITH_WEAK_PULLUP     ;        ;              ;                     ; Column I/O   ;                 ; no       ; On           ;
; E15      ;            ; 7D             ; VCCIO7D_HPS                         ; power  ;              ; 2.5V                ; --           ;                 ; --       ; --           ;
; E16      ; 443        ; 7D             ; RESERVED_INPUT_WITH_WEAK_PULLUP     ;        ;              ;                     ; Column I/O   ;                 ; no       ; On           ;
; E17      ; 438        ; 7C             ; RESERVED_INPUT_WITH_WEAK_PULLUP     ;        ;              ;                     ; Column I/O   ;                 ; no       ; On           ;
; E18      ; 437        ; 7C             ; RESERVED_INPUT_WITH_WEAK_PULLUP     ;        ;              ;                     ; Column I/O   ;                 ; no       ; On           ;
; E19      ; 424        ; 7B             ; RESERVED_INPUT_WITH_WEAK_PULLUP     ;        ;              ;                     ; Column I/O   ;                 ; no       ; On           ;
; E20      ;            ; 7B             ; VCCIO7B_HPS                         ; power  ;              ; 2.5V                ; --           ;                 ; --       ; --           ;
; E21      ; 412        ; 7B             ; RESERVED_INPUT_WITH_WEAK_PULLUP     ;        ;              ;                     ; Column I/O   ;                 ; no       ; On           ;
; E22      ;            ; 7A, 7B, 7C, 7D ; VREFB7A7B7C7DN0_HPS                 ; power  ;              ;                     ; --           ;                 ; --       ; --           ;
; E23      ; 394        ; 7A             ; RESERVED_INPUT_WITH_WEAK_PULLUP     ;        ;              ;                     ; Column I/O   ;                 ; no       ; On           ;
; E24      ; 403        ; 7A             ; RESERVED_INPUT_WITH_WEAK_PULLUP     ;        ;              ;                     ; Column I/O   ;                 ; no       ; On           ;
; E25      ;            ;                ; GND                                 ; gnd    ;              ;                     ; --           ;                 ; --       ; --           ;
; E26      ;            ;                ; DNU                                 ;        ;              ;                     ; --           ;                 ; --       ; --           ;
; E27      ; 357        ; 6A             ; RESERVED_INPUT_WITH_WEAK_PULLUP     ;        ;              ;                     ; Row I/O      ;                 ; no       ; On           ;
; E28      ; 351        ; 6A             ; RESERVED_INPUT_WITH_WEAK_PULLUP     ;        ;              ;                     ; Row I/O      ;                 ; no       ; On           ;
; E29      ; 353        ; 6A             ; RESERVED_INPUT_WITH_WEAK_PULLUP     ;        ;              ;                     ; Row I/O      ;                 ; no       ; On           ;
; E30      ;            ;                ; GND                                 ; gnd    ;              ;                     ; --           ;                 ; --       ; --           ;
; F1       ;            ;                ; DNU                                 ;        ;              ;                     ; --           ;                 ; --       ; --           ;
; F2       ;            ;                ; GND                                 ; gnd    ;              ;                     ; --           ;                 ; --       ; --           ;
; F3       ; 539        ; 9A             ; ^CONF_DONE                          ;        ;              ;                     ; --           ;                 ; --       ; --           ;
; F4       ; 541        ; 9A             ; ^nSTATUS                            ;        ;              ;                     ; --           ;                 ; --       ; --           ;
; F5       ;            ;                ; GND                                 ; gnd    ;              ;                     ; --           ;                 ; --       ; --           ;
; F6       ; 537        ; 8A             ; RESERVED_INPUT_WITH_WEAK_PULLUP     ;        ;              ;                     ; Column I/O   ;                 ; no       ; On           ;
; F7       ;            ;                ; GND                                 ; gnd    ;              ;                     ; --           ;                 ; --       ; --           ;
; F8       ; 536        ; 8A             ; neurax_debug_cycle_o[13]            ; output ; 2.5 V        ;                     ; Column I/O   ; N               ; no       ; Off          ;
; F9       ; 534        ; 8A             ; RESERVED_INPUT_WITH_WEAK_PULLUP     ;        ;              ;                     ; Column I/O   ;                 ; no       ; On           ;
; F10      ; 528        ; 8A             ; RESERVED_INPUT_WITH_WEAK_PULLUP     ;        ;              ;                     ; Column I/O   ;                 ; no       ; On           ;
; F11      ; 502        ; 8A             ; neurax_debug_cycle_o[3]             ; output ; 2.5 V        ;                     ; Column I/O   ; N               ; no       ; Off          ;
; F12      ;            ; 8A             ; VCCIO8A                             ; power  ;              ; 2.5V                ; --           ;                 ; --       ; --           ;
; F13      ; 486        ; 8A             ; RESERVED_INPUT_WITH_WEAK_PULLUP     ;        ;              ;                     ; Column I/O   ;                 ; no       ; On           ;
; F14      ; 468        ; 8A             ; RESERVED_INPUT_WITH_WEAK_PULLUP     ;        ;              ;                     ; Column I/O   ;                 ; no       ; On           ;
; F15      ; 466        ; 8A             ; neurax_debug_cycle_o[12]            ; output ; 2.5 V        ;                     ; Column I/O   ; N               ; no       ; Off          ;
; F16      ; 442        ; 7D             ; RESERVED_INPUT_WITH_WEAK_PULLUP     ;        ;              ;                     ; Column I/O   ;                 ; no       ; On           ;
; F17      ;            ;                ; GND                                 ; gnd    ;              ;                     ; --           ;                 ; --       ; --           ;
; F18      ; 430        ; 7C             ; RESERVED_INPUT_WITH_WEAK_PULLUP     ;        ;              ;                     ; Column I/O   ;                 ; no       ; On           ;
; F19      ; 410        ; 7B             ; RESERVED_INPUT_WITH_WEAK_PULLUP     ;        ;              ;                     ; Column I/O   ;                 ; no       ; On           ;
; F20      ; 407        ; 7B             ; RESERVED_INPUT_WITH_WEAK_PULLUP     ;        ;              ;                     ; Column I/O   ;                 ; no       ; On           ;
; F21      ; 409        ; 7B             ; RESERVED_INPUT_WITH_WEAK_PULLUP     ;        ;              ;                     ; Column I/O   ;                 ; no       ; On           ;
; F22      ;            ; 7A             ; VCCIO7A_HPS                         ; power  ;              ; 2.5V                ; --           ;                 ; --       ; --           ;
; F23      ; 375        ; 7A             ; ^HPS_nPOR                           ;        ;              ;                     ; --           ;                 ; --       ; --           ;
; F24      ; 383        ; 7A             ; ^HPS_PORSEL                         ;        ;              ;                     ; --           ;                 ; --       ; --           ;
; F25      ; 385        ; 7A             ; ^HPS_CLK2                           ;        ;              ;                     ; --           ;                 ; --       ; --           ;
; F26      ; 341        ; 6A             ; RESERVED_INPUT_WITH_WEAK_PULLUP     ;        ;              ;                     ; Row I/O      ;                 ; no       ; On           ;
; F27      ;            ;                ; GND                                 ; gnd    ;              ;                     ; --           ;                 ; --       ; --           ;
; F28      ; 345        ; 6A             ; RESERVED_INPUT_WITH_WEAK_PULLUP     ;        ;              ;                     ; Row I/O      ;                 ; no       ; On           ;
; F29      ; 349        ; 6A             ; RESERVED_INPUT_WITH_WEAK_PULLUP     ;        ;              ;                     ; Row I/O      ;                 ; no       ; On           ;
; F30      ; 347        ; 6A             ; RESERVED_INPUT_WITH_WEAK_PULLUP     ;        ;              ;                     ; Row I/O      ;                 ; no       ; On           ;
; G1       ;            ;                ; GND                                 ;        ;              ;                     ; --           ;                 ; --       ; --           ;
; G2       ;            ;                ; DNU                                 ;        ;              ;                     ; --           ;                 ; --       ; --           ;
; G3       ;            ;                ; GND                                 ; gnd    ;              ;                     ; --           ;                 ; --       ; --           ;
; G4       ;            ;                ; GND                                 ; gnd    ;              ;                     ; --           ;                 ; --       ; --           ;
; G5       ; 542        ; 9A             ; ^nCE                                ;        ;              ;                     ; --           ;                 ; --       ; --           ;
; G6       ; 543        ; 9A             ; ^MSEL2                              ;        ;              ;                     ; --           ;                 ; --       ; --           ;
; G7       ; 535        ; 8A             ; RESERVED_INPUT_WITH_WEAK_PULLUP     ;        ;              ;                     ; Column I/O   ;                 ; no       ; On           ;
; G8       ; 492        ; 8A             ; RESERVED_INPUT_WITH_WEAK_PULLUP     ;        ;              ;                     ; Column I/O   ;                 ; no       ; On           ;
; G9       ;            ; 8A             ; VCCIO8A                             ; power  ;              ; 2.5V                ; --           ;                 ; --       ; --           ;
; G10      ; 526        ; 8A             ; neurax_status_o[1]                  ; output ; 2.5 V        ;                     ; Column I/O   ; N               ; no       ; Off          ;
; G11      ; 520        ; 8A             ; RESERVED_INPUT_WITH_WEAK_PULLUP     ;        ;              ;                     ; Column I/O   ;                 ; no       ; On           ;
; G12      ; 518        ; 8A             ; RESERVED_INPUT_WITH_WEAK_PULLUP     ;        ;              ;                     ; Column I/O   ;                 ; no       ; On           ;
; G13      ; 484        ; 8A             ; neurax_debug_cycle_o[14]            ; output ; 2.5 V        ;                     ; Column I/O   ; N               ; no       ; Off          ;
; G14      ;            ; 8A             ; VCCIO8A                             ; power  ;              ; 2.5V                ; --           ;                 ; --       ; --           ;
; G15      ; 460        ; 8A             ; RESERVED_INPUT_WITH_WEAK_PULLUP     ;        ;              ;                     ; Column I/O   ;                 ; no       ; On           ;
; G16      ; 444        ; 7D             ; RESERVED_INPUT_WITH_WEAK_PULLUP     ;        ;              ;                     ; Column I/O   ;                 ; no       ; On           ;
; G17      ; 436        ; 7C             ; RESERVED_INPUT_WITH_WEAK_PULLUP     ;        ;              ;                     ; Column I/O   ;                 ; no       ; On           ;
; G18      ; 432        ; 7C             ; RESERVED_INPUT_WITH_WEAK_PULLUP     ;        ;              ;                     ; Column I/O   ;                 ; no       ; On           ;
; G19      ;            ; 7B             ; VCCIO7B_HPS                         ; power  ;              ; 2.5V                ; --           ;                 ; --       ; --           ;
; G20      ; 416        ; 7B             ; RESERVED_INPUT_WITH_WEAK_PULLUP     ;        ;              ;                     ; Column I/O   ;                 ; no       ; On           ;
; G21      ; 392        ; 7A             ; RESERVED_INPUT_WITH_WEAK_PULLUP     ;        ;              ;                     ; Column I/O   ;                 ; no       ; On           ;
; G22      ; 400        ; 7A             ; RESERVED_INPUT_WITH_WEAK_PULLUP     ;        ;              ;                     ; Column I/O   ;                 ; no       ; On           ;
; G23      ; 377        ; 7A             ; ^VCCRSTCLK_HPS                      ;        ;              ;                     ; --           ;                 ; --       ; --           ;
; G24      ;            ;                ; GND                                 ; gnd    ;              ;                     ; --           ;                 ; --       ; --           ;
; G25      ; 370        ; 6A             ; RESERVED_INPUT_WITH_WEAK_PULLUP     ;        ;              ;                     ; Row I/O      ;                 ; no       ; On           ;
; G26      ; 362        ; 6A             ; RESERVED_INPUT_WITH_WEAK_PULLUP     ;        ;              ;                     ; Row I/O      ;                 ; no       ; On           ;
; G27      ; 339        ; 6A             ; RESERVED_INPUT_WITH_WEAK_PULLUP     ;        ;              ;                     ; Row I/O      ;                 ; --       ; --           ;
; G28      ; 335        ; 6A             ; RESERVED_INPUT_WITH_WEAK_PULLUP     ;        ;              ;                     ; Row I/O      ;                 ; no       ; On           ;
; G29      ;            ; 6A             ; VCCIO6A_HPS                         ; power  ;              ; 2.5V                ; --           ;                 ; --       ; --           ;
; G30      ; 343        ; 6A             ; RESERVED_INPUT_WITH_WEAK_PULLUP     ;        ;              ;                     ; Row I/O      ;                 ; no       ; On           ;
; H1       ;            ;                ; GND                                 ; gnd    ;              ;                     ; --           ;                 ; --       ; --           ;
; H2       ;            ;                ; GND                                 ; gnd    ;              ;                     ; --           ;                 ; --       ; --           ;
; H3       ;            ;                ; DNU                                 ;        ;              ;                     ; --           ;                 ; --       ; --           ;
; H4       ;            ;                ; DNU                                 ;        ;              ;                     ; --           ;                 ; --       ; --           ;
; H5       ;            ;                ; GND                                 ; gnd    ;              ;                     ; --           ;                 ; --       ; --           ;
; H6       ;            ; 8A             ; VCCIO8A                             ; power  ;              ; 2.5V                ; --           ;                 ; --       ; --           ;
; H7       ; 508        ; 8A             ; neurax_status_o[6]                  ; output ; 2.5 V        ;                     ; Column I/O   ; N               ; no       ; Off          ;
; H8       ; 490        ; 8A             ; neurax_debug_cycle_o[8]             ; output ; 2.5 V        ;                     ; Column I/O   ; N               ; no       ; Off          ;
; H9       ;            ; --             ; VCCBAT                              ; power  ;              ; 1.2V                ; --           ;                 ; --       ; --           ;
; H10      ;            ; --             ; VCC_AUX                             ; power  ;              ; 2.5V                ; --           ;                 ; --       ; --           ;
; H11      ;            ;                ; GND                                 ; gnd    ;              ;                     ; --           ;                 ; --       ; --           ;
; H12      ; 500        ; 8A             ; RESERVED_INPUT_WITH_WEAK_PULLUP     ;        ;              ;                     ; Column I/O   ;                 ; no       ; On           ;
; H13      ; 498        ; 8A             ; neurax_debug_cycle_o[15]            ; output ; 2.5 V        ;                     ; Column I/O   ; N               ; no       ; Off          ;
; H14      ; 482        ; 8A             ; RESERVED_INPUT_WITH_WEAK_PULLUP     ;        ;              ;                     ; Column I/O   ;                 ; no       ; On           ;
; H15      ; 458        ; 8A             ; neurax_debug_cycle_o[5]             ; output ; 2.5 V        ;                     ; Column I/O   ; N               ; no       ; Off          ;
; H16      ;            ; 7D             ; VCCIO7D_HPS                         ; power  ;              ; 2.5V                ; --           ;                 ; --       ; --           ;
; H17      ; 434        ; 7C             ; RESERVED_INPUT_WITH_WEAK_PULLUP     ;        ;              ;                     ; Column I/O   ;                 ; no       ; On           ;
; H18      ; 422        ; 7B             ; RESERVED_INPUT_WITH_WEAK_PULLUP     ;        ;              ;                     ; Column I/O   ;                 ; no       ; On           ;
; H19      ; 406        ; 7B             ; RESERVED_INPUT_WITH_WEAK_PULLUP     ;        ;              ;                     ; Column I/O   ;                 ; no       ; On           ;
; H20      ; 398        ; 7A             ; RESERVED_INPUT_WITH_WEAK_PULLUP     ;        ;              ;                     ; Column I/O   ;                 ; no       ; On           ;
; H21      ;            ; 7A             ; VCCIO7A_HPS                         ; power  ;              ; 2.5V                ; --           ;                 ; --       ; --           ;
; H22      ; 379        ; 7A             ; ^HPS_TCK                            ;        ;              ;                     ; --           ;                 ; --       ; --           ;
; H23      ; 390        ; 7A             ; RESERVED_INPUT_WITH_WEAK_PULLUP     ;        ;              ;                     ; Column I/O   ;                 ; no       ; On           ;
; H24      ; 364        ; 6A             ; RESERVED_INPUT_WITH_WEAK_PULLUP     ;        ;              ;                     ; Row I/O      ;                 ; no       ; On           ;
; H25      ; 368        ; 6A             ; RESERVED_INPUT_WITH_WEAK_PULLUP     ;        ;              ;                     ; Row I/O      ;                 ; no       ; On           ;
; H26      ;            ; 6A             ; VCCIO6A_HPS                         ; power  ;              ; 2.5V                ; --           ;                 ; --       ; --           ;
; H27      ; 360        ; 6A             ; RESERVED_INPUT_WITH_WEAK_PULLUP     ;        ;              ;                     ; Row I/O      ;                 ; no       ; On           ;
; H28      ; 333        ; 6A             ; RESERVED_INPUT_WITH_WEAK_PULLUP     ;        ;              ;                     ; Row I/O      ;                 ; no       ; On           ;
; H29      ; 331        ; 6A             ; RESERVED_INPUT_WITH_WEAK_PULLUP     ;        ;              ;                     ; Row I/O      ;                 ; no       ; On           ;
; H30      ; 337        ; 6A             ; RESERVED_INPUT_WITH_WEAK_PULLUP     ;        ;              ;                     ; Row I/O      ;                 ; no       ; On           ;
; J1       ;            ;                ; GND                                 ; gnd    ;              ;                     ; --           ;                 ; --       ; --           ;
; J2       ;            ;                ; GND                                 ; gnd    ;              ;                     ; --           ;                 ; --       ; --           ;
; J3       ;            ;                ; GND                                 ; gnd    ;              ;                     ; --           ;                 ; --       ; --           ;
; J4       ;            ;                ; GND                                 ; gnd    ;              ;                     ; --           ;                 ; --       ; --           ;
; J5       ; 545        ; 9A             ; ^nCONFIG                            ;        ;              ;                     ; --           ;                 ; --       ; --           ;
; J6       ; 547        ; 9A             ; ^GND                                ;        ;              ;                     ; --           ;                 ; --       ; --           ;
; J7       ; 506        ; 8A             ; neurax_debug_cycle_o[9]             ; output ; 2.5 V        ;                     ; Column I/O   ; N               ; no       ; Off          ;
; J8       ;            ;                ; GND                                 ; gnd    ;              ;                     ; --           ;                 ; --       ; --           ;
; J9       ; 532        ; 8A             ; RESERVED_INPUT_WITH_WEAK_PULLUP     ;        ;              ;                     ; Column I/O   ;                 ; no       ; On           ;
; J10      ; 530        ; 8A             ; RESERVED_INPUT_WITH_WEAK_PULLUP     ;        ;              ;                     ; Column I/O   ;                 ; no       ; On           ;
; J11      ;            ; --             ; VCCPGM                              ; power  ;              ; 1.8V/2.5V/3.0V/3.3V ; --           ;                 ; --       ; --           ;
; J12      ; 516        ; 8A             ; RESERVED_INPUT_WITH_WEAK_PULLUP     ;        ;              ;                     ; Column I/O   ;                 ; no       ; On           ;
; J13      ;            ; 8A             ; VCCIO8A                             ; power  ;              ; 2.5V                ; --           ;                 ; --       ; --           ;
; J14      ; 476        ; 8A             ; RESERVED_INPUT_WITH_WEAK_PULLUP     ;        ;              ;                     ; Column I/O   ;                 ; no       ; On           ;
; J15      ;            ;                ; DNU                                 ;        ;              ;                     ; --           ;                 ; --       ; --           ;
; J16      ;            ; --             ; VCC_AUX                             ; power  ;              ; 2.5V                ; --           ;                 ; --       ; --           ;
; J17      ;            ; 7C             ; VCCPD7C_HPS                         ; power  ;              ; 2.5V                ; --           ;                 ; --       ; --           ;
; J18      ;            ;                ; GND                                 ; gnd    ;              ;                     ; --           ;                 ; --       ; --           ;
; J19      ; 408        ; 7B             ; RESERVED_INPUT_WITH_WEAK_PULLUP     ;        ;              ;                     ; Column I/O   ;                 ; no       ; On           ;
; J20      ;            ; --             ; VCCRSTCLK_HPS                       ; power  ;              ; 1.8V/2.5V/3.0V/3.3V ; --           ;                 ; --       ; --           ;
; J21      ;            ; --             ; VCC_AUX_SHARED                      ; power  ;              ; 2.5V                ; --           ;                 ; --       ; --           ;
; J22      ; 372        ; 7A             ; ^GND                                ;        ;              ;                     ; --           ;                 ; --       ; --           ;
; J23      ; 354        ; 6A             ; RESERVED_INPUT_WITH_WEAK_PULLUP     ;        ;              ;                     ; Row I/O      ;                 ; no       ; On           ;
; J24      ; 352        ; 6A             ; RESERVED_INPUT_WITH_WEAK_PULLUP     ;        ;              ;                     ; Row I/O      ;                 ; no       ; On           ;
; J25      ; 344        ; 6A             ; RESERVED_INPUT_WITH_WEAK_PULLUP     ;        ;              ;                     ; Row I/O      ;                 ; no       ; On           ;
; J26      ; 323        ; 6A             ; RESERVED_INPUT_WITH_WEAK_PULLUP     ;        ;              ;                     ; Row I/O      ;                 ; no       ; On           ;
; J27      ; 346        ; 6A             ; RESERVED_INPUT_WITH_WEAK_PULLUP     ;        ;              ;                     ; Row I/O      ;                 ; no       ; On           ;
; J28      ;            ;                ; GND                                 ; gnd    ;              ;                     ; --           ;                 ; --       ; --           ;
; J29      ; 327        ; 6A             ; RESERVED_INPUT_WITH_WEAK_PULLUP     ;        ;              ;                     ; Row I/O      ;                 ; no       ; On           ;
; J30      ; 329        ; 6A             ; RESERVED_INPUT_WITH_WEAK_PULLUP     ;        ;              ;                     ; Row I/O      ;                 ; no       ; On           ;
; K1       ;            ;                ; GND                                 ; gnd    ;              ;                     ; --           ;                 ; --       ; --           ;
; K2       ;            ;                ; GND                                 ; gnd    ;              ;                     ; --           ;                 ; --       ; --           ;
; K3       ;            ;                ; DNU                                 ;        ;              ;                     ; --           ;                 ; --       ; --           ;
; K4       ;            ;                ; DNU                                 ;        ;              ;                     ; --           ;                 ; --       ; --           ;
; K5       ;            ;                ; GND                                 ; gnd    ;              ;                     ; --           ;                 ; --       ; --           ;
; K6       ; 540        ; 9A             ; ^MSEL1                              ;        ;              ;                     ; --           ;                 ; --       ; --           ;
; K7       ; 522        ; 8A             ; RESERVED_INPUT_WITH_WEAK_PULLUP     ;        ;              ;                     ; Column I/O   ;                 ; no       ; On           ;
; K8       ; 524        ; 8A             ; RESERVED_INPUT_WITH_WEAK_PULLUP     ;        ;              ;                     ; Column I/O   ;                 ; no       ; On           ;
; K9       ;            ; --             ; VCCA_FPLL                           ; power  ;              ; 2.5V                ; --           ;                 ; --       ; --           ;
; K10      ;            ;                ; GND                                 ; gnd    ;              ;                     ; --           ;                 ; --       ; --           ;
; K11      ;            ; 8A             ; VCCPD8A                             ; power  ;              ; 2.5V                ; --           ;                 ; --       ; --           ;
; K12      ; 514        ; 8A             ; RESERVED_INPUT_WITH_WEAK_PULLUP     ;        ;              ;                     ; Column I/O   ;                 ; no       ; On           ;
; K13      ;            ; 8A             ; VCCPD8A                             ; power  ;              ; 2.5V                ; --           ;                 ; --       ; --           ;
; K14      ; 474        ; 8A             ; RESERVED_INPUT_WITH_WEAK_PULLUP     ;        ;              ;                     ; Column I/O   ;                 ; no       ; On           ;
; K15      ;            ;                ; GND                                 ; gnd    ;              ;                     ; --           ;                 ; --       ; --           ;
; K16      ;            ; 7D             ; VCCPD7D_HPS                         ; power  ;              ; 2.5V                ; --           ;                 ; --       ; --           ;
; K17      ; 414        ; 7B             ; RESERVED_INPUT_WITH_WEAK_PULLUP     ;        ;              ;                     ; Column I/O   ;                 ; no       ; On           ;
; K18      ;            ; 7B             ; VCCPD7B_HPS                         ; power  ;              ; 2.5V                ; --           ;                 ; --       ; --           ;
; K19      ;            ; 7A             ; VCCPD7A_HPS                         ; power  ;              ; 2.5V                ; --           ;                 ; --       ; --           ;
; K20      ;            ;                ; GND                                 ; gnd    ;              ;                     ; --           ;                 ; --       ; --           ;
; K21      ; 366        ; 6A             ; RESERVED_INPUT_WITH_WEAK_PULLUP     ;        ;              ;                     ; Row I/O      ;                 ; no       ; On           ;
; K22      ; 336        ; 6A             ; RESERVED_INPUT_WITH_WEAK_PULLUP     ;        ;              ;                     ; Row I/O      ;                 ; no       ; On           ;
; K23      ; 338        ; 6A             ; RESERVED_INPUT_WITH_WEAK_PULLUP     ;        ;              ;                     ; Row I/O      ;                 ; no       ; On           ;
; K24      ;            ; 6A             ; VCCIO6A_HPS                         ; power  ;              ; 2.5V                ; --           ;                 ; --       ; --           ;
; K25      ;            ;                ; GND                                 ; gnd    ;              ;                     ; --           ;                 ; --       ; --           ;
; K26      ; 322        ; 6A             ; RESERVED_INPUT_WITH_WEAK_PULLUP     ;        ;              ;                     ; Row I/O      ;                 ; no       ; On           ;
; K27      ; 319        ; 6A             ; RESERVED_INPUT_WITH_WEAK_PULLUP     ;        ;              ;                     ; Row I/O      ;                 ; no       ; On           ;
; K28      ; 325        ; 6A             ; RESERVED_INPUT_WITH_WEAK_PULLUP     ;        ;              ;                     ; Row I/O      ;                 ; no       ; On           ;
; K29      ; 321        ; 6A             ; RESERVED_INPUT_WITH_WEAK_PULLUP     ;        ;              ;                     ; Row I/O      ;                 ; no       ; On           ;
; K30      ;            ; 6A             ; VCCIO6A_HPS                         ; power  ;              ; 2.5V                ; --           ;                 ; --       ; --           ;
; L1       ;            ;                ; GND                                 ; gnd    ;              ;                     ; --           ;                 ; --       ; --           ;
; L2       ;            ;                ; GND                                 ; gnd    ;              ;                     ; --           ;                 ; --       ; --           ;
; L3       ;            ;                ; GND                                 ; gnd    ;              ;                     ; --           ;                 ; --       ; --           ;
; L4       ;            ;                ; GND                                 ; gnd    ;              ;                     ; --           ;                 ; --       ; --           ;
; L5       ;            ; --             ; VCC                                 ; power  ;              ; 1.1V                ; --           ;                 ; --       ; --           ;
; L6       ;            ;                ; GND                                 ; gnd    ;              ;                     ; --           ;                 ; --       ; --           ;
; L7       ; 544        ; 9A             ; ^MSEL3                              ;        ;              ;                     ; --           ;                 ; --       ; --           ;
; L8       ; 538        ; 9A             ; ^MSEL0                              ;        ;              ;                     ; --           ;                 ; --       ; --           ;
; L9       ; 546        ; 9A             ; ^MSEL4                              ;        ;              ;                     ; --           ;                 ; --       ; --           ;
; L10      ;            ; 8A             ; VCCPD8A                             ; power  ;              ; 2.5V                ; --           ;                 ; --       ; --           ;
; L11      ;            ;                ; GND                                 ; gnd    ;              ;                     ; --           ;                 ; --       ; --           ;
; L12      ;            ; 8A             ; VCCPD8A                             ; power  ;              ; 2.5V                ; --           ;                 ; --       ; --           ;
; L13      ;            ;                ; GND                                 ; gnd    ;              ;                     ; --           ;                 ; --       ; --           ;
; L14      ;            ; 8A             ; VCCPD8A                             ; power  ;              ; 2.5V                ; --           ;                 ; --       ; --           ;
; L15      ;            ;                ; GND                                 ; gnd    ;              ;                     ; --           ;                 ; --       ; --           ;
; L16      ;            ; --             ; VCC_HPS                             ; power  ;              ; 1.1V                ; --           ;                 ; --       ; --           ;
; L17      ;            ;                ; GND                                 ; gnd    ;              ;                     ; --           ;                 ; --       ; --           ;
; L18      ;            ; --             ; VCC_HPS                             ; power  ;              ; 1.1V                ; --           ;                 ; --       ; --           ;
; L19      ;            ;                ; GND                                 ; gnd    ;              ;                     ; --           ;                 ; --       ; --           ;
; L20      ;            ; --             ; VCC_HPS                             ; power  ;              ; 1.1V                ; --           ;                 ; --       ; --           ;
; L21      ;            ; --             ; VCCPLL_HPS                          ; power  ;              ; 2.5V                ; --           ;                 ; --       ; --           ;
; L22      ;            ;                ; GND                                 ; gnd    ;              ;                     ; --           ;                 ; --       ; --           ;
; L23      ; 350        ; 6A             ; RESERVED_INPUT_WITH_WEAK_PULLUP     ;        ;              ;                     ; Row I/O      ;                 ; no       ; On           ;
; L24      ; 328        ; 6A             ; RESERVED_INPUT_WITH_WEAK_PULLUP     ;        ;              ;                     ; Row I/O      ;                 ; no       ; On           ;
; L25      ; 330        ; 6A             ; RESERVED_INPUT_WITH_WEAK_PULLUP     ;        ;              ;                     ; Row I/O      ;                 ; no       ; On           ;
; L26      ; 320        ; 6A             ; RESERVED_INPUT_WITH_WEAK_PULLUP     ;        ;              ;                     ; Row I/O      ;                 ; no       ; On           ;
; L27      ;            ; 6A             ; VCCIO6A_HPS                         ; power  ;              ; 2.5V                ; --           ;                 ; --       ; --           ;
; L28      ; 313        ; 6A             ; RESERVED_INPUT_WITH_WEAK_PULLUP     ;        ;              ;                     ; Row I/O      ;                 ; no       ; On           ;
; L29      ; 315        ; 6A             ; RESERVED_INPUT_WITH_WEAK_PULLUP     ;        ;              ;                     ; Row I/O      ;                 ; no       ; On           ;
; L30      ; 317        ; 6A             ; RESERVED_INPUT_WITH_WEAK_PULLUP     ;        ;              ;                     ; Row I/O      ;                 ; no       ; On           ;
; M1       ;            ;                ; GND                                 ; gnd    ;              ;                     ; --           ;                 ; --       ; --           ;
; M2       ;            ;                ; GND                                 ; gnd    ;              ;                     ; --           ;                 ; --       ; --           ;
; M3       ;            ;                ; DNU                                 ;        ;              ;                     ; --           ;                 ; --       ; --           ;
; M4       ;            ;                ; DNU                                 ;        ;              ;                     ; --           ;                 ; --       ; --           ;
; M5       ;            ;                ; GND                                 ; gnd    ;              ;                     ; --           ;                 ; --       ; --           ;
; M6       ;            ; --             ; VCC                                 ; power  ;              ; 1.1V                ; --           ;                 ; --       ; --           ;
; M7       ;            ;                ; GND                                 ; gnd    ;              ;                     ; --           ;                 ; --       ; --           ;
; M8       ;            ;                ; GND                                 ; gnd    ;              ;                     ; --           ;                 ; --       ; --           ;
; M9       ;            ; --             ; VCC                                 ; power  ;              ; 1.1V                ; --           ;                 ; --       ; --           ;
; M10      ;            ;                ; GND                                 ; gnd    ;              ;                     ; --           ;                 ; --       ; --           ;
; M11      ;            ; --             ; VCC                                 ; power  ;              ; 1.1V                ; --           ;                 ; --       ; --           ;
; M12      ;            ;                ; GND                                 ; gnd    ;              ;                     ; --           ;                 ; --       ; --           ;
; M13      ;            ; --             ; VCC                                 ; power  ;              ; 1.1V                ; --           ;                 ; --       ; --           ;
; M14      ;            ;                ; GND                                 ; gnd    ;              ;                     ; --           ;                 ; --       ; --           ;
; M15      ;            ; --             ; VCC_HPS                             ; power  ;              ; 1.1V                ; --           ;                 ; --       ; --           ;
; M16      ;            ;                ; GND                                 ; gnd    ;              ;                     ; --           ;                 ; --       ; --           ;
; M17      ; 450        ; 7D             ; RESERVED_INPUT_WITH_WEAK_PULLUP     ;        ;              ;                     ; Column I/O   ;                 ; no       ; On           ;
; M18      ;            ;                ; GND                                 ; gnd    ;              ;                     ; --           ;                 ; --       ; --           ;
; M19      ; 334        ; 6A             ; RESERVED_INPUT_WITH_WEAK_PULLUP     ;        ;              ;                     ; Row I/O      ;                 ; no       ; On           ;
; M20      ;            ;                ; GND                                 ; gnd    ;              ;                     ; --           ;                 ; --       ; --           ;
; M21      ;            ; 6A, 6B         ; VCCPD6A6B_HPS                       ; power  ;              ; 2.5V                ; --           ;                 ; --       ; --           ;
; M22      ; 308        ; 6A             ; RESERVED_INPUT_WITH_WEAK_PULLUP     ;        ;              ;                     ; Row I/O      ;                 ; no       ; On           ;
; M23      ; 348        ; 6A             ; RESERVED_INPUT_WITH_WEAK_PULLUP     ;        ;              ;                     ; Row I/O      ;                 ; no       ; On           ;
; M24      ;            ; 6A             ; VCCIO6A_HPS                         ; power  ;              ; 2.5V                ; --           ;                 ; --       ; --           ;
; M25      ; 324        ; 6A             ; RESERVED_INPUT_WITH_WEAK_PULLUP     ;        ;              ;                     ; Row I/O      ;                 ; no       ; On           ;
; M26      ; 314        ; 6A             ; RESERVED_INPUT_WITH_WEAK_PULLUP     ;        ;              ;                     ; Row I/O      ;                 ; no       ; On           ;
; M27      ; 312        ; 6A             ; RESERVED_INPUT_WITH_WEAK_PULLUP     ;        ;              ;                     ; Row I/O      ;                 ; no       ; On           ;
; M28      ; 309        ; 6A             ; RESERVED_INPUT_WITH_WEAK_PULLUP     ;        ;              ;                     ; Row I/O      ;                 ; no       ; On           ;
; M29      ;            ;                ; GND                                 ; gnd    ;              ;                     ; --           ;                 ; --       ; --           ;
; M30      ; 311        ; 6A             ; RESERVED_INPUT_WITH_WEAK_PULLUP     ;        ;              ;                     ; Row I/O      ;                 ; no       ; On           ;
; N1       ;            ;                ; GND                                 ; gnd    ;              ;                     ; --           ;                 ; --       ; --           ;
; N2       ;            ;                ; GND                                 ; gnd    ;              ;                     ; --           ;                 ; --       ; --           ;
; N3       ;            ;                ; GND                                 ; gnd    ;              ;                     ; --           ;                 ; --       ; --           ;
; N4       ;            ;                ; GND                                 ; gnd    ;              ;                     ; --           ;                 ; --       ; --           ;
; N5       ;            ; --             ; VCC                                 ; power  ;              ; 1.1V                ; --           ;                 ; --       ; --           ;
; N6       ;            ;                ; GND                                 ; gnd    ;              ;                     ; --           ;                 ; --       ; --           ;
; N7       ;            ; --             ; VCCA_FPLL                           ; power  ;              ; 2.5V                ; --           ;                 ; --       ; --           ;
; N8       ;            ;                ; GND                                 ; gnd    ;              ;                     ; --           ;                 ; --       ; --           ;
; N9       ;            ;                ; GND                                 ; gnd    ;              ;                     ; --           ;                 ; --       ; --           ;
; N10      ;            ; --             ; VCC                                 ; power  ;              ; 1.1V                ; --           ;                 ; --       ; --           ;
; N11      ;            ;                ; GND                                 ; gnd    ;              ;                     ; --           ;                 ; --       ; --           ;
; N12      ;            ; --             ; VCC                                 ; power  ;              ; 1.1V                ; --           ;                 ; --       ; --           ;
; N13      ;            ;                ; GND                                 ; gnd    ;              ;                     ; --           ;                 ; --       ; --           ;
; N14      ;            ; --             ; VCC                                 ; power  ;              ; 1.1V                ; --           ;                 ; --       ; --           ;
; N15      ;            ;                ; GND                                 ; gnd    ;              ;                     ; --           ;                 ; --       ; --           ;
; N16      ; 452        ; 7D             ; RESERVED_INPUT_WITH_WEAK_PULLUP     ;        ;              ;                     ; Column I/O   ;                 ; no       ; On           ;
; N17      ;            ;                ; GND                                 ; gnd    ;              ;                     ; --           ;                 ; --       ; --           ;
; N18      ; 332        ; 6A             ; RESERVED_INPUT_WITH_WEAK_PULLUP     ;        ;              ;                     ; Row I/O      ;                 ; no       ; On           ;
; N19      ;            ;                ; GND                                 ; gnd    ;              ;                     ; --           ;                 ; --       ; --           ;
; N20      ;            ; --             ; VCC_HPS                             ; power  ;              ; 1.1V                ; --           ;                 ; --       ; --           ;
; N21      ;            ; 6A             ; VCCIO6A_HPS                         ; power  ;              ; 2.5V                ; --           ;                 ; --       ; --           ;
; N22      ;            ; 6A, 6B         ; VCCPD6A6B_HPS                       ; power  ;              ; 2.5V                ; --           ;                 ; --       ; --           ;
; N23      ; 310        ; 6A             ; RESERVED_INPUT_WITH_WEAK_PULLUP     ;        ;              ;                     ; Row I/O      ;                 ; no       ; On           ;
; N24      ; 318        ; 6A             ; RESERVED_INPUT_WITH_WEAK_PULLUP     ;        ;              ;                     ; Row I/O      ;                 ; no       ; On           ;
; N25      ; 316        ; 6A             ; RESERVED_INPUT_WITH_WEAK_PULLUP     ;        ;              ;                     ; Row I/O      ;                 ; no       ; On           ;
; N26      ;            ;                ; GND                                 ; gnd    ;              ;                     ; --           ;                 ; --       ; --           ;
; N27      ; 297        ; 6B             ; RESERVED_INPUT_WITH_WEAK_PULLUP     ;        ;              ;                     ; Row I/O      ;                 ; no       ; On           ;
; N28      ; 303        ; 6B             ; RESERVED_INPUT_WITH_WEAK_PULLUP     ;        ;              ;                     ; Row I/O      ;                 ; no       ; On           ;
; N29      ; 305        ; 6B             ; RESERVED_INPUT_WITH_WEAK_PULLUP     ;        ;              ;                     ; Row I/O      ;                 ; no       ; On           ;
; N30      ; 307        ; 6B             ; RESERVED_INPUT_WITH_WEAK_PULLUP     ;        ;              ;                     ; Row I/O      ;                 ; no       ; On           ;
; P1       ;            ;                ; GND                                 ; gnd    ;              ;                     ; --           ;                 ; --       ; --           ;
; P2       ;            ;                ; GND                                 ; gnd    ;              ;                     ; --           ;                 ; --       ; --           ;
; P3       ;            ;                ; DNU                                 ;        ;              ;                     ; --           ;                 ; --       ; --           ;
; P4       ;            ;                ; DNU                                 ;        ;              ;                     ; --           ;                 ; --       ; --           ;
; P5       ;            ;                ; GND                                 ; gnd    ;              ;                     ; --           ;                 ; --       ; --           ;
; P6       ;            ; --             ; VCCA_FPLL                           ; power  ;              ; 2.5V                ; --           ;                 ; --       ; --           ;
; P7       ;            ;                ; GND                                 ; gnd    ;              ;                     ; --           ;                 ; --       ; --           ;
; P8       ;            ;                ; GND                                 ; gnd    ;              ;                     ; --           ;                 ; --       ; --           ;
; P9       ;            ;                ; GND                                 ; gnd    ;              ;                     ; --           ;                 ; --       ; --           ;
; P10      ;            ;                ; GND                                 ; gnd    ;              ;                     ; --           ;                 ; --       ; --           ;
; P11      ;            ; --             ; VCC                                 ; power  ;              ; 1.1V                ; --           ;                 ; --       ; --           ;
; P12      ;            ;                ; GND                                 ; gnd    ;              ;                     ; --           ;                 ; --       ; --           ;
; P13      ;            ; --             ; VCC                                 ; power  ;              ; 1.1V                ; --           ;                 ; --       ; --           ;
; P14      ;            ;                ; GND                                 ; gnd    ;              ;                     ; --           ;                 ; --       ; --           ;
; P15      ;            ; --             ; VCC_HPS                             ; power  ;              ; 1.1V                ; --           ;                 ; --       ; --           ;
; P16      ;            ;                ; GND                                 ; gnd    ;              ;                     ; --           ;                 ; --       ; --           ;
; P17      ;            ; --             ; VCC_HPS                             ; power  ;              ; 1.1V                ; --           ;                 ; --       ; --           ;
; P18      ;            ;                ; GND                                 ; gnd    ;              ;                     ; --           ;                 ; --       ; --           ;
; P19      ;            ; --             ; VCC_HPS                             ; power  ;              ; 1.1V                ; --           ;                 ; --       ; --           ;
; P20      ;            ;                ; GND                                 ; gnd    ;              ;                     ; --           ;                 ; --       ; --           ;
; P21      ;            ; 6A, 6B         ; VCCPD6A6B_HPS                       ; power  ;              ; 2.5V                ; --           ;                 ; --       ; --           ;
; P22      ; 294        ; 6B             ; RESERVED_INPUT_WITH_WEAK_PULLUP     ;        ;              ;                     ; Row I/O      ;                 ; no       ; On           ;
; P23      ;            ; 6B             ; VCCIO6B_HPS                         ; power  ;              ; 2.5V                ; --           ;                 ; --       ; --           ;
; P24      ; 290        ; 6B             ; RESERVED_INPUT_WITH_WEAK_PULLUP     ;        ;              ;                     ; Row I/O      ;                 ; no       ; On           ;
; P25      ; 288        ; 6B             ; RESERVED_INPUT_WITH_WEAK_PULLUP     ;        ;              ;                     ; Row I/O      ;                 ; no       ; On           ;
; P26      ; 298        ; 6B             ; RESERVED_INPUT_WITH_WEAK_PULLUP     ;        ;              ;                     ; Row I/O      ;                 ; no       ; On           ;
; P27      ; 296        ; 6B             ; RESERVED_INPUT_WITH_WEAK_PULLUP     ;        ;              ;                     ; Row I/O      ;                 ; no       ; On           ;
; P28      ;            ; 6B             ; VCCIO6B_HPS                         ; power  ;              ; 2.5V                ; --           ;                 ; --       ; --           ;
; P29      ; 299        ; 6B             ; RESERVED_INPUT_WITH_WEAK_PULLUP     ;        ;              ;                     ; Row I/O      ;                 ; no       ; On           ;
; P30      ; 301        ; 6B             ; RESERVED_INPUT_WITH_WEAK_PULLUP     ;        ;              ;                     ; Row I/O      ;                 ; no       ; On           ;
; R1       ;            ;                ; GND                                 ; gnd    ;              ;                     ; --           ;                 ; --       ; --           ;
; R2       ;            ;                ; GND                                 ; gnd    ;              ;                     ; --           ;                 ; --       ; --           ;
; R3       ;            ;                ; GND                                 ; gnd    ;              ;                     ; --           ;                 ; --       ; --           ;
; R4       ;            ;                ; GND                                 ; gnd    ;              ;                     ; --           ;                 ; --       ; --           ;
; R5       ;            ; --             ; VCC                                 ; power  ;              ; 1.1V                ; --           ;                 ; --       ; --           ;
; R6       ;            ;                ; GND                                 ; gnd    ;              ;                     ; --           ;                 ; --       ; --           ;
; R7       ;            ; --             ; VCCA_FPLL                           ; power  ;              ; 2.5V                ; --           ;                 ; --       ; --           ;
; R8       ;            ;                ; GND                                 ; gnd    ;              ;                     ; --           ;                 ; --       ; --           ;
; R9       ;            ;                ; GND                                 ; gnd    ;              ;                     ; --           ;                 ; --       ; --           ;
; R10      ;            ; --             ; VCC                                 ; power  ;              ; 1.1V                ; --           ;                 ; --       ; --           ;
; R11      ;            ;                ; GND                                 ; gnd    ;              ;                     ; --           ;                 ; --       ; --           ;
; R12      ;            ; --             ; VCC                                 ; power  ;              ; 1.1V                ; --           ;                 ; --       ; --           ;
; R13      ;            ;                ; GND                                 ; gnd    ;              ;                     ; --           ;                 ; --       ; --           ;
; R14      ;            ; --             ; VCC                                 ; power  ;              ; 1.1V                ; --           ;                 ; --       ; --           ;
; R15      ;            ;                ; GND                                 ; gnd    ;              ;                     ; --           ;                 ; --       ; --           ;
; R16      ;            ; --             ; VCC_HPS                             ; power  ;              ; 1.1V                ; --           ;                 ; --       ; --           ;
; R17      ;            ;                ; GND                                 ; gnd    ;              ;                     ; --           ;                 ; --       ; --           ;
; R18      ; 302        ; 6B             ; RESERVED_INPUT_WITH_WEAK_PULLUP     ;        ;              ;                     ; Row I/O      ;                 ; no       ; On           ;
; R19      ; 300        ; 6B             ; RESERVED_INPUT_WITH_WEAK_PULLUP     ;        ;              ;                     ; Row I/O      ;                 ; no       ; On           ;
; R20      ;            ; 6A, 6B         ; VCCPD6A6B_HPS                       ; power  ;              ; 2.5V                ; --           ;                 ; --       ; --           ;
; R21      ; 286        ; 6B             ; RESERVED_INPUT_WITH_WEAK_PULLUP     ;        ;              ;                     ; Row I/O      ;                 ; no       ; On           ;
; R22      ; 284        ; 6B             ; RESERVED_INPUT_WITH_WEAK_PULLUP     ;        ;              ;                     ; Row I/O      ;                 ; no       ; On           ;
; R23      ;            ; 6A, 6B         ; VCCPD6A6B_HPS                       ; power  ;              ; 2.5V                ; --           ;                 ; --       ; --           ;
; R24      ; 272        ; 6B             ; RESERVED_INPUT_WITH_WEAK_PULLUP     ;        ;              ;                     ; Row I/O      ;                 ; no       ; On           ;
; R25      ;            ; 6B             ; VCCIO6B_HPS                         ; power  ;              ; 2.5V                ; --           ;                 ; --       ; --           ;
; R26      ; 280        ; 6B             ; RESERVED_INPUT_WITH_WEAK_PULLUP     ;        ;              ;                     ; Row I/O      ;                 ; no       ; On           ;
; R27      ; 282        ; 6B             ; RESERVED_INPUT_WITH_WEAK_PULLUP     ;        ;              ;                     ; Row I/O      ;                 ; no       ; On           ;
; R28      ; 293        ; 6B             ; RESERVED_INPUT_WITH_WEAK_PULLUP     ;        ;              ;                     ; Row I/O      ;                 ; no       ; On           ;
; R29      ; 295        ; 6B             ; RESERVED_INPUT_WITH_WEAK_PULLUP     ;        ;              ;                     ; Row I/O      ;                 ; no       ; On           ;
; R30      ;            ;                ; GND                                 ; gnd    ;              ;                     ; --           ;                 ; --       ; --           ;
; T1       ;            ;                ; GND                                 ; gnd    ;              ;                     ; --           ;                 ; --       ; --           ;
; T2       ;            ;                ; GND                                 ; gnd    ;              ;                     ; --           ;                 ; --       ; --           ;
; T3       ;            ;                ; DNU                                 ;        ;              ;                     ; --           ;                 ; --       ; --           ;
; T4       ;            ;                ; DNU                                 ;        ;              ;                     ; --           ;                 ; --       ; --           ;
; T5       ;            ;                ; GND                                 ; gnd    ;              ;                     ; --           ;                 ; --       ; --           ;
; T6       ;            ; --             ; VCC                                 ; power  ;              ; 1.1V                ; --           ;                 ; --       ; --           ;
; T7       ;            ;                ; GND                                 ; gnd    ;              ;                     ; --           ;                 ; --       ; --           ;
; T8       ;            ;                ; GND                                 ; gnd    ;              ;                     ; --           ;                 ; --       ; --           ;
; T9       ;            ;                ; GND                                 ; gnd    ;              ;                     ; --           ;                 ; --       ; --           ;
; T10      ;            ;                ; GND                                 ; gnd    ;              ;                     ; --           ;                 ; --       ; --           ;
; T11      ;            ; --             ; VCC                                 ; power  ;              ; 1.1V                ; --           ;                 ; --       ; --           ;
; T12      ;            ;                ; GND                                 ; gnd    ;              ;                     ; --           ;                 ; --       ; --           ;
; T13      ;            ; --             ; VCC                                 ; power  ;              ; 1.1V                ; --           ;                 ; --       ; --           ;
; T14      ;            ;                ; GND                                 ; gnd    ;              ;                     ; --           ;                 ; --       ; --           ;
; T15      ;            ;                ; GND                                 ; gnd    ;              ;                     ; --           ;                 ; --       ; --           ;
; T16      ;            ;                ; GND                                 ; gnd    ;              ;                     ; --           ;                 ; --       ; --           ;
; T17      ;            ; --             ; VCC_HPS                             ; power  ;              ; 1.1V                ; --           ;                 ; --       ; --           ;
; T18      ;            ;                ; GND                                 ; gnd    ;              ;                     ; --           ;                 ; --       ; --           ;
; T19      ;            ; --             ; VCC_HPS                             ; power  ;              ; 1.1V                ; --           ;                 ; --       ; --           ;
; T20      ;            ;                ; GND                                 ; gnd    ;              ;                     ; --           ;                 ; --       ; --           ;
; T21      ; 278        ; 6B             ; RESERVED_INPUT_WITH_WEAK_PULLUP     ;        ;              ;                     ; Row I/O      ;                 ; no       ; On           ;
; T22      ;            ; 6B             ; VCCIO6B_HPS                         ; power  ;              ; 2.5V                ; --           ;                 ; --       ; --           ;
; T23      ; 270        ; 6B             ; RESERVED_INPUT_WITH_WEAK_PULLUP     ;        ;              ;                     ; Row I/O      ;                 ; no       ; On           ;
; T24      ; 268        ; 6B             ; RESERVED_INPUT_WITH_WEAK_PULLUP     ;        ;              ;                     ; Row I/O      ;                 ; no       ; On           ;
; T25      ; 266        ; 6B             ; RESERVED_INPUT_WITH_WEAK_PULLUP     ;        ;              ;                     ; Row I/O      ;                 ; no       ; On           ;
; T26      ; 304        ; 6B             ; RESERVED_INPUT_WITH_WEAK_PULLUP     ;        ;              ;                     ; Row I/O      ;                 ; no       ; On           ;
; T27      ;            ;                ; GND                                 ; gnd    ;              ;                     ; --           ;                 ; --       ; --           ;
; T28      ; 287        ; 6B             ; RESERVED_INPUT_WITH_WEAK_PULLUP     ;        ;              ;                     ; Row I/O      ;                 ; no       ; On           ;
; T29      ; 289        ; 6B             ; RESERVED_INPUT_WITH_WEAK_PULLUP     ;        ;              ;                     ; Row I/O      ;                 ; no       ; On           ;
; T30      ; 291        ; 6B             ; RESERVED_INPUT_WITH_WEAK_PULLUP     ;        ;              ;                     ; Row I/O      ;                 ; no       ; On           ;
; U1       ;            ;                ; GND                                 ; gnd    ;              ;                     ; --           ;                 ; --       ; --           ;
; U2       ;            ;                ; GND                                 ; gnd    ;              ;                     ; --           ;                 ; --       ; --           ;
; U3       ;            ;                ; GND                                 ; gnd    ;              ;                     ; --           ;                 ; --       ; --           ;
; U4       ;            ;                ; GND                                 ; gnd    ;              ;                     ; --           ;                 ; --       ; --           ;
; U5       ;            ; --             ; VCC                                 ; power  ;              ; 1.1V                ; --           ;                 ; --       ; --           ;
; U6       ;            ;                ; GND                                 ; gnd    ;              ;                     ; --           ;                 ; --       ; --           ;
; U7       ; 50         ; 3A             ; ^DCLK                               ;        ;              ;                     ; Weak Pull Up ;                 ; --       ; On           ;
; U8       ; 48         ; 3A             ; #TDI                                ; input  ;              ;                     ; --           ;                 ; --       ; --           ;
; U9       ;            ;                ; GND                                 ; gnd    ;              ;                     ; --           ;                 ; --       ; --           ;
; U10      ;            ; --             ; VCC                                 ; power  ;              ; 1.1V                ; --           ;                 ; --       ; --           ;
; U11      ;            ;                ; GND                                 ; gnd    ;              ;                     ; --           ;                 ; --       ; --           ;
; U12      ;            ; --             ; VCC                                 ; power  ;              ; 1.1V                ; --           ;                 ; --       ; --           ;
; U13      ;            ;                ; GND                                 ; gnd    ;              ;                     ; --           ;                 ; --       ; --           ;
; U14      ;            ; --             ; VCC                                 ; power  ;              ; 1.1V                ; --           ;                 ; --       ; --           ;
; U15      ;            ;                ; GND                                 ; gnd    ;              ;                     ; --           ;                 ; --       ; --           ;
; U16      ;            ; --             ; VCC_HPS                             ; power  ;              ; 1.1V                ; --           ;                 ; --       ; --           ;
; U17      ;            ;                ; GND                                 ; gnd    ;              ;                     ; --           ;                 ; --       ; --           ;
; U18      ;            ; --             ; VCC_HPS                             ; power  ;              ; 1.1V                ; --           ;                 ; --       ; --           ;
; U19      ;            ; 6B             ; VCCIO6B_HPS                         ; power  ;              ; 2.5V                ; --           ;                 ; --       ; --           ;
; U20      ; 276        ; 6B             ; RESERVED_INPUT_WITH_WEAK_PULLUP     ;        ;              ;                     ; Row I/O      ;                 ; no       ; On           ;
; U21      ;            ; --             ; VCC                                 ; power  ;              ; 1.1V                ; --           ;                 ; --       ; --           ;
; U22      ;            ;                ; GND                                 ; gnd    ;              ;                     ; --           ;                 ; --       ; --           ;
; U23      ;            ; 5B             ; VCCPD5B                             ; power  ;              ; 2.5V                ; --           ;                 ; --       ; --           ;
; U24      ;            ;                ; GND                                 ; gnd    ;              ;                     ; --           ;                 ; --       ; --           ;
; U25      ; 264        ; 6B             ; RESERVED_INPUT_WITH_WEAK_PULLUP     ;        ;              ;                     ; Row I/O      ;                 ; no       ; On           ;
; U26      ; 306        ; 6B             ; RESERVED_INPUT_WITH_WEAK_PULLUP     ;        ;              ;                     ; Row I/O      ;                 ; no       ; On           ;
; U27      ; 273        ; 6B             ; RESERVED_INPUT_WITH_WEAK_PULLUP     ;        ;              ;                     ; Row I/O      ;                 ; no       ; On           ;
; U28      ; 285        ; 6B             ; RESERVED_INPUT_WITH_WEAK_PULLUP     ;        ;              ;                     ; Row I/O      ;                 ; no       ; On           ;
; U29      ;            ;                ; GND                                 ; gnd    ;              ;                     ; --           ;                 ; --       ; --           ;
; U30      ; 283        ; 6B             ; RESERVED_INPUT_WITH_WEAK_PULLUP     ;        ;              ;                     ; Row I/O      ;                 ; --       ; --           ;
; V1       ;            ;                ; GND                                 ; gnd    ;              ;                     ; --           ;                 ; --       ; --           ;
; V2       ;            ;                ; GND                                 ; gnd    ;              ;                     ; --           ;                 ; --       ; --           ;
; V3       ;            ;                ; DNU                                 ;        ;              ;                     ; --           ;                 ; --       ; --           ;
; V4       ;            ;                ; DNU                                 ;        ;              ;                     ; --           ;                 ; --       ; --           ;
; V5       ;            ;                ; GND                                 ; gnd    ;              ;                     ; --           ;                 ; --       ; --           ;
; V6       ;            ; --             ; VCCA_FPLL                           ; power  ;              ; 2.5V                ; --           ;                 ; --       ; --           ;
; V7       ;            ;                ; GND                                 ; gnd    ;              ;                     ; --           ;                 ; --       ; --           ;
; V8       ;            ; --             ; VCCA_FPLL                           ; power  ;              ; 2.5V                ; --           ;                 ; --       ; --           ;
; V9       ; 44         ; 3A             ; #TMS                                ; input  ;              ;                     ; --           ;                 ; --       ; --           ;
; V10      ;            ;                ; GND                                 ; gnd    ;              ;                     ; --           ;                 ; --       ; --           ;
; V11      ;            ; --             ; VCC                                 ; power  ;              ; 1.1V                ; --           ;                 ; --       ; --           ;
; V12      ;            ;                ; GND                                 ; gnd    ;              ;                     ; --           ;                 ; --       ; --           ;
; V13      ;            ; --             ; VCC                                 ; power  ;              ; 1.1V                ; --           ;                 ; --       ; --           ;
; V14      ;            ;                ; GND                                 ; gnd    ;              ;                     ; --           ;                 ; --       ; --           ;
; V15      ;            ; --             ; VCC                                 ; power  ;              ; 1.1V                ; --           ;                 ; --       ; --           ;
; V16      ; 138        ; 4A             ; neurax_debug_cycle_o[10]            ; output ; 2.5 V        ;                     ; Column I/O   ; N               ; no       ; Off          ;
; V17      ; 154        ; 4A             ; avs_writedata_i[27]                 ; input  ; 2.5 V        ;                     ; Column I/O   ; N               ; no       ; Off          ;
; V18      ; 194        ; 4A             ; neurax_conv_output_channels_o[1]    ; output ; 2.5 V        ;                     ; Column I/O   ; N               ; no       ; Off          ;
; V19      ;            ;                ; GND                                 ; gnd    ;              ;                     ; --           ;                 ; --       ; --           ;
; V20      ; 292        ; 6B             ; RESERVED_INPUT_WITH_WEAK_PULLUP     ;        ;              ;                     ; Row I/O      ;                 ; no       ; On           ;
; V21      ;            ;                ; GND                                 ; gnd    ;              ;                     ; --           ;                 ; --       ; --           ;
; V22      ;            ; 5A             ; VCCPD5A                             ; power  ;              ; 2.5V                ; --           ;                 ; --       ; --           ;
; V23      ; 236        ; 5A             ; avs_writedata_i[13]                 ; input  ; 2.5 V        ;                     ; Row I/O      ; N               ; no       ; Off          ;
; V24      ;            ; 5A             ; VCCPD5A                             ; power  ;              ; 2.5V                ; --           ;                 ; --       ; --           ;
; V25      ; 246        ; 5B             ; avs_readdata_o[10]                  ; output ; 2.5 V        ;                     ; Row I/O      ; N               ; no       ; Off          ;
; V26      ;            ; 6B             ; VCCIO6B_HPS                         ; power  ;              ; 2.5V                ; --           ;                 ; --       ; --           ;
; V27      ; 265        ; 6B             ; RESERVED_INPUT_WITH_WEAK_PULLUP     ;        ;              ;                     ; Row I/O      ;                 ; no       ; On           ;
; V28      ; 271        ; 6B             ; RESERVED_INPUT_WITH_WEAK_PULLUP     ;        ;              ;                     ; Row I/O      ;                 ; no       ; On           ;
; V29      ; 275        ; 6B             ; RESERVED_INPUT_WITH_WEAK_PULLUP     ;        ;              ;                     ; Row I/O      ;                 ; no       ; On           ;
; V30      ; 281        ; 6B             ; RESERVED_INPUT_WITH_WEAK_PULLUP     ;        ;              ;                     ; Row I/O      ;                 ; no       ; On           ;
; W1       ;            ;                ; GND                                 ; gnd    ;              ;                     ; --           ;                 ; --       ; --           ;
; W2       ;            ;                ; GND                                 ; gnd    ;              ;                     ; --           ;                 ; --       ; --           ;
; W3       ;            ;                ; GND                                 ; gnd    ;              ;                     ; --           ;                 ; --       ; --           ;
; W4       ;            ;                ; GND                                 ; gnd    ;              ;                     ; --           ;                 ; --       ; --           ;
; W5       ;            ; --             ; VCC                                 ; power  ;              ; 1.1V                ; --           ;                 ; --       ; --           ;
; W6       ;            ;                ; GND                                 ; gnd    ;              ;                     ; --           ;                 ; --       ; --           ;
; W7       ;            ;                ; GND                                 ; gnd    ;              ;                     ; --           ;                 ; --       ; --           ;
; W8       ;            ;                ; GND                                 ; gnd    ;              ;                     ; --           ;                 ; --       ; --           ;
; W9       ;            ;                ; GND                                 ; gnd    ;              ;                     ; --           ;                 ; --       ; --           ;
; W10      ;            ; --             ; VCC                                 ; power  ;              ; 1.1V                ; --           ;                 ; --       ; --           ;
; W11      ;            ;                ; GND                                 ; gnd    ;              ;                     ; --           ;                 ; --       ; --           ;
; W12      ;            ; --             ; VCC                                 ; power  ;              ; 1.1V                ; --           ;                 ; --       ; --           ;
; W13      ;            ;                ; GND                                 ; gnd    ;              ;                     ; --           ;                 ; --       ; --           ;
; W14      ;            ; --             ; VCC                                 ; power  ;              ; 1.1V                ; --           ;                 ; --       ; --           ;
; W15      ; 130        ; 3B             ; RESERVED_INPUT_WITH_WEAK_PULLUP     ;        ;              ;                     ; Column I/O   ;                 ; no       ; On           ;
; W16      ; 136        ; 4A             ; avs_readdata_o[29]                  ; output ; 2.5 V        ;                     ; Column I/O   ; N               ; no       ; Off          ;
; W17      ; 152        ; 4A             ; avs_readdata_o[24]                  ; output ; 2.5 V        ;                     ; Column I/O   ; N               ; no       ; Off          ;
; W18      ;            ;                ; GND                                 ; gnd    ;              ;                     ; --           ;                 ; --       ; --           ;
; W19      ; 192        ; 4A             ; avs_write_i                         ; input  ; 2.5 V        ;                     ; Column I/O   ; N               ; no       ; Off          ;
; W20      ; 217        ; 5A             ; avs_byteenable_i[2]                 ; input  ; 2.5 V        ;                     ; Row I/O      ; N               ; no       ; Off          ;
; W21      ; 221        ; 5A             ; avs_writedata_i[23]                 ; input  ; 2.5 V        ;                     ; Row I/O      ; N               ; no       ; Off          ;
; W22      ; 223        ; 5A             ; neurax_pool_type_o.MAX_POOL         ; output ; 2.5 V        ;                     ; Row I/O      ; N               ; no       ; Off          ;
; W23      ;            ; 5A             ; VCCIO5A                             ; power  ;              ; 2.5V                ; --           ;                 ; --       ; --           ;
; W24      ; 238        ; 5A             ; neurax_alpha_o[14]                  ; output ; 2.5 V        ;                     ; Row I/O      ; N               ; no       ; Off          ;
; W25      ; 244        ; 5B             ; neurax_tensor_size_o[1]             ; output ; 2.5 V        ;                     ; Row I/O      ; N               ; no       ; Off          ;
; W26      ; 274        ; 6B             ; RESERVED_INPUT_WITH_WEAK_PULLUP     ;        ;              ;                     ; Row I/O      ;                 ; no       ; On           ;
; W27      ; 261        ; 6B             ; RESERVED_INPUT_WITH_WEAK_PULLUP     ;        ;              ;                     ; Row I/O      ;                 ; no       ; On           ;
; W28      ;            ;                ; GND                                 ; gnd    ;              ;                     ; --           ;                 ; --       ; --           ;
; W29      ; 279        ; 6B             ; RESERVED_INPUT_WITH_WEAK_PULLUP     ;        ;              ;                     ; Row I/O      ;                 ; no       ; On           ;
; W30      ; 277        ; 6B             ; RESERVED_INPUT_WITH_WEAK_PULLUP     ;        ;              ;                     ; Row I/O      ;                 ; no       ; On           ;
; Y1       ;            ;                ; GND                                 ; gnd    ;              ;                     ; --           ;                 ; --       ; --           ;
; Y2       ;            ;                ; GND                                 ; gnd    ;              ;                     ; --           ;                 ; --       ; --           ;
; Y3       ;            ;                ; DNU                                 ;        ;              ;                     ; --           ;                 ; --       ; --           ;
; Y4       ;            ;                ; DNU                                 ;        ;              ;                     ; --           ;                 ; --       ; --           ;
; Y5       ;            ;                ; GND                                 ; gnd    ;              ;                     ; --           ;                 ; --       ; --           ;
; Y6       ;            ; --             ; VCC                                 ; power  ;              ; 1.1V                ; --           ;                 ; --       ; --           ;
; Y7       ;            ;                ; GND                                 ; gnd    ;              ;                     ; --           ;                 ; --       ; --           ;
; Y8       ;            ;                ; GND                                 ; gnd    ;              ;                     ; --           ;                 ; --       ; --           ;
; Y9       ;            ; --             ; VCC                                 ; power  ;              ; 1.1V                ; --           ;                 ; --       ; --           ;
; Y10      ;            ;                ; GND                                 ; gnd    ;              ;                     ; --           ;                 ; --       ; --           ;
; Y11      ;            ; --             ; VCC                                 ; power  ;              ; 1.1V                ; --           ;                 ; --       ; --           ;
; Y12      ;            ;                ; GND                                 ; gnd    ;              ;                     ; --           ;                 ; --       ; --           ;
; Y13      ;            ; --             ; VCC                                 ; power  ;              ; 1.1V                ; --           ;                 ; --       ; --           ;
; Y14      ;            ;                ; GND                                 ; gnd    ;              ;                     ; --           ;                 ; --       ; --           ;
; Y15      ;            ;                ; GND                                 ; gnd    ;              ;                     ; --           ;                 ; --       ; --           ;
; Y16      ; 128        ; 3B             ; avs_readdata_o[4]                   ; output ; 2.5 V        ;                     ; Column I/O   ; N               ; no       ; Off          ;
; Y17      ; 170        ; 4A             ; avs_readdata_o[8]                   ; output ; 2.5 V        ;                     ; Column I/O   ; N               ; no       ; Off          ;
; Y18      ; 178        ; 4A             ; neurax_bias_ready_i                 ; input  ; 2.5 V        ;                     ; Column I/O   ; N               ; no       ; Off          ;
; Y19      ; 202        ; 4A             ; neurax_tensor_size_o[9]             ; output ; 2.5 V        ;                     ; Column I/O   ; N               ; no       ; Off          ;
; Y20      ;            ;                ; GND                                 ; gnd    ;              ;                     ; --           ;                 ; --       ; --           ;
; Y21      ; 219        ; 5A             ; neurax_tensor_size_o[11]            ; output ; 2.5 V        ;                     ; Row I/O      ; N               ; no       ; Off          ;
; Y22      ;            ; --             ; VCCA_FPLL                           ; power  ;              ; 2.5V                ; --           ;                 ; --       ; --           ;
; Y23      ; 232        ; 5A             ; avs_writedata_i[14]                 ; input  ; 2.5 V        ;                     ; Row I/O      ; N               ; no       ; Off          ;
; Y24      ; 234        ; 5A             ; avs_writedata_i[15]                 ; input  ; 2.5 V        ;                     ; Row I/O      ; N               ; no       ; Off          ;
; Y25      ;            ;                ; GND                                 ; gnd    ;              ;                     ; --           ;                 ; --       ; --           ;
; Y26      ; 256        ; 5B             ; RESERVED_INPUT_WITH_WEAK_PULLUP     ;        ;              ;                     ; Row I/O      ;                 ; no       ; On           ;
; Y27      ; 258        ; 5B             ; neurax_status_o[3]                  ; output ; 2.5 V        ;                     ; Row I/O      ; N               ; no       ; Off          ;
; Y28      ; 269        ; 6B             ; RESERVED_INPUT_WITH_WEAK_PULLUP     ;        ;              ;                     ; Row I/O      ;                 ; no       ; On           ;
; Y29      ; 263        ; 6B             ; RESERVED_INPUT_WITH_WEAK_PULLUP     ;        ;              ;                     ; Row I/O      ;                 ; no       ; On           ;
; Y30      ;            ;                ; GND                                 ; gnd    ;              ;                     ; --           ;                 ; --       ; --           ;
+----------+------------+----------------+-------------------------------------+--------+--------------+---------------------+--------------+-----------------+----------+--------------+
Note: Pin directions (input, output or bidir) are based on device operating in user mode.


+---------------------------------------------------------------------+
; I/O Assignment Warnings                                             ;
+-------------------------------------+-------------------------------+
; Pin Name                            ; Reason                        ;
+-------------------------------------+-------------------------------+
; avs_readdata_o[0]                   ; Incomplete set of assignments ;
; avs_readdata_o[1]                   ; Incomplete set of assignments ;
; avs_readdata_o[2]                   ; Incomplete set of assignments ;
; avs_readdata_o[3]                   ; Incomplete set of assignments ;
; avs_readdata_o[4]                   ; Incomplete set of assignments ;
; avs_readdata_o[5]                   ; Incomplete set of assignments ;
; avs_readdata_o[6]                   ; Incomplete set of assignments ;
; avs_readdata_o[7]                   ; Incomplete set of assignments ;
; avs_readdata_o[8]                   ; Incomplete set of assignments ;
; avs_readdata_o[9]                   ; Incomplete set of assignments ;
; avs_readdata_o[10]                  ; Incomplete set of assignments ;
; avs_readdata_o[11]                  ; Incomplete set of assignments ;
; avs_readdata_o[12]                  ; Incomplete set of assignments ;
; avs_readdata_o[13]                  ; Incomplete set of assignments ;
; avs_readdata_o[14]                  ; Incomplete set of assignments ;
; avs_readdata_o[15]                  ; Incomplete set of assignments ;
; avs_readdata_o[16]                  ; Incomplete set of assignments ;
; avs_readdata_o[17]                  ; Incomplete set of assignments ;
; avs_readdata_o[18]                  ; Incomplete set of assignments ;
; avs_readdata_o[19]                  ; Incomplete set of assignments ;
; avs_readdata_o[20]                  ; Incomplete set of assignments ;
; avs_readdata_o[21]                  ; Incomplete set of assignments ;
; avs_readdata_o[22]                  ; Incomplete set of assignments ;
; avs_readdata_o[23]                  ; Incomplete set of assignments ;
; avs_readdata_o[24]                  ; Incomplete set of assignments ;
; avs_readdata_o[25]                  ; Incomplete set of assignments ;
; avs_readdata_o[26]                  ; Incomplete set of assignments ;
; avs_readdata_o[27]                  ; Incomplete set of assignments ;
; avs_readdata_o[28]                  ; Incomplete set of assignments ;
; avs_readdata_o[29]                  ; Incomplete set of assignments ;
; avs_readdata_o[30]                  ; Incomplete set of assignments ;
; avs_readdata_o[31]                  ; Incomplete set of assignments ;
; avs_readdatavalid_o                 ; Incomplete set of assignments ;
; avs_waitrequest_o                   ; Incomplete set of assignments ;
; neurax_enable_o                     ; Incomplete set of assignments ;
; neurax_operation_select_o[0]        ; Incomplete set of assignments ;
; neurax_operation_select_o[1]        ; Incomplete set of assignments ;
; neurax_start_operation_o            ; Incomplete set of assignments ;
; neurax_conv_kernel_size_o[0]        ; Incomplete set of assignments ;
; neurax_conv_kernel_size_o[1]        ; Incomplete set of assignments ;
; neurax_conv_kernel_size_o[2]        ; Incomplete set of assignments ;
; neurax_conv_stride_o[0]             ; Incomplete set of assignments ;
; neurax_conv_stride_o[1]             ; Incomplete set of assignments ;
; neurax_conv_stride_o[2]             ; Incomplete set of assignments ;
; neurax_conv_padding_o[0]            ; Incomplete set of assignments ;
; neurax_conv_padding_o[1]            ; Incomplete set of assignments ;
; neurax_conv_input_channels_o[0]     ; Incomplete set of assignments ;
; neurax_conv_input_channels_o[1]     ; Incomplete set of assignments ;
; neurax_conv_input_channels_o[2]     ; Incomplete set of assignments ;
; neurax_conv_input_channels_o[3]     ; Incomplete set of assignments ;
; neurax_conv_input_channels_o[4]     ; Incomplete set of assignments ;
; neurax_conv_output_channels_o[0]    ; Incomplete set of assignments ;
; neurax_conv_output_channels_o[1]    ; Incomplete set of assignments ;
; neurax_conv_output_channels_o[2]    ; Incomplete set of assignments ;
; neurax_conv_output_channels_o[3]    ; Incomplete set of assignments ;
; neurax_conv_output_channels_o[4]    ; Incomplete set of assignments ;
; neurax_pool_size_o[0]               ; Incomplete set of assignments ;
; neurax_pool_size_o[1]               ; Incomplete set of assignments ;
; neurax_pool_size_o[2]               ; Incomplete set of assignments ;
; neurax_pool_size_o[3]               ; Incomplete set of assignments ;
; neurax_pool_stride_o[0]             ; Incomplete set of assignments ;
; neurax_pool_stride_o[1]             ; Incomplete set of assignments ;
; neurax_pool_stride_o[2]             ; Incomplete set of assignments ;
; neurax_pool_stride_o[3]             ; Incomplete set of assignments ;
; neurax_pool_type_o.MAX_POOL         ; Incomplete set of assignments ;
; neurax_pool_type_o.AVERAGE_POOL     ; Incomplete set of assignments ;
; neurax_pool_type_o.MIN_POOL         ; Incomplete set of assignments ;
; neurax_pool_type_o.SUM_POOL         ; Incomplete set of assignments ;
; neurax_pool_channels_o[0]           ; Incomplete set of assignments ;
; neurax_pool_channels_o[1]           ; Incomplete set of assignments ;
; neurax_pool_channels_o[2]           ; Incomplete set of assignments ;
; neurax_pool_channels_o[3]           ; Incomplete set of assignments ;
; neurax_pool_channels_o[4]           ; Incomplete set of assignments ;
; neurax_activation_type_o.RELU       ; Incomplete set of assignments ;
; neurax_activation_type_o.SIGMOID    ; Incomplete set of assignments ;
; neurax_activation_type_o.TANH       ; Incomplete set of assignments ;
; neurax_activation_type_o.LINEAR     ; Incomplete set of assignments ;
; neurax_activation_type_o.LEAKY_RELU ; Incomplete set of assignments ;
; neurax_activation_type_o.ELU        ; Incomplete set of assignments ;
; neurax_tensor_size_o[0]             ; Incomplete set of assignments ;
; neurax_tensor_size_o[1]             ; Incomplete set of assignments ;
; neurax_tensor_size_o[2]             ; Incomplete set of assignments ;
; neurax_tensor_size_o[3]             ; Incomplete set of assignments ;
; neurax_tensor_size_o[4]             ; Incomplete set of assignments ;
; neurax_tensor_size_o[5]             ; Incomplete set of assignments ;
; neurax_tensor_size_o[6]             ; Incomplete set of assignments ;
; neurax_tensor_size_o[7]             ; Incomplete set of assignments ;
; neurax_tensor_size_o[8]             ; Incomplete set of assignments ;
; neurax_tensor_size_o[9]             ; Incomplete set of assignments ;
; neurax_tensor_size_o[10]            ; Incomplete set of assignments ;
; neurax_tensor_size_o[11]            ; Incomplete set of assignments ;
; neurax_tensor_size_o[12]            ; Incomplete set of assignments ;
; neurax_alpha_o[0]                   ; Incomplete set of assignments ;
; neurax_alpha_o[1]                   ; Incomplete set of assignments ;
; neurax_alpha_o[2]                   ; Incomplete set of assignments ;
; neurax_alpha_o[3]                   ; Incomplete set of assignments ;
; neurax_alpha_o[4]                   ; Incomplete set of assignments ;
; neurax_alpha_o[5]                   ; Incomplete set of assignments ;
; neurax_alpha_o[6]                   ; Incomplete set of assignments ;
; neurax_alpha_o[7]                   ; Incomplete set of assignments ;
; neurax_alpha_o[8]                   ; Incomplete set of assignments ;
; neurax_alpha_o[9]                   ; Incomplete set of assignments ;
; neurax_alpha_o[10]                  ; Incomplete set of assignments ;
; neurax_alpha_o[11]                  ; Incomplete set of assignments ;
; neurax_alpha_o[12]                  ; Incomplete set of assignments ;
; neurax_alpha_o[13]                  ; Incomplete set of assignments ;
; neurax_alpha_o[14]                  ; Incomplete set of assignments ;
; neurax_alpha_o[15]                  ; Incomplete set of assignments ;
; neurax_batch_size_o[0]              ; Incomplete set of assignments ;
; neurax_batch_size_o[1]              ; Incomplete set of assignments ;
; neurax_batch_size_o[2]              ; Incomplete set of assignments ;
; neurax_input_valid_o                ; Incomplete set of assignments ;
; neurax_weight_valid_o               ; Incomplete set of assignments ;
; neurax_bias_valid_o                 ; Incomplete set of assignments ;
; neurax_output_ready_o               ; Incomplete set of assignments ;
; neurax_debug_cycle_o[0]             ; Incomplete set of assignments ;
; neurax_debug_cycle_o[1]             ; Incomplete set of assignments ;
; neurax_debug_cycle_o[2]             ; Incomplete set of assignments ;
; neurax_debug_cycle_o[3]             ; Incomplete set of assignments ;
; neurax_debug_cycle_o[4]             ; Incomplete set of assignments ;
; neurax_debug_cycle_o[5]             ; Incomplete set of assignments ;
; neurax_debug_cycle_o[6]             ; Incomplete set of assignments ;
; neurax_debug_cycle_o[7]             ; Incomplete set of assignments ;
; neurax_debug_cycle_o[8]             ; Incomplete set of assignments ;
; neurax_debug_cycle_o[9]             ; Incomplete set of assignments ;
; neurax_debug_cycle_o[10]            ; Incomplete set of assignments ;
; neurax_debug_cycle_o[11]            ; Incomplete set of assignments ;
; neurax_debug_cycle_o[12]            ; Incomplete set of assignments ;
; neurax_debug_cycle_o[13]            ; Incomplete set of assignments ;
; neurax_debug_cycle_o[14]            ; Incomplete set of assignments ;
; neurax_debug_cycle_o[15]            ; Incomplete set of assignments ;
; neurax_debug_cycle_o[16]            ; Incomplete set of assignments ;
; neurax_debug_cycle_o[17]            ; Incomplete set of assignments ;
; neurax_debug_cycle_o[18]            ; Incomplete set of assignments ;
; neurax_debug_cycle_o[19]            ; Incomplete set of assignments ;
; neurax_debug_cycle_o[20]            ; Incomplete set of assignments ;
; neurax_debug_cycle_o[21]            ; Incomplete set of assignments ;
; neurax_debug_cycle_o[22]            ; Incomplete set of assignments ;
; neurax_debug_cycle_o[23]            ; Incomplete set of assignments ;
; neurax_debug_cycle_o[24]            ; Incomplete set of assignments ;
; neurax_debug_cycle_o[25]            ; Incomplete set of assignments ;
; neurax_debug_cycle_o[26]            ; Incomplete set of assignments ;
; neurax_debug_cycle_o[27]            ; Incomplete set of assignments ;
; neurax_debug_cycle_o[28]            ; Incomplete set of assignments ;
; neurax_debug_cycle_o[29]            ; Incomplete set of assignments ;
; neurax_debug_cycle_o[30]            ; Incomplete set of assignments ;
; neurax_debug_cycle_o[31]            ; Incomplete set of assignments ;
; neurax_status_o[0]                  ; Incomplete set of assignments ;
; neurax_status_o[1]                  ; Incomplete set of assignments ;
; neurax_status_o[2]                  ; Incomplete set of assignments ;
; neurax_status_o[3]                  ; Incomplete set of assignments ;
; neurax_status_o[4]                  ; Incomplete set of assignments ;
; neurax_status_o[5]                  ; Incomplete set of assignments ;
; neurax_status_o[6]                  ; Incomplete set of assignments ;
; neurax_status_o[7]                  ; Incomplete set of assignments ;
; avs_address_i[0]                    ; Incomplete set of assignments ;
; avs_address_i[1]                    ; Incomplete set of assignments ;
; avs_address_i[2]                    ; Incomplete set of assignments ;
; avs_address_i[3]                    ; Incomplete set of assignments ;
; clk_i                               ; Incomplete set of assignments ;
; rst_i                               ; Incomplete set of assignments ;
; avs_chipselect_i                    ; Incomplete set of assignments ;
; avs_read_i                          ; Incomplete set of assignments ;
; avs_writedata_i[0]                  ; Incomplete set of assignments ;
; avs_write_i                         ; Incomplete set of assignments ;
; avs_byteenable_i[0]                 ; Incomplete set of assignments ;
; avs_writedata_i[1]                  ; Incomplete set of assignments ;
; avs_writedata_i[2]                  ; Incomplete set of assignments ;
; avs_writedata_i[3]                  ; Incomplete set of assignments ;
; avs_writedata_i[24]                 ; Incomplete set of assignments ;
; avs_byteenable_i[3]                 ; Incomplete set of assignments ;
; avs_writedata_i[26]                 ; Incomplete set of assignments ;
; avs_writedata_i[25]                 ; Incomplete set of assignments ;
; avs_writedata_i[31]                 ; Incomplete set of assignments ;
; avs_writedata_i[30]                 ; Incomplete set of assignments ;
; avs_writedata_i[29]                 ; Incomplete set of assignments ;
; avs_writedata_i[28]                 ; Incomplete set of assignments ;
; avs_writedata_i[27]                 ; Incomplete set of assignments ;
; avs_writedata_i[7]                  ; Incomplete set of assignments ;
; avs_writedata_i[6]                  ; Incomplete set of assignments ;
; avs_writedata_i[5]                  ; Incomplete set of assignments ;
; avs_writedata_i[4]                  ; Incomplete set of assignments ;
; avs_writedata_i[8]                  ; Incomplete set of assignments ;
; avs_byteenable_i[1]                 ; Incomplete set of assignments ;
; avs_writedata_i[9]                  ; Incomplete set of assignments ;
; avs_writedata_i[15]                 ; Incomplete set of assignments ;
; avs_writedata_i[14]                 ; Incomplete set of assignments ;
; avs_writedata_i[13]                 ; Incomplete set of assignments ;
; avs_writedata_i[12]                 ; Incomplete set of assignments ;
; avs_writedata_i[11]                 ; Incomplete set of assignments ;
; avs_writedata_i[10]                 ; Incomplete set of assignments ;
; avs_writedata_i[16]                 ; Incomplete set of assignments ;
; avs_byteenable_i[2]                 ; Incomplete set of assignments ;
; avs_writedata_i[17]                 ; Incomplete set of assignments ;
; avs_writedata_i[18]                 ; Incomplete set of assignments ;
; avs_writedata_i[19]                 ; Incomplete set of assignments ;
; avs_writedata_i[23]                 ; Incomplete set of assignments ;
; avs_writedata_i[22]                 ; Incomplete set of assignments ;
; avs_writedata_i[21]                 ; Incomplete set of assignments ;
; avs_writedata_i[20]                 ; Incomplete set of assignments ;
; neurax_input_ready_i                ; Incomplete set of assignments ;
; neurax_output_valid_i               ; Incomplete set of assignments ;
; neurax_operation_done_i             ; Incomplete set of assignments ;
; neurax_operation_busy_i             ; Incomplete set of assignments ;
; neurax_current_operation_i[0]       ; Incomplete set of assignments ;
; neurax_current_operation_i[1]       ; Incomplete set of assignments ;
; neurax_weight_ready_i               ; Incomplete set of assignments ;
; neurax_bias_ready_i                 ; Incomplete set of assignments ;
; avs_readdata_o[0]                   ; Missing location assignment   ;
; avs_readdata_o[1]                   ; Missing location assignment   ;
; avs_readdata_o[2]                   ; Missing location assignment   ;
; avs_readdata_o[3]                   ; Missing location assignment   ;
; avs_readdata_o[4]                   ; Missing location assignment   ;
; avs_readdata_o[5]                   ; Missing location assignment   ;
; avs_readdata_o[6]                   ; Missing location assignment   ;
; avs_readdata_o[7]                   ; Missing location assignment   ;
; avs_readdata_o[8]                   ; Missing location assignment   ;
; avs_readdata_o[9]                   ; Missing location assignment   ;
; avs_readdata_o[10]                  ; Missing location assignment   ;
; avs_readdata_o[11]                  ; Missing location assignment   ;
; avs_readdata_o[12]                  ; Missing location assignment   ;
; avs_readdata_o[13]                  ; Missing location assignment   ;
; avs_readdata_o[14]                  ; Missing location assignment   ;
; avs_readdata_o[15]                  ; Missing location assignment   ;
; avs_readdata_o[16]                  ; Missing location assignment   ;
; avs_readdata_o[17]                  ; Missing location assignment   ;
; avs_readdata_o[18]                  ; Missing location assignment   ;
; avs_readdata_o[19]                  ; Missing location assignment   ;
; avs_readdata_o[20]                  ; Missing location assignment   ;
; avs_readdata_o[21]                  ; Missing location assignment   ;
; avs_readdata_o[22]                  ; Missing location assignment   ;
; avs_readdata_o[23]                  ; Missing location assignment   ;
; avs_readdata_o[24]                  ; Missing location assignment   ;
; avs_readdata_o[25]                  ; Missing location assignment   ;
; avs_readdata_o[26]                  ; Missing location assignment   ;
; avs_readdata_o[27]                  ; Missing location assignment   ;
; avs_readdata_o[28]                  ; Missing location assignment   ;
; avs_readdata_o[29]                  ; Missing location assignment   ;
; avs_readdata_o[30]                  ; Missing location assignment   ;
; avs_readdata_o[31]                  ; Missing location assignment   ;
; avs_readdatavalid_o                 ; Missing location assignment   ;
; avs_waitrequest_o                   ; Missing location assignment   ;
; neurax_enable_o                     ; Missing location assignment   ;
; neurax_operation_select_o[0]        ; Missing location assignment   ;
; neurax_operation_select_o[1]        ; Missing location assignment   ;
; neurax_start_operation_o            ; Missing location assignment   ;
; neurax_conv_kernel_size_o[0]        ; Missing location assignment   ;
; neurax_conv_kernel_size_o[1]        ; Missing location assignment   ;
; neurax_conv_kernel_size_o[2]        ; Missing location assignment   ;
; neurax_conv_stride_o[0]             ; Missing location assignment   ;
; neurax_conv_stride_o[1]             ; Missing location assignment   ;
; neurax_conv_stride_o[2]             ; Missing location assignment   ;
; neurax_conv_padding_o[0]            ; Missing location assignment   ;
; neurax_conv_padding_o[1]            ; Missing location assignment   ;
; neurax_conv_input_channels_o[0]     ; Missing location assignment   ;
; neurax_conv_input_channels_o[1]     ; Missing location assignment   ;
; neurax_conv_input_channels_o[2]     ; Missing location assignment   ;
; neurax_conv_input_channels_o[3]     ; Missing location assignment   ;
; neurax_conv_input_channels_o[4]     ; Missing location assignment   ;
; neurax_conv_output_channels_o[0]    ; Missing location assignment   ;
; neurax_conv_output_channels_o[1]    ; Missing location assignment   ;
; neurax_conv_output_channels_o[2]    ; Missing location assignment   ;
; neurax_conv_output_channels_o[3]    ; Missing location assignment   ;
; neurax_conv_output_channels_o[4]    ; Missing location assignment   ;
; neurax_pool_size_o[0]               ; Missing location assignment   ;
; neurax_pool_size_o[1]               ; Missing location assignment   ;
; neurax_pool_size_o[2]               ; Missing location assignment   ;
; neurax_pool_size_o[3]               ; Missing location assignment   ;
; neurax_pool_stride_o[0]             ; Missing location assignment   ;
; neurax_pool_stride_o[1]             ; Missing location assignment   ;
; neurax_pool_stride_o[2]             ; Missing location assignment   ;
; neurax_pool_stride_o[3]             ; Missing location assignment   ;
; neurax_pool_type_o.MAX_POOL         ; Missing location assignment   ;
; neurax_pool_type_o.AVERAGE_POOL     ; Missing location assignment   ;
; neurax_pool_type_o.MIN_POOL         ; Missing location assignment   ;
; neurax_pool_type_o.SUM_POOL         ; Missing location assignment   ;
; neurax_pool_channels_o[0]           ; Missing location assignment   ;
; neurax_pool_channels_o[1]           ; Missing location assignment   ;
; neurax_pool_channels_o[2]           ; Missing location assignment   ;
; neurax_pool_channels_o[3]           ; Missing location assignment   ;
; neurax_pool_channels_o[4]           ; Missing location assignment   ;
; neurax_activation_type_o.RELU       ; Missing location assignment   ;
; neurax_activation_type_o.SIGMOID    ; Missing location assignment   ;
; neurax_activation_type_o.TANH       ; Missing location assignment   ;
; neurax_activation_type_o.LINEAR     ; Missing location assignment   ;
; neurax_activation_type_o.LEAKY_RELU ; Missing location assignment   ;
; neurax_activation_type_o.ELU        ; Missing location assignment   ;
; neurax_tensor_size_o[0]             ; Missing location assignment   ;
; neurax_tensor_size_o[1]             ; Missing location assignment   ;
; neurax_tensor_size_o[2]             ; Missing location assignment   ;
; neurax_tensor_size_o[3]             ; Missing location assignment   ;
; neurax_tensor_size_o[4]             ; Missing location assignment   ;
; neurax_tensor_size_o[5]             ; Missing location assignment   ;
; neurax_tensor_size_o[6]             ; Missing location assignment   ;
; neurax_tensor_size_o[7]             ; Missing location assignment   ;
; neurax_tensor_size_o[8]             ; Missing location assignment   ;
; neurax_tensor_size_o[9]             ; Missing location assignment   ;
; neurax_tensor_size_o[10]            ; Missing location assignment   ;
; neurax_tensor_size_o[11]            ; Missing location assignment   ;
; neurax_tensor_size_o[12]            ; Missing location assignment   ;
; neurax_alpha_o[0]                   ; Missing location assignment   ;
; neurax_alpha_o[1]                   ; Missing location assignment   ;
; neurax_alpha_o[2]                   ; Missing location assignment   ;
; neurax_alpha_o[3]                   ; Missing location assignment   ;
; neurax_alpha_o[4]                   ; Missing location assignment   ;
; neurax_alpha_o[5]                   ; Missing location assignment   ;
; neurax_alpha_o[6]                   ; Missing location assignment   ;
; neurax_alpha_o[7]                   ; Missing location assignment   ;
; neurax_alpha_o[8]                   ; Missing location assignment   ;
; neurax_alpha_o[9]                   ; Missing location assignment   ;
; neurax_alpha_o[10]                  ; Missing location assignment   ;
; neurax_alpha_o[11]                  ; Missing location assignment   ;
; neurax_alpha_o[12]                  ; Missing location assignment   ;
; neurax_alpha_o[13]                  ; Missing location assignment   ;
; neurax_alpha_o[14]                  ; Missing location assignment   ;
; neurax_alpha_o[15]                  ; Missing location assignment   ;
; neurax_batch_size_o[0]              ; Missing location assignment   ;
; neurax_batch_size_o[1]              ; Missing location assignment   ;
; neurax_batch_size_o[2]              ; Missing location assignment   ;
; neurax_input_valid_o                ; Missing location assignment   ;
; neurax_weight_valid_o               ; Missing location assignment   ;
; neurax_bias_valid_o                 ; Missing location assignment   ;
; neurax_output_ready_o               ; Missing location assignment   ;
; neurax_debug_cycle_o[0]             ; Missing location assignment   ;
; neurax_debug_cycle_o[1]             ; Missing location assignment   ;
; neurax_debug_cycle_o[2]             ; Missing location assignment   ;
; neurax_debug_cycle_o[3]             ; Missing location assignment   ;
; neurax_debug_cycle_o[4]             ; Missing location assignment   ;
; neurax_debug_cycle_o[5]             ; Missing location assignment   ;
; neurax_debug_cycle_o[6]             ; Missing location assignment   ;
; neurax_debug_cycle_o[7]             ; Missing location assignment   ;
; neurax_debug_cycle_o[8]             ; Missing location assignment   ;
; neurax_debug_cycle_o[9]             ; Missing location assignment   ;
; neurax_debug_cycle_o[10]            ; Missing location assignment   ;
; neurax_debug_cycle_o[11]            ; Missing location assignment   ;
; neurax_debug_cycle_o[12]            ; Missing location assignment   ;
; neurax_debug_cycle_o[13]            ; Missing location assignment   ;
; neurax_debug_cycle_o[14]            ; Missing location assignment   ;
; neurax_debug_cycle_o[15]            ; Missing location assignment   ;
; neurax_debug_cycle_o[16]            ; Missing location assignment   ;
; neurax_debug_cycle_o[17]            ; Missing location assignment   ;
; neurax_debug_cycle_o[18]            ; Missing location assignment   ;
; neurax_debug_cycle_o[19]            ; Missing location assignment   ;
; neurax_debug_cycle_o[20]            ; Missing location assignment   ;
; neurax_debug_cycle_o[21]            ; Missing location assignment   ;
; neurax_debug_cycle_o[22]            ; Missing location assignment   ;
; neurax_debug_cycle_o[23]            ; Missing location assignment   ;
; neurax_debug_cycle_o[24]            ; Missing location assignment   ;
; neurax_debug_cycle_o[25]            ; Missing location assignment   ;
; neurax_debug_cycle_o[26]            ; Missing location assignment   ;
; neurax_debug_cycle_o[27]            ; Missing location assignment   ;
; neurax_debug_cycle_o[28]            ; Missing location assignment   ;
; neurax_debug_cycle_o[29]            ; Missing location assignment   ;
; neurax_debug_cycle_o[30]            ; Missing location assignment   ;
; neurax_debug_cycle_o[31]            ; Missing location assignment   ;
; neurax_status_o[0]                  ; Missing location assignment   ;
; neurax_status_o[1]                  ; Missing location assignment   ;
; neurax_status_o[2]                  ; Missing location assignment   ;
; neurax_status_o[3]                  ; Missing location assignment   ;
; neurax_status_o[4]                  ; Missing location assignment   ;
; neurax_status_o[5]                  ; Missing location assignment   ;
; neurax_status_o[6]                  ; Missing location assignment   ;
; neurax_status_o[7]                  ; Missing location assignment   ;
; avs_address_i[0]                    ; Missing location assignment   ;
; avs_address_i[1]                    ; Missing location assignment   ;
; avs_address_i[2]                    ; Missing location assignment   ;
; avs_address_i[3]                    ; Missing location assignment   ;
; clk_i                               ; Missing location assignment   ;
; rst_i                               ; Missing location assignment   ;
; avs_chipselect_i                    ; Missing location assignment   ;
; avs_read_i                          ; Missing location assignment   ;
; avs_writedata_i[0]                  ; Missing location assignment   ;
; avs_write_i                         ; Missing location assignment   ;
; avs_byteenable_i[0]                 ; Missing location assignment   ;
; avs_writedata_i[1]                  ; Missing location assignment   ;
; avs_writedata_i[2]                  ; Missing location assignment   ;
; avs_writedata_i[3]                  ; Missing location assignment   ;
; avs_writedata_i[24]                 ; Missing location assignment   ;
; avs_byteenable_i[3]                 ; Missing location assignment   ;
; avs_writedata_i[26]                 ; Missing location assignment   ;
; avs_writedata_i[25]                 ; Missing location assignment   ;
; avs_writedata_i[31]                 ; Missing location assignment   ;
; avs_writedata_i[30]                 ; Missing location assignment   ;
; avs_writedata_i[29]                 ; Missing location assignment   ;
; avs_writedata_i[28]                 ; Missing location assignment   ;
; avs_writedata_i[27]                 ; Missing location assignment   ;
; avs_writedata_i[7]                  ; Missing location assignment   ;
; avs_writedata_i[6]                  ; Missing location assignment   ;
; avs_writedata_i[5]                  ; Missing location assignment   ;
; avs_writedata_i[4]                  ; Missing location assignment   ;
; avs_writedata_i[8]                  ; Missing location assignment   ;
; avs_byteenable_i[1]                 ; Missing location assignment   ;
; avs_writedata_i[9]                  ; Missing location assignment   ;
; avs_writedata_i[15]                 ; Missing location assignment   ;
; avs_writedata_i[14]                 ; Missing location assignment   ;
; avs_writedata_i[13]                 ; Missing location assignment   ;
; avs_writedata_i[12]                 ; Missing location assignment   ;
; avs_writedata_i[11]                 ; Missing location assignment   ;
; avs_writedata_i[10]                 ; Missing location assignment   ;
; avs_writedata_i[16]                 ; Missing location assignment   ;
; avs_byteenable_i[2]                 ; Missing location assignment   ;
; avs_writedata_i[17]                 ; Missing location assignment   ;
; avs_writedata_i[18]                 ; Missing location assignment   ;
; avs_writedata_i[19]                 ; Missing location assignment   ;
; avs_writedata_i[23]                 ; Missing location assignment   ;
; avs_writedata_i[22]                 ; Missing location assignment   ;
; avs_writedata_i[21]                 ; Missing location assignment   ;
; avs_writedata_i[20]                 ; Missing location assignment   ;
; neurax_input_ready_i                ; Missing location assignment   ;
; neurax_output_valid_i               ; Missing location assignment   ;
; neurax_operation_done_i             ; Missing location assignment   ;
; neurax_operation_busy_i             ; Missing location assignment   ;
; neurax_current_operation_i[0]       ; Missing location assignment   ;
; neurax_current_operation_i[1]       ; Missing location assignment   ;
; neurax_weight_ready_i               ; Missing location assignment   ;
; neurax_bias_ready_i                 ; Missing location assignment   ;
+-------------------------------------+-------------------------------+


+-----------------------------------------------------------------------------------------------------------------------------------------------------------------------------------------------------------------------------------------------------------------------------------------------------------------------------------------------------------------------------------------------------+
; Fitter Resource Utilization by Entity                                                                                                                                                                                                                                                                                                                                                               ;
+----------------------------+----------------------+----------------------------------+---------------------------------------------------+----------------------------------+----------------------+---------------------+---------------------------+---------------+-------------------+-------+------------+------+--------------+------------------------+-----------------------+--------------+
; Compilation Hierarchy Node ; ALMs needed [=A-B+C] ; [A] ALMs used in final placement ; [B] Estimate of ALMs recoverable by dense packing ; [C] Estimate of ALMs unavailable ; ALMs used for memory ; Combinational ALUTs ; Dedicated Logic Registers ; I/O Registers ; Block Memory Bits ; M10Ks ; DSP Blocks ; Pins ; Virtual Pins ; Full Hierarchy Name    ; Entity Name           ; Library Name ;
+----------------------------+----------------------+----------------------------------+---------------------------------------------------+----------------------------------+----------------------+---------------------+---------------------------+---------------+-------------------+-------+------------+------+--------------+------------------------+-----------------------+--------------+
; |neurax_register_block     ; 239.5 (239.5)        ; 341.0 (341.0)                    ; 102.5 (102.5)                                     ; 1.0 (1.0)                        ; 0.0 (0.0)            ; 291 (291)           ; 425 (425)                 ; 0 (0)         ; 0                 ; 0     ; 0          ; 208  ; 0            ; |neurax_register_block ; neurax_register_block ; work         ;
+----------------------------+----------------------+----------------------------------+---------------------------------------------------+----------------------------------+----------------------+---------------------+---------------------------+---------------+-------------------+-------+------------+------+--------------+------------------------+-----------------------+--------------+
Note: For table entries with two numbers listed, the numbers in parentheses indicate the number of resources of the given type used by the specific entity alone. The numbers listed outside of parentheses indicate the total resources of the given type used by the specific entity and all of its sub-entities in the hierarchy.


+----------------------------------------------------------------------------------------------------------------------------------------------------+
; Delay Chain Summary                                                                                                                                ;
+-------------------------------------+----------+----+------+------+----+------+-------+--------+------------------------+--------------------------+
; Name                                ; Pin Type ; D1 ; D3_0 ; D3_1 ; D4 ; D5   ; D5 OE ; D5 OCT ; T11 (Postamble Gating) ; T11 (Postamble Ungating) ;
+-------------------------------------+----------+----+------+------+----+------+-------+--------+------------------------+--------------------------+
; avs_readdata_o[0]                   ; Output   ; -- ; --   ; --   ; -- ; (0)  ; (31)  ; --     ; --                     ; --                       ;
; avs_readdata_o[1]                   ; Output   ; -- ; --   ; --   ; -- ; (0)  ; (31)  ; --     ; --                     ; --                       ;
; avs_readdata_o[2]                   ; Output   ; -- ; --   ; --   ; -- ; (0)  ; (31)  ; --     ; --                     ; --                       ;
; avs_readdata_o[3]                   ; Output   ; -- ; --   ; --   ; -- ; (0)  ; (31)  ; --     ; --                     ; --                       ;
; avs_readdata_o[4]                   ; Output   ; -- ; --   ; --   ; -- ; (0)  ; (31)  ; --     ; --                     ; --                       ;
; avs_readdata_o[5]                   ; Output   ; -- ; --   ; --   ; -- ; (0)  ; (31)  ; --     ; --                     ; --                       ;
; avs_readdata_o[6]                   ; Output   ; -- ; --   ; --   ; -- ; (0)  ; (31)  ; --     ; --                     ; --                       ;
; avs_readdata_o[7]                   ; Output   ; -- ; --   ; --   ; -- ; (0)  ; (31)  ; --     ; --                     ; --                       ;
; avs_readdata_o[8]                   ; Output   ; -- ; --   ; --   ; -- ; (0)  ; (31)  ; --     ; --                     ; --                       ;
; avs_readdata_o[9]                   ; Output   ; -- ; --   ; --   ; -- ; (0)  ; (31)  ; --     ; --                     ; --                       ;
; avs_readdata_o[10]                  ; Output   ; -- ; --   ; --   ; -- ; (0)  ; (31)  ; --     ; --                     ; --                       ;
; avs_readdata_o[11]                  ; Output   ; -- ; --   ; --   ; -- ; (0)  ; (31)  ; --     ; --                     ; --                       ;
; avs_readdata_o[12]                  ; Output   ; -- ; --   ; --   ; -- ; (0)  ; (31)  ; --     ; --                     ; --                       ;
; avs_readdata_o[13]                  ; Output   ; -- ; --   ; --   ; -- ; (0)  ; (31)  ; --     ; --                     ; --                       ;
; avs_readdata_o[14]                  ; Output   ; -- ; --   ; --   ; -- ; (0)  ; (31)  ; --     ; --                     ; --                       ;
; avs_readdata_o[15]                  ; Output   ; -- ; --   ; --   ; -- ; (0)  ; (31)  ; --     ; --                     ; --                       ;
; avs_readdata_o[16]                  ; Output   ; -- ; --   ; --   ; -- ; (0)  ; (31)  ; --     ; --                     ; --                       ;
; avs_readdata_o[17]                  ; Output   ; -- ; --   ; --   ; -- ; (0)  ; (31)  ; --     ; --                     ; --                       ;
; avs_readdata_o[18]                  ; Output   ; -- ; --   ; --   ; -- ; (0)  ; (31)  ; --     ; --                     ; --                       ;
; avs_readdata_o[19]                  ; Output   ; -- ; --   ; --   ; -- ; (0)  ; (31)  ; --     ; --                     ; --                       ;
; avs_readdata_o[20]                  ; Output   ; -- ; --   ; --   ; -- ; (0)  ; (31)  ; --     ; --                     ; --                       ;
; avs_readdata_o[21]                  ; Output   ; -- ; --   ; --   ; -- ; (0)  ; (31)  ; --     ; --                     ; --                       ;
; avs_readdata_o[22]                  ; Output   ; -- ; --   ; --   ; -- ; (0)  ; (31)  ; --     ; --                     ; --                       ;
; avs_readdata_o[23]                  ; Output   ; -- ; --   ; --   ; -- ; (0)  ; (31)  ; --     ; --                     ; --                       ;
; avs_readdata_o[24]                  ; Output   ; -- ; --   ; --   ; -- ; (0)  ; (31)  ; --     ; --                     ; --                       ;
; avs_readdata_o[25]                  ; Output   ; -- ; --   ; --   ; -- ; (0)  ; (31)  ; --     ; --                     ; --                       ;
; avs_readdata_o[26]                  ; Output   ; -- ; --   ; --   ; -- ; (0)  ; (31)  ; --     ; --                     ; --                       ;
; avs_readdata_o[27]                  ; Output   ; -- ; --   ; --   ; -- ; (0)  ; (31)  ; --     ; --                     ; --                       ;
; avs_readdata_o[28]                  ; Output   ; -- ; --   ; --   ; -- ; (0)  ; (31)  ; --     ; --                     ; --                       ;
; avs_readdata_o[29]                  ; Output   ; -- ; --   ; --   ; -- ; (0)  ; (31)  ; --     ; --                     ; --                       ;
; avs_readdata_o[30]                  ; Output   ; -- ; --   ; --   ; -- ; (0)  ; (31)  ; --     ; --                     ; --                       ;
; avs_readdata_o[31]                  ; Output   ; -- ; --   ; --   ; -- ; (0)  ; (31)  ; --     ; --                     ; --                       ;
; avs_readdatavalid_o                 ; Output   ; -- ; --   ; --   ; -- ; (0)  ; (31)  ; --     ; --                     ; --                       ;
; avs_waitrequest_o                   ; Output   ; -- ; --   ; --   ; -- ; (0)  ; (31)  ; --     ; --                     ; --                       ;
; neurax_enable_o                     ; Output   ; -- ; --   ; --   ; -- ; (0)  ; (31)  ; --     ; --                     ; --                       ;
; neurax_operation_select_o[0]        ; Output   ; -- ; --   ; --   ; -- ; (0)  ; (31)  ; --     ; --                     ; --                       ;
; neurax_operation_select_o[1]        ; Output   ; -- ; --   ; --   ; -- ; (0)  ; (31)  ; --     ; --                     ; --                       ;
; neurax_start_operation_o            ; Output   ; -- ; --   ; --   ; -- ; (0)  ; (31)  ; --     ; --                     ; --                       ;
; neurax_conv_kernel_size_o[0]        ; Output   ; -- ; --   ; --   ; -- ; (0)  ; (31)  ; --     ; --                     ; --                       ;
; neurax_conv_kernel_size_o[1]        ; Output   ; -- ; --   ; --   ; -- ; (0)  ; (31)  ; --     ; --                     ; --                       ;
; neurax_conv_kernel_size_o[2]        ; Output   ; -- ; --   ; --   ; -- ; (0)  ; (31)  ; --     ; --                     ; --                       ;
; neurax_conv_stride_o[0]             ; Output   ; -- ; --   ; --   ; -- ; (0)  ; (31)  ; --     ; --                     ; --                       ;
; neurax_conv_stride_o[1]             ; Output   ; -- ; --   ; --   ; -- ; (0)  ; (31)  ; --     ; --                     ; --                       ;
; neurax_conv_stride_o[2]             ; Output   ; -- ; --   ; --   ; -- ; (0)  ; (31)  ; --     ; --                     ; --                       ;
; neurax_conv_padding_o[0]            ; Output   ; -- ; --   ; --   ; -- ; (0)  ; (31)  ; --     ; --                     ; --                       ;
; neurax_conv_padding_o[1]            ; Output   ; -- ; --   ; --   ; -- ; (0)  ; (31)  ; --     ; --                     ; --                       ;
; neurax_conv_input_channels_o[0]     ; Output   ; -- ; --   ; --   ; -- ; (0)  ; (31)  ; --     ; --                     ; --                       ;
; neurax_conv_input_channels_o[1]     ; Output   ; -- ; --   ; --   ; -- ; (0)  ; (31)  ; --     ; --                     ; --                       ;
; neurax_conv_input_channels_o[2]     ; Output   ; -- ; --   ; --   ; -- ; (0)  ; (31)  ; --     ; --                     ; --                       ;
; neurax_conv_input_channels_o[3]     ; Output   ; -- ; --   ; --   ; -- ; (0)  ; (31)  ; --     ; --                     ; --                       ;
; neurax_conv_input_channels_o[4]     ; Output   ; -- ; --   ; --   ; -- ; (0)  ; (31)  ; --     ; --                     ; --                       ;
; neurax_conv_output_channels_o[0]    ; Output   ; -- ; --   ; --   ; -- ; (0)  ; (31)  ; --     ; --                     ; --                       ;
; neurax_conv_output_channels_o[1]    ; Output   ; -- ; --   ; --   ; -- ; (0)  ; (31)  ; --     ; --                     ; --                       ;
; neurax_conv_output_channels_o[2]    ; Output   ; -- ; --   ; --   ; -- ; (0)  ; (31)  ; --     ; --                     ; --                       ;
; neurax_conv_output_channels_o[3]    ; Output   ; -- ; --   ; --   ; -- ; (0)  ; (31)  ; --     ; --                     ; --                       ;
; neurax_conv_output_channels_o[4]    ; Output   ; -- ; --   ; --   ; -- ; (0)  ; (31)  ; --     ; --                     ; --                       ;
; neurax_pool_size_o[0]               ; Output   ; -- ; --   ; --   ; -- ; (0)  ; (31)  ; --     ; --                     ; --                       ;
; neurax_pool_size_o[1]               ; Output   ; -- ; --   ; --   ; -- ; (0)  ; (31)  ; --     ; --                     ; --                       ;
; neurax_pool_size_o[2]               ; Output   ; -- ; --   ; --   ; -- ; (0)  ; (31)  ; --     ; --                     ; --                       ;
; neurax_pool_size_o[3]               ; Output   ; -- ; --   ; --   ; -- ; (0)  ; (31)  ; --     ; --                     ; --                       ;
; neurax_pool_stride_o[0]             ; Output   ; -- ; --   ; --   ; -- ; (0)  ; (31)  ; --     ; --                     ; --                       ;
; neurax_pool_stride_o[1]             ; Output   ; -- ; --   ; --   ; -- ; (0)  ; (31)  ; --     ; --                     ; --                       ;
; neurax_pool_stride_o[2]             ; Output   ; -- ; --   ; --   ; -- ; (0)  ; (31)  ; --     ; --                     ; --                       ;
; neurax_pool_stride_o[3]             ; Output   ; -- ; --   ; --   ; -- ; (0)  ; (31)  ; --     ; --                     ; --                       ;
; neurax_pool_type_o.MAX_POOL         ; Output   ; -- ; --   ; --   ; -- ; (0)  ; (31)  ; --     ; --                     ; --                       ;
; neurax_pool_type_o.AVERAGE_POOL     ; Output   ; -- ; --   ; --   ; -- ; (0)  ; (31)  ; --     ; --                     ; --                       ;
; neurax_pool_type_o.MIN_POOL         ; Output   ; -- ; --   ; --   ; -- ; (0)  ; (31)  ; --     ; --                     ; --                       ;
; neurax_pool_type_o.SUM_POOL         ; Output   ; -- ; --   ; --   ; -- ; (0)  ; (31)  ; --     ; --                     ; --                       ;
; neurax_pool_channels_o[0]           ; Output   ; -- ; --   ; --   ; -- ; (0)  ; (31)  ; --     ; --                     ; --                       ;
; neurax_pool_channels_o[1]           ; Output   ; -- ; --   ; --   ; -- ; (0)  ; (31)  ; --     ; --                     ; --                       ;
; neurax_pool_channels_o[2]           ; Output   ; -- ; --   ; --   ; -- ; (0)  ; (31)  ; --     ; --                     ; --                       ;
; neurax_pool_channels_o[3]           ; Output   ; -- ; --   ; --   ; -- ; (0)  ; (31)  ; --     ; --                     ; --                       ;
; neurax_pool_channels_o[4]           ; Output   ; -- ; --   ; --   ; -- ; (0)  ; (31)  ; --     ; --                     ; --                       ;
; neurax_activation_type_o.RELU       ; Output   ; -- ; --   ; --   ; -- ; (0)  ; (31)  ; --     ; --                     ; --                       ;
; neurax_activation_type_o.SIGMOID    ; Output   ; -- ; --   ; --   ; -- ; (0)  ; (31)  ; --     ; --                     ; --                       ;
; neurax_activation_type_o.TANH       ; Output   ; -- ; --   ; --   ; -- ; (0)  ; (31)  ; --     ; --                     ; --                       ;
; neurax_activation_type_o.LINEAR     ; Output   ; -- ; --   ; --   ; -- ; (0)  ; (31)  ; --     ; --                     ; --                       ;
; neurax_activation_type_o.LEAKY_RELU ; Output   ; -- ; --   ; --   ; -- ; (0)  ; (31)  ; --     ; --                     ; --                       ;
; neurax_activation_type_o.ELU        ; Output   ; -- ; --   ; --   ; -- ; (0)  ; (31)  ; --     ; --                     ; --                       ;
; neurax_tensor_size_o[0]             ; Output   ; -- ; --   ; --   ; -- ; (0)  ; (31)  ; --     ; --                     ; --                       ;
; neurax_tensor_size_o[1]             ; Output   ; -- ; --   ; --   ; -- ; (0)  ; (31)  ; --     ; --                     ; --                       ;
; neurax_tensor_size_o[2]             ; Output   ; -- ; --   ; --   ; -- ; (0)  ; (31)  ; --     ; --                     ; --                       ;
; neurax_tensor_size_o[3]             ; Output   ; -- ; --   ; --   ; -- ; (0)  ; (31)  ; --     ; --                     ; --                       ;
; neurax_tensor_size_o[4]             ; Output   ; -- ; --   ; --   ; -- ; (0)  ; (31)  ; --     ; --                     ; --                       ;
; neurax_tensor_size_o[5]             ; Output   ; -- ; --   ; --   ; -- ; (0)  ; (31)  ; --     ; --                     ; --                       ;
; neurax_tensor_size_o[6]             ; Output   ; -- ; --   ; --   ; -- ; (0)  ; (31)  ; --     ; --                     ; --                       ;
; neurax_tensor_size_o[7]             ; Output   ; -- ; --   ; --   ; -- ; (0)  ; (31)  ; --     ; --                     ; --                       ;
; neurax_tensor_size_o[8]             ; Output   ; -- ; --   ; --   ; -- ; (0)  ; (31)  ; --     ; --                     ; --                       ;
; neurax_tensor_size_o[9]             ; Output   ; -- ; --   ; --   ; -- ; (0)  ; (31)  ; --     ; --                     ; --                       ;
; neurax_tensor_size_o[10]            ; Output   ; -- ; --   ; --   ; -- ; (0)  ; (31)  ; --     ; --                     ; --                       ;
; neurax_tensor_size_o[11]            ; Output   ; -- ; --   ; --   ; -- ; (0)  ; (31)  ; --     ; --                     ; --                       ;
; neurax_tensor_size_o[12]            ; Output   ; -- ; --   ; --   ; -- ; (0)  ; (31)  ; --     ; --                     ; --                       ;
; neurax_alpha_o[0]                   ; Output   ; -- ; --   ; --   ; -- ; (0)  ; (31)  ; --     ; --                     ; --                       ;
; neurax_alpha_o[1]                   ; Output   ; -- ; --   ; --   ; -- ; (0)  ; (31)  ; --     ; --                     ; --                       ;
; neurax_alpha_o[2]                   ; Output   ; -- ; --   ; --   ; -- ; (0)  ; (31)  ; --     ; --                     ; --                       ;
; neurax_alpha_o[3]                   ; Output   ; -- ; --   ; --   ; -- ; (0)  ; (31)  ; --     ; --                     ; --                       ;
; neurax_alpha_o[4]                   ; Output   ; -- ; --   ; --   ; -- ; (0)  ; (31)  ; --     ; --                     ; --                       ;
; neurax_alpha_o[5]                   ; Output   ; -- ; --   ; --   ; -- ; (0)  ; (31)  ; --     ; --                     ; --                       ;
; neurax_alpha_o[6]                   ; Output   ; -- ; --   ; --   ; -- ; (0)  ; (31)  ; --     ; --                     ; --                       ;
; neurax_alpha_o[7]                   ; Output   ; -- ; --   ; --   ; -- ; (0)  ; (31)  ; --     ; --                     ; --                       ;
; neurax_alpha_o[8]                   ; Output   ; -- ; --   ; --   ; -- ; (0)  ; (31)  ; --     ; --                     ; --                       ;
; neurax_alpha_o[9]                   ; Output   ; -- ; --   ; --   ; -- ; (0)  ; (31)  ; --     ; --                     ; --                       ;
; neurax_alpha_o[10]                  ; Output   ; -- ; --   ; --   ; -- ; (0)  ; (31)  ; --     ; --                     ; --                       ;
; neurax_alpha_o[11]                  ; Output   ; -- ; --   ; --   ; -- ; (0)  ; (31)  ; --     ; --                     ; --                       ;
; neurax_alpha_o[12]                  ; Output   ; -- ; --   ; --   ; -- ; (0)  ; (31)  ; --     ; --                     ; --                       ;
; neurax_alpha_o[13]                  ; Output   ; -- ; --   ; --   ; -- ; (0)  ; (31)  ; --     ; --                     ; --                       ;
; neurax_alpha_o[14]                  ; Output   ; -- ; --   ; --   ; -- ; (0)  ; (31)  ; --     ; --                     ; --                       ;
; neurax_alpha_o[15]                  ; Output   ; -- ; --   ; --   ; -- ; (0)  ; (31)  ; --     ; --                     ; --                       ;
; neurax_batch_size_o[0]              ; Output   ; -- ; --   ; --   ; -- ; (0)  ; (31)  ; --     ; --                     ; --                       ;
; neurax_batch_size_o[1]              ; Output   ; -- ; --   ; --   ; -- ; (0)  ; (31)  ; --     ; --                     ; --                       ;
; neurax_batch_size_o[2]              ; Output   ; -- ; --   ; --   ; -- ; (0)  ; (31)  ; --     ; --                     ; --                       ;
; neurax_input_valid_o                ; Output   ; -- ; --   ; --   ; -- ; (0)  ; (31)  ; --     ; --                     ; --                       ;
; neurax_weight_valid_o               ; Output   ; -- ; --   ; --   ; -- ; (0)  ; (31)  ; --     ; --                     ; --                       ;
; neurax_bias_valid_o                 ; Output   ; -- ; --   ; --   ; -- ; (0)  ; (31)  ; --     ; --                     ; --                       ;
; neurax_output_ready_o               ; Output   ; -- ; --   ; --   ; -- ; (0)  ; (31)  ; --     ; --                     ; --                       ;
; neurax_debug_cycle_o[0]             ; Output   ; -- ; --   ; --   ; -- ; (0)  ; (31)  ; --     ; --                     ; --                       ;
; neurax_debug_cycle_o[1]             ; Output   ; -- ; --   ; --   ; -- ; (0)  ; (31)  ; --     ; --                     ; --                       ;
; neurax_debug_cycle_o[2]             ; Output   ; -- ; --   ; --   ; -- ; (0)  ; (31)  ; --     ; --                     ; --                       ;
; neurax_debug_cycle_o[3]             ; Output   ; -- ; --   ; --   ; -- ; (0)  ; (31)  ; --     ; --                     ; --                       ;
; neurax_debug_cycle_o[4]             ; Output   ; -- ; --   ; --   ; -- ; (0)  ; (31)  ; --     ; --                     ; --                       ;
; neurax_debug_cycle_o[5]             ; Output   ; -- ; --   ; --   ; -- ; (0)  ; (31)  ; --     ; --                     ; --                       ;
; neurax_debug_cycle_o[6]             ; Output   ; -- ; --   ; --   ; -- ; (0)  ; (31)  ; --     ; --                     ; --                       ;
; neurax_debug_cycle_o[7]             ; Output   ; -- ; --   ; --   ; -- ; (0)  ; (31)  ; --     ; --                     ; --                       ;
; neurax_debug_cycle_o[8]             ; Output   ; -- ; --   ; --   ; -- ; (0)  ; (31)  ; --     ; --                     ; --                       ;
; neurax_debug_cycle_o[9]             ; Output   ; -- ; --   ; --   ; -- ; (0)  ; (31)  ; --     ; --                     ; --                       ;
; neurax_debug_cycle_o[10]            ; Output   ; -- ; --   ; --   ; -- ; (0)  ; (31)  ; --     ; --                     ; --                       ;
; neurax_debug_cycle_o[11]            ; Output   ; -- ; --   ; --   ; -- ; (0)  ; (31)  ; --     ; --                     ; --                       ;
; neurax_debug_cycle_o[12]            ; Output   ; -- ; --   ; --   ; -- ; (0)  ; (31)  ; --     ; --                     ; --                       ;
; neurax_debug_cycle_o[13]            ; Output   ; -- ; --   ; --   ; -- ; (0)  ; (31)  ; --     ; --                     ; --                       ;
; neurax_debug_cycle_o[14]            ; Output   ; -- ; --   ; --   ; -- ; (0)  ; (31)  ; --     ; --                     ; --                       ;
; neurax_debug_cycle_o[15]            ; Output   ; -- ; --   ; --   ; -- ; (0)  ; (31)  ; --     ; --                     ; --                       ;
; neurax_debug_cycle_o[16]            ; Output   ; -- ; --   ; --   ; -- ; (0)  ; (31)  ; --     ; --                     ; --                       ;
; neurax_debug_cycle_o[17]            ; Output   ; -- ; --   ; --   ; -- ; (0)  ; (31)  ; --     ; --                     ; --                       ;
; neurax_debug_cycle_o[18]            ; Output   ; -- ; --   ; --   ; -- ; (0)  ; (31)  ; --     ; --                     ; --                       ;
; neurax_debug_cycle_o[19]            ; Output   ; -- ; --   ; --   ; -- ; (0)  ; (31)  ; --     ; --                     ; --                       ;
; neurax_debug_cycle_o[20]            ; Output   ; -- ; --   ; --   ; -- ; (0)  ; (31)  ; --     ; --                     ; --                       ;
; neurax_debug_cycle_o[21]            ; Output   ; -- ; --   ; --   ; -- ; (0)  ; (31)  ; --     ; --                     ; --                       ;
; neurax_debug_cycle_o[22]            ; Output   ; -- ; --   ; --   ; -- ; (0)  ; (31)  ; --     ; --                     ; --                       ;
; neurax_debug_cycle_o[23]            ; Output   ; -- ; --   ; --   ; -- ; (0)  ; (31)  ; --     ; --                     ; --                       ;
; neurax_debug_cycle_o[24]            ; Output   ; -- ; --   ; --   ; -- ; (0)  ; (31)  ; --     ; --                     ; --                       ;
; neurax_debug_cycle_o[25]            ; Output   ; -- ; --   ; --   ; -- ; (0)  ; (31)  ; --     ; --                     ; --                       ;
; neurax_debug_cycle_o[26]            ; Output   ; -- ; --   ; --   ; -- ; (0)  ; (31)  ; --     ; --                     ; --                       ;
; neurax_debug_cycle_o[27]            ; Output   ; -- ; --   ; --   ; -- ; (0)  ; (31)  ; --     ; --                     ; --                       ;
; neurax_debug_cycle_o[28]            ; Output   ; -- ; --   ; --   ; -- ; (0)  ; (31)  ; --     ; --                     ; --                       ;
; neurax_debug_cycle_o[29]            ; Output   ; -- ; --   ; --   ; -- ; (0)  ; (31)  ; --     ; --                     ; --                       ;
; neurax_debug_cycle_o[30]            ; Output   ; -- ; --   ; --   ; -- ; (0)  ; (31)  ; --     ; --                     ; --                       ;
; neurax_debug_cycle_o[31]            ; Output   ; -- ; --   ; --   ; -- ; (0)  ; (31)  ; --     ; --                     ; --                       ;
; neurax_status_o[0]                  ; Output   ; -- ; --   ; --   ; -- ; (0)  ; (31)  ; --     ; --                     ; --                       ;
; neurax_status_o[1]                  ; Output   ; -- ; --   ; --   ; -- ; (0)  ; (31)  ; --     ; --                     ; --                       ;
; neurax_status_o[2]                  ; Output   ; -- ; --   ; --   ; -- ; (0)  ; (31)  ; --     ; --                     ; --                       ;
; neurax_status_o[3]                  ; Output   ; -- ; --   ; --   ; -- ; (0)  ; (31)  ; --     ; --                     ; --                       ;
; neurax_status_o[4]                  ; Output   ; -- ; --   ; --   ; -- ; (0)  ; (31)  ; --     ; --                     ; --                       ;
; neurax_status_o[5]                  ; Output   ; -- ; --   ; --   ; -- ; (0)  ; (31)  ; --     ; --                     ; --                       ;
; neurax_status_o[6]                  ; Output   ; -- ; --   ; --   ; -- ; (0)  ; (31)  ; --     ; --                     ; --                       ;
; neurax_status_o[7]                  ; Output   ; -- ; --   ; --   ; -- ; (0)  ; (31)  ; --     ; --                     ; --                       ;
; avs_address_i[0]                    ; Input    ; -- ; --   ; (0)  ; -- ; --   ; --    ; --     ; --                     ; --                       ;
; avs_address_i[1]                    ; Input    ; -- ; --   ; (0)  ; -- ; --   ; --    ; --     ; --                     ; --                       ;
; avs_address_i[2]                    ; Input    ; -- ; (0)  ; --   ; -- ; --   ; --    ; --     ; --                     ; --                       ;
; avs_address_i[3]                    ; Input    ; -- ; (0)  ; --   ; -- ; --   ; --    ; --     ; --                     ; --                       ;
; clk_i                               ; Input    ; -- ; (0)  ; --   ; -- ; --   ; --    ; --     ; --                     ; --                       ;
; rst_i                               ; Input    ; -- ; (0)  ; --   ; -- ; --   ; --    ; --     ; --                     ; --                       ;
; avs_chipselect_i                    ; Input    ; -- ; --   ; (0)  ; -- ; --   ; --    ; --     ; --                     ; --                       ;
; avs_read_i                          ; Input    ; -- ; --   ; (0)  ; -- ; --   ; --    ; --     ; --                     ; --                       ;
; avs_writedata_i[0]                  ; Input    ; -- ; (0)  ; --   ; -- ; --   ; --    ; --     ; --                     ; --                       ;
; avs_write_i                         ; Input    ; -- ; (0)  ; --   ; -- ; --   ; --    ; --     ; --                     ; --                       ;
; avs_byteenable_i[0]                 ; Input    ; -- ; (0)  ; --   ; -- ; --   ; --    ; --     ; --                     ; --                       ;
; avs_writedata_i[1]                  ; Input    ; -- ; (0)  ; --   ; -- ; --   ; --    ; --     ; --                     ; --                       ;
; avs_writedata_i[2]                  ; Input    ; -- ; (0)  ; --   ; -- ; --   ; --    ; --     ; --                     ; --                       ;
; avs_writedata_i[3]                  ; Input    ; -- ; (0)  ; --   ; -- ; --   ; --    ; --     ; --                     ; --                       ;
; avs_writedata_i[24]                 ; Input    ; -- ; (0)  ; --   ; -- ; --   ; --    ; --     ; --                     ; --                       ;
; avs_byteenable_i[3]                 ; Input    ; -- ; (0)  ; --   ; -- ; --   ; --    ; --     ; --                     ; --                       ;
; avs_writedata_i[26]                 ; Input    ; -- ; (0)  ; --   ; -- ; --   ; --    ; --     ; --                     ; --                       ;
; avs_writedata_i[25]                 ; Input    ; -- ; --   ; (0)  ; -- ; --   ; --    ; --     ; --                     ; --                       ;
; avs_writedata_i[31]                 ; Input    ; -- ; (0)  ; --   ; -- ; --   ; --    ; --     ; --                     ; --                       ;
; avs_writedata_i[30]                 ; Input    ; -- ; (0)  ; --   ; -- ; --   ; --    ; --     ; --                     ; --                       ;
; avs_writedata_i[29]                 ; Input    ; -- ; (0)  ; --   ; -- ; --   ; --    ; --     ; --                     ; --                       ;
; avs_writedata_i[28]                 ; Input    ; -- ; (0)  ; --   ; -- ; --   ; --    ; --     ; --                     ; --                       ;
; avs_writedata_i[27]                 ; Input    ; -- ; --   ; (0)  ; -- ; --   ; --    ; --     ; --                     ; --                       ;
; avs_writedata_i[7]                  ; Input    ; -- ; --   ; (0)  ; -- ; --   ; --    ; --     ; --                     ; --                       ;
; avs_writedata_i[6]                  ; Input    ; -- ; (0)  ; --   ; -- ; --   ; --    ; --     ; --                     ; --                       ;
; avs_writedata_i[5]                  ; Input    ; -- ; --   ; (0)  ; -- ; --   ; --    ; --     ; --                     ; --                       ;
; avs_writedata_i[4]                  ; Input    ; -- ; --   ; (0)  ; -- ; --   ; --    ; --     ; --                     ; --                       ;
; avs_writedata_i[8]                  ; Input    ; -- ; --   ; (0)  ; -- ; --   ; --    ; --     ; --                     ; --                       ;
; avs_byteenable_i[1]                 ; Input    ; -- ; --   ; (0)  ; -- ; --   ; --    ; --     ; --                     ; --                       ;
; avs_writedata_i[9]                  ; Input    ; -- ; --   ; (0)  ; -- ; --   ; --    ; --     ; --                     ; --                       ;
; avs_writedata_i[15]                 ; Input    ; -- ; (0)  ; --   ; -- ; --   ; --    ; --     ; --                     ; --                       ;
; avs_writedata_i[14]                 ; Input    ; -- ; --   ; (0)  ; -- ; --   ; --    ; --     ; --                     ; --                       ;
; avs_writedata_i[13]                 ; Input    ; -- ; --   ; (0)  ; -- ; --   ; --    ; --     ; --                     ; --                       ;
; avs_writedata_i[12]                 ; Input    ; -- ; --   ; (0)  ; -- ; --   ; --    ; --     ; --                     ; --                       ;
; avs_writedata_i[11]                 ; Input    ; -- ; --   ; (0)  ; -- ; --   ; --    ; --     ; --                     ; --                       ;
; avs_writedata_i[10]                 ; Input    ; -- ; --   ; (0)  ; -- ; --   ; --    ; --     ; --                     ; --                       ;
; avs_writedata_i[16]                 ; Input    ; -- ; (0)  ; --   ; -- ; --   ; --    ; --     ; --                     ; --                       ;
; avs_byteenable_i[2]                 ; Input    ; -- ; --   ; (0)  ; -- ; --   ; --    ; --     ; --                     ; --                       ;
; avs_writedata_i[17]                 ; Input    ; -- ; (0)  ; --   ; -- ; --   ; --    ; --     ; --                     ; --                       ;
; avs_writedata_i[18]                 ; Input    ; -- ; (0)  ; --   ; -- ; --   ; --    ; --     ; --                     ; --                       ;
; avs_writedata_i[19]                 ; Input    ; -- ; (0)  ; --   ; -- ; --   ; --    ; --     ; --                     ; --                       ;
; avs_writedata_i[23]                 ; Input    ; -- ; --   ; (0)  ; -- ; --   ; --    ; --     ; --                     ; --                       ;
; avs_writedata_i[22]                 ; Input    ; -- ; --   ; (0)  ; -- ; --   ; --    ; --     ; --                     ; --                       ;
; avs_writedata_i[21]                 ; Input    ; -- ; (0)  ; --   ; -- ; --   ; --    ; --     ; --                     ; --                       ;
; avs_writedata_i[20]                 ; Input    ; -- ; --   ; (0)  ; -- ; --   ; --    ; --     ; --                     ; --                       ;
; neurax_input_ready_i                ; Input    ; -- ; --   ; (0)  ; -- ; --   ; --    ; --     ; --                     ; --                       ;
; neurax_output_valid_i               ; Input    ; -- ; (0)  ; --   ; -- ; --   ; --    ; --     ; --                     ; --                       ;
; neurax_operation_done_i             ; Input    ; -- ; (0)  ; --   ; -- ; --   ; --    ; --     ; --                     ; --                       ;
; neurax_operation_busy_i             ; Input    ; -- ; (0)  ; --   ; -- ; --   ; --    ; --     ; --                     ; --                       ;
; neurax_current_operation_i[0]       ; Input    ; -- ; --   ; (0)  ; -- ; --   ; --    ; --     ; --                     ; --                       ;
; neurax_current_operation_i[1]       ; Input    ; -- ; (0)  ; --   ; -- ; --   ; --    ; --     ; --                     ; --                       ;
; neurax_weight_ready_i               ; Input    ; -- ; (0)  ; --   ; -- ; --   ; --    ; --     ; --                     ; --                       ;
; neurax_bias_ready_i                 ; Input    ; -- ; (0)  ; --   ; -- ; --   ; --    ; --     ; --                     ; --                       ;
+-------------------------------------+----------+----+------+------+----+------+-------+--------+------------------------+--------------------------+


+-------------------------------------------------------------+
; Pad To Core Delay Chain Fanout                              ;
+-------------------------------+-------------------+---------+
; Source Pin / Fanout           ; Pad To Core Index ; Setting ;
+-------------------------------+-------------------+---------+
; avs_address_i[0]              ;                   ;         ;
;      - Mux31~0                ; 1                 ; 0       ;
;      - Mux31~1                ; 1                 ; 0       ;
;      - Mux31~2                ; 1                 ; 0       ;
;      - Mux31~3                ; 1                 ; 0       ;
;      - Mux30~0                ; 1                 ; 0       ;
;      - Mux30~1                ; 1                 ; 0       ;
;      - Mux30~2                ; 1                 ; 0       ;
;      - Mux30~3                ; 1                 ; 0       ;
;      - Mux29~0                ; 1                 ; 0       ;
;      - Mux29~1                ; 1                 ; 0       ;
;      - Mux29~2                ; 1                 ; 0       ;
;      - Mux29~3                ; 1                 ; 0       ;
;      - Mux28~0                ; 1                 ; 0       ;
;      - Mux28~1                ; 1                 ; 0       ;
;      - Mux28~2                ; 1                 ; 0       ;
;      - Mux28~3                ; 1                 ; 0       ;
;      - Mux27~0                ; 1                 ; 0       ;
;      - Mux27~1                ; 1                 ; 0       ;
;      - Mux27~2                ; 1                 ; 0       ;
;      - Mux27~3                ; 1                 ; 0       ;
;      - Mux26~0                ; 1                 ; 0       ;
;      - Mux26~1                ; 1                 ; 0       ;
;      - Mux26~2                ; 1                 ; 0       ;
;      - Mux26~3                ; 1                 ; 0       ;
;      - Mux25~0                ; 1                 ; 0       ;
;      - Mux25~1                ; 1                 ; 0       ;
;      - Mux25~2                ; 1                 ; 0       ;
;      - Mux25~3                ; 1                 ; 0       ;
;      - Mux24~0                ; 1                 ; 0       ;
;      - Mux24~1                ; 1                 ; 0       ;
;      - Mux24~2                ; 1                 ; 0       ;
;      - Mux24~3                ; 1                 ; 0       ;
;      - Mux23~0                ; 1                 ; 0       ;
;      - Mux23~1                ; 1                 ; 0       ;
;      - Mux23~2                ; 1                 ; 0       ;
;      - Mux23~3                ; 1                 ; 0       ;
;      - Mux22~0                ; 1                 ; 0       ;
;      - Mux22~1                ; 1                 ; 0       ;
;      - Mux22~2                ; 1                 ; 0       ;
;      - Mux22~3                ; 1                 ; 0       ;
;      - Mux21~0                ; 1                 ; 0       ;
;      - Mux21~1                ; 1                 ; 0       ;
;      - Mux21~2                ; 1                 ; 0       ;
;      - Mux21~3                ; 1                 ; 0       ;
;      - Mux20~0                ; 1                 ; 0       ;
;      - Mux20~1                ; 1                 ; 0       ;
;      - Mux20~2                ; 1                 ; 0       ;
;      - Mux20~3                ; 1                 ; 0       ;
;      - Mux19~0                ; 1                 ; 0       ;
;      - Mux19~1                ; 1                 ; 0       ;
;      - Mux19~2                ; 1                 ; 0       ;
;      - Mux19~3                ; 1                 ; 0       ;
;      - Mux18~0                ; 1                 ; 0       ;
;      - Mux18~1                ; 1                 ; 0       ;
;      - Mux18~2                ; 1                 ; 0       ;
;      - Mux18~3                ; 1                 ; 0       ;
;      - Mux17~0                ; 1                 ; 0       ;
;      - Mux17~1                ; 1                 ; 0       ;
;      - Mux17~2                ; 1                 ; 0       ;
;      - Mux17~3                ; 1                 ; 0       ;
;      - Mux16~0                ; 1                 ; 0       ;
;      - Mux16~1                ; 1                 ; 0       ;
;      - Mux16~2                ; 1                 ; 0       ;
;      - Mux16~3                ; 1                 ; 0       ;
;      - Mux15~0                ; 1                 ; 0       ;
;      - Mux15~1                ; 1                 ; 0       ;
;      - Mux15~2                ; 1                 ; 0       ;
;      - Mux15~3                ; 1                 ; 0       ;
;      - Mux14~0                ; 1                 ; 0       ;
;      - Mux14~1                ; 1                 ; 0       ;
;      - Mux14~2                ; 1                 ; 0       ;
;      - Mux14~3                ; 1                 ; 0       ;
;      - Mux13~0                ; 1                 ; 0       ;
;      - Mux13~1                ; 1                 ; 0       ;
;      - Mux13~2                ; 1                 ; 0       ;
;      - Mux13~3                ; 1                 ; 0       ;
;      - Mux12~0                ; 1                 ; 0       ;
;      - Mux12~1                ; 1                 ; 0       ;
;      - Mux12~2                ; 1                 ; 0       ;
;      - Mux12~3                ; 1                 ; 0       ;
;      - Mux11~0                ; 1                 ; 0       ;
;      - Mux11~1                ; 1                 ; 0       ;
;      - Mux11~2                ; 1                 ; 0       ;
;      - Mux11~3                ; 1                 ; 0       ;
;      - Mux10~0                ; 1                 ; 0       ;
;      - Mux10~1                ; 1                 ; 0       ;
;      - Mux10~2                ; 1                 ; 0       ;
;      - Mux10~3                ; 1                 ; 0       ;
;      - Mux9~0                 ; 1                 ; 0       ;
;      - Mux9~1                 ; 1                 ; 0       ;
;      - Mux9~2                 ; 1                 ; 0       ;
;      - Mux9~3                 ; 1                 ; 0       ;
;      - Mux8~0                 ; 1                 ; 0       ;
;      - Mux8~1                 ; 1                 ; 0       ;
;      - Mux8~2                 ; 1                 ; 0       ;
;      - Mux8~3                 ; 1                 ; 0       ;
;      - Mux7~0                 ; 1                 ; 0       ;
;      - Mux7~1                 ; 1                 ; 0       ;
;      - Mux7~2                 ; 1                 ; 0       ;
;      - Mux7~3                 ; 1                 ; 0       ;
;      - Mux6~0                 ; 1                 ; 0       ;
;      - Mux6~1                 ; 1                 ; 0       ;
;      - Mux6~2                 ; 1                 ; 0       ;
;      - Mux6~3                 ; 1                 ; 0       ;
;      - Mux5~0                 ; 1                 ; 0       ;
;      - Mux5~1                 ; 1                 ; 0       ;
;      - Mux5~2                 ; 1                 ; 0       ;
;      - Mux5~3                 ; 1                 ; 0       ;
;      - Mux4~0                 ; 1                 ; 0       ;
;      - Mux4~1                 ; 1                 ; 0       ;
;      - Mux4~2                 ; 1                 ; 0       ;
;      - Mux4~3                 ; 1                 ; 0       ;
;      - Mux3~0                 ; 1                 ; 0       ;
;      - Mux3~1                 ; 1                 ; 0       ;
;      - Mux3~2                 ; 1                 ; 0       ;
;      - Mux3~3                 ; 1                 ; 0       ;
;      - Mux2~0                 ; 1                 ; 0       ;
;      - Mux2~1                 ; 1                 ; 0       ;
;      - Mux2~2                 ; 1                 ; 0       ;
;      - Mux2~3                 ; 1                 ; 0       ;
;      - Mux1~0                 ; 1                 ; 0       ;
;      - Mux1~1                 ; 1                 ; 0       ;
;      - Mux1~2                 ; 1                 ; 0       ;
;      - Mux1~3                 ; 1                 ; 0       ;
;      - Mux0~0                 ; 1                 ; 0       ;
;      - Mux0~1                 ; 1                 ; 0       ;
;      - Mux0~2                 ; 1                 ; 0       ;
;      - Mux0~3                 ; 1                 ; 0       ;
;      - Decoder0~0             ; 1                 ; 0       ;
;      - Decoder0~1             ; 1                 ; 0       ;
;      - ram[5][0]~9            ; 1                 ; 0       ;
;      - ram[5][8]~10           ; 1                 ; 0       ;
;      - ram[5][23]~12          ; 1                 ; 0       ;
;      - ram[5][24]~13          ; 1                 ; 0       ;
;      - ram[6][7]~14           ; 1                 ; 0       ;
;      - ram[6][8]~15           ; 1                 ; 0       ;
;      - ram[6][23]~16          ; 1                 ; 0       ;
;      - ram[2][0]~21           ; 1                 ; 0       ;
;      - ram[9][0]~22           ; 1                 ; 0       ;
;      - ram[10][0]~23          ; 1                 ; 0       ;
;      - ram[2][8]~27           ; 1                 ; 0       ;
;      - ram[9][8]~29           ; 1                 ; 0       ;
;      - ram[10][8]~30          ; 1                 ; 0       ;
;      - ram[2][16]~34          ; 1                 ; 0       ;
;      - ram[9][16]~38          ; 1                 ; 0       ;
;      - ram[10][16]~39         ; 1                 ; 0       ;
;      - ram[2][24]~43          ; 1                 ; 0       ;
;      - ram[6][24]~45          ; 1                 ; 0       ;
;      - ram[9][24]~48          ; 1                 ; 0       ;
;      - ram[10][24]~49         ; 1                 ; 0       ;
; avs_address_i[1]              ;                   ;         ;
;      - Mux31~0                ; 1                 ; 0       ;
;      - Mux31~1                ; 1                 ; 0       ;
;      - Mux31~2                ; 1                 ; 0       ;
;      - Mux31~3                ; 1                 ; 0       ;
;      - Mux30~0                ; 1                 ; 0       ;
;      - Mux30~1                ; 1                 ; 0       ;
;      - Mux30~2                ; 1                 ; 0       ;
;      - Mux30~3                ; 1                 ; 0       ;
;      - Mux29~0                ; 1                 ; 0       ;
;      - Mux29~1                ; 1                 ; 0       ;
;      - Mux29~2                ; 1                 ; 0       ;
;      - Mux29~3                ; 1                 ; 0       ;
;      - Mux28~0                ; 1                 ; 0       ;
;      - Mux28~1                ; 1                 ; 0       ;
;      - Mux28~2                ; 1                 ; 0       ;
;      - Mux28~3                ; 1                 ; 0       ;
;      - Mux27~0                ; 1                 ; 0       ;
;      - Mux27~1                ; 1                 ; 0       ;
;      - Mux27~2                ; 1                 ; 0       ;
;      - Mux27~3                ; 1                 ; 0       ;
;      - Mux26~0                ; 1                 ; 0       ;
;      - Mux26~1                ; 1                 ; 0       ;
;      - Mux26~2                ; 1                 ; 0       ;
;      - Mux26~3                ; 1                 ; 0       ;
;      - Mux25~0                ; 1                 ; 0       ;
;      - Mux25~1                ; 1                 ; 0       ;
;      - Mux25~2                ; 1                 ; 0       ;
;      - Mux25~3                ; 1                 ; 0       ;
;      - Mux24~0                ; 1                 ; 0       ;
;      - Mux24~1                ; 1                 ; 0       ;
;      - Mux24~2                ; 1                 ; 0       ;
;      - Mux24~3                ; 1                 ; 0       ;
;      - Mux23~0                ; 1                 ; 0       ;
;      - Mux23~1                ; 1                 ; 0       ;
;      - Mux23~2                ; 1                 ; 0       ;
;      - Mux23~3                ; 1                 ; 0       ;
;      - Mux22~0                ; 1                 ; 0       ;
;      - Mux22~1                ; 1                 ; 0       ;
;      - Mux22~2                ; 1                 ; 0       ;
;      - Mux22~3                ; 1                 ; 0       ;
;      - Mux21~0                ; 1                 ; 0       ;
;      - Mux21~1                ; 1                 ; 0       ;
;      - Mux21~2                ; 1                 ; 0       ;
;      - Mux21~3                ; 1                 ; 0       ;
;      - Mux20~0                ; 1                 ; 0       ;
;      - Mux20~1                ; 1                 ; 0       ;
;      - Mux20~2                ; 1                 ; 0       ;
;      - Mux20~3                ; 1                 ; 0       ;
;      - Mux19~0                ; 1                 ; 0       ;
;      - Mux19~1                ; 1                 ; 0       ;
;      - Mux19~2                ; 1                 ; 0       ;
;      - Mux19~3                ; 1                 ; 0       ;
;      - Mux18~0                ; 1                 ; 0       ;
;      - Mux18~1                ; 1                 ; 0       ;
;      - Mux18~2                ; 1                 ; 0       ;
;      - Mux18~3                ; 1                 ; 0       ;
;      - Mux17~0                ; 1                 ; 0       ;
;      - Mux17~1                ; 1                 ; 0       ;
;      - Mux17~2                ; 1                 ; 0       ;
;      - Mux17~3                ; 1                 ; 0       ;
;      - Mux16~0                ; 1                 ; 0       ;
;      - Mux16~1                ; 1                 ; 0       ;
;      - Mux16~2                ; 1                 ; 0       ;
;      - Mux16~3                ; 1                 ; 0       ;
;      - Mux15~0                ; 1                 ; 0       ;
;      - Mux15~1                ; 1                 ; 0       ;
;      - Mux15~2                ; 1                 ; 0       ;
;      - Mux15~3                ; 1                 ; 0       ;
;      - Mux14~0                ; 1                 ; 0       ;
;      - Mux14~1                ; 1                 ; 0       ;
;      - Mux14~2                ; 1                 ; 0       ;
;      - Mux14~3                ; 1                 ; 0       ;
;      - Mux13~0                ; 1                 ; 0       ;
;      - Mux13~1                ; 1                 ; 0       ;
;      - Mux13~2                ; 1                 ; 0       ;
;      - Mux13~3                ; 1                 ; 0       ;
;      - Mux12~0                ; 1                 ; 0       ;
;      - Mux12~1                ; 1                 ; 0       ;
;      - Mux12~2                ; 1                 ; 0       ;
;      - Mux12~3                ; 1                 ; 0       ;
;      - Mux11~0                ; 1                 ; 0       ;
;      - Mux11~1                ; 1                 ; 0       ;
;      - Mux11~2                ; 1                 ; 0       ;
;      - Mux11~3                ; 1                 ; 0       ;
;      - Mux10~0                ; 1                 ; 0       ;
;      - Mux10~1                ; 1                 ; 0       ;
;      - Mux10~2                ; 1                 ; 0       ;
;      - Mux10~3                ; 1                 ; 0       ;
;      - Mux9~0                 ; 1                 ; 0       ;
;      - Mux9~1                 ; 1                 ; 0       ;
;      - Mux9~2                 ; 1                 ; 0       ;
;      - Mux9~3                 ; 1                 ; 0       ;
;      - Mux8~0                 ; 1                 ; 0       ;
;      - Mux8~1                 ; 1                 ; 0       ;
;      - Mux8~2                 ; 1                 ; 0       ;
;      - Mux8~3                 ; 1                 ; 0       ;
;      - Mux7~0                 ; 1                 ; 0       ;
;      - Mux7~1                 ; 1                 ; 0       ;
;      - Mux7~2                 ; 1                 ; 0       ;
;      - Mux7~3                 ; 1                 ; 0       ;
;      - Mux6~0                 ; 1                 ; 0       ;
;      - Mux6~1                 ; 1                 ; 0       ;
;      - Mux6~2                 ; 1                 ; 0       ;
;      - Mux6~3                 ; 1                 ; 0       ;
;      - Mux5~0                 ; 1                 ; 0       ;
;      - Mux5~1                 ; 1                 ; 0       ;
;      - Mux5~2                 ; 1                 ; 0       ;
;      - Mux5~3                 ; 1                 ; 0       ;
;      - Mux4~0                 ; 1                 ; 0       ;
;      - Mux4~1                 ; 1                 ; 0       ;
;      - Mux4~2                 ; 1                 ; 0       ;
;      - Mux4~3                 ; 1                 ; 0       ;
;      - Mux3~0                 ; 1                 ; 0       ;
;      - Mux3~1                 ; 1                 ; 0       ;
;      - Mux3~2                 ; 1                 ; 0       ;
;      - Mux3~3                 ; 1                 ; 0       ;
;      - Mux2~0                 ; 1                 ; 0       ;
;      - Mux2~1                 ; 1                 ; 0       ;
;      - Mux2~2                 ; 1                 ; 0       ;
;      - Mux2~3                 ; 1                 ; 0       ;
;      - Mux1~0                 ; 1                 ; 0       ;
;      - Mux1~1                 ; 1                 ; 0       ;
;      - Mux1~2                 ; 1                 ; 0       ;
;      - Mux1~3                 ; 1                 ; 0       ;
;      - Mux0~0                 ; 1                 ; 0       ;
;      - Mux0~1                 ; 1                 ; 0       ;
;      - Mux0~2                 ; 1                 ; 0       ;
;      - Mux0~3                 ; 1                 ; 0       ;
;      - Decoder0~0             ; 1                 ; 0       ;
;      - Decoder0~1             ; 1                 ; 0       ;
;      - ram[5][0]~9            ; 1                 ; 0       ;
;      - ram[5][8]~10           ; 1                 ; 0       ;
;      - ram[5][23]~12          ; 1                 ; 0       ;
;      - ram[5][24]~13          ; 1                 ; 0       ;
;      - ram[6][7]~14           ; 1                 ; 0       ;
;      - ram[6][8]~15           ; 1                 ; 0       ;
;      - ram[6][23]~16          ; 1                 ; 0       ;
;      - ram[2][0]~21           ; 1                 ; 0       ;
;      - ram[9][0]~22           ; 1                 ; 0       ;
;      - ram[10][0]~23          ; 1                 ; 0       ;
;      - ram[2][8]~27           ; 1                 ; 0       ;
;      - ram[9][8]~29           ; 1                 ; 0       ;
;      - ram[10][8]~30          ; 1                 ; 0       ;
;      - ram[2][16]~34          ; 1                 ; 0       ;
;      - ram[9][16]~38          ; 1                 ; 0       ;
;      - ram[10][16]~39         ; 1                 ; 0       ;
;      - ram[2][24]~43          ; 1                 ; 0       ;
;      - ram[6][24]~45          ; 1                 ; 0       ;
;      - ram[9][24]~48          ; 1                 ; 0       ;
;      - ram[10][24]~49         ; 1                 ; 0       ;
; avs_address_i[2]              ;                   ;         ;
;      - Mux31~4                ; 0                 ; 0       ;
;      - Mux30~4                ; 0                 ; 0       ;
;      - Mux29~4                ; 0                 ; 0       ;
;      - Mux28~4                ; 0                 ; 0       ;
;      - Mux27~4                ; 0                 ; 0       ;
;      - Mux26~4                ; 0                 ; 0       ;
;      - Mux25~4                ; 0                 ; 0       ;
;      - Mux24~4                ; 0                 ; 0       ;
;      - Mux23~4                ; 0                 ; 0       ;
;      - Mux22~4                ; 0                 ; 0       ;
;      - Mux21~4                ; 0                 ; 0       ;
;      - Mux20~4                ; 0                 ; 0       ;
;      - Mux19~4                ; 0                 ; 0       ;
;      - Mux18~4                ; 0                 ; 0       ;
;      - Mux17~4                ; 0                 ; 0       ;
;      - Mux16~4                ; 0                 ; 0       ;
;      - Mux15~4                ; 0                 ; 0       ;
;      - Mux14~4                ; 0                 ; 0       ;
;      - Mux13~4                ; 0                 ; 0       ;
;      - Mux12~4                ; 0                 ; 0       ;
;      - Mux11~4                ; 0                 ; 0       ;
;      - Mux10~4                ; 0                 ; 0       ;
;      - Mux9~4                 ; 0                 ; 0       ;
;      - Mux8~4                 ; 0                 ; 0       ;
;      - Mux7~4                 ; 0                 ; 0       ;
;      - Mux6~4                 ; 0                 ; 0       ;
;      - Mux5~4                 ; 0                 ; 0       ;
;      - Mux4~4                 ; 0                 ; 0       ;
;      - Mux3~4                 ; 0                 ; 0       ;
;      - Mux2~4                 ; 0                 ; 0       ;
;      - Mux1~4                 ; 0                 ; 0       ;
;      - Mux0~4                 ; 0                 ; 0       ;
;      - ram[0][0]~1            ; 0                 ; 0       ;
;      - ram[3][24]~3           ; 0                 ; 0       ;
;      - ram[3][0]~4            ; 0                 ; 0       ;
;      - ram[3][8]~6            ; 0                 ; 0       ;
;      - ram[4][0]~7            ; 0                 ; 0       ;
;      - ram[4][8]~8            ; 0                 ; 0       ;
;      - ram[5][0]~9            ; 0                 ; 0       ;
;      - ram[5][8]~10           ; 0                 ; 0       ;
;      - ram[5][23]~12          ; 0                 ; 0       ;
;      - ram[5][24]~13          ; 0                 ; 0       ;
;      - ram[6][7]~14           ; 0                 ; 0       ;
;      - ram[6][8]~15           ; 0                 ; 0       ;
;      - ram[6][23]~16          ; 0                 ; 0       ;
;      - ram[7][0]~17           ; 0                 ; 0       ;
;      - ram[7][8]~18           ; 0                 ; 0       ;
;      - ram[8][0]~19           ; 0                 ; 0       ;
;      - ram[0][16]~20          ; 0                 ; 0       ;
;      - ram[2][0]~21           ; 0                 ; 0       ;
;      - ram[9][0]~22           ; 0                 ; 0       ;
;      - ram[10][0]~23          ; 0                 ; 0       ;
;      - ram[11][0]~24          ; 0                 ; 0       ;
;      - ram[12][0]~25          ; 0                 ; 0       ;
;      - ram[0][8]~26           ; 0                 ; 0       ;
;      - ram[2][8]~27           ; 0                 ; 0       ;
;      - ram[8][8]~28           ; 0                 ; 0       ;
;      - ram[9][8]~29           ; 0                 ; 0       ;
;      - ram[10][8]~30          ; 0                 ; 0       ;
;      - ram[11][8]~31          ; 0                 ; 0       ;
;      - ram[12][8]~32          ; 0                 ; 0       ;
;      - ram[3][16]~33          ; 0                 ; 0       ;
;      - ram[2][16]~34          ; 0                 ; 0       ;
;      - ram[4][16]~35          ; 0                 ; 0       ;
;      - ram[7][16]~36          ; 0                 ; 0       ;
;      - ram[8][16]~37          ; 0                 ; 0       ;
;      - ram[9][16]~38          ; 0                 ; 0       ;
;      - ram[10][16]~39         ; 0                 ; 0       ;
;      - ram[11][16]~40         ; 0                 ; 0       ;
;      - ram[12][16]~41         ; 0                 ; 0       ;
;      - ram[0][24]~42          ; 0                 ; 0       ;
;      - ram[2][24]~43          ; 0                 ; 0       ;
;      - ram[4][24]~44          ; 0                 ; 0       ;
;      - ram[6][24]~45          ; 0                 ; 0       ;
;      - ram[7][24]~46          ; 0                 ; 0       ;
;      - ram[8][24]~47          ; 0                 ; 0       ;
;      - ram[9][24]~48          ; 0                 ; 0       ;
;      - ram[10][24]~49         ; 0                 ; 0       ;
;      - ram[11][24]~50         ; 0                 ; 0       ;
;      - ram[12][24]~51         ; 0                 ; 0       ;
; avs_address_i[3]              ;                   ;         ;
;      - Mux31~4                ; 0                 ; 0       ;
;      - Mux30~4                ; 0                 ; 0       ;
;      - Mux29~4                ; 0                 ; 0       ;
;      - Mux28~4                ; 0                 ; 0       ;
;      - Mux27~4                ; 0                 ; 0       ;
;      - Mux26~4                ; 0                 ; 0       ;
;      - Mux25~4                ; 0                 ; 0       ;
;      - Mux24~4                ; 0                 ; 0       ;
;      - Mux23~4                ; 0                 ; 0       ;
;      - Mux22~4                ; 0                 ; 0       ;
;      - Mux21~4                ; 0                 ; 0       ;
;      - Mux20~4                ; 0                 ; 0       ;
;      - Mux19~4                ; 0                 ; 0       ;
;      - Mux18~4                ; 0                 ; 0       ;
;      - Mux17~4                ; 0                 ; 0       ;
;      - Mux16~4                ; 0                 ; 0       ;
;      - Mux15~4                ; 0                 ; 0       ;
;      - Mux14~4                ; 0                 ; 0       ;
;      - Mux13~4                ; 0                 ; 0       ;
;      - Mux12~4                ; 0                 ; 0       ;
;      - Mux11~4                ; 0                 ; 0       ;
;      - Mux10~4                ; 0                 ; 0       ;
;      - Mux9~4                 ; 0                 ; 0       ;
;      - Mux8~4                 ; 0                 ; 0       ;
;      - Mux7~4                 ; 0                 ; 0       ;
;      - Mux6~4                 ; 0                 ; 0       ;
;      - Mux5~4                 ; 0                 ; 0       ;
;      - Mux4~4                 ; 0                 ; 0       ;
;      - Mux3~4                 ; 0                 ; 0       ;
;      - Mux2~4                 ; 0                 ; 0       ;
;      - Mux1~4                 ; 0                 ; 0       ;
;      - Mux0~4                 ; 0                 ; 0       ;
;      - ram[0][0]~1            ; 0                 ; 0       ;
;      - ram[3][24]~3           ; 0                 ; 0       ;
;      - ram[3][0]~4            ; 0                 ; 0       ;
;      - ram[3][8]~6            ; 0                 ; 0       ;
;      - ram[4][0]~7            ; 0                 ; 0       ;
;      - ram[4][8]~8            ; 0                 ; 0       ;
;      - ram[5][0]~9            ; 0                 ; 0       ;
;      - ram[5][8]~10           ; 0                 ; 0       ;
;      - ram[5][23]~12          ; 0                 ; 0       ;
;      - ram[5][24]~13          ; 0                 ; 0       ;
;      - ram[6][7]~14           ; 0                 ; 0       ;
;      - ram[6][8]~15           ; 0                 ; 0       ;
;      - ram[6][23]~16          ; 0                 ; 0       ;
;      - ram[7][0]~17           ; 0                 ; 0       ;
;      - ram[7][8]~18           ; 0                 ; 0       ;
;      - ram[8][0]~19           ; 0                 ; 0       ;
;      - ram[0][16]~20          ; 0                 ; 0       ;
;      - ram[2][0]~21           ; 0                 ; 0       ;
;      - ram[9][0]~22           ; 0                 ; 0       ;
;      - ram[10][0]~23          ; 0                 ; 0       ;
;      - ram[11][0]~24          ; 0                 ; 0       ;
;      - ram[12][0]~25          ; 0                 ; 0       ;
;      - ram[0][8]~26           ; 0                 ; 0       ;
;      - ram[2][8]~27           ; 0                 ; 0       ;
;      - ram[8][8]~28           ; 0                 ; 0       ;
;      - ram[9][8]~29           ; 0                 ; 0       ;
;      - ram[10][8]~30          ; 0                 ; 0       ;
;      - ram[11][8]~31          ; 0                 ; 0       ;
;      - ram[12][8]~32          ; 0                 ; 0       ;
;      - ram[3][16]~33          ; 0                 ; 0       ;
;      - ram[2][16]~34          ; 0                 ; 0       ;
;      - ram[4][16]~35          ; 0                 ; 0       ;
;      - ram[7][16]~36          ; 0                 ; 0       ;
;      - ram[8][16]~37          ; 0                 ; 0       ;
;      - ram[9][16]~38          ; 0                 ; 0       ;
;      - ram[10][16]~39         ; 0                 ; 0       ;
;      - ram[11][16]~40         ; 0                 ; 0       ;
;      - ram[12][16]~41         ; 0                 ; 0       ;
;      - ram[0][24]~42          ; 0                 ; 0       ;
;      - ram[2][24]~43          ; 0                 ; 0       ;
;      - ram[4][24]~44          ; 0                 ; 0       ;
;      - ram[6][24]~45          ; 0                 ; 0       ;
;      - ram[7][24]~46          ; 0                 ; 0       ;
;      - ram[8][24]~47          ; 0                 ; 0       ;
;      - ram[9][24]~48          ; 0                 ; 0       ;
;      - ram[10][24]~49         ; 0                 ; 0       ;
;      - ram[11][24]~50         ; 0                 ; 0       ;
;      - ram[12][24]~51         ; 0                 ; 0       ;
; clk_i                         ;                   ;         ;
; rst_i                         ;                   ;         ;
; avs_chipselect_i              ;                   ;         ;
;      - process_1~0            ; 1                 ; 0       ;
;      - ram[2][0]~0            ; 1                 ; 0       ;
;      - ram[0][24]~2           ; 1                 ; 0       ;
;      - ram[0][8]~5            ; 1                 ; 0       ;
;      - ram[2][16]~11          ; 1                 ; 0       ;
; avs_read_i                    ;                   ;         ;
;      - process_1~0            ; 1                 ; 0       ;
; avs_writedata_i[0]            ;                   ;         ;
;      - ram[3][0]              ; 0                 ; 0       ;
;      - ram[4][0]              ; 0                 ; 0       ;
;      - ram[5][0]              ; 0                 ; 0       ;
;      - ram[6][0]              ; 0                 ; 0       ;
;      - ram[7][0]              ; 0                 ; 0       ;
;      - ram[8][0]              ; 0                 ; 0       ;
;      - ram[0][0]              ; 0                 ; 0       ;
;      - ram[11][0]             ; 0                 ; 0       ;
;      - ram[12][0]             ; 0                 ; 0       ;
;      - ram[10][0]~feeder      ; 0                 ; 0       ;
;      - ram[2][0]~feeder       ; 0                 ; 0       ;
;      - ram[9][0]~feeder       ; 0                 ; 0       ;
; avs_write_i                   ;                   ;         ;
;      - ram[2][0]~0            ; 0                 ; 0       ;
;      - ram[0][24]~2           ; 0                 ; 0       ;
;      - ram[0][8]~5            ; 0                 ; 0       ;
;      - ram[2][16]~11          ; 0                 ; 0       ;
; avs_byteenable_i[0]           ;                   ;         ;
;      - ram[2][0]~0            ; 0                 ; 0       ;
; avs_writedata_i[1]            ;                   ;         ;
;      - ram[4][1]              ; 0                 ; 0       ;
;      - ram[6][1]              ; 0                 ; 0       ;
;      - ram[7][1]              ; 0                 ; 0       ;
;      - ram[8][1]              ; 0                 ; 0       ;
;      - ram[0][1]              ; 0                 ; 0       ;
;      - ram[2][1]              ; 0                 ; 0       ;
;      - ram[9][1]              ; 0                 ; 0       ;
;      - ram[10][1]             ; 0                 ; 0       ;
;      - ram[11][1]             ; 0                 ; 0       ;
;      - ram[12][1]~feeder      ; 0                 ; 0       ;
;      - ram[5][1]~feeder       ; 0                 ; 0       ;
;      - ram[3][1]~feeder       ; 0                 ; 0       ;
; avs_writedata_i[2]            ;                   ;         ;
;      - ram[3][2]              ; 0                 ; 0       ;
;      - ram[4][2]              ; 0                 ; 0       ;
;      - ram[5][2]              ; 0                 ; 0       ;
;      - ram[6][2]              ; 0                 ; 0       ;
;      - ram[8][2]              ; 0                 ; 0       ;
;      - ram[2][2]              ; 0                 ; 0       ;
;      - ram[11][2]             ; 0                 ; 0       ;
;      - ram[12][2]             ; 0                 ; 0       ;
;      - ram[9][2]~feeder       ; 0                 ; 0       ;
;      - ram[10][2]~feeder      ; 0                 ; 0       ;
;      - ram[0][2]~feeder       ; 0                 ; 0       ;
;      - ram[7][2]~feeder       ; 0                 ; 0       ;
; avs_writedata_i[3]            ;                   ;         ;
;      - ram[3][3]              ; 0                 ; 0       ;
;      - ram[4][3]              ; 0                 ; 0       ;
;      - ram[5][3]              ; 0                 ; 0       ;
;      - ram[8][3]              ; 0                 ; 0       ;
;      - ram[2][3]              ; 0                 ; 0       ;
;      - ram[10][3]             ; 0                 ; 0       ;
;      - ram[11][3]             ; 0                 ; 0       ;
;      - ram[12][3]             ; 0                 ; 0       ;
;      - ram[9][3]~feeder       ; 0                 ; 0       ;
;      - ram[0][3]~feeder       ; 0                 ; 0       ;
;      - ram[6][3]~feeder       ; 0                 ; 0       ;
;      - ram[7][3]~feeder       ; 0                 ; 0       ;
; avs_writedata_i[24]           ;                   ;         ;
;      - ram[3][24]             ; 0                 ; 0       ;
;      - ram[5][24]             ; 0                 ; 0       ;
;      - ram[0][24]             ; 0                 ; 0       ;
;      - ram[2][24]             ; 0                 ; 0       ;
;      - ram[4][24]             ; 0                 ; 0       ;
;      - ram[6][24]             ; 0                 ; 0       ;
;      - ram[7][24]             ; 0                 ; 0       ;
;      - ram[9][24]             ; 0                 ; 0       ;
;      - ram[10][24]            ; 0                 ; 0       ;
;      - ram[11][24]            ; 0                 ; 0       ;
;      - ram[12][24]            ; 0                 ; 0       ;
;      - ram[8][24]~feeder      ; 0                 ; 0       ;
; avs_byteenable_i[3]           ;                   ;         ;
;      - ram[0][24]~2           ; 0                 ; 0       ;
; avs_writedata_i[26]           ;                   ;         ;
;      - ram[3][26]             ; 0                 ; 0       ;
;      - ram[5][26]             ; 0                 ; 0       ;
;      - ram[0][26]             ; 0                 ; 0       ;
;      - ram[4][26]             ; 0                 ; 0       ;
;      - ram[8][26]             ; 0                 ; 0       ;
;      - ram[11][26]            ; 0                 ; 0       ;
;      - ram[12][26]            ; 0                 ; 0       ;
;      - ram[6][26]~feeder      ; 0                 ; 0       ;
;      - ram[7][26]~feeder      ; 0                 ; 0       ;
;      - ram[10][26]~feeder     ; 0                 ; 0       ;
;      - ram[9][26]~feeder      ; 0                 ; 0       ;
;      - ram[2][26]~feeder      ; 0                 ; 0       ;
; avs_writedata_i[25]           ;                   ;         ;
;      - ram[3][25]             ; 1                 ; 0       ;
;      - ram[5][25]             ; 1                 ; 0       ;
;      - ram[0][25]             ; 1                 ; 0       ;
;      - ram[4][25]             ; 1                 ; 0       ;
;      - ram[7][25]             ; 1                 ; 0       ;
;      - ram[8][25]             ; 1                 ; 0       ;
;      - ram[9][25]             ; 1                 ; 0       ;
;      - ram[10][25]            ; 1                 ; 0       ;
;      - ram[11][25]            ; 1                 ; 0       ;
;      - ram[12][25]            ; 1                 ; 0       ;
;      - ram[6][25]~feeder      ; 1                 ; 0       ;
;      - ram[2][25]~feeder      ; 1                 ; 0       ;
; avs_writedata_i[31]           ;                   ;         ;
;      - ram[3][31]             ; 0                 ; 0       ;
;      - ram[5][31]             ; 0                 ; 0       ;
;      - ram[0][31]             ; 0                 ; 0       ;
;      - ram[2][31]             ; 0                 ; 0       ;
;      - ram[9][31]             ; 0                 ; 0       ;
;      - ram[10][31]            ; 0                 ; 0       ;
;      - ram[11][31]            ; 0                 ; 0       ;
;      - ram[7][31]~feeder      ; 0                 ; 0       ;
;      - ram[12][31]~feeder     ; 0                 ; 0       ;
;      - ram[4][31]~feeder      ; 0                 ; 0       ;
;      - ram[8][31]~feeder      ; 0                 ; 0       ;
;      - ram[6][31]~feeder      ; 0                 ; 0       ;
; avs_writedata_i[30]           ;                   ;         ;
;      - ram[3][30]             ; 0                 ; 0       ;
;      - ram[5][30]             ; 0                 ; 0       ;
;      - ram[0][30]             ; 0                 ; 0       ;
;      - ram[2][30]             ; 0                 ; 0       ;
;      - ram[4][30]             ; 0                 ; 0       ;
;      - ram[6][30]             ; 0                 ; 0       ;
;      - ram[7][30]             ; 0                 ; 0       ;
;      - ram[9][30]             ; 0                 ; 0       ;
;      - ram[10][30]            ; 0                 ; 0       ;
;      - ram[11][30]            ; 0                 ; 0       ;
;      - ram[8][30]~feeder      ; 0                 ; 0       ;
;      - ram[12][30]~feeder     ; 0                 ; 0       ;
; avs_writedata_i[29]           ;                   ;         ;
;      - ram[3][29]             ; 0                 ; 0       ;
;      - ram[5][29]             ; 0                 ; 0       ;
;      - ram[0][29]             ; 0                 ; 0       ;
;      - ram[2][29]             ; 0                 ; 0       ;
;      - ram[4][29]             ; 0                 ; 0       ;
;      - ram[8][29]             ; 0                 ; 0       ;
;      - ram[9][29]             ; 0                 ; 0       ;
;      - ram[10][29]            ; 0                 ; 0       ;
;      - ram[11][29]            ; 0                 ; 0       ;
;      - ram[12][29]~feeder     ; 0                 ; 0       ;
;      - ram[7][29]~feeder      ; 0                 ; 0       ;
;      - ram[6][29]~feeder      ; 0                 ; 0       ;
; avs_writedata_i[28]           ;                   ;         ;
;      - ram[3][28]             ; 0                 ; 0       ;
;      - ram[0][28]             ; 0                 ; 0       ;
;      - ram[4][28]             ; 0                 ; 0       ;
;      - ram[6][28]             ; 0                 ; 0       ;
;      - ram[7][28]             ; 0                 ; 0       ;
;      - ram[11][28]            ; 0                 ; 0       ;
;      - ram[8][28]~feeder      ; 0                 ; 0       ;
;      - ram[5][28]~feeder      ; 0                 ; 0       ;
;      - ram[12][28]~feeder     ; 0                 ; 0       ;
;      - ram[2][28]~feeder      ; 0                 ; 0       ;
;      - ram[9][28]~feeder      ; 0                 ; 0       ;
;      - ram[10][28]~feeder     ; 0                 ; 0       ;
; avs_writedata_i[27]           ;                   ;         ;
;      - ram[3][27]             ; 1                 ; 0       ;
;      - ram[5][27]             ; 1                 ; 0       ;
;      - ram[0][27]             ; 1                 ; 0       ;
;      - ram[4][27]             ; 1                 ; 0       ;
;      - ram[6][27]             ; 1                 ; 0       ;
;      - ram[7][27]             ; 1                 ; 0       ;
;      - ram[11][27]            ; 1                 ; 0       ;
;      - ram[12][27]            ; 1                 ; 0       ;
;      - ram[8][27]~feeder      ; 1                 ; 0       ;
;      - ram[2][27]~feeder      ; 1                 ; 0       ;
;      - ram[10][27]~feeder     ; 1                 ; 0       ;
;      - ram[9][27]~feeder      ; 1                 ; 0       ;
; avs_writedata_i[7]            ;                   ;         ;
;      - ram[3][7]              ; 1                 ; 0       ;
;      - ram[4][7]              ; 1                 ; 0       ;
;      - ram[5][7]              ; 1                 ; 0       ;
;      - ram[6][7]              ; 1                 ; 0       ;
;      - ram[0][7]              ; 1                 ; 0       ;
;      - ram[2][7]              ; 1                 ; 0       ;
;      - ram[12][7]             ; 1                 ; 0       ;
;      - ram[7][7]~feeder       ; 1                 ; 0       ;
;      - ram[8][7]~feeder       ; 1                 ; 0       ;
;      - ram[10][7]~feeder      ; 1                 ; 0       ;
;      - ram[9][7]~feeder       ; 1                 ; 0       ;
;      - ram[11][7]~feeder      ; 1                 ; 0       ;
; avs_writedata_i[6]            ;                   ;         ;
;      - ram[4][6]              ; 0                 ; 0       ;
;      - ram[5][6]              ; 0                 ; 0       ;
;      - ram[6][6]              ; 0                 ; 0       ;
;      - ram[7][6]              ; 0                 ; 0       ;
;      - ram[8][6]              ; 0                 ; 0       ;
;      - ram[2][6]              ; 0                 ; 0       ;
;      - ram[9][6]              ; 0                 ; 0       ;
;      - ram[10][6]             ; 0                 ; 0       ;
;      - ram[11][6]             ; 0                 ; 0       ;
;      - ram[12][6]             ; 0                 ; 0       ;
;      - ram[0][6]~feeder       ; 0                 ; 0       ;
;      - ram[3][6]~feeder       ; 0                 ; 0       ;
; avs_writedata_i[5]            ;                   ;         ;
;      - ram[4][5]              ; 1                 ; 0       ;
;      - ram[5][5]              ; 1                 ; 0       ;
;      - ram[6][5]              ; 1                 ; 0       ;
;      - ram[2][5]              ; 1                 ; 0       ;
;      - ram[12][5]             ; 1                 ; 0       ;
;      - ram[3][5]~feeder       ; 1                 ; 0       ;
;      - ram[8][5]~feeder       ; 1                 ; 0       ;
;      - ram[7][5]~feeder       ; 1                 ; 0       ;
;      - ram[0][5]~feeder       ; 1                 ; 0       ;
;      - ram[10][5]~feeder      ; 1                 ; 0       ;
;      - ram[9][5]~feeder       ; 1                 ; 0       ;
;      - ram[11][5]~feeder      ; 1                 ; 0       ;
; avs_writedata_i[4]            ;                   ;         ;
;      - ram[3][4]              ; 1                 ; 0       ;
;      - ram[4][4]              ; 1                 ; 0       ;
;      - ram[5][4]              ; 1                 ; 0       ;
;      - ram[7][4]              ; 1                 ; 0       ;
;      - ram[8][4]              ; 1                 ; 0       ;
;      - ram[0][4]              ; 1                 ; 0       ;
;      - ram[10][4]             ; 1                 ; 0       ;
;      - ram[11][4]             ; 1                 ; 0       ;
;      - ram[2][4]~feeder       ; 1                 ; 0       ;
;      - ram[6][4]~feeder       ; 1                 ; 0       ;
;      - ram[12][4]~feeder      ; 1                 ; 0       ;
;      - ram[9][4]~feeder       ; 1                 ; 0       ;
; avs_writedata_i[8]            ;                   ;         ;
;      - ram[3][8]              ; 1                 ; 0       ;
;      - ram[4][8]              ; 1                 ; 0       ;
;      - ram[5][8]              ; 1                 ; 0       ;
;      - ram[7][8]              ; 1                 ; 0       ;
;      - ram[0][8]              ; 1                 ; 0       ;
;      - ram[2][8]              ; 1                 ; 0       ;
;      - ram[8][8]              ; 1                 ; 0       ;
;      - ram[6][8]~feeder       ; 1                 ; 0       ;
;      - ram[10][8]~feeder      ; 1                 ; 0       ;
;      - ram[9][8]~feeder       ; 1                 ; 0       ;
;      - ram[11][8]~feeder      ; 1                 ; 0       ;
;      - ram[12][8]~feeder      ; 1                 ; 0       ;
; avs_byteenable_i[1]           ;                   ;         ;
;      - ram[0][8]~5            ; 1                 ; 0       ;
; avs_writedata_i[9]            ;                   ;         ;
;      - ram[3][9]              ; 1                 ; 0       ;
;      - ram[4][9]              ; 1                 ; 0       ;
;      - ram[5][9]              ; 1                 ; 0       ;
;      - ram[6][9]              ; 1                 ; 0       ;
;      - ram[7][9]              ; 1                 ; 0       ;
;      - ram[0][9]              ; 1                 ; 0       ;
;      - ram[8][9]              ; 1                 ; 0       ;
;      - ram[9][9]              ; 1                 ; 0       ;
;      - ram[10][9]             ; 1                 ; 0       ;
;      - ram[11][9]             ; 1                 ; 0       ;
;      - ram[12][9]             ; 1                 ; 0       ;
;      - ram[2][9]~feeder       ; 1                 ; 0       ;
; avs_writedata_i[15]           ;                   ;         ;
;      - ram[3][15]             ; 0                 ; 0       ;
;      - ram[4][15]             ; 0                 ; 0       ;
;      - ram[5][15]             ; 0                 ; 0       ;
;      - ram[6][15]             ; 0                 ; 0       ;
;      - ram[7][15]             ; 0                 ; 0       ;
;      - ram[0][15]             ; 0                 ; 0       ;
;      - ram[2][15]             ; 0                 ; 0       ;
;      - ram[8][15]             ; 0                 ; 0       ;
;      - ram[11][15]            ; 0                 ; 0       ;
;      - ram[9][15]~feeder      ; 0                 ; 0       ;
;      - ram[10][15]~feeder     ; 0                 ; 0       ;
;      - ram[12][15]~feeder     ; 0                 ; 0       ;
; avs_writedata_i[14]           ;                   ;         ;
;      - ram[3][14]             ; 1                 ; 0       ;
;      - ram[4][14]             ; 1                 ; 0       ;
;      - ram[5][14]             ; 1                 ; 0       ;
;      - ram[6][14]             ; 1                 ; 0       ;
;      - ram[7][14]             ; 1                 ; 0       ;
;      - ram[8][14]             ; 1                 ; 0       ;
;      - ram[11][14]~feeder     ; 1                 ; 0       ;
;      - ram[10][14]~feeder     ; 1                 ; 0       ;
;      - ram[9][14]~feeder      ; 1                 ; 0       ;
;      - ram[12][14]~feeder     ; 1                 ; 0       ;
;      - ram[0][14]~feeder      ; 1                 ; 0       ;
;      - ram[2][14]~feeder      ; 1                 ; 0       ;
; avs_writedata_i[13]           ;                   ;         ;
;      - ram[3][13]             ; 1                 ; 0       ;
;      - ram[4][13]             ; 1                 ; 0       ;
;      - ram[5][13]             ; 1                 ; 0       ;
;      - ram[7][13]             ; 1                 ; 0       ;
;      - ram[0][13]             ; 1                 ; 0       ;
;      - ram[2][13]             ; 1                 ; 0       ;
;      - ram[8][13]             ; 1                 ; 0       ;
;      - ram[11][13]            ; 1                 ; 0       ;
;      - ram[12][13]            ; 1                 ; 0       ;
;      - ram[6][13]~feeder      ; 1                 ; 0       ;
;      - ram[9][13]~feeder      ; 1                 ; 0       ;
;      - ram[10][13]~feeder     ; 1                 ; 0       ;
; avs_writedata_i[12]           ;                   ;         ;
;      - ram[3][12]             ; 1                 ; 0       ;
;      - ram[4][12]             ; 1                 ; 0       ;
;      - ram[5][12]             ; 1                 ; 0       ;
;      - ram[6][12]             ; 1                 ; 0       ;
;      - ram[0][12]             ; 1                 ; 0       ;
;      - ram[8][12]             ; 1                 ; 0       ;
;      - ram[9][12]             ; 1                 ; 0       ;
;      - ram[10][12]            ; 1                 ; 0       ;
;      - ram[11][12]            ; 1                 ; 0       ;
;      - ram[12][12]            ; 1                 ; 0       ;
;      - ram[7][12]~feeder      ; 1                 ; 0       ;
;      - ram[2][12]~feeder      ; 1                 ; 0       ;
; avs_writedata_i[11]           ;                   ;         ;
;      - ram[3][11]             ; 1                 ; 0       ;
;      - ram[4][11]             ; 1                 ; 0       ;
;      - ram[5][11]             ; 1                 ; 0       ;
;      - ram[6][11]             ; 1                 ; 0       ;
;      - ram[7][11]             ; 1                 ; 0       ;
;      - ram[0][11]             ; 1                 ; 0       ;
;      - ram[2][11]             ; 1                 ; 0       ;
;      - ram[8][11]             ; 1                 ; 0       ;
;      - ram[11][11]            ; 1                 ; 0       ;
;      - ram[12][11]            ; 1                 ; 0       ;
;      - ram[9][11]~feeder      ; 1                 ; 0       ;
;      - ram[10][11]~feeder     ; 1                 ; 0       ;
; avs_writedata_i[10]           ;                   ;         ;
;      - ram[3][10]             ; 1                 ; 0       ;
;      - ram[4][10]             ; 1                 ; 0       ;
;      - ram[5][10]             ; 1                 ; 0       ;
;      - ram[6][10]             ; 1                 ; 0       ;
;      - ram[11][10]            ; 1                 ; 0       ;
;      - ram[12][10]            ; 1                 ; 0       ;
;      - ram[10][10]~feeder     ; 1                 ; 0       ;
;      - ram[9][10]~feeder      ; 1                 ; 0       ;
;      - ram[0][10]~feeder      ; 1                 ; 0       ;
;      - ram[7][10]~feeder      ; 1                 ; 0       ;
;      - ram[2][10]~feeder      ; 1                 ; 0       ;
;      - ram[8][10]~feeder      ; 1                 ; 0       ;
; avs_writedata_i[16]           ;                   ;         ;
;      - ram[5][16]             ; 0                 ; 0       ;
;      - ram[0][16]             ; 0                 ; 0       ;
;      - ram[4][16]             ; 0                 ; 0       ;
;      - ram[8][16]             ; 0                 ; 0       ;
;      - ram[9][16]             ; 0                 ; 0       ;
;      - ram[10][16]            ; 0                 ; 0       ;
;      - ram[11][16]            ; 0                 ; 0       ;
;      - ram[6][16]~feeder      ; 0                 ; 0       ;
;      - ram[3][16]~feeder      ; 0                 ; 0       ;
;      - ram[2][16]~feeder      ; 0                 ; 0       ;
;      - ram[12][16]~feeder     ; 0                 ; 0       ;
;      - ram[7][16]~feeder      ; 0                 ; 0       ;
; avs_byteenable_i[2]           ;                   ;         ;
;      - ram[2][16]~11          ; 1                 ; 0       ;
; avs_writedata_i[17]           ;                   ;         ;
;      - ram[5][17]             ; 0                 ; 0       ;
;      - ram[0][17]             ; 0                 ; 0       ;
;      - ram[4][17]             ; 0                 ; 0       ;
;      - ram[7][17]             ; 0                 ; 0       ;
;      - ram[8][17]             ; 0                 ; 0       ;
;      - ram[11][17]            ; 0                 ; 0       ;
;      - ram[2][17]~feeder      ; 0                 ; 0       ;
;      - ram[3][17]~feeder      ; 0                 ; 0       ;
;      - ram[12][17]~feeder     ; 0                 ; 0       ;
;      - ram[6][17]~feeder      ; 0                 ; 0       ;
;      - ram[10][17]~feeder     ; 0                 ; 0       ;
;      - ram[9][17]~feeder      ; 0                 ; 0       ;
; avs_writedata_i[18]           ;                   ;         ;
;      - ram[5][18]             ; 0                 ; 0       ;
;      - ram[6][18]             ; 0                 ; 0       ;
;      - ram[4][18]             ; 0                 ; 0       ;
;      - ram[7][18]             ; 0                 ; 0       ;
;      - ram[8][18]             ; 0                 ; 0       ;
;      - ram[12][18]            ; 0                 ; 0       ;
;      - ram[3][18]~feeder      ; 0                 ; 0       ;
;      - ram[0][18]~feeder      ; 0                 ; 0       ;
;      - ram[2][18]~feeder      ; 0                 ; 0       ;
;      - ram[9][18]~feeder      ; 0                 ; 0       ;
;      - ram[10][18]~feeder     ; 0                 ; 0       ;
;      - ram[11][18]~feeder     ; 0                 ; 0       ;
; avs_writedata_i[19]           ;                   ;         ;
;      - ram[5][19]             ; 0                 ; 0       ;
;      - ram[6][19]             ; 0                 ; 0       ;
;      - ram[0][19]             ; 0                 ; 0       ;
;      - ram[2][19]             ; 0                 ; 0       ;
;      - ram[3][19]             ; 0                 ; 0       ;
;      - ram[4][19]             ; 0                 ; 0       ;
;      - ram[7][19]             ; 0                 ; 0       ;
;      - ram[8][19]             ; 0                 ; 0       ;
;      - ram[10][19]            ; 0                 ; 0       ;
;      - ram[11][19]            ; 0                 ; 0       ;
;      - ram[12][19]            ; 0                 ; 0       ;
;      - ram[9][19]~feeder      ; 0                 ; 0       ;
; avs_writedata_i[23]           ;                   ;         ;
;      - ram[5][23]             ; 1                 ; 0       ;
;      - ram[6][23]             ; 1                 ; 0       ;
;      - ram[3][23]             ; 1                 ; 0       ;
;      - ram[4][23]             ; 1                 ; 0       ;
;      - ram[11][23]            ; 1                 ; 0       ;
;      - ram[12][23]            ; 1                 ; 0       ;
;      - ram[8][23]~feeder      ; 1                 ; 0       ;
;      - ram[7][23]~feeder      ; 1                 ; 0       ;
;      - ram[0][23]~feeder      ; 1                 ; 0       ;
;      - ram[2][23]~feeder      ; 1                 ; 0       ;
;      - ram[9][23]~feeder      ; 1                 ; 0       ;
;      - ram[10][23]~feeder     ; 1                 ; 0       ;
; avs_writedata_i[22]           ;                   ;         ;
;      - ram[5][22]             ; 1                 ; 0       ;
;      - ram[6][22]             ; 1                 ; 0       ;
;      - ram[3][22]             ; 1                 ; 0       ;
;      - ram[4][22]             ; 1                 ; 0       ;
;      - ram[8][22]             ; 1                 ; 0       ;
;      - ram[10][22]            ; 1                 ; 0       ;
;      - ram[11][22]            ; 1                 ; 0       ;
;      - ram[12][22]            ; 1                 ; 0       ;
;      - ram[2][22]~feeder      ; 1                 ; 0       ;
;      - ram[0][22]~feeder      ; 1                 ; 0       ;
;      - ram[7][22]~feeder      ; 1                 ; 0       ;
;      - ram[9][22]~feeder      ; 1                 ; 0       ;
; avs_writedata_i[21]           ;                   ;         ;
;      - ram[5][21]             ; 0                 ; 0       ;
;      - ram[6][21]             ; 0                 ; 0       ;
;      - ram[0][21]             ; 0                 ; 0       ;
;      - ram[2][21]             ; 0                 ; 0       ;
;      - ram[4][21]             ; 0                 ; 0       ;
;      - ram[7][21]             ; 0                 ; 0       ;
;      - ram[8][21]             ; 0                 ; 0       ;
;      - ram[11][21]            ; 0                 ; 0       ;
;      - ram[12][21]            ; 0                 ; 0       ;
;      - ram[3][21]~feeder      ; 0                 ; 0       ;
;      - ram[10][21]~feeder     ; 0                 ; 0       ;
;      - ram[9][21]~feeder      ; 0                 ; 0       ;
; avs_writedata_i[20]           ;                   ;         ;
;      - ram[5][20]             ; 1                 ; 0       ;
;      - ram[0][20]             ; 1                 ; 0       ;
;      - ram[2][20]             ; 1                 ; 0       ;
;      - ram[3][20]             ; 1                 ; 0       ;
;      - ram[4][20]             ; 1                 ; 0       ;
;      - ram[7][20]             ; 1                 ; 0       ;
;      - ram[8][20]             ; 1                 ; 0       ;
;      - ram[6][20]~feeder      ; 1                 ; 0       ;
;      - ram[12][20]~feeder     ; 1                 ; 0       ;
;      - ram[9][20]~feeder      ; 1                 ; 0       ;
;      - ram[11][20]~feeder     ; 1                 ; 0       ;
;      - ram[10][20]~feeder     ; 1                 ; 0       ;
; neurax_input_ready_i          ;                   ;         ;
;      - ram[1][0]~feeder       ; 1                 ; 0       ;
; neurax_output_valid_i         ;                   ;         ;
;      - ram[1][3]              ; 0                 ; 0       ;
; neurax_operation_done_i       ;                   ;         ;
;      - ram[1][4]~feeder       ; 0                 ; 0       ;
; neurax_operation_busy_i       ;                   ;         ;
;      - ram[1][5]              ; 0                 ; 0       ;
; neurax_current_operation_i[0] ;                   ;         ;
;      - ram[1][6]              ; 1                 ; 0       ;
; neurax_current_operation_i[1] ;                   ;         ;
;      - ram[1][7]              ; 0                 ; 0       ;
; neurax_weight_ready_i         ;                   ;         ;
;      - ram[1][17]             ; 0                 ; 0       ;
; neurax_bias_ready_i           ;                   ;         ;
;      - ram[1][18]             ; 0                 ; 0       ;
+-------------------------------+-------------------+---------+


+-----------------------------------------------------------------------------------------------------------------------------------------------+
; Control Signals                                                                                                                               ;
+----------------+----------------------+---------+--------------+--------+----------------------+------------------+---------------------------+
; Name           ; Location             ; Fan-Out ; Usage        ; Global ; Global Resource Used ; Global Line Name ; Enable Signal Source Name ;
+----------------+----------------------+---------+--------------+--------+----------------------+------------------+---------------------------+
; clk_i          ; PIN_AA26             ; 425     ; Clock        ; yes    ; Global Clock         ; GCLK11           ; --                        ;
; process_1~0    ; LABCELL_X63_Y11_N27  ; 33      ; Clock enable ; no     ; --                   ; --               ; --                        ;
; ram[0][0]~1    ; MLABCELL_X28_Y10_N3  ; 8       ; Clock enable ; no     ; --                   ; --               ; --                        ;
; ram[0][16]~20  ; LABCELL_X74_Y9_N33   ; 8       ; Clock enable ; no     ; --                   ; --               ; --                        ;
; ram[0][24]~42  ; LABCELL_X62_Y9_N51   ; 8       ; Clock enable ; no     ; --                   ; --               ; --                        ;
; ram[0][8]~26   ; LABCELL_X73_Y12_N12  ; 8       ; Clock enable ; no     ; --                   ; --               ; --                        ;
; ram[10][0]~23  ; LABCELL_X29_Y11_N57  ; 8       ; Clock enable ; no     ; --                   ; --               ; --                        ;
; ram[10][16]~39 ; LABCELL_X74_Y9_N57   ; 8       ; Clock enable ; no     ; --                   ; --               ; --                        ;
; ram[10][24]~49 ; LABCELL_X62_Y9_N21   ; 8       ; Clock enable ; no     ; --                   ; --               ; --                        ;
; ram[10][8]~30  ; LABCELL_X73_Y12_N18  ; 8       ; Clock enable ; no     ; --                   ; --               ; --                        ;
; ram[11][0]~24  ; MLABCELL_X28_Y10_N24 ; 8       ; Clock enable ; no     ; --                   ; --               ; --                        ;
; ram[11][16]~40 ; LABCELL_X74_Y9_N48   ; 8       ; Clock enable ; no     ; --                   ; --               ; --                        ;
; ram[11][24]~50 ; LABCELL_X62_Y9_N48   ; 8       ; Clock enable ; no     ; --                   ; --               ; --                        ;
; ram[11][8]~31  ; LABCELL_X73_Y12_N21  ; 8       ; Clock enable ; no     ; --                   ; --               ; --                        ;
; ram[12][0]~25  ; MLABCELL_X28_Y10_N9  ; 8       ; Clock enable ; no     ; --                   ; --               ; --                        ;
; ram[12][16]~41 ; LABCELL_X74_Y9_N3    ; 8       ; Clock enable ; no     ; --                   ; --               ; --                        ;
; ram[12][24]~51 ; LABCELL_X62_Y9_N39   ; 8       ; Clock enable ; no     ; --                   ; --               ; --                        ;
; ram[12][8]~32  ; LABCELL_X74_Y13_N12  ; 8       ; Clock enable ; no     ; --                   ; --               ; --                        ;
; ram[2][0]~21   ; LABCELL_X29_Y10_N21  ; 8       ; Clock enable ; no     ; --                   ; --               ; --                        ;
; ram[2][16]~34  ; LABCELL_X74_Y9_N51   ; 8       ; Clock enable ; no     ; --                   ; --               ; --                        ;
; ram[2][24]~43  ; LABCELL_X62_Y9_N30   ; 8       ; Clock enable ; no     ; --                   ; --               ; --                        ;
; ram[2][8]~27   ; LABCELL_X73_Y12_N0   ; 8       ; Clock enable ; no     ; --                   ; --               ; --                        ;
; ram[3][0]~4    ; MLABCELL_X28_Y10_N18 ; 8       ; Clock enable ; no     ; --                   ; --               ; --                        ;
; ram[3][16]~33  ; LABCELL_X74_Y9_N9    ; 8       ; Clock enable ; no     ; --                   ; --               ; --                        ;
; ram[3][24]~3   ; LABCELL_X62_Y9_N0    ; 8       ; Clock enable ; no     ; --                   ; --               ; --                        ;
; ram[3][8]~6    ; LABCELL_X68_Y9_N12   ; 8       ; Clock enable ; no     ; --                   ; --               ; --                        ;
; ram[4][0]~7    ; MLABCELL_X28_Y10_N15 ; 8       ; Clock enable ; no     ; --                   ; --               ; --                        ;
; ram[4][16]~35  ; LABCELL_X74_Y9_N36   ; 8       ; Clock enable ; no     ; --                   ; --               ; --                        ;
; ram[4][24]~44  ; LABCELL_X62_Y9_N42   ; 8       ; Clock enable ; no     ; --                   ; --               ; --                        ;
; ram[4][8]~8    ; LABCELL_X73_Y12_N45  ; 8       ; Clock enable ; no     ; --                   ; --               ; --                        ;
; ram[5][0]~9    ; MLABCELL_X28_Y10_N36 ; 8       ; Clock enable ; no     ; --                   ; --               ; --                        ;
; ram[5][23]~12  ; LABCELL_X62_Y9_N6    ; 8       ; Clock enable ; no     ; --                   ; --               ; --                        ;
; ram[5][24]~13  ; LABCELL_X62_Y9_N45   ; 8       ; Clock enable ; no     ; --                   ; --               ; --                        ;
; ram[5][8]~10   ; LABCELL_X74_Y13_N42  ; 8       ; Clock enable ; no     ; --                   ; --               ; --                        ;
; ram[6][23]~16  ; LABCELL_X62_Y9_N9    ; 8       ; Clock enable ; no     ; --                   ; --               ; --                        ;
; ram[6][24]~45  ; LABCELL_X62_Y9_N33   ; 8       ; Clock enable ; no     ; --                   ; --               ; --                        ;
; ram[6][7]~14   ; MLABCELL_X28_Y10_N39 ; 8       ; Clock enable ; no     ; --                   ; --               ; --                        ;
; ram[6][8]~15   ; LABCELL_X74_Y13_N3   ; 8       ; Clock enable ; no     ; --                   ; --               ; --                        ;
; ram[7][0]~17   ; MLABCELL_X28_Y10_N21 ; 8       ; Clock enable ; no     ; --                   ; --               ; --                        ;
; ram[7][16]~36  ; LABCELL_X74_Y9_N18   ; 8       ; Clock enable ; no     ; --                   ; --               ; --                        ;
; ram[7][24]~46  ; LABCELL_X62_Y9_N3    ; 8       ; Clock enable ; no     ; --                   ; --               ; --                        ;
; ram[7][8]~18   ; LABCELL_X73_Y12_N42  ; 8       ; Clock enable ; no     ; --                   ; --               ; --                        ;
; ram[8][0]~19   ; MLABCELL_X28_Y10_N6  ; 8       ; Clock enable ; no     ; --                   ; --               ; --                        ;
; ram[8][16]~37  ; LABCELL_X74_Y9_N0    ; 8       ; Clock enable ; no     ; --                   ; --               ; --                        ;
; ram[8][24]~47  ; LABCELL_X62_Y9_N36   ; 8       ; Clock enable ; no     ; --                   ; --               ; --                        ;
; ram[8][8]~28   ; LABCELL_X73_Y12_N15  ; 8       ; Clock enable ; no     ; --                   ; --               ; --                        ;
; ram[9][0]~22   ; MLABCELL_X28_Y10_N30 ; 8       ; Clock enable ; no     ; --                   ; --               ; --                        ;
; ram[9][16]~38  ; LABCELL_X74_Y9_N54   ; 8       ; Clock enable ; no     ; --                   ; --               ; --                        ;
; ram[9][24]~48  ; LABCELL_X62_Y9_N18   ; 8       ; Clock enable ; no     ; --                   ; --               ; --                        ;
; ram[9][8]~29   ; LABCELL_X73_Y12_N39  ; 8       ; Clock enable ; no     ; --                   ; --               ; --                        ;
; rst_i          ; PIN_AB27             ; 425     ; Async. clear ; yes    ; Global Clock         ; GCLK9            ; --                        ;
+----------------+----------------------+---------+--------------+--------+----------------------+------------------+---------------------------+


+--------------------------------------------------------------------------------------------------+
; Global & Other Fast Signals                                                                      ;
+-------+----------+---------+----------------------+------------------+---------------------------+
; Name  ; Location ; Fan-Out ; Global Resource Used ; Global Line Name ; Enable Signal Source Name ;
+-------+----------+---------+----------------------+------------------+---------------------------+
; clk_i ; PIN_AA26 ; 425     ; Global Clock         ; GCLK11           ; --                        ;
; rst_i ; PIN_AB27 ; 425     ; Global Clock         ; GCLK9            ; --                        ;
+-------+----------+---------+----------------------+------------------+---------------------------+


+-------------------------------------------------------------------------+
; Routing Usage Summary                                                   ;
+---------------------------------------------+---------------------------+
; Routing Resource Type                       ; Usage                     ;
+---------------------------------------------+---------------------------+
; Block interconnects                         ; 1,019 / 289,320 ( < 1 % ) ;
; C12 interconnects                           ; 90 / 13,420 ( < 1 % )     ;
; C2 interconnects                            ; 309 / 119,108 ( < 1 % )   ;
; C4 interconnects                            ; 266 / 56,300 ( < 1 % )    ;
; DQS bus muxes                               ; 0 / 25 ( 0 % )            ;
; DQS-18 I/O buses                            ; 0 / 25 ( 0 % )            ;
; DQS-9 I/O buses                             ; 0 / 25 ( 0 % )            ;
; Direct links                                ; 124 / 289,320 ( < 1 % )   ;
; Global clocks                               ; 2 / 16 ( 13 % )           ;
; HPS SDRAM PLL inputs                        ; 0 / 1 ( 0 % )             ;
; HPS SDRAM PLL outputs                       ; 0 / 1 ( 0 % )             ;
; HPS_INTERFACE_BOOT_FROM_FPGA_INPUTs         ; 0 / 9 ( 0 % )             ;
; HPS_INTERFACE_CLOCKS_RESETS_INPUTs          ; 0 / 7 ( 0 % )             ;
; HPS_INTERFACE_CLOCKS_RESETS_OUTPUTs         ; 0 / 6 ( 0 % )             ;
; HPS_INTERFACE_CROSS_TRIGGER_INPUTs          ; 0 / 18 ( 0 % )            ;
; HPS_INTERFACE_CROSS_TRIGGER_OUTPUTs         ; 0 / 24 ( 0 % )            ;
; HPS_INTERFACE_DBG_APB_INPUTs                ; 0 / 37 ( 0 % )            ;
; HPS_INTERFACE_DBG_APB_OUTPUTs               ; 0 / 55 ( 0 % )            ;
; HPS_INTERFACE_DMA_INPUTs                    ; 0 / 16 ( 0 % )            ;
; HPS_INTERFACE_DMA_OUTPUTs                   ; 0 / 8 ( 0 % )             ;
; HPS_INTERFACE_FPGA2HPS_INPUTs               ; 0 / 287 ( 0 % )           ;
; HPS_INTERFACE_FPGA2HPS_OUTPUTs              ; 0 / 154 ( 0 % )           ;
; HPS_INTERFACE_FPGA2SDRAM_INPUTs             ; 0 / 852 ( 0 % )           ;
; HPS_INTERFACE_FPGA2SDRAM_OUTPUTs            ; 0 / 408 ( 0 % )           ;
; HPS_INTERFACE_HPS2FPGA_INPUTs               ; 0 / 165 ( 0 % )           ;
; HPS_INTERFACE_HPS2FPGA_LIGHT_WEIGHT_INPUTs  ; 0 / 67 ( 0 % )            ;
; HPS_INTERFACE_HPS2FPGA_LIGHT_WEIGHT_OUTPUTs ; 0 / 156 ( 0 % )           ;
; HPS_INTERFACE_HPS2FPGA_OUTPUTs              ; 0 / 282 ( 0 % )           ;
; HPS_INTERFACE_INTERRUPTS_INPUTs             ; 0 / 64 ( 0 % )            ;
; HPS_INTERFACE_INTERRUPTS_OUTPUTs            ; 0 / 42 ( 0 % )            ;
; HPS_INTERFACE_JTAG_OUTPUTs                  ; 0 / 5 ( 0 % )             ;
; HPS_INTERFACE_LOAN_IO_INPUTs                ; 0 / 142 ( 0 % )           ;
; HPS_INTERFACE_LOAN_IO_OUTPUTs               ; 0 / 85 ( 0 % )            ;
; HPS_INTERFACE_MPU_EVENT_STANDBY_INPUTs      ; 0 / 1 ( 0 % )             ;
; HPS_INTERFACE_MPU_EVENT_STANDBY_OUTPUTs     ; 0 / 5 ( 0 % )             ;
; HPS_INTERFACE_MPU_GENERAL_PURPOSE_INPUTs    ; 0 / 32 ( 0 % )            ;
; HPS_INTERFACE_MPU_GENERAL_PURPOSE_OUTPUTs   ; 0 / 32 ( 0 % )            ;
; HPS_INTERFACE_PERIPHERAL_CAN_INPUTs         ; 0 / 2 ( 0 % )             ;
; HPS_INTERFACE_PERIPHERAL_CAN_OUTPUTs        ; 0 / 2 ( 0 % )             ;
; HPS_INTERFACE_PERIPHERAL_EMAC_INPUTs        ; 0 / 32 ( 0 % )            ;
; HPS_INTERFACE_PERIPHERAL_EMAC_OUTPUTs       ; 0 / 34 ( 0 % )            ;
; HPS_INTERFACE_PERIPHERAL_I2C_INPUTs         ; 0 / 8 ( 0 % )             ;
; HPS_INTERFACE_PERIPHERAL_I2C_OUTPUTs        ; 0 / 8 ( 0 % )             ;
; HPS_INTERFACE_PERIPHERAL_NAND_INPUTs        ; 0 / 12 ( 0 % )            ;
; HPS_INTERFACE_PERIPHERAL_NAND_OUTPUTs       ; 0 / 18 ( 0 % )            ;
; HPS_INTERFACE_PERIPHERAL_QSPI_INPUTs        ; 0 / 4 ( 0 % )             ;
; HPS_INTERFACE_PERIPHERAL_QSPI_OUTPUTs       ; 0 / 13 ( 0 % )            ;
; HPS_INTERFACE_PERIPHERAL_SDMMC_INPUTs       ; 0 / 13 ( 0 % )            ;
; HPS_INTERFACE_PERIPHERAL_SDMMC_OUTPUTs      ; 0 / 22 ( 0 % )            ;
; HPS_INTERFACE_PERIPHERAL_SPI_MASTER_INPUTs  ; 0 / 4 ( 0 % )             ;
; HPS_INTERFACE_PERIPHERAL_SPI_MASTER_OUTPUTs ; 0 / 14 ( 0 % )            ;
; HPS_INTERFACE_PERIPHERAL_SPI_SLAVE_INPUTs   ; 0 / 6 ( 0 % )             ;
; HPS_INTERFACE_PERIPHERAL_SPI_SLAVE_OUTPUTs  ; 0 / 4 ( 0 % )             ;
; HPS_INTERFACE_PERIPHERAL_UART_INPUTs        ; 0 / 10 ( 0 % )            ;
; HPS_INTERFACE_PERIPHERAL_UART_OUTPUTs       ; 0 / 10 ( 0 % )            ;
; HPS_INTERFACE_PERIPHERAL_USB_INPUTs         ; 0 / 22 ( 0 % )            ;
; HPS_INTERFACE_PERIPHERAL_USB_OUTPUTs        ; 0 / 34 ( 0 % )            ;
; HPS_INTERFACE_STM_EVENT_INPUTs              ; 0 / 28 ( 0 % )            ;
; HPS_INTERFACE_TEST_INPUTs                   ; 0 / 610 ( 0 % )           ;
; HPS_INTERFACE_TEST_OUTPUTs                  ; 0 / 513 ( 0 % )           ;
; HPS_INTERFACE_TPIU_TRACE_INPUTs             ; 0 / 2 ( 0 % )             ;
; HPS_INTERFACE_TPIU_TRACE_OUTPUTs            ; 0 / 33 ( 0 % )            ;
; Horizontal periphery clocks                 ; 0 / 72 ( 0 % )            ;
; Local interconnects                         ; 303 / 84,580 ( < 1 % )    ;
; Quadrant clocks                             ; 0 / 66 ( 0 % )            ;
; R14 interconnects                           ; 79 / 12,676 ( < 1 % )     ;
; R14/C12 interconnect drivers                ; 122 / 20,720 ( < 1 % )    ;
; R3 interconnects                            ; 418 / 130,992 ( < 1 % )   ;
; R6 interconnects                            ; 562 / 266,960 ( < 1 % )   ;
; Spine clocks                                ; 6 / 360 ( 2 % )           ;
; Wire stub REs                               ; 0 / 15,858 ( 0 % )        ;
+---------------------------------------------+---------------------------+


+------------------------------------------+
; I/O Rules Summary                        ;
+----------------------------------+-------+
; I/O Rules Statistic              ; Total ;
+----------------------------------+-------+
; Total I/O Rules                  ; 28    ;
; Number of I/O Rules Passed       ; 6     ;
; Number of I/O Rules Failed       ; 0     ;
; Number of I/O Rules Unchecked    ; 0     ;
; Number of I/O Rules Inapplicable ; 22    ;
+----------------------------------+-------+


+-----------------------------------------------------------------------------------------------------------------------------------------------------------------------------------------------------------------------------------------------------------------------------------+
; I/O Rules Details                                                                                                                                                                                                                                                                 ;
+--------------+-----------+-----------------------------------+------------------------------------------------------------------------------------+----------+--------------------------------------------------------------------------+---------------------+-------------------+
; Status       ; ID        ; Category                          ; Rule Description                                                                   ; Severity ; Information                                                              ; Area                ; Extra Information ;
+--------------+-----------+-----------------------------------+------------------------------------------------------------------------------------+----------+--------------------------------------------------------------------------+---------------------+-------------------+
; Inapplicable ; IO_000001 ; Capacity Checks                   ; Number of pins in an I/O bank should not exceed the number of locations available. ; Critical ; No Location assignments found.                                           ; I/O                 ;                   ;
; Inapplicable ; IO_000002 ; Capacity Checks                   ; Number of clocks in an I/O bank should not exceed the number of clocks available.  ; Critical ; No Global Signal assignments found.                                      ; I/O                 ;                   ;
; Inapplicable ; IO_000003 ; Capacity Checks                   ; Number of pins in a Vrefgroup should not exceed the number of locations available. ; Critical ; No Location assignments found.                                           ; I/O                 ;                   ;
; Inapplicable ; IO_000004 ; Voltage Compatibility Checks      ; The I/O bank should support the requested VCCIO.                                   ; Critical ; No IOBANK_VCCIO assignments found.                                       ; I/O                 ;                   ;
; Inapplicable ; IO_000005 ; Voltage Compatibility Checks      ; The I/O bank should not have competing VREF values.                                ; Critical ; No VREF I/O Standard assignments found.                                  ; I/O                 ;                   ;
; Pass         ; IO_000006 ; Voltage Compatibility Checks      ; The I/O bank should not have competing VCCIO values.                               ; Critical ; 0 such failures found.                                                   ; I/O                 ;                   ;
; Inapplicable ; IO_000007 ; Valid Location Checks             ; Checks for unavailable locations.                                                  ; Critical ; No Location assignments found.                                           ; I/O                 ;                   ;
; Inapplicable ; IO_000008 ; Valid Location Checks             ; Checks for reserved locations.                                                     ; Critical ; No reserved LogicLock region found.                                      ; I/O                 ;                   ;
; Pass         ; IO_000009 ; I/O Properties Checks for One I/O ; The location should support the requested I/O standard.                            ; Critical ; 0 such failures found.                                                   ; I/O                 ;                   ;
; Pass         ; IO_000010 ; I/O Properties Checks for One I/O ; The location should support the requested I/O direction.                           ; Critical ; 0 such failures found.                                                   ; I/O                 ;                   ;
; Inapplicable ; IO_000011 ; I/O Properties Checks for One I/O ; The location should support the requested Current Strength.                        ; Critical ; No Current Strength assignments found.                                   ; I/O                 ;                   ;
; Pass         ; IO_000012 ; I/O Properties Checks for One I/O ; The location should support the requested On Chip Termination value.               ; Critical ; 0 such failures found.                                                   ; I/O                 ;                   ;
; Inapplicable ; IO_000013 ; I/O Properties Checks for One I/O ; The location should support the requested Bus Hold value.                          ; Critical ; No Enable Bus-Hold Circuitry assignments found.                          ; I/O                 ;                   ;
; Inapplicable ; IO_000014 ; I/O Properties Checks for One I/O ; The location should support the requested Weak Pull Up value.                      ; Critical ; No Weak Pull-Up Resistor assignments found.                              ; I/O                 ;                   ;
; Inapplicable ; IO_000015 ; I/O Properties Checks for One I/O ; The location should support the requested PCI Clamp Diode.                         ; Critical ; No Clamping Diode assignments found.                                     ; I/O                 ;                   ;
; Inapplicable ; IO_000018 ; I/O Properties Checks for One I/O ; The I/O standard should support the requested Current Strength.                    ; Critical ; No Current Strength assignments found.                                   ; I/O                 ;                   ;
; Pass         ; IO_000019 ; I/O Properties Checks for One I/O ; The I/O standard should support the requested On Chip Termination value.           ; Critical ; 0 such failures found.                                                   ; I/O                 ;                   ;
; Inapplicable ; IO_000020 ; I/O Properties Checks for One I/O ; The I/O standard should support the requested PCI Clamp Diode.                     ; Critical ; No Clamping Diode assignments found.                                     ; I/O                 ;                   ;
; Inapplicable ; IO_000021 ; I/O Properties Checks for One I/O ; The I/O standard should support the requested Weak Pull Up value.                  ; Critical ; No Weak Pull-Up Resistor assignments found.                              ; I/O                 ;                   ;
; Inapplicable ; IO_000022 ; I/O Properties Checks for One I/O ; The I/O standard should support the requested Bus Hold value.                      ; Critical ; No Enable Bus-Hold Circuitry assignments found.                          ; I/O                 ;                   ;
; Inapplicable ; IO_000023 ; I/O Properties Checks for One I/O ; The I/O standard should support the Open Drain value.                              ; Critical ; No open drain assignments found.                                         ; I/O                 ;                   ;
; Pass         ; IO_000024 ; I/O Properties Checks for One I/O ; The I/O direction should support the On Chip Termination value.                    ; Critical ; 0 such failures found.                                                   ; I/O                 ;                   ;
; Inapplicable ; IO_000026 ; I/O Properties Checks for One I/O ; On Chip Termination and Current Strength should not be used at the same time.      ; Critical ; No Current Strength assignments found.                                   ; I/O                 ;                   ;
; Inapplicable ; IO_000027 ; I/O Properties Checks for One I/O ; Weak Pull Up and Bus Hold should not be used at the same time.                     ; Critical ; No Enable Bus-Hold Circuitry or Weak Pull-Up Resistor assignments found. ; I/O                 ;                   ;
; Inapplicable ; IO_000045 ; I/O Properties Checks for One I/O ; The I/O standard should support the requested Slew Rate value.                     ; Critical ; No Slew Rate assignments found.                                          ; I/O                 ;                   ;
; Inapplicable ; IO_000046 ; I/O Properties Checks for One I/O ; The location should support the requested Slew Rate value.                         ; Critical ; No Slew Rate assignments found.                                          ; I/O                 ;                   ;
; Inapplicable ; IO_000047 ; I/O Properties Checks for One I/O ; On Chip Termination and Slew Rate should not be used at the same time.             ; Critical ; No Slew Rate assignments found.                                          ; I/O                 ;                   ;
; Inapplicable ; IO_000034 ; SI Related Distance Checks        ; Single-ended outputs should be 0 LAB row(s) away from a differential I/O.          ; High     ; No Differential I/O Standard assignments found.                          ; I/O                 ;                   ;
; ----         ; ----      ; Disclaimer                        ; OCT rules are checked but not reported.                                            ; None     ; ----                                                                     ; On Chip Termination ;                   ;
+--------------+-----------+-----------------------------------+------------------------------------------------------------------------------------+----------+--------------------------------------------------------------------------+---------------------+-------------------+


+----------------------------------------------------------------------------------------------------------------------------------------------------------------------------------------------------------------------------------------------------------------------------------------------------------------------------------------------------------------------------------------------------------------------------------------------------------------+
; I/O Rules Matrix                                                                                                                                                                                                                                                                                                                                                                                                                                               ;
+-------------------------------------+--------------+--------------+--------------+--------------+--------------+-----------+--------------+--------------+-----------+-----------+--------------+--------------+--------------+--------------+--------------+--------------+--------------+--------------+--------------+--------------+--------------+--------------+--------------+--------------+--------------+--------------+--------------+--------------+
; Pin/Rules                           ; IO_000001    ; IO_000002    ; IO_000003    ; IO_000004    ; IO_000005    ; IO_000006 ; IO_000007    ; IO_000008    ; IO_000009 ; IO_000010 ; IO_000011    ; IO_000012    ; IO_000013    ; IO_000014    ; IO_000015    ; IO_000018    ; IO_000019    ; IO_000020    ; IO_000021    ; IO_000022    ; IO_000023    ; IO_000024    ; IO_000026    ; IO_000027    ; IO_000045    ; IO_000046    ; IO_000047    ; IO_000034    ;
+-------------------------------------+--------------+--------------+--------------+--------------+--------------+-----------+--------------+--------------+-----------+-----------+--------------+--------------+--------------+--------------+--------------+--------------+--------------+--------------+--------------+--------------+--------------+--------------+--------------+--------------+--------------+--------------+--------------+--------------+
; Total Pass                          ; 0            ; 0            ; 0            ; 0            ; 0            ; 208       ; 0            ; 0            ; 208       ; 208       ; 0            ; 155          ; 0            ; 0            ; 0            ; 0            ; 155          ; 0            ; 0            ; 0            ; 0            ; 155          ; 0            ; 0            ; 0            ; 0            ; 0            ; 0            ;
; Total Unchecked                     ; 0            ; 0            ; 0            ; 0            ; 0            ; 0         ; 0            ; 0            ; 0         ; 0         ; 0            ; 0            ; 0            ; 0            ; 0            ; 0            ; 0            ; 0            ; 0            ; 0            ; 0            ; 0            ; 0            ; 0            ; 0            ; 0            ; 0            ; 0            ;
; Total Inapplicable                  ; 208          ; 208          ; 208          ; 208          ; 208          ; 0         ; 208          ; 208          ; 0         ; 0         ; 208          ; 53           ; 208          ; 208          ; 208          ; 208          ; 53           ; 208          ; 208          ; 208          ; 208          ; 53           ; 208          ; 208          ; 208          ; 208          ; 208          ; 208          ;
; Total Fail                          ; 0            ; 0            ; 0            ; 0            ; 0            ; 0         ; 0            ; 0            ; 0         ; 0         ; 0            ; 0            ; 0            ; 0            ; 0            ; 0            ; 0            ; 0            ; 0            ; 0            ; 0            ; 0            ; 0            ; 0            ; 0            ; 0            ; 0            ; 0            ;
; avs_readdata_o[0]                   ; Inapplicable ; Inapplicable ; Inapplicable ; Inapplicable ; Inapplicable ; Pass      ; Inapplicable ; Inapplicable ; Pass      ; Pass      ; Inapplicable ; Pass         ; Inapplicable ; Inapplicable ; Inapplicable ; Inapplicable ; Pass         ; Inapplicable ; Inapplicable ; Inapplicable ; Inapplicable ; Pass         ; Inapplicable ; Inapplicable ; Inapplicable ; Inapplicable ; Inapplicable ; Inapplicable ;
; avs_readdata_o[1]                   ; Inapplicable ; Inapplicable ; Inapplicable ; Inapplicable ; Inapplicable ; Pass      ; Inapplicable ; Inapplicable ; Pass      ; Pass      ; Inapplicable ; Pass         ; Inapplicable ; Inapplicable ; Inapplicable ; Inapplicable ; Pass         ; Inapplicable ; Inapplicable ; Inapplicable ; Inapplicable ; Pass         ; Inapplicable ; Inapplicable ; Inapplicable ; Inapplicable ; Inapplicable ; Inapplicable ;
; avs_readdata_o[2]                   ; Inapplicable ; Inapplicable ; Inapplicable ; Inapplicable ; Inapplicable ; Pass      ; Inapplicable ; Inapplicable ; Pass      ; Pass      ; Inapplicable ; Pass         ; Inapplicable ; Inapplicable ; Inapplicable ; Inapplicable ; Pass         ; Inapplicable ; Inapplicable ; Inapplicable ; Inapplicable ; Pass         ; Inapplicable ; Inapplicable ; Inapplicable ; Inapplicable ; Inapplicable ; Inapplicable ;
; avs_readdata_o[3]                   ; Inapplicable ; Inapplicable ; Inapplicable ; Inapplicable ; Inapplicable ; Pass      ; Inapplicable ; Inapplicable ; Pass      ; Pass      ; Inapplicable ; Pass         ; Inapplicable ; Inapplicable ; Inapplicable ; Inapplicable ; Pass         ; Inapplicable ; Inapplicable ; Inapplicable ; Inapplicable ; Pass         ; Inapplicable ; Inapplicable ; Inapplicable ; Inapplicable ; Inapplicable ; Inapplicable ;
; avs_readdata_o[4]                   ; Inapplicable ; Inapplicable ; Inapplicable ; Inapplicable ; Inapplicable ; Pass      ; Inapplicable ; Inapplicable ; Pass      ; Pass      ; Inapplicable ; Pass         ; Inapplicable ; Inapplicable ; Inapplicable ; Inapplicable ; Pass         ; Inapplicable ; Inapplicable ; Inapplicable ; Inapplicable ; Pass         ; Inapplicable ; Inapplicable ; Inapplicable ; Inapplicable ; Inapplicable ; Inapplicable ;
; avs_readdata_o[5]                   ; Inapplicable ; Inapplicable ; Inapplicable ; Inapplicable ; Inapplicable ; Pass      ; Inapplicable ; Inapplicable ; Pass      ; Pass      ; Inapplicable ; Pass         ; Inapplicable ; Inapplicable ; Inapplicable ; Inapplicable ; Pass         ; Inapplicable ; Inapplicable ; Inapplicable ; Inapplicable ; Pass         ; Inapplicable ; Inapplicable ; Inapplicable ; Inapplicable ; Inapplicable ; Inapplicable ;
; avs_readdata_o[6]                   ; Inapplicable ; Inapplicable ; Inapplicable ; Inapplicable ; Inapplicable ; Pass      ; Inapplicable ; Inapplicable ; Pass      ; Pass      ; Inapplicable ; Pass         ; Inapplicable ; Inapplicable ; Inapplicable ; Inapplicable ; Pass         ; Inapplicable ; Inapplicable ; Inapplicable ; Inapplicable ; Pass         ; Inapplicable ; Inapplicable ; Inapplicable ; Inapplicable ; Inapplicable ; Inapplicable ;
; avs_readdata_o[7]                   ; Inapplicable ; Inapplicable ; Inapplicable ; Inapplicable ; Inapplicable ; Pass      ; Inapplicable ; Inapplicable ; Pass      ; Pass      ; Inapplicable ; Pass         ; Inapplicable ; Inapplicable ; Inapplicable ; Inapplicable ; Pass         ; Inapplicable ; Inapplicable ; Inapplicable ; Inapplicable ; Pass         ; Inapplicable ; Inapplicable ; Inapplicable ; Inapplicable ; Inapplicable ; Inapplicable ;
; avs_readdata_o[8]                   ; Inapplicable ; Inapplicable ; Inapplicable ; Inapplicable ; Inapplicable ; Pass      ; Inapplicable ; Inapplicable ; Pass      ; Pass      ; Inapplicable ; Pass         ; Inapplicable ; Inapplicable ; Inapplicable ; Inapplicable ; Pass         ; Inapplicable ; Inapplicable ; Inapplicable ; Inapplicable ; Pass         ; Inapplicable ; Inapplicable ; Inapplicable ; Inapplicable ; Inapplicable ; Inapplicable ;
; avs_readdata_o[9]                   ; Inapplicable ; Inapplicable ; Inapplicable ; Inapplicable ; Inapplicable ; Pass      ; Inapplicable ; Inapplicable ; Pass      ; Pass      ; Inapplicable ; Pass         ; Inapplicable ; Inapplicable ; Inapplicable ; Inapplicable ; Pass         ; Inapplicable ; Inapplicable ; Inapplicable ; Inapplicable ; Pass         ; Inapplicable ; Inapplicable ; Inapplicable ; Inapplicable ; Inapplicable ; Inapplicable ;
; avs_readdata_o[10]                  ; Inapplicable ; Inapplicable ; Inapplicable ; Inapplicable ; Inapplicable ; Pass      ; Inapplicable ; Inapplicable ; Pass      ; Pass      ; Inapplicable ; Pass         ; Inapplicable ; Inapplicable ; Inapplicable ; Inapplicable ; Pass         ; Inapplicable ; Inapplicable ; Inapplicable ; Inapplicable ; Pass         ; Inapplicable ; Inapplicable ; Inapplicable ; Inapplicable ; Inapplicable ; Inapplicable ;
; avs_readdata_o[11]                  ; Inapplicable ; Inapplicable ; Inapplicable ; Inapplicable ; Inapplicable ; Pass      ; Inapplicable ; Inapplicable ; Pass      ; Pass      ; Inapplicable ; Pass         ; Inapplicable ; Inapplicable ; Inapplicable ; Inapplicable ; Pass         ; Inapplicable ; Inapplicable ; Inapplicable ; Inapplicable ; Pass         ; Inapplicable ; Inapplicable ; Inapplicable ; Inapplicable ; Inapplicable ; Inapplicable ;
; avs_readdata_o[12]                  ; Inapplicable ; Inapplicable ; Inapplicable ; Inapplicable ; Inapplicable ; Pass      ; Inapplicable ; Inapplicable ; Pass      ; Pass      ; Inapplicable ; Pass         ; Inapplicable ; Inapplicable ; Inapplicable ; Inapplicable ; Pass         ; Inapplicable ; Inapplicable ; Inapplicable ; Inapplicable ; Pass         ; Inapplicable ; Inapplicable ; Inapplicable ; Inapplicable ; Inapplicable ; Inapplicable ;
; avs_readdata_o[13]                  ; Inapplicable ; Inapplicable ; Inapplicable ; Inapplicable ; Inapplicable ; Pass      ; Inapplicable ; Inapplicable ; Pass      ; Pass      ; Inapplicable ; Pass         ; Inapplicable ; Inapplicable ; Inapplicable ; Inapplicable ; Pass         ; Inapplicable ; Inapplicable ; Inapplicable ; Inapplicable ; Pass         ; Inapplicable ; Inapplicable ; Inapplicable ; Inapplicable ; Inapplicable ; Inapplicable ;
; avs_readdata_o[14]                  ; Inapplicable ; Inapplicable ; Inapplicable ; Inapplicable ; Inapplicable ; Pass      ; Inapplicable ; Inapplicable ; Pass      ; Pass      ; Inapplicable ; Pass         ; Inapplicable ; Inapplicable ; Inapplicable ; Inapplicable ; Pass         ; Inapplicable ; Inapplicable ; Inapplicable ; Inapplicable ; Pass         ; Inapplicable ; Inapplicable ; Inapplicable ; Inapplicable ; Inapplicable ; Inapplicable ;
; avs_readdata_o[15]                  ; Inapplicable ; Inapplicable ; Inapplicable ; Inapplicable ; Inapplicable ; Pass      ; Inapplicable ; Inapplicable ; Pass      ; Pass      ; Inapplicable ; Pass         ; Inapplicable ; Inapplicable ; Inapplicable ; Inapplicable ; Pass         ; Inapplicable ; Inapplicable ; Inapplicable ; Inapplicable ; Pass         ; Inapplicable ; Inapplicable ; Inapplicable ; Inapplicable ; Inapplicable ; Inapplicable ;
; avs_readdata_o[16]                  ; Inapplicable ; Inapplicable ; Inapplicable ; Inapplicable ; Inapplicable ; Pass      ; Inapplicable ; Inapplicable ; Pass      ; Pass      ; Inapplicable ; Pass         ; Inapplicable ; Inapplicable ; Inapplicable ; Inapplicable ; Pass         ; Inapplicable ; Inapplicable ; Inapplicable ; Inapplicable ; Pass         ; Inapplicable ; Inapplicable ; Inapplicable ; Inapplicable ; Inapplicable ; Inapplicable ;
; avs_readdata_o[17]                  ; Inapplicable ; Inapplicable ; Inapplicable ; Inapplicable ; Inapplicable ; Pass      ; Inapplicable ; Inapplicable ; Pass      ; Pass      ; Inapplicable ; Pass         ; Inapplicable ; Inapplicable ; Inapplicable ; Inapplicable ; Pass         ; Inapplicable ; Inapplicable ; Inapplicable ; Inapplicable ; Pass         ; Inapplicable ; Inapplicable ; Inapplicable ; Inapplicable ; Inapplicable ; Inapplicable ;
; avs_readdata_o[18]                  ; Inapplicable ; Inapplicable ; Inapplicable ; Inapplicable ; Inapplicable ; Pass      ; Inapplicable ; Inapplicable ; Pass      ; Pass      ; Inapplicable ; Pass         ; Inapplicable ; Inapplicable ; Inapplicable ; Inapplicable ; Pass         ; Inapplicable ; Inapplicable ; Inapplicable ; Inapplicable ; Pass         ; Inapplicable ; Inapplicable ; Inapplicable ; Inapplicable ; Inapplicable ; Inapplicable ;
; avs_readdata_o[19]                  ; Inapplicable ; Inapplicable ; Inapplicable ; Inapplicable ; Inapplicable ; Pass      ; Inapplicable ; Inapplicable ; Pass      ; Pass      ; Inapplicable ; Pass         ; Inapplicable ; Inapplicable ; Inapplicable ; Inapplicable ; Pass         ; Inapplicable ; Inapplicable ; Inapplicable ; Inapplicable ; Pass         ; Inapplicable ; Inapplicable ; Inapplicable ; Inapplicable ; Inapplicable ; Inapplicable ;
; avs_readdata_o[20]                  ; Inapplicable ; Inapplicable ; Inapplicable ; Inapplicable ; Inapplicable ; Pass      ; Inapplicable ; Inapplicable ; Pass      ; Pass      ; Inapplicable ; Pass         ; Inapplicable ; Inapplicable ; Inapplicable ; Inapplicable ; Pass         ; Inapplicable ; Inapplicable ; Inapplicable ; Inapplicable ; Pass         ; Inapplicable ; Inapplicable ; Inapplicable ; Inapplicable ; Inapplicable ; Inapplicable ;
; avs_readdata_o[21]                  ; Inapplicable ; Inapplicable ; Inapplicable ; Inapplicable ; Inapplicable ; Pass      ; Inapplicable ; Inapplicable ; Pass      ; Pass      ; Inapplicable ; Pass         ; Inapplicable ; Inapplicable ; Inapplicable ; Inapplicable ; Pass         ; Inapplicable ; Inapplicable ; Inapplicable ; Inapplicable ; Pass         ; Inapplicable ; Inapplicable ; Inapplicable ; Inapplicable ; Inapplicable ; Inapplicable ;
; avs_readdata_o[22]                  ; Inapplicable ; Inapplicable ; Inapplicable ; Inapplicable ; Inapplicable ; Pass      ; Inapplicable ; Inapplicable ; Pass      ; Pass      ; Inapplicable ; Pass         ; Inapplicable ; Inapplicable ; Inapplicable ; Inapplicable ; Pass         ; Inapplicable ; Inapplicable ; Inapplicable ; Inapplicable ; Pass         ; Inapplicable ; Inapplicable ; Inapplicable ; Inapplicable ; Inapplicable ; Inapplicable ;
; avs_readdata_o[23]                  ; Inapplicable ; Inapplicable ; Inapplicable ; Inapplicable ; Inapplicable ; Pass      ; Inapplicable ; Inapplicable ; Pass      ; Pass      ; Inapplicable ; Pass         ; Inapplicable ; Inapplicable ; Inapplicable ; Inapplicable ; Pass         ; Inapplicable ; Inapplicable ; Inapplicable ; Inapplicable ; Pass         ; Inapplicable ; Inapplicable ; Inapplicable ; Inapplicable ; Inapplicable ; Inapplicable ;
; avs_readdata_o[24]                  ; Inapplicable ; Inapplicable ; Inapplicable ; Inapplicable ; Inapplicable ; Pass      ; Inapplicable ; Inapplicable ; Pass      ; Pass      ; Inapplicable ; Pass         ; Inapplicable ; Inapplicable ; Inapplicable ; Inapplicable ; Pass         ; Inapplicable ; Inapplicable ; Inapplicable ; Inapplicable ; Pass         ; Inapplicable ; Inapplicable ; Inapplicable ; Inapplicable ; Inapplicable ; Inapplicable ;
; avs_readdata_o[25]                  ; Inapplicable ; Inapplicable ; Inapplicable ; Inapplicable ; Inapplicable ; Pass      ; Inapplicable ; Inapplicable ; Pass      ; Pass      ; Inapplicable ; Pass         ; Inapplicable ; Inapplicable ; Inapplicable ; Inapplicable ; Pass         ; Inapplicable ; Inapplicable ; Inapplicable ; Inapplicable ; Pass         ; Inapplicable ; Inapplicable ; Inapplicable ; Inapplicable ; Inapplicable ; Inapplicable ;
; avs_readdata_o[26]                  ; Inapplicable ; Inapplicable ; Inapplicable ; Inapplicable ; Inapplicable ; Pass      ; Inapplicable ; Inapplicable ; Pass      ; Pass      ; Inapplicable ; Pass         ; Inapplicable ; Inapplicable ; Inapplicable ; Inapplicable ; Pass         ; Inapplicable ; Inapplicable ; Inapplicable ; Inapplicable ; Pass         ; Inapplicable ; Inapplicable ; Inapplicable ; Inapplicable ; Inapplicable ; Inapplicable ;
; avs_readdata_o[27]                  ; Inapplicable ; Inapplicable ; Inapplicable ; Inapplicable ; Inapplicable ; Pass      ; Inapplicable ; Inapplicable ; Pass      ; Pass      ; Inapplicable ; Pass         ; Inapplicable ; Inapplicable ; Inapplicable ; Inapplicable ; Pass         ; Inapplicable ; Inapplicable ; Inapplicable ; Inapplicable ; Pass         ; Inapplicable ; Inapplicable ; Inapplicable ; Inapplicable ; Inapplicable ; Inapplicable ;
; avs_readdata_o[28]                  ; Inapplicable ; Inapplicable ; Inapplicable ; Inapplicable ; Inapplicable ; Pass      ; Inapplicable ; Inapplicable ; Pass      ; Pass      ; Inapplicable ; Pass         ; Inapplicable ; Inapplicable ; Inapplicable ; Inapplicable ; Pass         ; Inapplicable ; Inapplicable ; Inapplicable ; Inapplicable ; Pass         ; Inapplicable ; Inapplicable ; Inapplicable ; Inapplicable ; Inapplicable ; Inapplicable ;
; avs_readdata_o[29]                  ; Inapplicable ; Inapplicable ; Inapplicable ; Inapplicable ; Inapplicable ; Pass      ; Inapplicable ; Inapplicable ; Pass      ; Pass      ; Inapplicable ; Pass         ; Inapplicable ; Inapplicable ; Inapplicable ; Inapplicable ; Pass         ; Inapplicable ; Inapplicable ; Inapplicable ; Inapplicable ; Pass         ; Inapplicable ; Inapplicable ; Inapplicable ; Inapplicable ; Inapplicable ; Inapplicable ;
; avs_readdata_o[30]                  ; Inapplicable ; Inapplicable ; Inapplicable ; Inapplicable ; Inapplicable ; Pass      ; Inapplicable ; Inapplicable ; Pass      ; Pass      ; Inapplicable ; Pass         ; Inapplicable ; Inapplicable ; Inapplicable ; Inapplicable ; Pass         ; Inapplicable ; Inapplicable ; Inapplicable ; Inapplicable ; Pass         ; Inapplicable ; Inapplicable ; Inapplicable ; Inapplicable ; Inapplicable ; Inapplicable ;
; avs_readdata_o[31]                  ; Inapplicable ; Inapplicable ; Inapplicable ; Inapplicable ; Inapplicable ; Pass      ; Inapplicable ; Inapplicable ; Pass      ; Pass      ; Inapplicable ; Pass         ; Inapplicable ; Inapplicable ; Inapplicable ; Inapplicable ; Pass         ; Inapplicable ; Inapplicable ; Inapplicable ; Inapplicable ; Pass         ; Inapplicable ; Inapplicable ; Inapplicable ; Inapplicable ; Inapplicable ; Inapplicable ;
; avs_readdatavalid_o                 ; Inapplicable ; Inapplicable ; Inapplicable ; Inapplicable ; Inapplicable ; Pass      ; Inapplicable ; Inapplicable ; Pass      ; Pass      ; Inapplicable ; Pass         ; Inapplicable ; Inapplicable ; Inapplicable ; Inapplicable ; Pass         ; Inapplicable ; Inapplicable ; Inapplicable ; Inapplicable ; Pass         ; Inapplicable ; Inapplicable ; Inapplicable ; Inapplicable ; Inapplicable ; Inapplicable ;
; avs_waitrequest_o                   ; Inapplicable ; Inapplicable ; Inapplicable ; Inapplicable ; Inapplicable ; Pass      ; Inapplicable ; Inapplicable ; Pass      ; Pass      ; Inapplicable ; Pass         ; Inapplicable ; Inapplicable ; Inapplicable ; Inapplicable ; Pass         ; Inapplicable ; Inapplicable ; Inapplicable ; Inapplicable ; Pass         ; Inapplicable ; Inapplicable ; Inapplicable ; Inapplicable ; Inapplicable ; Inapplicable ;
; neurax_enable_o                     ; Inapplicable ; Inapplicable ; Inapplicable ; Inapplicable ; Inapplicable ; Pass      ; Inapplicable ; Inapplicable ; Pass      ; Pass      ; Inapplicable ; Pass         ; Inapplicable ; Inapplicable ; Inapplicable ; Inapplicable ; Pass         ; Inapplicable ; Inapplicable ; Inapplicable ; Inapplicable ; Pass         ; Inapplicable ; Inapplicable ; Inapplicable ; Inapplicable ; Inapplicable ; Inapplicable ;
; neurax_operation_select_o[0]        ; Inapplicable ; Inapplicable ; Inapplicable ; Inapplicable ; Inapplicable ; Pass      ; Inapplicable ; Inapplicable ; Pass      ; Pass      ; Inapplicable ; Pass         ; Inapplicable ; Inapplicable ; Inapplicable ; Inapplicable ; Pass         ; Inapplicable ; Inapplicable ; Inapplicable ; Inapplicable ; Pass         ; Inapplicable ; Inapplicable ; Inapplicable ; Inapplicable ; Inapplicable ; Inapplicable ;
; neurax_operation_select_o[1]        ; Inapplicable ; Inapplicable ; Inapplicable ; Inapplicable ; Inapplicable ; Pass      ; Inapplicable ; Inapplicable ; Pass      ; Pass      ; Inapplicable ; Pass         ; Inapplicable ; Inapplicable ; Inapplicable ; Inapplicable ; Pass         ; Inapplicable ; Inapplicable ; Inapplicable ; Inapplicable ; Pass         ; Inapplicable ; Inapplicable ; Inapplicable ; Inapplicable ; Inapplicable ; Inapplicable ;
; neurax_start_operation_o            ; Inapplicable ; Inapplicable ; Inapplicable ; Inapplicable ; Inapplicable ; Pass      ; Inapplicable ; Inapplicable ; Pass      ; Pass      ; Inapplicable ; Pass         ; Inapplicable ; Inapplicable ; Inapplicable ; Inapplicable ; Pass         ; Inapplicable ; Inapplicable ; Inapplicable ; Inapplicable ; Pass         ; Inapplicable ; Inapplicable ; Inapplicable ; Inapplicable ; Inapplicable ; Inapplicable ;
; neurax_conv_kernel_size_o[0]        ; Inapplicable ; Inapplicable ; Inapplicable ; Inapplicable ; Inapplicable ; Pass      ; Inapplicable ; Inapplicable ; Pass      ; Pass      ; Inapplicable ; Pass         ; Inapplicable ; Inapplicable ; Inapplicable ; Inapplicable ; Pass         ; Inapplicable ; Inapplicable ; Inapplicable ; Inapplicable ; Pass         ; Inapplicable ; Inapplicable ; Inapplicable ; Inapplicable ; Inapplicable ; Inapplicable ;
; neurax_conv_kernel_size_o[1]        ; Inapplicable ; Inapplicable ; Inapplicable ; Inapplicable ; Inapplicable ; Pass      ; Inapplicable ; Inapplicable ; Pass      ; Pass      ; Inapplicable ; Pass         ; Inapplicable ; Inapplicable ; Inapplicable ; Inapplicable ; Pass         ; Inapplicable ; Inapplicable ; Inapplicable ; Inapplicable ; Pass         ; Inapplicable ; Inapplicable ; Inapplicable ; Inapplicable ; Inapplicable ; Inapplicable ;
; neurax_conv_kernel_size_o[2]        ; Inapplicable ; Inapplicable ; Inapplicable ; Inapplicable ; Inapplicable ; Pass      ; Inapplicable ; Inapplicable ; Pass      ; Pass      ; Inapplicable ; Pass         ; Inapplicable ; Inapplicable ; Inapplicable ; Inapplicable ; Pass         ; Inapplicable ; Inapplicable ; Inapplicable ; Inapplicable ; Pass         ; Inapplicable ; Inapplicable ; Inapplicable ; Inapplicable ; Inapplicable ; Inapplicable ;
; neurax_conv_stride_o[0]             ; Inapplicable ; Inapplicable ; Inapplicable ; Inapplicable ; Inapplicable ; Pass      ; Inapplicable ; Inapplicable ; Pass      ; Pass      ; Inapplicable ; Pass         ; Inapplicable ; Inapplicable ; Inapplicable ; Inapplicable ; Pass         ; Inapplicable ; Inapplicable ; Inapplicable ; Inapplicable ; Pass         ; Inapplicable ; Inapplicable ; Inapplicable ; Inapplicable ; Inapplicable ; Inapplicable ;
; neurax_conv_stride_o[1]             ; Inapplicable ; Inapplicable ; Inapplicable ; Inapplicable ; Inapplicable ; Pass      ; Inapplicable ; Inapplicable ; Pass      ; Pass      ; Inapplicable ; Pass         ; Inapplicable ; Inapplicable ; Inapplicable ; Inapplicable ; Pass         ; Inapplicable ; Inapplicable ; Inapplicable ; Inapplicable ; Pass         ; Inapplicable ; Inapplicable ; Inapplicable ; Inapplicable ; Inapplicable ; Inapplicable ;
; neurax_conv_stride_o[2]             ; Inapplicable ; Inapplicable ; Inapplicable ; Inapplicable ; Inapplicable ; Pass      ; Inapplicable ; Inapplicable ; Pass      ; Pass      ; Inapplicable ; Pass         ; Inapplicable ; Inapplicable ; Inapplicable ; Inapplicable ; Pass         ; Inapplicable ; Inapplicable ; Inapplicable ; Inapplicable ; Pass         ; Inapplicable ; Inapplicable ; Inapplicable ; Inapplicable ; Inapplicable ; Inapplicable ;
; neurax_conv_padding_o[0]            ; Inapplicable ; Inapplicable ; Inapplicable ; Inapplicable ; Inapplicable ; Pass      ; Inapplicable ; Inapplicable ; Pass      ; Pass      ; Inapplicable ; Pass         ; Inapplicable ; Inapplicable ; Inapplicable ; Inapplicable ; Pass         ; Inapplicable ; Inapplicable ; Inapplicable ; Inapplicable ; Pass         ; Inapplicable ; Inapplicable ; Inapplicable ; Inapplicable ; Inapplicable ; Inapplicable ;
; neurax_conv_padding_o[1]            ; Inapplicable ; Inapplicable ; Inapplicable ; Inapplicable ; Inapplicable ; Pass      ; Inapplicable ; Inapplicable ; Pass      ; Pass      ; Inapplicable ; Pass         ; Inapplicable ; Inapplicable ; Inapplicable ; Inapplicable ; Pass         ; Inapplicable ; Inapplicable ; Inapplicable ; Inapplicable ; Pass         ; Inapplicable ; Inapplicable ; Inapplicable ; Inapplicable ; Inapplicable ; Inapplicable ;
; neurax_conv_input_channels_o[0]     ; Inapplicable ; Inapplicable ; Inapplicable ; Inapplicable ; Inapplicable ; Pass      ; Inapplicable ; Inapplicable ; Pass      ; Pass      ; Inapplicable ; Pass         ; Inapplicable ; Inapplicable ; Inapplicable ; Inapplicable ; Pass         ; Inapplicable ; Inapplicable ; Inapplicable ; Inapplicable ; Pass         ; Inapplicable ; Inapplicable ; Inapplicable ; Inapplicable ; Inapplicable ; Inapplicable ;
; neurax_conv_input_channels_o[1]     ; Inapplicable ; Inapplicable ; Inapplicable ; Inapplicable ; Inapplicable ; Pass      ; Inapplicable ; Inapplicable ; Pass      ; Pass      ; Inapplicable ; Pass         ; Inapplicable ; Inapplicable ; Inapplicable ; Inapplicable ; Pass         ; Inapplicable ; Inapplicable ; Inapplicable ; Inapplicable ; Pass         ; Inapplicable ; Inapplicable ; Inapplicable ; Inapplicable ; Inapplicable ; Inapplicable ;
; neurax_conv_input_channels_o[2]     ; Inapplicable ; Inapplicable ; Inapplicable ; Inapplicable ; Inapplicable ; Pass      ; Inapplicable ; Inapplicable ; Pass      ; Pass      ; Inapplicable ; Pass         ; Inapplicable ; Inapplicable ; Inapplicable ; Inapplicable ; Pass         ; Inapplicable ; Inapplicable ; Inapplicable ; Inapplicable ; Pass         ; Inapplicable ; Inapplicable ; Inapplicable ; Inapplicable ; Inapplicable ; Inapplicable ;
; neurax_conv_input_channels_o[3]     ; Inapplicable ; Inapplicable ; Inapplicable ; Inapplicable ; Inapplicable ; Pass      ; Inapplicable ; Inapplicable ; Pass      ; Pass      ; Inapplicable ; Pass         ; Inapplicable ; Inapplicable ; Inapplicable ; Inapplicable ; Pass         ; Inapplicable ; Inapplicable ; Inapplicable ; Inapplicable ; Pass         ; Inapplicable ; Inapplicable ; Inapplicable ; Inapplicable ; Inapplicable ; Inapplicable ;
; neurax_conv_input_channels_o[4]     ; Inapplicable ; Inapplicable ; Inapplicable ; Inapplicable ; Inapplicable ; Pass      ; Inapplicable ; Inapplicable ; Pass      ; Pass      ; Inapplicable ; Pass         ; Inapplicable ; Inapplicable ; Inapplicable ; Inapplicable ; Pass         ; Inapplicable ; Inapplicable ; Inapplicable ; Inapplicable ; Pass         ; Inapplicable ; Inapplicable ; Inapplicable ; Inapplicable ; Inapplicable ; Inapplicable ;
; neurax_conv_output_channels_o[0]    ; Inapplicable ; Inapplicable ; Inapplicable ; Inapplicable ; Inapplicable ; Pass      ; Inapplicable ; Inapplicable ; Pass      ; Pass      ; Inapplicable ; Pass         ; Inapplicable ; Inapplicable ; Inapplicable ; Inapplicable ; Pass         ; Inapplicable ; Inapplicable ; Inapplicable ; Inapplicable ; Pass         ; Inapplicable ; Inapplicable ; Inapplicable ; Inapplicable ; Inapplicable ; Inapplicable ;
; neurax_conv_output_channels_o[1]    ; Inapplicable ; Inapplicable ; Inapplicable ; Inapplicable ; Inapplicable ; Pass      ; Inapplicable ; Inapplicable ; Pass      ; Pass      ; Inapplicable ; Pass         ; Inapplicable ; Inapplicable ; Inapplicable ; Inapplicable ; Pass         ; Inapplicable ; Inapplicable ; Inapplicable ; Inapplicable ; Pass         ; Inapplicable ; Inapplicable ; Inapplicable ; Inapplicable ; Inapplicable ; Inapplicable ;
; neurax_conv_output_channels_o[2]    ; Inapplicable ; Inapplicable ; Inapplicable ; Inapplicable ; Inapplicable ; Pass      ; Inapplicable ; Inapplicable ; Pass      ; Pass      ; Inapplicable ; Pass         ; Inapplicable ; Inapplicable ; Inapplicable ; Inapplicable ; Pass         ; Inapplicable ; Inapplicable ; Inapplicable ; Inapplicable ; Pass         ; Inapplicable ; Inapplicable ; Inapplicable ; Inapplicable ; Inapplicable ; Inapplicable ;
; neurax_conv_output_channels_o[3]    ; Inapplicable ; Inapplicable ; Inapplicable ; Inapplicable ; Inapplicable ; Pass      ; Inapplicable ; Inapplicable ; Pass      ; Pass      ; Inapplicable ; Pass         ; Inapplicable ; Inapplicable ; Inapplicable ; Inapplicable ; Pass         ; Inapplicable ; Inapplicable ; Inapplicable ; Inapplicable ; Pass         ; Inapplicable ; Inapplicable ; Inapplicable ; Inapplicable ; Inapplicable ; Inapplicable ;
; neurax_conv_output_channels_o[4]    ; Inapplicable ; Inapplicable ; Inapplicable ; Inapplicable ; Inapplicable ; Pass      ; Inapplicable ; Inapplicable ; Pass      ; Pass      ; Inapplicable ; Pass         ; Inapplicable ; Inapplicable ; Inapplicable ; Inapplicable ; Pass         ; Inapplicable ; Inapplicable ; Inapplicable ; Inapplicable ; Pass         ; Inapplicable ; Inapplicable ; Inapplicable ; Inapplicable ; Inapplicable ; Inapplicable ;
; neurax_pool_size_o[0]               ; Inapplicable ; Inapplicable ; Inapplicable ; Inapplicable ; Inapplicable ; Pass      ; Inapplicable ; Inapplicable ; Pass      ; Pass      ; Inapplicable ; Pass         ; Inapplicable ; Inapplicable ; Inapplicable ; Inapplicable ; Pass         ; Inapplicable ; Inapplicable ; Inapplicable ; Inapplicable ; Pass         ; Inapplicable ; Inapplicable ; Inapplicable ; Inapplicable ; Inapplicable ; Inapplicable ;
; neurax_pool_size_o[1]               ; Inapplicable ; Inapplicable ; Inapplicable ; Inapplicable ; Inapplicable ; Pass      ; Inapplicable ; Inapplicable ; Pass      ; Pass      ; Inapplicable ; Pass         ; Inapplicable ; Inapplicable ; Inapplicable ; Inapplicable ; Pass         ; Inapplicable ; Inapplicable ; Inapplicable ; Inapplicable ; Pass         ; Inapplicable ; Inapplicable ; Inapplicable ; Inapplicable ; Inapplicable ; Inapplicable ;
; neurax_pool_size_o[2]               ; Inapplicable ; Inapplicable ; Inapplicable ; Inapplicable ; Inapplicable ; Pass      ; Inapplicable ; Inapplicable ; Pass      ; Pass      ; Inapplicable ; Pass         ; Inapplicable ; Inapplicable ; Inapplicable ; Inapplicable ; Pass         ; Inapplicable ; Inapplicable ; Inapplicable ; Inapplicable ; Pass         ; Inapplicable ; Inapplicable ; Inapplicable ; Inapplicable ; Inapplicable ; Inapplicable ;
; neurax_pool_size_o[3]               ; Inapplicable ; Inapplicable ; Inapplicable ; Inapplicable ; Inapplicable ; Pass      ; Inapplicable ; Inapplicable ; Pass      ; Pass      ; Inapplicable ; Pass         ; Inapplicable ; Inapplicable ; Inapplicable ; Inapplicable ; Pass         ; Inapplicable ; Inapplicable ; Inapplicable ; Inapplicable ; Pass         ; Inapplicable ; Inapplicable ; Inapplicable ; Inapplicable ; Inapplicable ; Inapplicable ;
; neurax_pool_stride_o[0]             ; Inapplicable ; Inapplicable ; Inapplicable ; Inapplicable ; Inapplicable ; Pass      ; Inapplicable ; Inapplicable ; Pass      ; Pass      ; Inapplicable ; Pass         ; Inapplicable ; Inapplicable ; Inapplicable ; Inapplicable ; Pass         ; Inapplicable ; Inapplicable ; Inapplicable ; Inapplicable ; Pass         ; Inapplicable ; Inapplicable ; Inapplicable ; Inapplicable ; Inapplicable ; Inapplicable ;
; neurax_pool_stride_o[1]             ; Inapplicable ; Inapplicable ; Inapplicable ; Inapplicable ; Inapplicable ; Pass      ; Inapplicable ; Inapplicable ; Pass      ; Pass      ; Inapplicable ; Pass         ; Inapplicable ; Inapplicable ; Inapplicable ; Inapplicable ; Pass         ; Inapplicable ; Inapplicable ; Inapplicable ; Inapplicable ; Pass         ; Inapplicable ; Inapplicable ; Inapplicable ; Inapplicable ; Inapplicable ; Inapplicable ;
; neurax_pool_stride_o[2]             ; Inapplicable ; Inapplicable ; Inapplicable ; Inapplicable ; Inapplicable ; Pass      ; Inapplicable ; Inapplicable ; Pass      ; Pass      ; Inapplicable ; Pass         ; Inapplicable ; Inapplicable ; Inapplicable ; Inapplicable ; Pass         ; Inapplicable ; Inapplicable ; Inapplicable ; Inapplicable ; Pass         ; Inapplicable ; Inapplicable ; Inapplicable ; Inapplicable ; Inapplicable ; Inapplicable ;
; neurax_pool_stride_o[3]             ; Inapplicable ; Inapplicable ; Inapplicable ; Inapplicable ; Inapplicable ; Pass      ; Inapplicable ; Inapplicable ; Pass      ; Pass      ; Inapplicable ; Pass         ; Inapplicable ; Inapplicable ; Inapplicable ; Inapplicable ; Pass         ; Inapplicable ; Inapplicable ; Inapplicable ; Inapplicable ; Pass         ; Inapplicable ; Inapplicable ; Inapplicable ; Inapplicable ; Inapplicable ; Inapplicable ;
; neurax_pool_type_o.MAX_POOL         ; Inapplicable ; Inapplicable ; Inapplicable ; Inapplicable ; Inapplicable ; Pass      ; Inapplicable ; Inapplicable ; Pass      ; Pass      ; Inapplicable ; Pass         ; Inapplicable ; Inapplicable ; Inapplicable ; Inapplicable ; Pass         ; Inapplicable ; Inapplicable ; Inapplicable ; Inapplicable ; Pass         ; Inapplicable ; Inapplicable ; Inapplicable ; Inapplicable ; Inapplicable ; Inapplicable ;
; neurax_pool_type_o.AVERAGE_POOL     ; Inapplicable ; Inapplicable ; Inapplicable ; Inapplicable ; Inapplicable ; Pass      ; Inapplicable ; Inapplicable ; Pass      ; Pass      ; Inapplicable ; Pass         ; Inapplicable ; Inapplicable ; Inapplicable ; Inapplicable ; Pass         ; Inapplicable ; Inapplicable ; Inapplicable ; Inapplicable ; Pass         ; Inapplicable ; Inapplicable ; Inapplicable ; Inapplicable ; Inapplicable ; Inapplicable ;
; neurax_pool_type_o.MIN_POOL         ; Inapplicable ; Inapplicable ; Inapplicable ; Inapplicable ; Inapplicable ; Pass      ; Inapplicable ; Inapplicable ; Pass      ; Pass      ; Inapplicable ; Pass         ; Inapplicable ; Inapplicable ; Inapplicable ; Inapplicable ; Pass         ; Inapplicable ; Inapplicable ; Inapplicable ; Inapplicable ; Pass         ; Inapplicable ; Inapplicable ; Inapplicable ; Inapplicable ; Inapplicable ; Inapplicable ;
; neurax_pool_type_o.SUM_POOL         ; Inapplicable ; Inapplicable ; Inapplicable ; Inapplicable ; Inapplicable ; Pass      ; Inapplicable ; Inapplicable ; Pass      ; Pass      ; Inapplicable ; Pass         ; Inapplicable ; Inapplicable ; Inapplicable ; Inapplicable ; Pass         ; Inapplicable ; Inapplicable ; Inapplicable ; Inapplicable ; Pass         ; Inapplicable ; Inapplicable ; Inapplicable ; Inapplicable ; Inapplicable ; Inapplicable ;
; neurax_pool_channels_o[0]           ; Inapplicable ; Inapplicable ; Inapplicable ; Inapplicable ; Inapplicable ; Pass      ; Inapplicable ; Inapplicable ; Pass      ; Pass      ; Inapplicable ; Pass         ; Inapplicable ; Inapplicable ; Inapplicable ; Inapplicable ; Pass         ; Inapplicable ; Inapplicable ; Inapplicable ; Inapplicable ; Pass         ; Inapplicable ; Inapplicable ; Inapplicable ; Inapplicable ; Inapplicable ; Inapplicable ;
; neurax_pool_channels_o[1]           ; Inapplicable ; Inapplicable ; Inapplicable ; Inapplicable ; Inapplicable ; Pass      ; Inapplicable ; Inapplicable ; Pass      ; Pass      ; Inapplicable ; Pass         ; Inapplicable ; Inapplicable ; Inapplicable ; Inapplicable ; Pass         ; Inapplicable ; Inapplicable ; Inapplicable ; Inapplicable ; Pass         ; Inapplicable ; Inapplicable ; Inapplicable ; Inapplicable ; Inapplicable ; Inapplicable ;
; neurax_pool_channels_o[2]           ; Inapplicable ; Inapplicable ; Inapplicable ; Inapplicable ; Inapplicable ; Pass      ; Inapplicable ; Inapplicable ; Pass      ; Pass      ; Inapplicable ; Pass         ; Inapplicable ; Inapplicable ; Inapplicable ; Inapplicable ; Pass         ; Inapplicable ; Inapplicable ; Inapplicable ; Inapplicable ; Pass         ; Inapplicable ; Inapplicable ; Inapplicable ; Inapplicable ; Inapplicable ; Inapplicable ;
; neurax_pool_channels_o[3]           ; Inapplicable ; Inapplicable ; Inapplicable ; Inapplicable ; Inapplicable ; Pass      ; Inapplicable ; Inapplicable ; Pass      ; Pass      ; Inapplicable ; Pass         ; Inapplicable ; Inapplicable ; Inapplicable ; Inapplicable ; Pass         ; Inapplicable ; Inapplicable ; Inapplicable ; Inapplicable ; Pass         ; Inapplicable ; Inapplicable ; Inapplicable ; Inapplicable ; Inapplicable ; Inapplicable ;
; neurax_pool_channels_o[4]           ; Inapplicable ; Inapplicable ; Inapplicable ; Inapplicable ; Inapplicable ; Pass      ; Inapplicable ; Inapplicable ; Pass      ; Pass      ; Inapplicable ; Pass         ; Inapplicable ; Inapplicable ; Inapplicable ; Inapplicable ; Pass         ; Inapplicable ; Inapplicable ; Inapplicable ; Inapplicable ; Pass         ; Inapplicable ; Inapplicable ; Inapplicable ; Inapplicable ; Inapplicable ; Inapplicable ;
; neurax_activation_type_o.RELU       ; Inapplicable ; Inapplicable ; Inapplicable ; Inapplicable ; Inapplicable ; Pass      ; Inapplicable ; Inapplicable ; Pass      ; Pass      ; Inapplicable ; Pass         ; Inapplicable ; Inapplicable ; Inapplicable ; Inapplicable ; Pass         ; Inapplicable ; Inapplicable ; Inapplicable ; Inapplicable ; Pass         ; Inapplicable ; Inapplicable ; Inapplicable ; Inapplicable ; Inapplicable ; Inapplicable ;
; neurax_activation_type_o.SIGMOID    ; Inapplicable ; Inapplicable ; Inapplicable ; Inapplicable ; Inapplicable ; Pass      ; Inapplicable ; Inapplicable ; Pass      ; Pass      ; Inapplicable ; Pass         ; Inapplicable ; Inapplicable ; Inapplicable ; Inapplicable ; Pass         ; Inapplicable ; Inapplicable ; Inapplicable ; Inapplicable ; Pass         ; Inapplicable ; Inapplicable ; Inapplicable ; Inapplicable ; Inapplicable ; Inapplicable ;
; neurax_activation_type_o.TANH       ; Inapplicable ; Inapplicable ; Inapplicable ; Inapplicable ; Inapplicable ; Pass      ; Inapplicable ; Inapplicable ; Pass      ; Pass      ; Inapplicable ; Pass         ; Inapplicable ; Inapplicable ; Inapplicable ; Inapplicable ; Pass         ; Inapplicable ; Inapplicable ; Inapplicable ; Inapplicable ; Pass         ; Inapplicable ; Inapplicable ; Inapplicable ; Inapplicable ; Inapplicable ; Inapplicable ;
; neurax_activation_type_o.LINEAR     ; Inapplicable ; Inapplicable ; Inapplicable ; Inapplicable ; Inapplicable ; Pass      ; Inapplicable ; Inapplicable ; Pass      ; Pass      ; Inapplicable ; Pass         ; Inapplicable ; Inapplicable ; Inapplicable ; Inapplicable ; Pass         ; Inapplicable ; Inapplicable ; Inapplicable ; Inapplicable ; Pass         ; Inapplicable ; Inapplicable ; Inapplicable ; Inapplicable ; Inapplicable ; Inapplicable ;
; neurax_activation_type_o.LEAKY_RELU ; Inapplicable ; Inapplicable ; Inapplicable ; Inapplicable ; Inapplicable ; Pass      ; Inapplicable ; Inapplicable ; Pass      ; Pass      ; Inapplicable ; Pass         ; Inapplicable ; Inapplicable ; Inapplicable ; Inapplicable ; Pass         ; Inapplicable ; Inapplicable ; Inapplicable ; Inapplicable ; Pass         ; Inapplicable ; Inapplicable ; Inapplicable ; Inapplicable ; Inapplicable ; Inapplicable ;
; neurax_activation_type_o.ELU        ; Inapplicable ; Inapplicable ; Inapplicable ; Inapplicable ; Inapplicable ; Pass      ; Inapplicable ; Inapplicable ; Pass      ; Pass      ; Inapplicable ; Pass         ; Inapplicable ; Inapplicable ; Inapplicable ; Inapplicable ; Pass         ; Inapplicable ; Inapplicable ; Inapplicable ; Inapplicable ; Pass         ; Inapplicable ; Inapplicable ; Inapplicable ; Inapplicable ; Inapplicable ; Inapplicable ;
; neurax_tensor_size_o[0]             ; Inapplicable ; Inapplicable ; Inapplicable ; Inapplicable ; Inapplicable ; Pass      ; Inapplicable ; Inapplicable ; Pass      ; Pass      ; Inapplicable ; Pass         ; Inapplicable ; Inapplicable ; Inapplicable ; Inapplicable ; Pass         ; Inapplicable ; Inapplicable ; Inapplicable ; Inapplicable ; Pass         ; Inapplicable ; Inapplicable ; Inapplicable ; Inapplicable ; Inapplicable ; Inapplicable ;
; neurax_tensor_size_o[1]             ; Inapplicable ; Inapplicable ; Inapplicable ; Inapplicable ; Inapplicable ; Pass      ; Inapplicable ; Inapplicable ; Pass      ; Pass      ; Inapplicable ; Pass         ; Inapplicable ; Inapplicable ; Inapplicable ; Inapplicable ; Pass         ; Inapplicable ; Inapplicable ; Inapplicable ; Inapplicable ; Pass         ; Inapplicable ; Inapplicable ; Inapplicable ; Inapplicable ; Inapplicable ; Inapplicable ;
; neurax_tensor_size_o[2]             ; Inapplicable ; Inapplicable ; Inapplicable ; Inapplicable ; Inapplicable ; Pass      ; Inapplicable ; Inapplicable ; Pass      ; Pass      ; Inapplicable ; Pass         ; Inapplicable ; Inapplicable ; Inapplicable ; Inapplicable ; Pass         ; Inapplicable ; Inapplicable ; Inapplicable ; Inapplicable ; Pass         ; Inapplicable ; Inapplicable ; Inapplicable ; Inapplicable ; Inapplicable ; Inapplicable ;
; neurax_tensor_size_o[3]             ; Inapplicable ; Inapplicable ; Inapplicable ; Inapplicable ; Inapplicable ; Pass      ; Inapplicable ; Inapplicable ; Pass      ; Pass      ; Inapplicable ; Pass         ; Inapplicable ; Inapplicable ; Inapplicable ; Inapplicable ; Pass         ; Inapplicable ; Inapplicable ; Inapplicable ; Inapplicable ; Pass         ; Inapplicable ; Inapplicable ; Inapplicable ; Inapplicable ; Inapplicable ; Inapplicable ;
; neurax_tensor_size_o[4]             ; Inapplicable ; Inapplicable ; Inapplicable ; Inapplicable ; Inapplicable ; Pass      ; Inapplicable ; Inapplicable ; Pass      ; Pass      ; Inapplicable ; Pass         ; Inapplicable ; Inapplicable ; Inapplicable ; Inapplicable ; Pass         ; Inapplicable ; Inapplicable ; Inapplicable ; Inapplicable ; Pass         ; Inapplicable ; Inapplicable ; Inapplicable ; Inapplicable ; Inapplicable ; Inapplicable ;
; neurax_tensor_size_o[5]             ; Inapplicable ; Inapplicable ; Inapplicable ; Inapplicable ; Inapplicable ; Pass      ; Inapplicable ; Inapplicable ; Pass      ; Pass      ; Inapplicable ; Pass         ; Inapplicable ; Inapplicable ; Inapplicable ; Inapplicable ; Pass         ; Inapplicable ; Inapplicable ; Inapplicable ; Inapplicable ; Pass         ; Inapplicable ; Inapplicable ; Inapplicable ; Inapplicable ; Inapplicable ; Inapplicable ;
; neurax_tensor_size_o[6]             ; Inapplicable ; Inapplicable ; Inapplicable ; Inapplicable ; Inapplicable ; Pass      ; Inapplicable ; Inapplicable ; Pass      ; Pass      ; Inapplicable ; Pass         ; Inapplicable ; Inapplicable ; Inapplicable ; Inapplicable ; Pass         ; Inapplicable ; Inapplicable ; Inapplicable ; Inapplicable ; Pass         ; Inapplicable ; Inapplicable ; Inapplicable ; Inapplicable ; Inapplicable ; Inapplicable ;
; neurax_tensor_size_o[7]             ; Inapplicable ; Inapplicable ; Inapplicable ; Inapplicable ; Inapplicable ; Pass      ; Inapplicable ; Inapplicable ; Pass      ; Pass      ; Inapplicable ; Pass         ; Inapplicable ; Inapplicable ; Inapplicable ; Inapplicable ; Pass         ; Inapplicable ; Inapplicable ; Inapplicable ; Inapplicable ; Pass         ; Inapplicable ; Inapplicable ; Inapplicable ; Inapplicable ; Inapplicable ; Inapplicable ;
; neurax_tensor_size_o[8]             ; Inapplicable ; Inapplicable ; Inapplicable ; Inapplicable ; Inapplicable ; Pass      ; Inapplicable ; Inapplicable ; Pass      ; Pass      ; Inapplicable ; Pass         ; Inapplicable ; Inapplicable ; Inapplicable ; Inapplicable ; Pass         ; Inapplicable ; Inapplicable ; Inapplicable ; Inapplicable ; Pass         ; Inapplicable ; Inapplicable ; Inapplicable ; Inapplicable ; Inapplicable ; Inapplicable ;
; neurax_tensor_size_o[9]             ; Inapplicable ; Inapplicable ; Inapplicable ; Inapplicable ; Inapplicable ; Pass      ; Inapplicable ; Inapplicable ; Pass      ; Pass      ; Inapplicable ; Pass         ; Inapplicable ; Inapplicable ; Inapplicable ; Inapplicable ; Pass         ; Inapplicable ; Inapplicable ; Inapplicable ; Inapplicable ; Pass         ; Inapplicable ; Inapplicable ; Inapplicable ; Inapplicable ; Inapplicable ; Inapplicable ;
; neurax_tensor_size_o[10]            ; Inapplicable ; Inapplicable ; Inapplicable ; Inapplicable ; Inapplicable ; Pass      ; Inapplicable ; Inapplicable ; Pass      ; Pass      ; Inapplicable ; Pass         ; Inapplicable ; Inapplicable ; Inapplicable ; Inapplicable ; Pass         ; Inapplicable ; Inapplicable ; Inapplicable ; Inapplicable ; Pass         ; Inapplicable ; Inapplicable ; Inapplicable ; Inapplicable ; Inapplicable ; Inapplicable ;
; neurax_tensor_size_o[11]            ; Inapplicable ; Inapplicable ; Inapplicable ; Inapplicable ; Inapplicable ; Pass      ; Inapplicable ; Inapplicable ; Pass      ; Pass      ; Inapplicable ; Pass         ; Inapplicable ; Inapplicable ; Inapplicable ; Inapplicable ; Pass         ; Inapplicable ; Inapplicable ; Inapplicable ; Inapplicable ; Pass         ; Inapplicable ; Inapplicable ; Inapplicable ; Inapplicable ; Inapplicable ; Inapplicable ;
; neurax_tensor_size_o[12]            ; Inapplicable ; Inapplicable ; Inapplicable ; Inapplicable ; Inapplicable ; Pass      ; Inapplicable ; Inapplicable ; Pass      ; Pass      ; Inapplicable ; Pass         ; Inapplicable ; Inapplicable ; Inapplicable ; Inapplicable ; Pass         ; Inapplicable ; Inapplicable ; Inapplicable ; Inapplicable ; Pass         ; Inapplicable ; Inapplicable ; Inapplicable ; Inapplicable ; Inapplicable ; Inapplicable ;
; neurax_alpha_o[0]                   ; Inapplicable ; Inapplicable ; Inapplicable ; Inapplicable ; Inapplicable ; Pass      ; Inapplicable ; Inapplicable ; Pass      ; Pass      ; Inapplicable ; Pass         ; Inapplicable ; Inapplicable ; Inapplicable ; Inapplicable ; Pass         ; Inapplicable ; Inapplicable ; Inapplicable ; Inapplicable ; Pass         ; Inapplicable ; Inapplicable ; Inapplicable ; Inapplicable ; Inapplicable ; Inapplicable ;
; neurax_alpha_o[1]                   ; Inapplicable ; Inapplicable ; Inapplicable ; Inapplicable ; Inapplicable ; Pass      ; Inapplicable ; Inapplicable ; Pass      ; Pass      ; Inapplicable ; Pass         ; Inapplicable ; Inapplicable ; Inapplicable ; Inapplicable ; Pass         ; Inapplicable ; Inapplicable ; Inapplicable ; Inapplicable ; Pass         ; Inapplicable ; Inapplicable ; Inapplicable ; Inapplicable ; Inapplicable ; Inapplicable ;
; neurax_alpha_o[2]                   ; Inapplicable ; Inapplicable ; Inapplicable ; Inapplicable ; Inapplicable ; Pass      ; Inapplicable ; Inapplicable ; Pass      ; Pass      ; Inapplicable ; Pass         ; Inapplicable ; Inapplicable ; Inapplicable ; Inapplicable ; Pass         ; Inapplicable ; Inapplicable ; Inapplicable ; Inapplicable ; Pass         ; Inapplicable ; Inapplicable ; Inapplicable ; Inapplicable ; Inapplicable ; Inapplicable ;
; neurax_alpha_o[3]                   ; Inapplicable ; Inapplicable ; Inapplicable ; Inapplicable ; Inapplicable ; Pass      ; Inapplicable ; Inapplicable ; Pass      ; Pass      ; Inapplicable ; Pass         ; Inapplicable ; Inapplicable ; Inapplicable ; Inapplicable ; Pass         ; Inapplicable ; Inapplicable ; Inapplicable ; Inapplicable ; Pass         ; Inapplicable ; Inapplicable ; Inapplicable ; Inapplicable ; Inapplicable ; Inapplicable ;
; neurax_alpha_o[4]                   ; Inapplicable ; Inapplicable ; Inapplicable ; Inapplicable ; Inapplicable ; Pass      ; Inapplicable ; Inapplicable ; Pass      ; Pass      ; Inapplicable ; Pass         ; Inapplicable ; Inapplicable ; Inapplicable ; Inapplicable ; Pass         ; Inapplicable ; Inapplicable ; Inapplicable ; Inapplicable ; Pass         ; Inapplicable ; Inapplicable ; Inapplicable ; Inapplicable ; Inapplicable ; Inapplicable ;
; neurax_alpha_o[5]                   ; Inapplicable ; Inapplicable ; Inapplicable ; Inapplicable ; Inapplicable ; Pass      ; Inapplicable ; Inapplicable ; Pass      ; Pass      ; Inapplicable ; Pass         ; Inapplicable ; Inapplicable ; Inapplicable ; Inapplicable ; Pass         ; Inapplicable ; Inapplicable ; Inapplicable ; Inapplicable ; Pass         ; Inapplicable ; Inapplicable ; Inapplicable ; Inapplicable ; Inapplicable ; Inapplicable ;
; neurax_alpha_o[6]                   ; Inapplicable ; Inapplicable ; Inapplicable ; Inapplicable ; Inapplicable ; Pass      ; Inapplicable ; Inapplicable ; Pass      ; Pass      ; Inapplicable ; Pass         ; Inapplicable ; Inapplicable ; Inapplicable ; Inapplicable ; Pass         ; Inapplicable ; Inapplicable ; Inapplicable ; Inapplicable ; Pass         ; Inapplicable ; Inapplicable ; Inapplicable ; Inapplicable ; Inapplicable ; Inapplicable ;
; neurax_alpha_o[7]                   ; Inapplicable ; Inapplicable ; Inapplicable ; Inapplicable ; Inapplicable ; Pass      ; Inapplicable ; Inapplicable ; Pass      ; Pass      ; Inapplicable ; Pass         ; Inapplicable ; Inapplicable ; Inapplicable ; Inapplicable ; Pass         ; Inapplicable ; Inapplicable ; Inapplicable ; Inapplicable ; Pass         ; Inapplicable ; Inapplicable ; Inapplicable ; Inapplicable ; Inapplicable ; Inapplicable ;
; neurax_alpha_o[8]                   ; Inapplicable ; Inapplicable ; Inapplicable ; Inapplicable ; Inapplicable ; Pass      ; Inapplicable ; Inapplicable ; Pass      ; Pass      ; Inapplicable ; Pass         ; Inapplicable ; Inapplicable ; Inapplicable ; Inapplicable ; Pass         ; Inapplicable ; Inapplicable ; Inapplicable ; Inapplicable ; Pass         ; Inapplicable ; Inapplicable ; Inapplicable ; Inapplicable ; Inapplicable ; Inapplicable ;
; neurax_alpha_o[9]                   ; Inapplicable ; Inapplicable ; Inapplicable ; Inapplicable ; Inapplicable ; Pass      ; Inapplicable ; Inapplicable ; Pass      ; Pass      ; Inapplicable ; Pass         ; Inapplicable ; Inapplicable ; Inapplicable ; Inapplicable ; Pass         ; Inapplicable ; Inapplicable ; Inapplicable ; Inapplicable ; Pass         ; Inapplicable ; Inapplicable ; Inapplicable ; Inapplicable ; Inapplicable ; Inapplicable ;
; neurax_alpha_o[10]                  ; Inapplicable ; Inapplicable ; Inapplicable ; Inapplicable ; Inapplicable ; Pass      ; Inapplicable ; Inapplicable ; Pass      ; Pass      ; Inapplicable ; Pass         ; Inapplicable ; Inapplicable ; Inapplicable ; Inapplicable ; Pass         ; Inapplicable ; Inapplicable ; Inapplicable ; Inapplicable ; Pass         ; Inapplicable ; Inapplicable ; Inapplicable ; Inapplicable ; Inapplicable ; Inapplicable ;
; neurax_alpha_o[11]                  ; Inapplicable ; Inapplicable ; Inapplicable ; Inapplicable ; Inapplicable ; Pass      ; Inapplicable ; Inapplicable ; Pass      ; Pass      ; Inapplicable ; Pass         ; Inapplicable ; Inapplicable ; Inapplicable ; Inapplicable ; Pass         ; Inapplicable ; Inapplicable ; Inapplicable ; Inapplicable ; Pass         ; Inapplicable ; Inapplicable ; Inapplicable ; Inapplicable ; Inapplicable ; Inapplicable ;
; neurax_alpha_o[12]                  ; Inapplicable ; Inapplicable ; Inapplicable ; Inapplicable ; Inapplicable ; Pass      ; Inapplicable ; Inapplicable ; Pass      ; Pass      ; Inapplicable ; Pass         ; Inapplicable ; Inapplicable ; Inapplicable ; Inapplicable ; Pass         ; Inapplicable ; Inapplicable ; Inapplicable ; Inapplicable ; Pass         ; Inapplicable ; Inapplicable ; Inapplicable ; Inapplicable ; Inapplicable ; Inapplicable ;
; neurax_alpha_o[13]                  ; Inapplicable ; Inapplicable ; Inapplicable ; Inapplicable ; Inapplicable ; Pass      ; Inapplicable ; Inapplicable ; Pass      ; Pass      ; Inapplicable ; Pass         ; Inapplicable ; Inapplicable ; Inapplicable ; Inapplicable ; Pass         ; Inapplicable ; Inapplicable ; Inapplicable ; Inapplicable ; Pass         ; Inapplicable ; Inapplicable ; Inapplicable ; Inapplicable ; Inapplicable ; Inapplicable ;
; neurax_alpha_o[14]                  ; Inapplicable ; Inapplicable ; Inapplicable ; Inapplicable ; Inapplicable ; Pass      ; Inapplicable ; Inapplicable ; Pass      ; Pass      ; Inapplicable ; Pass         ; Inapplicable ; Inapplicable ; Inapplicable ; Inapplicable ; Pass         ; Inapplicable ; Inapplicable ; Inapplicable ; Inapplicable ; Pass         ; Inapplicable ; Inapplicable ; Inapplicable ; Inapplicable ; Inapplicable ; Inapplicable ;
; neurax_alpha_o[15]                  ; Inapplicable ; Inapplicable ; Inapplicable ; Inapplicable ; Inapplicable ; Pass      ; Inapplicable ; Inapplicable ; Pass      ; Pass      ; Inapplicable ; Pass         ; Inapplicable ; Inapplicable ; Inapplicable ; Inapplicable ; Pass         ; Inapplicable ; Inapplicable ; Inapplicable ; Inapplicable ; Pass         ; Inapplicable ; Inapplicable ; Inapplicable ; Inapplicable ; Inapplicable ; Inapplicable ;
; neurax_batch_size_o[0]              ; Inapplicable ; Inapplicable ; Inapplicable ; Inapplicable ; Inapplicable ; Pass      ; Inapplicable ; Inapplicable ; Pass      ; Pass      ; Inapplicable ; Pass         ; Inapplicable ; Inapplicable ; Inapplicable ; Inapplicable ; Pass         ; Inapplicable ; Inapplicable ; Inapplicable ; Inapplicable ; Pass         ; Inapplicable ; Inapplicable ; Inapplicable ; Inapplicable ; Inapplicable ; Inapplicable ;
; neurax_batch_size_o[1]              ; Inapplicable ; Inapplicable ; Inapplicable ; Inapplicable ; Inapplicable ; Pass      ; Inapplicable ; Inapplicable ; Pass      ; Pass      ; Inapplicable ; Pass         ; Inapplicable ; Inapplicable ; Inapplicable ; Inapplicable ; Pass         ; Inapplicable ; Inapplicable ; Inapplicable ; Inapplicable ; Pass         ; Inapplicable ; Inapplicable ; Inapplicable ; Inapplicable ; Inapplicable ; Inapplicable ;
; neurax_batch_size_o[2]              ; Inapplicable ; Inapplicable ; Inapplicable ; Inapplicable ; Inapplicable ; Pass      ; Inapplicable ; Inapplicable ; Pass      ; Pass      ; Inapplicable ; Pass         ; Inapplicable ; Inapplicable ; Inapplicable ; Inapplicable ; Pass         ; Inapplicable ; Inapplicable ; Inapplicable ; Inapplicable ; Pass         ; Inapplicable ; Inapplicable ; Inapplicable ; Inapplicable ; Inapplicable ; Inapplicable ;
; neurax_input_valid_o                ; Inapplicable ; Inapplicable ; Inapplicable ; Inapplicable ; Inapplicable ; Pass      ; Inapplicable ; Inapplicable ; Pass      ; Pass      ; Inapplicable ; Pass         ; Inapplicable ; Inapplicable ; Inapplicable ; Inapplicable ; Pass         ; Inapplicable ; Inapplicable ; Inapplicable ; Inapplicable ; Pass         ; Inapplicable ; Inapplicable ; Inapplicable ; Inapplicable ; Inapplicable ; Inapplicable ;
; neurax_weight_valid_o               ; Inapplicable ; Inapplicable ; Inapplicable ; Inapplicable ; Inapplicable ; Pass      ; Inapplicable ; Inapplicable ; Pass      ; Pass      ; Inapplicable ; Pass         ; Inapplicable ; Inapplicable ; Inapplicable ; Inapplicable ; Pass         ; Inapplicable ; Inapplicable ; Inapplicable ; Inapplicable ; Pass         ; Inapplicable ; Inapplicable ; Inapplicable ; Inapplicable ; Inapplicable ; Inapplicable ;
; neurax_bias_valid_o                 ; Inapplicable ; Inapplicable ; Inapplicable ; Inapplicable ; Inapplicable ; Pass      ; Inapplicable ; Inapplicable ; Pass      ; Pass      ; Inapplicable ; Pass         ; Inapplicable ; Inapplicable ; Inapplicable ; Inapplicable ; Pass         ; Inapplicable ; Inapplicable ; Inapplicable ; Inapplicable ; Pass         ; Inapplicable ; Inapplicable ; Inapplicable ; Inapplicable ; Inapplicable ; Inapplicable ;
; neurax_output_ready_o               ; Inapplicable ; Inapplicable ; Inapplicable ; Inapplicable ; Inapplicable ; Pass      ; Inapplicable ; Inapplicable ; Pass      ; Pass      ; Inapplicable ; Pass         ; Inapplicable ; Inapplicable ; Inapplicable ; Inapplicable ; Pass         ; Inapplicable ; Inapplicable ; Inapplicable ; Inapplicable ; Pass         ; Inapplicable ; Inapplicable ; Inapplicable ; Inapplicable ; Inapplicable ; Inapplicable ;
; neurax_debug_cycle_o[0]             ; Inapplicable ; Inapplicable ; Inapplicable ; Inapplicable ; Inapplicable ; Pass      ; Inapplicable ; Inapplicable ; Pass      ; Pass      ; Inapplicable ; Pass         ; Inapplicable ; Inapplicable ; Inapplicable ; Inapplicable ; Pass         ; Inapplicable ; Inapplicable ; Inapplicable ; Inapplicable ; Pass         ; Inapplicable ; Inapplicable ; Inapplicable ; Inapplicable ; Inapplicable ; Inapplicable ;
; neurax_debug_cycle_o[1]             ; Inapplicable ; Inapplicable ; Inapplicable ; Inapplicable ; Inapplicable ; Pass      ; Inapplicable ; Inapplicable ; Pass      ; Pass      ; Inapplicable ; Pass         ; Inapplicable ; Inapplicable ; Inapplicable ; Inapplicable ; Pass         ; Inapplicable ; Inapplicable ; Inapplicable ; Inapplicable ; Pass         ; Inapplicable ; Inapplicable ; Inapplicable ; Inapplicable ; Inapplicable ; Inapplicable ;
; neurax_debug_cycle_o[2]             ; Inapplicable ; Inapplicable ; Inapplicable ; Inapplicable ; Inapplicable ; Pass      ; Inapplicable ; Inapplicable ; Pass      ; Pass      ; Inapplicable ; Pass         ; Inapplicable ; Inapplicable ; Inapplicable ; Inapplicable ; Pass         ; Inapplicable ; Inapplicable ; Inapplicable ; Inapplicable ; Pass         ; Inapplicable ; Inapplicable ; Inapplicable ; Inapplicable ; Inapplicable ; Inapplicable ;
; neurax_debug_cycle_o[3]             ; Inapplicable ; Inapplicable ; Inapplicable ; Inapplicable ; Inapplicable ; Pass      ; Inapplicable ; Inapplicable ; Pass      ; Pass      ; Inapplicable ; Pass         ; Inapplicable ; Inapplicable ; Inapplicable ; Inapplicable ; Pass         ; Inapplicable ; Inapplicable ; Inapplicable ; Inapplicable ; Pass         ; Inapplicable ; Inapplicable ; Inapplicable ; Inapplicable ; Inapplicable ; Inapplicable ;
; neurax_debug_cycle_o[4]             ; Inapplicable ; Inapplicable ; Inapplicable ; Inapplicable ; Inapplicable ; Pass      ; Inapplicable ; Inapplicable ; Pass      ; Pass      ; Inapplicable ; Pass         ; Inapplicable ; Inapplicable ; Inapplicable ; Inapplicable ; Pass         ; Inapplicable ; Inapplicable ; Inapplicable ; Inapplicable ; Pass         ; Inapplicable ; Inapplicable ; Inapplicable ; Inapplicable ; Inapplicable ; Inapplicable ;
; neurax_debug_cycle_o[5]             ; Inapplicable ; Inapplicable ; Inapplicable ; Inapplicable ; Inapplicable ; Pass      ; Inapplicable ; Inapplicable ; Pass      ; Pass      ; Inapplicable ; Pass         ; Inapplicable ; Inapplicable ; Inapplicable ; Inapplicable ; Pass         ; Inapplicable ; Inapplicable ; Inapplicable ; Inapplicable ; Pass         ; Inapplicable ; Inapplicable ; Inapplicable ; Inapplicable ; Inapplicable ; Inapplicable ;
; neurax_debug_cycle_o[6]             ; Inapplicable ; Inapplicable ; Inapplicable ; Inapplicable ; Inapplicable ; Pass      ; Inapplicable ; Inapplicable ; Pass      ; Pass      ; Inapplicable ; Pass         ; Inapplicable ; Inapplicable ; Inapplicable ; Inapplicable ; Pass         ; Inapplicable ; Inapplicable ; Inapplicable ; Inapplicable ; Pass         ; Inapplicable ; Inapplicable ; Inapplicable ; Inapplicable ; Inapplicable ; Inapplicable ;
; neurax_debug_cycle_o[7]             ; Inapplicable ; Inapplicable ; Inapplicable ; Inapplicable ; Inapplicable ; Pass      ; Inapplicable ; Inapplicable ; Pass      ; Pass      ; Inapplicable ; Pass         ; Inapplicable ; Inapplicable ; Inapplicable ; Inapplicable ; Pass         ; Inapplicable ; Inapplicable ; Inapplicable ; Inapplicable ; Pass         ; Inapplicable ; Inapplicable ; Inapplicable ; Inapplicable ; Inapplicable ; Inapplicable ;
; neurax_debug_cycle_o[8]             ; Inapplicable ; Inapplicable ; Inapplicable ; Inapplicable ; Inapplicable ; Pass      ; Inapplicable ; Inapplicable ; Pass      ; Pass      ; Inapplicable ; Pass         ; Inapplicable ; Inapplicable ; Inapplicable ; Inapplicable ; Pass         ; Inapplicable ; Inapplicable ; Inapplicable ; Inapplicable ; Pass         ; Inapplicable ; Inapplicable ; Inapplicable ; Inapplicable ; Inapplicable ; Inapplicable ;
; neurax_debug_cycle_o[9]             ; Inapplicable ; Inapplicable ; Inapplicable ; Inapplicable ; Inapplicable ; Pass      ; Inapplicable ; Inapplicable ; Pass      ; Pass      ; Inapplicable ; Pass         ; Inapplicable ; Inapplicable ; Inapplicable ; Inapplicable ; Pass         ; Inapplicable ; Inapplicable ; Inapplicable ; Inapplicable ; Pass         ; Inapplicable ; Inapplicable ; Inapplicable ; Inapplicable ; Inapplicable ; Inapplicable ;
; neurax_debug_cycle_o[10]            ; Inapplicable ; Inapplicable ; Inapplicable ; Inapplicable ; Inapplicable ; Pass      ; Inapplicable ; Inapplicable ; Pass      ; Pass      ; Inapplicable ; Pass         ; Inapplicable ; Inapplicable ; Inapplicable ; Inapplicable ; Pass         ; Inapplicable ; Inapplicable ; Inapplicable ; Inapplicable ; Pass         ; Inapplicable ; Inapplicable ; Inapplicable ; Inapplicable ; Inapplicable ; Inapplicable ;
; neurax_debug_cycle_o[11]            ; Inapplicable ; Inapplicable ; Inapplicable ; Inapplicable ; Inapplicable ; Pass      ; Inapplicable ; Inapplicable ; Pass      ; Pass      ; Inapplicable ; Pass         ; Inapplicable ; Inapplicable ; Inapplicable ; Inapplicable ; Pass         ; Inapplicable ; Inapplicable ; Inapplicable ; Inapplicable ; Pass         ; Inapplicable ; Inapplicable ; Inapplicable ; Inapplicable ; Inapplicable ; Inapplicable ;
; neurax_debug_cycle_o[12]            ; Inapplicable ; Inapplicable ; Inapplicable ; Inapplicable ; Inapplicable ; Pass      ; Inapplicable ; Inapplicable ; Pass      ; Pass      ; Inapplicable ; Pass         ; Inapplicable ; Inapplicable ; Inapplicable ; Inapplicable ; Pass         ; Inapplicable ; Inapplicable ; Inapplicable ; Inapplicable ; Pass         ; Inapplicable ; Inapplicable ; Inapplicable ; Inapplicable ; Inapplicable ; Inapplicable ;
; neurax_debug_cycle_o[13]            ; Inapplicable ; Inapplicable ; Inapplicable ; Inapplicable ; Inapplicable ; Pass      ; Inapplicable ; Inapplicable ; Pass      ; Pass      ; Inapplicable ; Pass         ; Inapplicable ; Inapplicable ; Inapplicable ; Inapplicable ; Pass         ; Inapplicable ; Inapplicable ; Inapplicable ; Inapplicable ; Pass         ; Inapplicable ; Inapplicable ; Inapplicable ; Inapplicable ; Inapplicable ; Inapplicable ;
; neurax_debug_cycle_o[14]            ; Inapplicable ; Inapplicable ; Inapplicable ; Inapplicable ; Inapplicable ; Pass      ; Inapplicable ; Inapplicable ; Pass      ; Pass      ; Inapplicable ; Pass         ; Inapplicable ; Inapplicable ; Inapplicable ; Inapplicable ; Pass         ; Inapplicable ; Inapplicable ; Inapplicable ; Inapplicable ; Pass         ; Inapplicable ; Inapplicable ; Inapplicable ; Inapplicable ; Inapplicable ; Inapplicable ;
; neurax_debug_cycle_o[15]            ; Inapplicable ; Inapplicable ; Inapplicable ; Inapplicable ; Inapplicable ; Pass      ; Inapplicable ; Inapplicable ; Pass      ; Pass      ; Inapplicable ; Pass         ; Inapplicable ; Inapplicable ; Inapplicable ; Inapplicable ; Pass         ; Inapplicable ; Inapplicable ; Inapplicable ; Inapplicable ; Pass         ; Inapplicable ; Inapplicable ; Inapplicable ; Inapplicable ; Inapplicable ; Inapplicable ;
; neurax_debug_cycle_o[16]            ; Inapplicable ; Inapplicable ; Inapplicable ; Inapplicable ; Inapplicable ; Pass      ; Inapplicable ; Inapplicable ; Pass      ; Pass      ; Inapplicable ; Pass         ; Inapplicable ; Inapplicable ; Inapplicable ; Inapplicable ; Pass         ; Inapplicable ; Inapplicable ; Inapplicable ; Inapplicable ; Pass         ; Inapplicable ; Inapplicable ; Inapplicable ; Inapplicable ; Inapplicable ; Inapplicable ;
; neurax_debug_cycle_o[17]            ; Inapplicable ; Inapplicable ; Inapplicable ; Inapplicable ; Inapplicable ; Pass      ; Inapplicable ; Inapplicable ; Pass      ; Pass      ; Inapplicable ; Pass         ; Inapplicable ; Inapplicable ; Inapplicable ; Inapplicable ; Pass         ; Inapplicable ; Inapplicable ; Inapplicable ; Inapplicable ; Pass         ; Inapplicable ; Inapplicable ; Inapplicable ; Inapplicable ; Inapplicable ; Inapplicable ;
; neurax_debug_cycle_o[18]            ; Inapplicable ; Inapplicable ; Inapplicable ; Inapplicable ; Inapplicable ; Pass      ; Inapplicable ; Inapplicable ; Pass      ; Pass      ; Inapplicable ; Pass         ; Inapplicable ; Inapplicable ; Inapplicable ; Inapplicable ; Pass         ; Inapplicable ; Inapplicable ; Inapplicable ; Inapplicable ; Pass         ; Inapplicable ; Inapplicable ; Inapplicable ; Inapplicable ; Inapplicable ; Inapplicable ;
; neurax_debug_cycle_o[19]            ; Inapplicable ; Inapplicable ; Inapplicable ; Inapplicable ; Inapplicable ; Pass      ; Inapplicable ; Inapplicable ; Pass      ; Pass      ; Inapplicable ; Pass         ; Inapplicable ; Inapplicable ; Inapplicable ; Inapplicable ; Pass         ; Inapplicable ; Inapplicable ; Inapplicable ; Inapplicable ; Pass         ; Inapplicable ; Inapplicable ; Inapplicable ; Inapplicable ; Inapplicable ; Inapplicable ;
; neurax_debug_cycle_o[20]            ; Inapplicable ; Inapplicable ; Inapplicable ; Inapplicable ; Inapplicable ; Pass      ; Inapplicable ; Inapplicable ; Pass      ; Pass      ; Inapplicable ; Pass         ; Inapplicable ; Inapplicable ; Inapplicable ; Inapplicable ; Pass         ; Inapplicable ; Inapplicable ; Inapplicable ; Inapplicable ; Pass         ; Inapplicable ; Inapplicable ; Inapplicable ; Inapplicable ; Inapplicable ; Inapplicable ;
; neurax_debug_cycle_o[21]            ; Inapplicable ; Inapplicable ; Inapplicable ; Inapplicable ; Inapplicable ; Pass      ; Inapplicable ; Inapplicable ; Pass      ; Pass      ; Inapplicable ; Pass         ; Inapplicable ; Inapplicable ; Inapplicable ; Inapplicable ; Pass         ; Inapplicable ; Inapplicable ; Inapplicable ; Inapplicable ; Pass         ; Inapplicable ; Inapplicable ; Inapplicable ; Inapplicable ; Inapplicable ; Inapplicable ;
; neurax_debug_cycle_o[22]            ; Inapplicable ; Inapplicable ; Inapplicable ; Inapplicable ; Inapplicable ; Pass      ; Inapplicable ; Inapplicable ; Pass      ; Pass      ; Inapplicable ; Pass         ; Inapplicable ; Inapplicable ; Inapplicable ; Inapplicable ; Pass         ; Inapplicable ; Inapplicable ; Inapplicable ; Inapplicable ; Pass         ; Inapplicable ; Inapplicable ; Inapplicable ; Inapplicable ; Inapplicable ; Inapplicable ;
; neurax_debug_cycle_o[23]            ; Inapplicable ; Inapplicable ; Inapplicable ; Inapplicable ; Inapplicable ; Pass      ; Inapplicable ; Inapplicable ; Pass      ; Pass      ; Inapplicable ; Pass         ; Inapplicable ; Inapplicable ; Inapplicable ; Inapplicable ; Pass         ; Inapplicable ; Inapplicable ; Inapplicable ; Inapplicable ; Pass         ; Inapplicable ; Inapplicable ; Inapplicable ; Inapplicable ; Inapplicable ; Inapplicable ;
; neurax_debug_cycle_o[24]            ; Inapplicable ; Inapplicable ; Inapplicable ; Inapplicable ; Inapplicable ; Pass      ; Inapplicable ; Inapplicable ; Pass      ; Pass      ; Inapplicable ; Pass         ; Inapplicable ; Inapplicable ; Inapplicable ; Inapplicable ; Pass         ; Inapplicable ; Inapplicable ; Inapplicable ; Inapplicable ; Pass         ; Inapplicable ; Inapplicable ; Inapplicable ; Inapplicable ; Inapplicable ; Inapplicable ;
; neurax_debug_cycle_o[25]            ; Inapplicable ; Inapplicable ; Inapplicable ; Inapplicable ; Inapplicable ; Pass      ; Inapplicable ; Inapplicable ; Pass      ; Pass      ; Inapplicable ; Pass         ; Inapplicable ; Inapplicable ; Inapplicable ; Inapplicable ; Pass         ; Inapplicable ; Inapplicable ; Inapplicable ; Inapplicable ; Pass         ; Inapplicable ; Inapplicable ; Inapplicable ; Inapplicable ; Inapplicable ; Inapplicable ;
; neurax_debug_cycle_o[26]            ; Inapplicable ; Inapplicable ; Inapplicable ; Inapplicable ; Inapplicable ; Pass      ; Inapplicable ; Inapplicable ; Pass      ; Pass      ; Inapplicable ; Pass         ; Inapplicable ; Inapplicable ; Inapplicable ; Inapplicable ; Pass         ; Inapplicable ; Inapplicable ; Inapplicable ; Inapplicable ; Pass         ; Inapplicable ; Inapplicable ; Inapplicable ; Inapplicable ; Inapplicable ; Inapplicable ;
; neurax_debug_cycle_o[27]            ; Inapplicable ; Inapplicable ; Inapplicable ; Inapplicable ; Inapplicable ; Pass      ; Inapplicable ; Inapplicable ; Pass      ; Pass      ; Inapplicable ; Pass         ; Inapplicable ; Inapplicable ; Inapplicable ; Inapplicable ; Pass         ; Inapplicable ; Inapplicable ; Inapplicable ; Inapplicable ; Pass         ; Inapplicable ; Inapplicable ; Inapplicable ; Inapplicable ; Inapplicable ; Inapplicable ;
; neurax_debug_cycle_o[28]            ; Inapplicable ; Inapplicable ; Inapplicable ; Inapplicable ; Inapplicable ; Pass      ; Inapplicable ; Inapplicable ; Pass      ; Pass      ; Inapplicable ; Pass         ; Inapplicable ; Inapplicable ; Inapplicable ; Inapplicable ; Pass         ; Inapplicable ; Inapplicable ; Inapplicable ; Inapplicable ; Pass         ; Inapplicable ; Inapplicable ; Inapplicable ; Inapplicable ; Inapplicable ; Inapplicable ;
; neurax_debug_cycle_o[29]            ; Inapplicable ; Inapplicable ; Inapplicable ; Inapplicable ; Inapplicable ; Pass      ; Inapplicable ; Inapplicable ; Pass      ; Pass      ; Inapplicable ; Pass         ; Inapplicable ; Inapplicable ; Inapplicable ; Inapplicable ; Pass         ; Inapplicable ; Inapplicable ; Inapplicable ; Inapplicable ; Pass         ; Inapplicable ; Inapplicable ; Inapplicable ; Inapplicable ; Inapplicable ; Inapplicable ;
; neurax_debug_cycle_o[30]            ; Inapplicable ; Inapplicable ; Inapplicable ; Inapplicable ; Inapplicable ; Pass      ; Inapplicable ; Inapplicable ; Pass      ; Pass      ; Inapplicable ; Pass         ; Inapplicable ; Inapplicable ; Inapplicable ; Inapplicable ; Pass         ; Inapplicable ; Inapplicable ; Inapplicable ; Inapplicable ; Pass         ; Inapplicable ; Inapplicable ; Inapplicable ; Inapplicable ; Inapplicable ; Inapplicable ;
; neurax_debug_cycle_o[31]            ; Inapplicable ; Inapplicable ; Inapplicable ; Inapplicable ; Inapplicable ; Pass      ; Inapplicable ; Inapplicable ; Pass      ; Pass      ; Inapplicable ; Pass         ; Inapplicable ; Inapplicable ; Inapplicable ; Inapplicable ; Pass         ; Inapplicable ; Inapplicable ; Inapplicable ; Inapplicable ; Pass         ; Inapplicable ; Inapplicable ; Inapplicable ; Inapplicable ; Inapplicable ; Inapplicable ;
; neurax_status_o[0]                  ; Inapplicable ; Inapplicable ; Inapplicable ; Inapplicable ; Inapplicable ; Pass      ; Inapplicable ; Inapplicable ; Pass      ; Pass      ; Inapplicable ; Pass         ; Inapplicable ; Inapplicable ; Inapplicable ; Inapplicable ; Pass         ; Inapplicable ; Inapplicable ; Inapplicable ; Inapplicable ; Pass         ; Inapplicable ; Inapplicable ; Inapplicable ; Inapplicable ; Inapplicable ; Inapplicable ;
; neurax_status_o[1]                  ; Inapplicable ; Inapplicable ; Inapplicable ; Inapplicable ; Inapplicable ; Pass      ; Inapplicable ; Inapplicable ; Pass      ; Pass      ; Inapplicable ; Pass         ; Inapplicable ; Inapplicable ; Inapplicable ; Inapplicable ; Pass         ; Inapplicable ; Inapplicable ; Inapplicable ; Inapplicable ; Pass         ; Inapplicable ; Inapplicable ; Inapplicable ; Inapplicable ; Inapplicable ; Inapplicable ;
; neurax_status_o[2]                  ; Inapplicable ; Inapplicable ; Inapplicable ; Inapplicable ; Inapplicable ; Pass      ; Inapplicable ; Inapplicable ; Pass      ; Pass      ; Inapplicable ; Pass         ; Inapplicable ; Inapplicable ; Inapplicable ; Inapplicable ; Pass         ; Inapplicable ; Inapplicable ; Inapplicable ; Inapplicable ; Pass         ; Inapplicable ; Inapplicable ; Inapplicable ; Inapplicable ; Inapplicable ; Inapplicable ;
; neurax_status_o[3]                  ; Inapplicable ; Inapplicable ; Inapplicable ; Inapplicable ; Inapplicable ; Pass      ; Inapplicable ; Inapplicable ; Pass      ; Pass      ; Inapplicable ; Pass         ; Inapplicable ; Inapplicable ; Inapplicable ; Inapplicable ; Pass         ; Inapplicable ; Inapplicable ; Inapplicable ; Inapplicable ; Pass         ; Inapplicable ; Inapplicable ; Inapplicable ; Inapplicable ; Inapplicable ; Inapplicable ;
; neurax_status_o[4]                  ; Inapplicable ; Inapplicable ; Inapplicable ; Inapplicable ; Inapplicable ; Pass      ; Inapplicable ; Inapplicable ; Pass      ; Pass      ; Inapplicable ; Pass         ; Inapplicable ; Inapplicable ; Inapplicable ; Inapplicable ; Pass         ; Inapplicable ; Inapplicable ; Inapplicable ; Inapplicable ; Pass         ; Inapplicable ; Inapplicable ; Inapplicable ; Inapplicable ; Inapplicable ; Inapplicable ;
; neurax_status_o[5]                  ; Inapplicable ; Inapplicable ; Inapplicable ; Inapplicable ; Inapplicable ; Pass      ; Inapplicable ; Inapplicable ; Pass      ; Pass      ; Inapplicable ; Pass         ; Inapplicable ; Inapplicable ; Inapplicable ; Inapplicable ; Pass         ; Inapplicable ; Inapplicable ; Inapplicable ; Inapplicable ; Pass         ; Inapplicable ; Inapplicable ; Inapplicable ; Inapplicable ; Inapplicable ; Inapplicable ;
; neurax_status_o[6]                  ; Inapplicable ; Inapplicable ; Inapplicable ; Inapplicable ; Inapplicable ; Pass      ; Inapplicable ; Inapplicable ; Pass      ; Pass      ; Inapplicable ; Pass         ; Inapplicable ; Inapplicable ; Inapplicable ; Inapplicable ; Pass         ; Inapplicable ; Inapplicable ; Inapplicable ; Inapplicable ; Pass         ; Inapplicable ; Inapplicable ; Inapplicable ; Inapplicable ; Inapplicable ; Inapplicable ;
; neurax_status_o[7]                  ; Inapplicable ; Inapplicable ; Inapplicable ; Inapplicable ; Inapplicable ; Pass      ; Inapplicable ; Inapplicable ; Pass      ; Pass      ; Inapplicable ; Pass         ; Inapplicable ; Inapplicable ; Inapplicable ; Inapplicable ; Pass         ; Inapplicable ; Inapplicable ; Inapplicable ; Inapplicable ; Pass         ; Inapplicable ; Inapplicable ; Inapplicable ; Inapplicable ; Inapplicable ; Inapplicable ;
; avs_address_i[0]                    ; Inapplicable ; Inapplicable ; Inapplicable ; Inapplicable ; Inapplicable ; Pass      ; Inapplicable ; Inapplicable ; Pass      ; Pass      ; Inapplicable ; Inapplicable ; Inapplicable ; Inapplicable ; Inapplicable ; Inapplicable ; Inapplicable ; Inapplicable ; Inapplicable ; Inapplicable ; Inapplicable ; Inapplicable ; Inapplicable ; Inapplicable ; Inapplicable ; Inapplicable ; Inapplicable ; Inapplicable ;
; avs_address_i[1]                    ; Inapplicable ; Inapplicable ; Inapplicable ; Inapplicable ; Inapplicable ; Pass      ; Inapplicable ; Inapplicable ; Pass      ; Pass      ; Inapplicable ; Inapplicable ; Inapplicable ; Inapplicable ; Inapplicable ; Inapplicable ; Inapplicable ; Inapplicable ; Inapplicable ; Inapplicable ; Inapplicable ; Inapplicable ; Inapplicable ; Inapplicable ; Inapplicable ; Inapplicable ; Inapplicable ; Inapplicable ;
; avs_address_i[2]                    ; Inapplicable ; Inapplicable ; Inapplicable ; Inapplicable ; Inapplicable ; Pass      ; Inapplicable ; Inapplicable ; Pass      ; Pass      ; Inapplicable ; Inapplicable ; Inapplicable ; Inapplicable ; Inapplicable ; Inapplicable ; Inapplicable ; Inapplicable ; Inapplicable ; Inapplicable ; Inapplicable ; Inapplicable ; Inapplicable ; Inapplicable ; Inapplicable ; Inapplicable ; Inapplicable ; Inapplicable ;
; avs_address_i[3]                    ; Inapplicable ; Inapplicable ; Inapplicable ; Inapplicable ; Inapplicable ; Pass      ; Inapplicable ; Inapplicable ; Pass      ; Pass      ; Inapplicable ; Inapplicable ; Inapplicable ; Inapplicable ; Inapplicable ; Inapplicable ; Inapplicable ; Inapplicable ; Inapplicable ; Inapplicable ; Inapplicable ; Inapplicable ; Inapplicable ; Inapplicable ; Inapplicable ; Inapplicable ; Inapplicable ; Inapplicable ;
; clk_i                               ; Inapplicable ; Inapplicable ; Inapplicable ; Inapplicable ; Inapplicable ; Pass      ; Inapplicable ; Inapplicable ; Pass      ; Pass      ; Inapplicable ; Inapplicable ; Inapplicable ; Inapplicable ; Inapplicable ; Inapplicable ; Inapplicable ; Inapplicable ; Inapplicable ; Inapplicable ; Inapplicable ; Inapplicable ; Inapplicable ; Inapplicable ; Inapplicable ; Inapplicable ; Inapplicable ; Inapplicable ;
; rst_i                               ; Inapplicable ; Inapplicable ; Inapplicable ; Inapplicable ; Inapplicable ; Pass      ; Inapplicable ; Inapplicable ; Pass      ; Pass      ; Inapplicable ; Inapplicable ; Inapplicable ; Inapplicable ; Inapplicable ; Inapplicable ; Inapplicable ; Inapplicable ; Inapplicable ; Inapplicable ; Inapplicable ; Inapplicable ; Inapplicable ; Inapplicable ; Inapplicable ; Inapplicable ; Inapplicable ; Inapplicable ;
; avs_chipselect_i                    ; Inapplicable ; Inapplicable ; Inapplicable ; Inapplicable ; Inapplicable ; Pass      ; Inapplicable ; Inapplicable ; Pass      ; Pass      ; Inapplicable ; Inapplicable ; Inapplicable ; Inapplicable ; Inapplicable ; Inapplicable ; Inapplicable ; Inapplicable ; Inapplicable ; Inapplicable ; Inapplicable ; Inapplicable ; Inapplicable ; Inapplicable ; Inapplicable ; Inapplicable ; Inapplicable ; Inapplicable ;
; avs_read_i                          ; Inapplicable ; Inapplicable ; Inapplicable ; Inapplicable ; Inapplicable ; Pass      ; Inapplicable ; Inapplicable ; Pass      ; Pass      ; Inapplicable ; Inapplicable ; Inapplicable ; Inapplicable ; Inapplicable ; Inapplicable ; Inapplicable ; Inapplicable ; Inapplicable ; Inapplicable ; Inapplicable ; Inapplicable ; Inapplicable ; Inapplicable ; Inapplicable ; Inapplicable ; Inapplicable ; Inapplicable ;
; avs_writedata_i[0]                  ; Inapplicable ; Inapplicable ; Inapplicable ; Inapplicable ; Inapplicable ; Pass      ; Inapplicable ; Inapplicable ; Pass      ; Pass      ; Inapplicable ; Inapplicable ; Inapplicable ; Inapplicable ; Inapplicable ; Inapplicable ; Inapplicable ; Inapplicable ; Inapplicable ; Inapplicable ; Inapplicable ; Inapplicable ; Inapplicable ; Inapplicable ; Inapplicable ; Inapplicable ; Inapplicable ; Inapplicable ;
; avs_write_i                         ; Inapplicable ; Inapplicable ; Inapplicable ; Inapplicable ; Inapplicable ; Pass      ; Inapplicable ; Inapplicable ; Pass      ; Pass      ; Inapplicable ; Inapplicable ; Inapplicable ; Inapplicable ; Inapplicable ; Inapplicable ; Inapplicable ; Inapplicable ; Inapplicable ; Inapplicable ; Inapplicable ; Inapplicable ; Inapplicable ; Inapplicable ; Inapplicable ; Inapplicable ; Inapplicable ; Inapplicable ;
; avs_byteenable_i[0]                 ; Inapplicable ; Inapplicable ; Inapplicable ; Inapplicable ; Inapplicable ; Pass      ; Inapplicable ; Inapplicable ; Pass      ; Pass      ; Inapplicable ; Inapplicable ; Inapplicable ; Inapplicable ; Inapplicable ; Inapplicable ; Inapplicable ; Inapplicable ; Inapplicable ; Inapplicable ; Inapplicable ; Inapplicable ; Inapplicable ; Inapplicable ; Inapplicable ; Inapplicable ; Inapplicable ; Inapplicable ;
; avs_writedata_i[1]                  ; Inapplicable ; Inapplicable ; Inapplicable ; Inapplicable ; Inapplicable ; Pass      ; Inapplicable ; Inapplicable ; Pass      ; Pass      ; Inapplicable ; Inapplicable ; Inapplicable ; Inapplicable ; Inapplicable ; Inapplicable ; Inapplicable ; Inapplicable ; Inapplicable ; Inapplicable ; Inapplicable ; Inapplicable ; Inapplicable ; Inapplicable ; Inapplicable ; Inapplicable ; Inapplicable ; Inapplicable ;
; avs_writedata_i[2]                  ; Inapplicable ; Inapplicable ; Inapplicable ; Inapplicable ; Inapplicable ; Pass      ; Inapplicable ; Inapplicable ; Pass      ; Pass      ; Inapplicable ; Inapplicable ; Inapplicable ; Inapplicable ; Inapplicable ; Inapplicable ; Inapplicable ; Inapplicable ; Inapplicable ; Inapplicable ; Inapplicable ; Inapplicable ; Inapplicable ; Inapplicable ; Inapplicable ; Inapplicable ; Inapplicable ; Inapplicable ;
; avs_writedata_i[3]                  ; Inapplicable ; Inapplicable ; Inapplicable ; Inapplicable ; Inapplicable ; Pass      ; Inapplicable ; Inapplicable ; Pass      ; Pass      ; Inapplicable ; Inapplicable ; Inapplicable ; Inapplicable ; Inapplicable ; Inapplicable ; Inapplicable ; Inapplicable ; Inapplicable ; Inapplicable ; Inapplicable ; Inapplicable ; Inapplicable ; Inapplicable ; Inapplicable ; Inapplicable ; Inapplicable ; Inapplicable ;
; avs_writedata_i[24]                 ; Inapplicable ; Inapplicable ; Inapplicable ; Inapplicable ; Inapplicable ; Pass      ; Inapplicable ; Inapplicable ; Pass      ; Pass      ; Inapplicable ; Inapplicable ; Inapplicable ; Inapplicable ; Inapplicable ; Inapplicable ; Inapplicable ; Inapplicable ; Inapplicable ; Inapplicable ; Inapplicable ; Inapplicable ; Inapplicable ; Inapplicable ; Inapplicable ; Inapplicable ; Inapplicable ; Inapplicable ;
; avs_byteenable_i[3]                 ; Inapplicable ; Inapplicable ; Inapplicable ; Inapplicable ; Inapplicable ; Pass      ; Inapplicable ; Inapplicable ; Pass      ; Pass      ; Inapplicable ; Inapplicable ; Inapplicable ; Inapplicable ; Inapplicable ; Inapplicable ; Inapplicable ; Inapplicable ; Inapplicable ; Inapplicable ; Inapplicable ; Inapplicable ; Inapplicable ; Inapplicable ; Inapplicable ; Inapplicable ; Inapplicable ; Inapplicable ;
; avs_writedata_i[26]                 ; Inapplicable ; Inapplicable ; Inapplicable ; Inapplicable ; Inapplicable ; Pass      ; Inapplicable ; Inapplicable ; Pass      ; Pass      ; Inapplicable ; Inapplicable ; Inapplicable ; Inapplicable ; Inapplicable ; Inapplicable ; Inapplicable ; Inapplicable ; Inapplicable ; Inapplicable ; Inapplicable ; Inapplicable ; Inapplicable ; Inapplicable ; Inapplicable ; Inapplicable ; Inapplicable ; Inapplicable ;
; avs_writedata_i[25]                 ; Inapplicable ; Inapplicable ; Inapplicable ; Inapplicable ; Inapplicable ; Pass      ; Inapplicable ; Inapplicable ; Pass      ; Pass      ; Inapplicable ; Inapplicable ; Inapplicable ; Inapplicable ; Inapplicable ; Inapplicable ; Inapplicable ; Inapplicable ; Inapplicable ; Inapplicable ; Inapplicable ; Inapplicable ; Inapplicable ; Inapplicable ; Inapplicable ; Inapplicable ; Inapplicable ; Inapplicable ;
; avs_writedata_i[31]                 ; Inapplicable ; Inapplicable ; Inapplicable ; Inapplicable ; Inapplicable ; Pass      ; Inapplicable ; Inapplicable ; Pass      ; Pass      ; Inapplicable ; Inapplicable ; Inapplicable ; Inapplicable ; Inapplicable ; Inapplicable ; Inapplicable ; Inapplicable ; Inapplicable ; Inapplicable ; Inapplicable ; Inapplicable ; Inapplicable ; Inapplicable ; Inapplicable ; Inapplicable ; Inapplicable ; Inapplicable ;
; avs_writedata_i[30]                 ; Inapplicable ; Inapplicable ; Inapplicable ; Inapplicable ; Inapplicable ; Pass      ; Inapplicable ; Inapplicable ; Pass      ; Pass      ; Inapplicable ; Inapplicable ; Inapplicable ; Inapplicable ; Inapplicable ; Inapplicable ; Inapplicable ; Inapplicable ; Inapplicable ; Inapplicable ; Inapplicable ; Inapplicable ; Inapplicable ; Inapplicable ; Inapplicable ; Inapplicable ; Inapplicable ; Inapplicable ;
; avs_writedata_i[29]                 ; Inapplicable ; Inapplicable ; Inapplicable ; Inapplicable ; Inapplicable ; Pass      ; Inapplicable ; Inapplicable ; Pass      ; Pass      ; Inapplicable ; Inapplicable ; Inapplicable ; Inapplicable ; Inapplicable ; Inapplicable ; Inapplicable ; Inapplicable ; Inapplicable ; Inapplicable ; Inapplicable ; Inapplicable ; Inapplicable ; Inapplicable ; Inapplicable ; Inapplicable ; Inapplicable ; Inapplicable ;
; avs_writedata_i[28]                 ; Inapplicable ; Inapplicable ; Inapplicable ; Inapplicable ; Inapplicable ; Pass      ; Inapplicable ; Inapplicable ; Pass      ; Pass      ; Inapplicable ; Inapplicable ; Inapplicable ; Inapplicable ; Inapplicable ; Inapplicable ; Inapplicable ; Inapplicable ; Inapplicable ; Inapplicable ; Inapplicable ; Inapplicable ; Inapplicable ; Inapplicable ; Inapplicable ; Inapplicable ; Inapplicable ; Inapplicable ;
; avs_writedata_i[27]                 ; Inapplicable ; Inapplicable ; Inapplicable ; Inapplicable ; Inapplicable ; Pass      ; Inapplicable ; Inapplicable ; Pass      ; Pass      ; Inapplicable ; Inapplicable ; Inapplicable ; Inapplicable ; Inapplicable ; Inapplicable ; Inapplicable ; Inapplicable ; Inapplicable ; Inapplicable ; Inapplicable ; Inapplicable ; Inapplicable ; Inapplicable ; Inapplicable ; Inapplicable ; Inapplicable ; Inapplicable ;
; avs_writedata_i[7]                  ; Inapplicable ; Inapplicable ; Inapplicable ; Inapplicable ; Inapplicable ; Pass      ; Inapplicable ; Inapplicable ; Pass      ; Pass      ; Inapplicable ; Inapplicable ; Inapplicable ; Inapplicable ; Inapplicable ; Inapplicable ; Inapplicable ; Inapplicable ; Inapplicable ; Inapplicable ; Inapplicable ; Inapplicable ; Inapplicable ; Inapplicable ; Inapplicable ; Inapplicable ; Inapplicable ; Inapplicable ;
; avs_writedata_i[6]                  ; Inapplicable ; Inapplicable ; Inapplicable ; Inapplicable ; Inapplicable ; Pass      ; Inapplicable ; Inapplicable ; Pass      ; Pass      ; Inapplicable ; Inapplicable ; Inapplicable ; Inapplicable ; Inapplicable ; Inapplicable ; Inapplicable ; Inapplicable ; Inapplicable ; Inapplicable ; Inapplicable ; Inapplicable ; Inapplicable ; Inapplicable ; Inapplicable ; Inapplicable ; Inapplicable ; Inapplicable ;
; avs_writedata_i[5]                  ; Inapplicable ; Inapplicable ; Inapplicable ; Inapplicable ; Inapplicable ; Pass      ; Inapplicable ; Inapplicable ; Pass      ; Pass      ; Inapplicable ; Inapplicable ; Inapplicable ; Inapplicable ; Inapplicable ; Inapplicable ; Inapplicable ; Inapplicable ; Inapplicable ; Inapplicable ; Inapplicable ; Inapplicable ; Inapplicable ; Inapplicable ; Inapplicable ; Inapplicable ; Inapplicable ; Inapplicable ;
; avs_writedata_i[4]                  ; Inapplicable ; Inapplicable ; Inapplicable ; Inapplicable ; Inapplicable ; Pass      ; Inapplicable ; Inapplicable ; Pass      ; Pass      ; Inapplicable ; Inapplicable ; Inapplicable ; Inapplicable ; Inapplicable ; Inapplicable ; Inapplicable ; Inapplicable ; Inapplicable ; Inapplicable ; Inapplicable ; Inapplicable ; Inapplicable ; Inapplicable ; Inapplicable ; Inapplicable ; Inapplicable ; Inapplicable ;
; avs_writedata_i[8]                  ; Inapplicable ; Inapplicable ; Inapplicable ; Inapplicable ; Inapplicable ; Pass      ; Inapplicable ; Inapplicable ; Pass      ; Pass      ; Inapplicable ; Inapplicable ; Inapplicable ; Inapplicable ; Inapplicable ; Inapplicable ; Inapplicable ; Inapplicable ; Inapplicable ; Inapplicable ; Inapplicable ; Inapplicable ; Inapplicable ; Inapplicable ; Inapplicable ; Inapplicable ; Inapplicable ; Inapplicable ;
; avs_byteenable_i[1]                 ; Inapplicable ; Inapplicable ; Inapplicable ; Inapplicable ; Inapplicable ; Pass      ; Inapplicable ; Inapplicable ; Pass      ; Pass      ; Inapplicable ; Inapplicable ; Inapplicable ; Inapplicable ; Inapplicable ; Inapplicable ; Inapplicable ; Inapplicable ; Inapplicable ; Inapplicable ; Inapplicable ; Inapplicable ; Inapplicable ; Inapplicable ; Inapplicable ; Inapplicable ; Inapplicable ; Inapplicable ;
; avs_writedata_i[9]                  ; Inapplicable ; Inapplicable ; Inapplicable ; Inapplicable ; Inapplicable ; Pass      ; Inapplicable ; Inapplicable ; Pass      ; Pass      ; Inapplicable ; Inapplicable ; Inapplicable ; Inapplicable ; Inapplicable ; Inapplicable ; Inapplicable ; Inapplicable ; Inapplicable ; Inapplicable ; Inapplicable ; Inapplicable ; Inapplicable ; Inapplicable ; Inapplicable ; Inapplicable ; Inapplicable ; Inapplicable ;
; avs_writedata_i[15]                 ; Inapplicable ; Inapplicable ; Inapplicable ; Inapplicable ; Inapplicable ; Pass      ; Inapplicable ; Inapplicable ; Pass      ; Pass      ; Inapplicable ; Inapplicable ; Inapplicable ; Inapplicable ; Inapplicable ; Inapplicable ; Inapplicable ; Inapplicable ; Inapplicable ; Inapplicable ; Inapplicable ; Inapplicable ; Inapplicable ; Inapplicable ; Inapplicable ; Inapplicable ; Inapplicable ; Inapplicable ;
; avs_writedata_i[14]                 ; Inapplicable ; Inapplicable ; Inapplicable ; Inapplicable ; Inapplicable ; Pass      ; Inapplicable ; Inapplicable ; Pass      ; Pass      ; Inapplicable ; Inapplicable ; Inapplicable ; Inapplicable ; Inapplicable ; Inapplicable ; Inapplicable ; Inapplicable ; Inapplicable ; Inapplicable ; Inapplicable ; Inapplicable ; Inapplicable ; Inapplicable ; Inapplicable ; Inapplicable ; Inapplicable ; Inapplicable ;
; avs_writedata_i[13]                 ; Inapplicable ; Inapplicable ; Inapplicable ; Inapplicable ; Inapplicable ; Pass      ; Inapplicable ; Inapplicable ; Pass      ; Pass      ; Inapplicable ; Inapplicable ; Inapplicable ; Inapplicable ; Inapplicable ; Inapplicable ; Inapplicable ; Inapplicable ; Inapplicable ; Inapplicable ; Inapplicable ; Inapplicable ; Inapplicable ; Inapplicable ; Inapplicable ; Inapplicable ; Inapplicable ; Inapplicable ;
; avs_writedata_i[12]                 ; Inapplicable ; Inapplicable ; Inapplicable ; Inapplicable ; Inapplicable ; Pass      ; Inapplicable ; Inapplicable ; Pass      ; Pass      ; Inapplicable ; Inapplicable ; Inapplicable ; Inapplicable ; Inapplicable ; Inapplicable ; Inapplicable ; Inapplicable ; Inapplicable ; Inapplicable ; Inapplicable ; Inapplicable ; Inapplicable ; Inapplicable ; Inapplicable ; Inapplicable ; Inapplicable ; Inapplicable ;
; avs_writedata_i[11]                 ; Inapplicable ; Inapplicable ; Inapplicable ; Inapplicable ; Inapplicable ; Pass      ; Inapplicable ; Inapplicable ; Pass      ; Pass      ; Inapplicable ; Inapplicable ; Inapplicable ; Inapplicable ; Inapplicable ; Inapplicable ; Inapplicable ; Inapplicable ; Inapplicable ; Inapplicable ; Inapplicable ; Inapplicable ; Inapplicable ; Inapplicable ; Inapplicable ; Inapplicable ; Inapplicable ; Inapplicable ;
; avs_writedata_i[10]                 ; Inapplicable ; Inapplicable ; Inapplicable ; Inapplicable ; Inapplicable ; Pass      ; Inapplicable ; Inapplicable ; Pass      ; Pass      ; Inapplicable ; Inapplicable ; Inapplicable ; Inapplicable ; Inapplicable ; Inapplicable ; Inapplicable ; Inapplicable ; Inapplicable ; Inapplicable ; Inapplicable ; Inapplicable ; Inapplicable ; Inapplicable ; Inapplicable ; Inapplicable ; Inapplicable ; Inapplicable ;
; avs_writedata_i[16]                 ; Inapplicable ; Inapplicable ; Inapplicable ; Inapplicable ; Inapplicable ; Pass      ; Inapplicable ; Inapplicable ; Pass      ; Pass      ; Inapplicable ; Inapplicable ; Inapplicable ; Inapplicable ; Inapplicable ; Inapplicable ; Inapplicable ; Inapplicable ; Inapplicable ; Inapplicable ; Inapplicable ; Inapplicable ; Inapplicable ; Inapplicable ; Inapplicable ; Inapplicable ; Inapplicable ; Inapplicable ;
; avs_byteenable_i[2]                 ; Inapplicable ; Inapplicable ; Inapplicable ; Inapplicable ; Inapplicable ; Pass      ; Inapplicable ; Inapplicable ; Pass      ; Pass      ; Inapplicable ; Inapplicable ; Inapplicable ; Inapplicable ; Inapplicable ; Inapplicable ; Inapplicable ; Inapplicable ; Inapplicable ; Inapplicable ; Inapplicable ; Inapplicable ; Inapplicable ; Inapplicable ; Inapplicable ; Inapplicable ; Inapplicable ; Inapplicable ;
; avs_writedata_i[17]                 ; Inapplicable ; Inapplicable ; Inapplicable ; Inapplicable ; Inapplicable ; Pass      ; Inapplicable ; Inapplicable ; Pass      ; Pass      ; Inapplicable ; Inapplicable ; Inapplicable ; Inapplicable ; Inapplicable ; Inapplicable ; Inapplicable ; Inapplicable ; Inapplicable ; Inapplicable ; Inapplicable ; Inapplicable ; Inapplicable ; Inapplicable ; Inapplicable ; Inapplicable ; Inapplicable ; Inapplicable ;
; avs_writedata_i[18]                 ; Inapplicable ; Inapplicable ; Inapplicable ; Inapplicable ; Inapplicable ; Pass      ; Inapplicable ; Inapplicable ; Pass      ; Pass      ; Inapplicable ; Inapplicable ; Inapplicable ; Inapplicable ; Inapplicable ; Inapplicable ; Inapplicable ; Inapplicable ; Inapplicable ; Inapplicable ; Inapplicable ; Inapplicable ; Inapplicable ; Inapplicable ; Inapplicable ; Inapplicable ; Inapplicable ; Inapplicable ;
; avs_writedata_i[19]                 ; Inapplicable ; Inapplicable ; Inapplicable ; Inapplicable ; Inapplicable ; Pass      ; Inapplicable ; Inapplicable ; Pass      ; Pass      ; Inapplicable ; Inapplicable ; Inapplicable ; Inapplicable ; Inapplicable ; Inapplicable ; Inapplicable ; Inapplicable ; Inapplicable ; Inapplicable ; Inapplicable ; Inapplicable ; Inapplicable ; Inapplicable ; Inapplicable ; Inapplicable ; Inapplicable ; Inapplicable ;
; avs_writedata_i[23]                 ; Inapplicable ; Inapplicable ; Inapplicable ; Inapplicable ; Inapplicable ; Pass      ; Inapplicable ; Inapplicable ; Pass      ; Pass      ; Inapplicable ; Inapplicable ; Inapplicable ; Inapplicable ; Inapplicable ; Inapplicable ; Inapplicable ; Inapplicable ; Inapplicable ; Inapplicable ; Inapplicable ; Inapplicable ; Inapplicable ; Inapplicable ; Inapplicable ; Inapplicable ; Inapplicable ; Inapplicable ;
; avs_writedata_i[22]                 ; Inapplicable ; Inapplicable ; Inapplicable ; Inapplicable ; Inapplicable ; Pass      ; Inapplicable ; Inapplicable ; Pass      ; Pass      ; Inapplicable ; Inapplicable ; Inapplicable ; Inapplicable ; Inapplicable ; Inapplicable ; Inapplicable ; Inapplicable ; Inapplicable ; Inapplicable ; Inapplicable ; Inapplicable ; Inapplicable ; Inapplicable ; Inapplicable ; Inapplicable ; Inapplicable ; Inapplicable ;
; avs_writedata_i[21]                 ; Inapplicable ; Inapplicable ; Inapplicable ; Inapplicable ; Inapplicable ; Pass      ; Inapplicable ; Inapplicable ; Pass      ; Pass      ; Inapplicable ; Inapplicable ; Inapplicable ; Inapplicable ; Inapplicable ; Inapplicable ; Inapplicable ; Inapplicable ; Inapplicable ; Inapplicable ; Inapplicable ; Inapplicable ; Inapplicable ; Inapplicable ; Inapplicable ; Inapplicable ; Inapplicable ; Inapplicable ;
; avs_writedata_i[20]                 ; Inapplicable ; Inapplicable ; Inapplicable ; Inapplicable ; Inapplicable ; Pass      ; Inapplicable ; Inapplicable ; Pass      ; Pass      ; Inapplicable ; Inapplicable ; Inapplicable ; Inapplicable ; Inapplicable ; Inapplicable ; Inapplicable ; Inapplicable ; Inapplicable ; Inapplicable ; Inapplicable ; Inapplicable ; Inapplicable ; Inapplicable ; Inapplicable ; Inapplicable ; Inapplicable ; Inapplicable ;
; neurax_input_ready_i                ; Inapplicable ; Inapplicable ; Inapplicable ; Inapplicable ; Inapplicable ; Pass      ; Inapplicable ; Inapplicable ; Pass      ; Pass      ; Inapplicable ; Inapplicable ; Inapplicable ; Inapplicable ; Inapplicable ; Inapplicable ; Inapplicable ; Inapplicable ; Inapplicable ; Inapplicable ; Inapplicable ; Inapplicable ; Inapplicable ; Inapplicable ; Inapplicable ; Inapplicable ; Inapplicable ; Inapplicable ;
; neurax_output_valid_i               ; Inapplicable ; Inapplicable ; Inapplicable ; Inapplicable ; Inapplicable ; Pass      ; Inapplicable ; Inapplicable ; Pass      ; Pass      ; Inapplicable ; Inapplicable ; Inapplicable ; Inapplicable ; Inapplicable ; Inapplicable ; Inapplicable ; Inapplicable ; Inapplicable ; Inapplicable ; Inapplicable ; Inapplicable ; Inapplicable ; Inapplicable ; Inapplicable ; Inapplicable ; Inapplicable ; Inapplicable ;
; neurax_operation_done_i             ; Inapplicable ; Inapplicable ; Inapplicable ; Inapplicable ; Inapplicable ; Pass      ; Inapplicable ; Inapplicable ; Pass      ; Pass      ; Inapplicable ; Inapplicable ; Inapplicable ; Inapplicable ; Inapplicable ; Inapplicable ; Inapplicable ; Inapplicable ; Inapplicable ; Inapplicable ; Inapplicable ; Inapplicable ; Inapplicable ; Inapplicable ; Inapplicable ; Inapplicable ; Inapplicable ; Inapplicable ;
; neurax_operation_busy_i             ; Inapplicable ; Inapplicable ; Inapplicable ; Inapplicable ; Inapplicable ; Pass      ; Inapplicable ; Inapplicable ; Pass      ; Pass      ; Inapplicable ; Inapplicable ; Inapplicable ; Inapplicable ; Inapplicable ; Inapplicable ; Inapplicable ; Inapplicable ; Inapplicable ; Inapplicable ; Inapplicable ; Inapplicable ; Inapplicable ; Inapplicable ; Inapplicable ; Inapplicable ; Inapplicable ; Inapplicable ;
; neurax_current_operation_i[0]       ; Inapplicable ; Inapplicable ; Inapplicable ; Inapplicable ; Inapplicable ; Pass      ; Inapplicable ; Inapplicable ; Pass      ; Pass      ; Inapplicable ; Inapplicable ; Inapplicable ; Inapplicable ; Inapplicable ; Inapplicable ; Inapplicable ; Inapplicable ; Inapplicable ; Inapplicable ; Inapplicable ; Inapplicable ; Inapplicable ; Inapplicable ; Inapplicable ; Inapplicable ; Inapplicable ; Inapplicable ;
; neurax_current_operation_i[1]       ; Inapplicable ; Inapplicable ; Inapplicable ; Inapplicable ; Inapplicable ; Pass      ; Inapplicable ; Inapplicable ; Pass      ; Pass      ; Inapplicable ; Inapplicable ; Inapplicable ; Inapplicable ; Inapplicable ; Inapplicable ; Inapplicable ; Inapplicable ; Inapplicable ; Inapplicable ; Inapplicable ; Inapplicable ; Inapplicable ; Inapplicable ; Inapplicable ; Inapplicable ; Inapplicable ; Inapplicable ;
; neurax_weight_ready_i               ; Inapplicable ; Inapplicable ; Inapplicable ; Inapplicable ; Inapplicable ; Pass      ; Inapplicable ; Inapplicable ; Pass      ; Pass      ; Inapplicable ; Inapplicable ; Inapplicable ; Inapplicable ; Inapplicable ; Inapplicable ; Inapplicable ; Inapplicable ; Inapplicable ; Inapplicable ; Inapplicable ; Inapplicable ; Inapplicable ; Inapplicable ; Inapplicable ; Inapplicable ; Inapplicable ; Inapplicable ;
; neurax_bias_ready_i                 ; Inapplicable ; Inapplicable ; Inapplicable ; Inapplicable ; Inapplicable ; Pass      ; Inapplicable ; Inapplicable ; Pass      ; Pass      ; Inapplicable ; Inapplicable ; Inapplicable ; Inapplicable ; Inapplicable ; Inapplicable ; Inapplicable ; Inapplicable ; Inapplicable ; Inapplicable ; Inapplicable ; Inapplicable ; Inapplicable ; Inapplicable ; Inapplicable ; Inapplicable ; Inapplicable ; Inapplicable ;
+-------------------------------------+--------------+--------------+--------------+--------------+--------------+-----------+--------------+--------------+-----------+-----------+--------------+--------------+--------------+--------------+--------------+--------------+--------------+--------------+--------------+--------------+--------------+--------------+--------------+--------------+--------------+--------------+--------------+--------------+


+------------------------------------------------------------------------------------------------+
; Fitter Device Options                                                                          ;
+------------------------------------------------------------------+-----------------------------+
; Option                                                           ; Setting                     ;
+------------------------------------------------------------------+-----------------------------+
; Enable user-supplied start-up clock (CLKUSR)                     ; Off                         ;
; Enable device-wide reset (DEV_CLRn)                              ; Off                         ;
; Enable device-wide output enable (DEV_OE)                        ; Off                         ;
; Enable INIT_DONE output                                          ; Off                         ;
; Configuration scheme                                             ; Passive Serial              ;
; Enable Error Detection CRC_ERROR pin                             ; Off                         ;
; Enable CvP_CONFDONE pin                                          ; Off                         ;
; Enable open drain on CRC_ERROR pin                               ; On                          ;
; Enable open drain on CvP_CONFDONE pin                            ; On                          ;
; Enable open drain on INIT_DONE pin                               ; On                          ;
; Enable open drain on Partial Reconfiguration pins                ; Off                         ;
; Enable open drain on nCEO pin                                    ; On                          ;
; Enable Partial Reconfiguration pins                              ; Off                         ;
; Enable input tri-state on active configuration pins in user mode ; Off                         ;
; Enable internal scrubbing                                        ; Off                         ;
; Active Serial clock source                                       ; 100 MHz Internal Oscillator ;
; Device initialization clock source                               ; Internal Oscillator         ;
; Configuration via Protocol                                       ; Off                         ;
; Configuration Voltage Level                                      ; Auto                        ;
; Force Configuration Voltage Level                                ; Off                         ;
; Enable nCEO output                                               ; Off                         ;
; Data[15..8]                                                      ; Unreserved                  ;
; Data[7..5]                                                       ; Unreserved                  ;
; Base pin-out file on sameframe device                            ; Off                         ;
+------------------------------------------------------------------+-----------------------------+


+------------------------------------+
; Operating Settings and Conditions  ;
+---------------------------+--------+
; Setting                   ; Value  ;
+---------------------------+--------+
; Nominal Core Voltage      ; 1.10 V ;
; Low Junction Temperature  ; 0 °C   ;
; High Junction Temperature ; 85 °C  ;
+---------------------------+--------+


+------------------------------------------------------------+
; Estimated Delay Added for Hold Timing Summary              ;
+-----------------+----------------------+-------------------+
; Source Clock(s) ; Destination Clock(s) ; Delay Added in ns ;
+-----------------+----------------------+-------------------+
; clk_i           ; clk_i                ; 14.1              ;
; clk_i,I/O       ; clk_i                ; 4.5               ;
+-----------------+----------------------+-------------------+
Note: For more information on problematic transfers, consider running the Fitter again with the Optimize hold timing option (Settings Menu) turned off.
This will disable optimization of problematic paths and expose them for further analysis using the Timing Analyzer.


+----------------------------------------------------------------+
; Estimated Delay Added for Hold Timing Details                  ;
+------------------+-------------------------+-------------------+
; Source Register  ; Destination Register    ; Delay Added in ns ;
+------------------+-------------------------+-------------------+
; ram[11][14]      ; avs_readdata_o[14]~reg0 ; 0.308             ;
; ram[11][29]      ; avs_readdata_o[29]~reg0 ; 0.305             ;
; ram[11][27]      ; avs_readdata_o[27]~reg0 ; 0.305             ;
; ram[11][30]      ; avs_readdata_o[30]~reg0 ; 0.303             ;
; ram[11][28]      ; avs_readdata_o[28]~reg0 ; 0.303             ;
; ram[11][6]       ; avs_readdata_o[6]~reg0  ; 0.303             ;
; ram[10][6]       ; avs_readdata_o[6]~reg0  ; 0.300             ;
; ram[11][15]      ; avs_readdata_o[15]~reg0 ; 0.294             ;
; ram[12][10]      ; avs_readdata_o[10]~reg0 ; 0.292             ;
; ram[11][9]       ; avs_readdata_o[9]~reg0  ; 0.290             ;
; ram[11][31]      ; avs_readdata_o[31]~reg0 ; 0.288             ;
; ram[12][1]       ; avs_readdata_o[1]~reg0  ; 0.288             ;
; ram[11][19]      ; avs_readdata_o[19]~reg0 ; 0.287             ;
; ram[11][17]      ; avs_readdata_o[17]~reg0 ; 0.286             ;
; ram[11][18]      ; avs_readdata_o[18]~reg0 ; 0.285             ;
; ram[11][26]      ; avs_readdata_o[26]~reg0 ; 0.283             ;
; ram[11][25]      ; avs_readdata_o[25]~reg0 ; 0.283             ;
; ram[11][24]      ; avs_readdata_o[24]~reg0 ; 0.283             ;
; ram[11][13]      ; avs_readdata_o[13]~reg0 ; 0.280             ;
; ram[12][4]       ; avs_readdata_o[4]~reg0  ; 0.274             ;
; ram[2][0]        ; avs_readdata_o[0]~reg0  ; 0.273             ;
; ram[0][12]       ; avs_readdata_o[12]~reg0 ; 0.260             ;
; ram[0][7]        ; avs_readdata_o[7]~reg0  ; 0.238             ;
; ram[0][5]        ; avs_readdata_o[5]~reg0  ; 0.238             ;
; ram[1][0]        ; avs_readdata_o[0]~reg0  ; 0.234             ;
; ram[9][31]       ; avs_readdata_o[31]~reg0 ; 0.232             ;
; ram[12][0]       ; avs_readdata_o[0]~reg0  ; 0.222             ;
; ram[12][31]      ; avs_readdata_o[31]~reg0 ; 0.221             ;
; ram[10][14]      ; avs_readdata_o[14]~reg0 ; 0.217             ;
; ram[4][16]       ; avs_readdata_o[16]~reg0 ; 0.216             ;
; ram[12][8]       ; avs_readdata_o[8]~reg0  ; 0.214             ;
; ram[1][18]       ; avs_readdata_o[18]~reg0 ; 0.212             ;
; ram[1][7]        ; avs_readdata_o[7]~reg0  ; 0.210             ;
; ram[1][5]        ; avs_readdata_o[5]~reg0  ; 0.210             ;
; ram[10][15]      ; avs_readdata_o[15]~reg0 ; 0.204             ;
; ram[11][11]      ; avs_readdata_o[11]~reg0 ; 0.202             ;
; ram[11][4]       ; avs_readdata_o[4]~reg0  ; 0.197             ;
; ram[4][26]       ; avs_readdata_o[26]~reg0 ; 0.194             ;
; ram[4][24]       ; avs_readdata_o[24]~reg0 ; 0.194             ;
; ram[10][4]       ; avs_readdata_o[4]~reg0  ; 0.193             ;
; ram[4][25]       ; avs_readdata_o[25]~reg0 ; 0.192             ;
; ram[5][3]        ; avs_readdata_o[3]~reg0  ; 0.188             ;
; ram[5][2]        ; avs_readdata_o[2]~reg0  ; 0.188             ;
; ram[12][6]       ; avs_readdata_o[6]~reg0  ; 0.188             ;
; ram[4][20]       ; avs_readdata_o[20]~reg0 ; 0.187             ;
; ram[4][23]       ; avs_readdata_o[23]~reg0 ; 0.186             ;
; ram[4][22]       ; avs_readdata_o[22]~reg0 ; 0.186             ;
; ram[4][21]       ; avs_readdata_o[21]~reg0 ; 0.186             ;
; ram[11][22]      ; avs_readdata_o[22]~reg0 ; 0.183             ;
; ram[10][22]      ; avs_readdata_o[22]~reg0 ; 0.180             ;
; ram[11][10]      ; avs_readdata_o[10]~reg0 ; 0.176             ;
; ram[11][21]      ; avs_readdata_o[21]~reg0 ; 0.174             ;
; ram[3][16]       ; avs_readdata_o[16]~reg0 ; 0.173             ;
; ram[11][23]      ; avs_readdata_o[23]~reg0 ; 0.172             ;
; ram[10][21]      ; avs_readdata_o[21]~reg0 ; 0.170             ;
; ram[5][15]       ; avs_readdata_o[15]~reg0 ; 0.169             ;
; ram[10][23]      ; avs_readdata_o[23]~reg0 ; 0.169             ;
; ram[5][1]        ; avs_readdata_o[1]~reg0  ; 0.168             ;
; ram[12][24]      ; avs_readdata_o[24]~reg0 ; 0.167             ;
; ram[5][14]       ; avs_readdata_o[14]~reg0 ; 0.167             ;
; ram[7][31]       ; avs_readdata_o[31]~reg0 ; 0.167             ;
; ram[10][16]      ; avs_readdata_o[16]~reg0 ; 0.166             ;
; ram[9][14]       ; avs_readdata_o[14]~reg0 ; 0.162             ;
; ram[5][11]       ; avs_readdata_o[11]~reg0 ; 0.162             ;
; ram[5][13]       ; avs_readdata_o[13]~reg0 ; 0.161             ;
; ram[5][9]        ; avs_readdata_o[9]~reg0  ; 0.161             ;
; ram[10][29]      ; avs_readdata_o[29]~reg0 ; 0.161             ;
; ram[10][27]      ; avs_readdata_o[27]~reg0 ; 0.161             ;
; ram[7][5]        ; avs_readdata_o[5]~reg0  ; 0.160             ;
; ram[5][20]       ; avs_readdata_o[20]~reg0 ; 0.157             ;
; ram[5][8]        ; avs_readdata_o[8]~reg0  ; 0.156             ;
; ram[5][23]       ; avs_readdata_o[23]~reg0 ; 0.155             ;
; ram[5][22]       ; avs_readdata_o[22]~reg0 ; 0.155             ;
; ram[5][21]       ; avs_readdata_o[21]~reg0 ; 0.155             ;
; ram[7][24]       ; avs_readdata_o[24]~reg0 ; 0.154             ;
; ram[5][10]       ; avs_readdata_o[10]~reg0 ; 0.154             ;
; ram[7][26]       ; avs_readdata_o[26]~reg0 ; 0.153             ;
; ram[12][5]       ; avs_readdata_o[5]~reg0  ; 0.152             ;
; ram[10][30]      ; avs_readdata_o[30]~reg0 ; 0.150             ;
; ram[10][28]      ; avs_readdata_o[28]~reg0 ; 0.150             ;
; ram[0][16]       ; avs_readdata_o[16]~reg0 ; 0.150             ;
; ram[0][10]       ; avs_readdata_o[10]~reg0 ; 0.150             ;
; ram[6][26]       ; avs_readdata_o[26]~reg0 ; 0.148             ;
; ram[6][24]       ; avs_readdata_o[24]~reg0 ; 0.148             ;
; ram[9][15]       ; avs_readdata_o[15]~reg0 ; 0.148             ;
; ram[6][25]       ; avs_readdata_o[25]~reg0 ; 0.146             ;
; avs_address_i[0] ; avs_readdata_o[10]~reg0 ; 0.146             ;
; avs_address_i[1] ; avs_readdata_o[10]~reg0 ; 0.146             ;
; ram[7][7]        ; avs_readdata_o[7]~reg0  ; 0.143             ;
; ram[8][14]       ; avs_readdata_o[14]~reg0 ; 0.140             ;
; ram[8][15]       ; avs_readdata_o[15]~reg0 ; 0.136             ;
; ram[8][31]       ; avs_readdata_o[31]~reg0 ; 0.128             ;
; ram[4][5]        ; avs_readdata_o[5]~reg0  ; 0.127             ;
; ram[8][18]       ; avs_readdata_o[18]~reg0 ; 0.126             ;
; ram[7][11]       ; avs_readdata_o[11]~reg0 ; 0.125             ;
; ram[5][5]        ; avs_readdata_o[5]~reg0  ; 0.123             ;
; ram[7][13]       ; avs_readdata_o[13]~reg0 ; 0.122             ;
; ram[7][9]        ; avs_readdata_o[9]~reg0  ; 0.122             ;
; ram[5][25]       ; avs_readdata_o[25]~reg0 ; 0.121             ;
; ram[7][25]       ; avs_readdata_o[25]~reg0 ; 0.121             ;
+------------------+-------------------------+-------------------+
Note: This table only shows the top 100 path(s) that have the largest delay added for hold.


+-----------------+
; Fitter Messages ;
+-----------------+
Warning (18236): Number of processors has not been specified which may cause overloading on shared machines.  Set the global assignment NUM_PARALLEL_PROCESSORS in your QSF to an appropriate value for best performance.
Info (20030): Parallel compilation is enabled and will use 12 of the 12 processors detected
Info (119006): Selected device 5CSEMA5F31C6 for design "neurax_register_block"
Info (21077): Low junction temperature is 0 degrees C
Info (21077): High junction temperature is 85 degrees C
Info (171003): Fitter is performing an Auto Fit compilation, which may decrease Fitter effort to reduce compilation time
Warning (292013): Feature LogicLock is only available with a valid subscription license. You can purchase a software subscription to gain full access to this feature.
Warning (15714): Some pins have incomplete I/O assignments. Refer to the I/O Assignment Warnings report for details
Critical Warning (169085): No exact pin location assignment(s) for 208 pins of 208 total pins. For the list of pins please refer to the I/O Assignment Warnings table in the fitter report.
Info (184020): Starting Fitter periphery placement operations
Info (11191): Automatically promoted 2 clocks (2 global)
    Info (11162): clk_i~inputCLKENA0 with 425 fanout uses global clock CLKCTRL_G14
        Info (12525): This signal is driven by core routing -- it may be moved during placement to reduce routing delays
    Info (11162): rst_i~inputCLKENA0 with 425 fanout uses global clock CLKCTRL_G9
Warning (16406): 1 global input pin(s) will use non-dedicated clock routing
    Warning (16469): Source REFCLK I/O cannot be routed using dedicated clock routing for global clock driver clk_i~inputCLKENA0, placed at CLKCTRL_G14
        Info (179012): Refclk input I/O pad clk_i is placed onto PIN_AA26
Info (184021): Fitter periphery placement operations ending: elapsed time is 00:00:00
Info (176233): Starting register packing
Critical Warning (332012): Synopsys Design Constraints File file not found: 'neurax_register_block.sdc'. A Synopsys Design Constraints File is required by the Timing Analyzer to get proper timing constraints. Without it, the Compiler will not properly optimize the design.
Info (332144): No user constrained base clocks found in the design
Info (332143): No user constrained clock uncertainty found in the design. Calling "derive_clock_uncertainty"
Info (332123): Deriving Clock Uncertainty. Please refer to report_sdc in the Timing Analyzer to see clock uncertainties.
Info (332130): Timing requirements not specified -- quality metrics such as performance may be sacrificed to reduce compilation time.
Info (176235): Finished register packing
    Extra Info (176219): No registers were packed into other blocks
Info (11798): Fitter preparation operations ending: elapsed time is 00:00:10
Info (170189): Fitter placement preparation operations beginning
Info (14951): The Fitter is using Advanced Physical Optimization.
Info (170190): Fitter placement preparation operations ending: elapsed time is 00:00:27
Info (170191): Fitter placement operations beginning
Info (170137): Fitter placement was successful
Info (170192): Fitter placement operations ending: elapsed time is 00:00:07
Info (170193): Fitter routing operations beginning
Info (170195): Router estimated average interconnect usage is 0% of the available device resources
    Info (170196): Router estimated peak interconnect usage is 2% of the available device resources in the region that extends from location X67_Y11 to location X77_Y22
Info (170199): The Fitter performed an Auto Fit compilation.  Optimizations were skipped to reduce compilation time.
    Info (170201): Optimizations that may affect the design's routability were skipped
Info (170194): Fitter routing operations ending: elapsed time is 00:00:04
Info (11888): Total time spent on timing analysis during the Fitter is 1.24 seconds.
Info (334003): Started post-fitting delay annotation
Info (334004): Delay annotation completed successfully
Info (334003): Started post-fitting delay annotation
Info (334004): Delay annotation completed successfully
Info (11801): Fitter post-fit operations ending: elapsed time is 00:00:05
Info (144001): Generated suppressed messages file D:/Fax/master/neurax/neurax/FPGA/output_files/neurax_register_block.fit.smsg
Info: Quartus Prime Fitter was successful. 0 errors, 7 warnings
    Info: Peak virtual memory: 7324 megabytes
    Info: Processing ended: Fri Sep 26 16:07:37 2025
    Info: Elapsed time: 00:02:08
    Info: Total CPU time (on all processors): 00:09:28


+----------------------------+
; Fitter Suppressed Messages ;
+----------------------------+
The suppressed messages can be found in D:/Fax/master/neurax/neurax/FPGA/output_files/neurax_register_block.fit.smsg.


